
Cell sky130_ef_sc_hd__decap_12 (0) disconnected node: VPWR
Cell sky130_ef_sc_hd__decap_12 (0) disconnected node: VGND
Cell sky130_ef_sc_hd__decap_12 (0) disconnected node: VPB
Cell sky130_ef_sc_hd__decap_12 (0) disconnected node: VNB

Subcircuit pins:
Circuit 1: sky130_ef_sc_hd__decap_12       |Circuit 2: sky130_ef_sc_hd__decap_12       
-------------------------------------------|-------------------------------------------
VPWR                                       |VPWR                                       
VGND                                       |VGND                                       
VPB                                        |VPB                                        
VNB                                        |VNB                                        
---------------------------------------------------------------------------------------
Cell pin lists are equivalent.
Device classes sky130_ef_sc_hd__decap_12 and sky130_ef_sc_hd__decap_12 are equivalent.

Cell sky130_fd_sc_hd__decap_6 (0) disconnected node: VGND
Cell sky130_fd_sc_hd__decap_6 (0) disconnected node: VNB
Cell sky130_fd_sc_hd__decap_6 (0) disconnected node: VPB
Cell sky130_fd_sc_hd__decap_6 (0) disconnected node: VPWR

Subcircuit pins:
Circuit 1: sky130_fd_sc_hd__decap_6        |Circuit 2: sky130_fd_sc_hd__decap_6        
-------------------------------------------|-------------------------------------------
VGND                                       |VGND                                       
VNB                                        |VNB                                        
VPB                                        |VPB                                        
VPWR                                       |VPWR                                       
---------------------------------------------------------------------------------------
Cell pin lists are equivalent.
Device classes sky130_fd_sc_hd__decap_6 and sky130_fd_sc_hd__decap_6 are equivalent.

Cell sky130_fd_sc_hd__fill_1 (0) disconnected node: VGND
Cell sky130_fd_sc_hd__fill_1 (0) disconnected node: VNB
Cell sky130_fd_sc_hd__fill_1 (0) disconnected node: VPB
Cell sky130_fd_sc_hd__fill_1 (0) disconnected node: VPWR
Cell sky130_fd_sc_hd__fill_1 (1) disconnected node: VGND
Cell sky130_fd_sc_hd__fill_1 (1) disconnected node: VNB
Cell sky130_fd_sc_hd__fill_1 (1) disconnected node: VPB
Cell sky130_fd_sc_hd__fill_1 (1) disconnected node: VPWR

Subcircuit pins:
Circuit 1: sky130_fd_sc_hd__fill_1         |Circuit 2: sky130_fd_sc_hd__fill_1         
-------------------------------------------|-------------------------------------------
VGND                                       |VGND                                       
VNB                                        |VNB                                        
VPB                                        |VPB                                        
VPWR                                       |VPWR                                       
---------------------------------------------------------------------------------------
Cell pin lists are equivalent.
Device classes sky130_fd_sc_hd__fill_1 and sky130_fd_sc_hd__fill_1 are equivalent.

Cell sky130_fd_sc_hd__dfrtp_1 (0) disconnected node: CLK
Cell sky130_fd_sc_hd__dfrtp_1 (0) disconnected node: D
Cell sky130_fd_sc_hd__dfrtp_1 (0) disconnected node: RESET_B
Cell sky130_fd_sc_hd__dfrtp_1 (0) disconnected node: VGND
Cell sky130_fd_sc_hd__dfrtp_1 (0) disconnected node: VNB
Cell sky130_fd_sc_hd__dfrtp_1 (0) disconnected node: VPB
Cell sky130_fd_sc_hd__dfrtp_1 (0) disconnected node: VPWR
Cell sky130_fd_sc_hd__dfrtp_1 (0) disconnected node: Q

Subcircuit pins:
Circuit 1: sky130_fd_sc_hd__dfrtp_1        |Circuit 2: sky130_fd_sc_hd__dfrtp_1        
-------------------------------------------|-------------------------------------------
CLK                                        |CLK                                        
D                                          |D                                          
RESET_B                                    |RESET_B                                    
VGND                                       |VGND                                       
VNB                                        |VNB                                        
VPB                                        |VPB                                        
VPWR                                       |VPWR                                       
Q                                          |Q                                          
---------------------------------------------------------------------------------------
Cell pin lists are equivalent.
Device classes sky130_fd_sc_hd__dfrtp_1 and sky130_fd_sc_hd__dfrtp_1 are equivalent.

Cell sky130_fd_sc_hd__dfrtp_4 (0) disconnected node: CLK
Cell sky130_fd_sc_hd__dfrtp_4 (0) disconnected node: D
Cell sky130_fd_sc_hd__dfrtp_4 (0) disconnected node: RESET_B
Cell sky130_fd_sc_hd__dfrtp_4 (0) disconnected node: VGND
Cell sky130_fd_sc_hd__dfrtp_4 (0) disconnected node: VNB
Cell sky130_fd_sc_hd__dfrtp_4 (0) disconnected node: VPB
Cell sky130_fd_sc_hd__dfrtp_4 (0) disconnected node: VPWR
Cell sky130_fd_sc_hd__dfrtp_4 (0) disconnected node: Q

Subcircuit pins:
Circuit 1: sky130_fd_sc_hd__dfrtp_4        |Circuit 2: sky130_fd_sc_hd__dfrtp_4        
-------------------------------------------|-------------------------------------------
CLK                                        |CLK                                        
D                                          |D                                          
RESET_B                                    |RESET_B                                    
VGND                                       |VGND                                       
VNB                                        |VNB                                        
VPB                                        |VPB                                        
VPWR                                       |VPWR                                       
Q                                          |Q                                          
---------------------------------------------------------------------------------------
Cell pin lists are equivalent.
Device classes sky130_fd_sc_hd__dfrtp_4 and sky130_fd_sc_hd__dfrtp_4 are equivalent.

Cell sky130_fd_sc_hd__inv_2 (0) disconnected node: A
Cell sky130_fd_sc_hd__inv_2 (0) disconnected node: VGND
Cell sky130_fd_sc_hd__inv_2 (0) disconnected node: VNB
Cell sky130_fd_sc_hd__inv_2 (0) disconnected node: VPB
Cell sky130_fd_sc_hd__inv_2 (0) disconnected node: VPWR
Cell sky130_fd_sc_hd__inv_2 (0) disconnected node: Y

Subcircuit pins:
Circuit 1: sky130_fd_sc_hd__inv_2          |Circuit 2: sky130_fd_sc_hd__inv_2          
-------------------------------------------|-------------------------------------------
A                                          |A                                          
VGND                                       |VGND                                       
VNB                                        |VNB                                        
VPB                                        |VPB                                        
VPWR                                       |VPWR                                       
Y                                          |Y                                          
---------------------------------------------------------------------------------------
Cell pin lists are equivalent.
Device classes sky130_fd_sc_hd__inv_2 and sky130_fd_sc_hd__inv_2 are equivalent.

Cell sky130_fd_sc_hd__o211ai_1 (0) disconnected node: A1
Cell sky130_fd_sc_hd__o211ai_1 (0) disconnected node: A2
Cell sky130_fd_sc_hd__o211ai_1 (0) disconnected node: B1
Cell sky130_fd_sc_hd__o211ai_1 (0) disconnected node: C1
Cell sky130_fd_sc_hd__o211ai_1 (0) disconnected node: VGND
Cell sky130_fd_sc_hd__o211ai_1 (0) disconnected node: VNB
Cell sky130_fd_sc_hd__o211ai_1 (0) disconnected node: VPB
Cell sky130_fd_sc_hd__o211ai_1 (0) disconnected node: VPWR
Cell sky130_fd_sc_hd__o211ai_1 (0) disconnected node: Y

Subcircuit pins:
Circuit 1: sky130_fd_sc_hd__o211ai_1       |Circuit 2: sky130_fd_sc_hd__o211ai_1       
-------------------------------------------|-------------------------------------------
A1                                         |A1                                         
A2                                         |A2                                         
B1                                         |B1                                         
C1                                         |C1                                         
VGND                                       |VGND                                       
VNB                                        |VNB                                        
VPB                                        |VPB                                        
VPWR                                       |VPWR                                       
Y                                          |Y                                          
---------------------------------------------------------------------------------------
Cell pin lists are equivalent.
Device classes sky130_fd_sc_hd__o211ai_1 and sky130_fd_sc_hd__o211ai_1 are equivalent.

Cell sky130_fd_sc_hd__mux2_1 (0) disconnected node: A0
Cell sky130_fd_sc_hd__mux2_1 (0) disconnected node: A1
Cell sky130_fd_sc_hd__mux2_1 (0) disconnected node: S
Cell sky130_fd_sc_hd__mux2_1 (0) disconnected node: VGND
Cell sky130_fd_sc_hd__mux2_1 (0) disconnected node: VNB
Cell sky130_fd_sc_hd__mux2_1 (0) disconnected node: VPB
Cell sky130_fd_sc_hd__mux2_1 (0) disconnected node: VPWR
Cell sky130_fd_sc_hd__mux2_1 (0) disconnected node: X

Subcircuit pins:
Circuit 1: sky130_fd_sc_hd__mux2_1         |Circuit 2: sky130_fd_sc_hd__mux2_1         
-------------------------------------------|-------------------------------------------
A0                                         |A0                                         
A1                                         |A1                                         
S                                          |S                                          
VGND                                       |VGND                                       
VNB                                        |VNB                                        
VPB                                        |VPB                                        
VPWR                                       |VPWR                                       
X                                          |X                                          
---------------------------------------------------------------------------------------
Cell pin lists are equivalent.
Device classes sky130_fd_sc_hd__mux2_1 and sky130_fd_sc_hd__mux2_1 are equivalent.

Cell sky130_fd_sc_hd__nor2_1 (0) disconnected node: A
Cell sky130_fd_sc_hd__nor2_1 (0) disconnected node: B
Cell sky130_fd_sc_hd__nor2_1 (0) disconnected node: VGND
Cell sky130_fd_sc_hd__nor2_1 (0) disconnected node: VNB
Cell sky130_fd_sc_hd__nor2_1 (0) disconnected node: VPB
Cell sky130_fd_sc_hd__nor2_1 (0) disconnected node: VPWR
Cell sky130_fd_sc_hd__nor2_1 (0) disconnected node: Y

Subcircuit pins:
Circuit 1: sky130_fd_sc_hd__nor2_1         |Circuit 2: sky130_fd_sc_hd__nor2_1         
-------------------------------------------|-------------------------------------------
A                                          |A                                          
B                                          |B                                          
VGND                                       |VGND                                       
VNB                                        |VNB                                        
VPB                                        |VPB                                        
VPWR                                       |VPWR                                       
Y                                          |Y                                          
---------------------------------------------------------------------------------------
Cell pin lists are equivalent.
Device classes sky130_fd_sc_hd__nor2_1 and sky130_fd_sc_hd__nor2_1 are equivalent.

Cell sky130_fd_sc_hd__clkbuf_1 (0) disconnected node: A
Cell sky130_fd_sc_hd__clkbuf_1 (0) disconnected node: VGND
Cell sky130_fd_sc_hd__clkbuf_1 (0) disconnected node: VNB
Cell sky130_fd_sc_hd__clkbuf_1 (0) disconnected node: VPB
Cell sky130_fd_sc_hd__clkbuf_1 (0) disconnected node: VPWR
Cell sky130_fd_sc_hd__clkbuf_1 (0) disconnected node: X

Subcircuit pins:
Circuit 1: sky130_fd_sc_hd__clkbuf_1       |Circuit 2: sky130_fd_sc_hd__clkbuf_1       
-------------------------------------------|-------------------------------------------
A                                          |A                                          
VGND                                       |VGND                                       
VNB                                        |VNB                                        
VPB                                        |VPB                                        
VPWR                                       |VPWR                                       
X                                          |X                                          
---------------------------------------------------------------------------------------
Cell pin lists are equivalent.
Device classes sky130_fd_sc_hd__clkbuf_1 and sky130_fd_sc_hd__clkbuf_1 are equivalent.

Cell sky130_fd_sc_hd__decap_4 (0) disconnected node: VGND
Cell sky130_fd_sc_hd__decap_4 (0) disconnected node: VNB
Cell sky130_fd_sc_hd__decap_4 (0) disconnected node: VPB
Cell sky130_fd_sc_hd__decap_4 (0) disconnected node: VPWR

Subcircuit pins:
Circuit 1: sky130_fd_sc_hd__decap_4        |Circuit 2: sky130_fd_sc_hd__decap_4        
-------------------------------------------|-------------------------------------------
VGND                                       |VGND                                       
VNB                                        |VNB                                        
VPB                                        |VPB                                        
VPWR                                       |VPWR                                       
---------------------------------------------------------------------------------------
Cell pin lists are equivalent.
Device classes sky130_fd_sc_hd__decap_4 and sky130_fd_sc_hd__decap_4 are equivalent.

Cell sky130_fd_sc_hd__tapvpwrvgnd_1 (0) disconnected node: VGND
Cell sky130_fd_sc_hd__tapvpwrvgnd_1 (0) disconnected node: VPWR
Cell sky130_fd_sc_hd__tapvpwrvgnd_1 (1) disconnected node: VGND
Cell sky130_fd_sc_hd__tapvpwrvgnd_1 (1) disconnected node: VPWR

Subcircuit pins:
Circuit 1: sky130_fd_sc_hd__tapvpwrvgnd_1  |Circuit 2: sky130_fd_sc_hd__tapvpwrvgnd_1  
-------------------------------------------|-------------------------------------------
VGND                                       |VGND                                       
VPWR                                       |VPWR                                       
---------------------------------------------------------------------------------------
Cell pin lists are equivalent.
Device classes sky130_fd_sc_hd__tapvpwrvgnd_1 and sky130_fd_sc_hd__tapvpwrvgnd_1 are equivalent.

Cell sky130_fd_sc_hd__fill_2 (0) disconnected node: VGND
Cell sky130_fd_sc_hd__fill_2 (0) disconnected node: VNB
Cell sky130_fd_sc_hd__fill_2 (0) disconnected node: VPB
Cell sky130_fd_sc_hd__fill_2 (0) disconnected node: VPWR
Cell sky130_fd_sc_hd__fill_2 (1) disconnected node: VGND
Cell sky130_fd_sc_hd__fill_2 (1) disconnected node: VNB
Cell sky130_fd_sc_hd__fill_2 (1) disconnected node: VPB
Cell sky130_fd_sc_hd__fill_2 (1) disconnected node: VPWR

Subcircuit pins:
Circuit 1: sky130_fd_sc_hd__fill_2         |Circuit 2: sky130_fd_sc_hd__fill_2         
-------------------------------------------|-------------------------------------------
VGND                                       |VGND                                       
VNB                                        |VNB                                        
VPB                                        |VPB                                        
VPWR                                       |VPWR                                       
---------------------------------------------------------------------------------------
Cell pin lists are equivalent.
Device classes sky130_fd_sc_hd__fill_2 and sky130_fd_sc_hd__fill_2 are equivalent.

Cell sky130_fd_sc_hd__decap_8 (0) disconnected node: VGND
Cell sky130_fd_sc_hd__decap_8 (0) disconnected node: VNB
Cell sky130_fd_sc_hd__decap_8 (0) disconnected node: VPB
Cell sky130_fd_sc_hd__decap_8 (0) disconnected node: VPWR

Subcircuit pins:
Circuit 1: sky130_fd_sc_hd__decap_8        |Circuit 2: sky130_fd_sc_hd__decap_8        
-------------------------------------------|-------------------------------------------
VGND                                       |VGND                                       
VNB                                        |VNB                                        
VPB                                        |VPB                                        
VPWR                                       |VPWR                                       
---------------------------------------------------------------------------------------
Cell pin lists are equivalent.
Device classes sky130_fd_sc_hd__decap_8 and sky130_fd_sc_hd__decap_8 are equivalent.

Cell sky130_fd_sc_hd__diode_2 (0) disconnected node: DIODE
Cell sky130_fd_sc_hd__diode_2 (0) disconnected node: VGND
Cell sky130_fd_sc_hd__diode_2 (0) disconnected node: VNB
Cell sky130_fd_sc_hd__diode_2 (0) disconnected node: VPB
Cell sky130_fd_sc_hd__diode_2 (0) disconnected node: VPWR
Cell sky130_fd_sc_hd__diode_2 (1) disconnected node: VGND
Cell sky130_fd_sc_hd__diode_2 (1) disconnected node: VPB
Cell sky130_fd_sc_hd__diode_2 (1) disconnected node: VPWR

Subcircuit pins:
Circuit 1: sky130_fd_sc_hd__diode_2        |Circuit 2: sky130_fd_sc_hd__diode_2        
-------------------------------------------|-------------------------------------------
DIODE                                      |DIODE                                      
VGND                                       |VGND                                       
VNB                                        |VNB                                        
VPB                                        |VPB                                        
VPWR                                       |VPWR                                       
---------------------------------------------------------------------------------------
Cell pin lists are equivalent.
Device classes sky130_fd_sc_hd__diode_2 and sky130_fd_sc_hd__diode_2 are equivalent.

Cell sky130_fd_sc_hd__decap_3 (0) disconnected node: VGND
Cell sky130_fd_sc_hd__decap_3 (0) disconnected node: VNB
Cell sky130_fd_sc_hd__decap_3 (0) disconnected node: VPB
Cell sky130_fd_sc_hd__decap_3 (0) disconnected node: VPWR

Subcircuit pins:
Circuit 1: sky130_fd_sc_hd__decap_3        |Circuit 2: sky130_fd_sc_hd__decap_3        
-------------------------------------------|-------------------------------------------
VGND                                       |VGND                                       
VNB                                        |VNB                                        
VPB                                        |VPB                                        
VPWR                                       |VPWR                                       
---------------------------------------------------------------------------------------
Cell pin lists are equivalent.
Device classes sky130_fd_sc_hd__decap_3 and sky130_fd_sc_hd__decap_3 are equivalent.

Cell sky130_fd_sc_hd__o21ai_1 (0) disconnected node: A1
Cell sky130_fd_sc_hd__o21ai_1 (0) disconnected node: A2
Cell sky130_fd_sc_hd__o21ai_1 (0) disconnected node: B1
Cell sky130_fd_sc_hd__o21ai_1 (0) disconnected node: VGND
Cell sky130_fd_sc_hd__o21ai_1 (0) disconnected node: VNB
Cell sky130_fd_sc_hd__o21ai_1 (0) disconnected node: VPB
Cell sky130_fd_sc_hd__o21ai_1 (0) disconnected node: VPWR
Cell sky130_fd_sc_hd__o21ai_1 (0) disconnected node: Y

Subcircuit pins:
Circuit 1: sky130_fd_sc_hd__o21ai_1        |Circuit 2: sky130_fd_sc_hd__o21ai_1        
-------------------------------------------|-------------------------------------------
A1                                         |A1                                         
A2                                         |A2                                         
B1                                         |B1                                         
VGND                                       |VGND                                       
VNB                                        |VNB                                        
VPB                                        |VPB                                        
VPWR                                       |VPWR                                       
Y                                          |Y                                          
---------------------------------------------------------------------------------------
Cell pin lists are equivalent.
Device classes sky130_fd_sc_hd__o21ai_1 and sky130_fd_sc_hd__o21ai_1 are equivalent.

Cell sky130_fd_sc_hd__clkbuf_16 (0) disconnected node: A
Cell sky130_fd_sc_hd__clkbuf_16 (0) disconnected node: VGND
Cell sky130_fd_sc_hd__clkbuf_16 (0) disconnected node: VNB
Cell sky130_fd_sc_hd__clkbuf_16 (0) disconnected node: VPB
Cell sky130_fd_sc_hd__clkbuf_16 (0) disconnected node: VPWR
Cell sky130_fd_sc_hd__clkbuf_16 (0) disconnected node: X

Subcircuit pins:
Circuit 1: sky130_fd_sc_hd__clkbuf_16      |Circuit 2: sky130_fd_sc_hd__clkbuf_16      
-------------------------------------------|-------------------------------------------
A                                          |A                                          
VGND                                       |VGND                                       
VNB                                        |VNB                                        
VPB                                        |VPB                                        
VPWR                                       |VPWR                                       
X                                          |X                                          
---------------------------------------------------------------------------------------
Cell pin lists are equivalent.
Device classes sky130_fd_sc_hd__clkbuf_16 and sky130_fd_sc_hd__clkbuf_16 are equivalent.

Cell sky130_fd_sc_hd__or3_1 (0) disconnected node: A
Cell sky130_fd_sc_hd__or3_1 (0) disconnected node: B
Cell sky130_fd_sc_hd__or3_1 (0) disconnected node: C
Cell sky130_fd_sc_hd__or3_1 (0) disconnected node: VGND
Cell sky130_fd_sc_hd__or3_1 (0) disconnected node: VNB
Cell sky130_fd_sc_hd__or3_1 (0) disconnected node: VPB
Cell sky130_fd_sc_hd__or3_1 (0) disconnected node: VPWR
Cell sky130_fd_sc_hd__or3_1 (0) disconnected node: X

Subcircuit pins:
Circuit 1: sky130_fd_sc_hd__or3_1          |Circuit 2: sky130_fd_sc_hd__or3_1          
-------------------------------------------|-------------------------------------------
A                                          |A                                          
B                                          |B                                          
C                                          |C                                          
VGND                                       |VGND                                       
VNB                                        |VNB                                        
VPB                                        |VPB                                        
VPWR                                       |VPWR                                       
X                                          |X                                          
---------------------------------------------------------------------------------------
Cell pin lists are equivalent.
Device classes sky130_fd_sc_hd__or3_1 and sky130_fd_sc_hd__or3_1 are equivalent.

Cell sky130_fd_sc_hd__or2_1 (0) disconnected node: A
Cell sky130_fd_sc_hd__or2_1 (0) disconnected node: B
Cell sky130_fd_sc_hd__or2_1 (0) disconnected node: VGND
Cell sky130_fd_sc_hd__or2_1 (0) disconnected node: VNB
Cell sky130_fd_sc_hd__or2_1 (0) disconnected node: VPB
Cell sky130_fd_sc_hd__or2_1 (0) disconnected node: VPWR
Cell sky130_fd_sc_hd__or2_1 (0) disconnected node: X

Subcircuit pins:
Circuit 1: sky130_fd_sc_hd__or2_1          |Circuit 2: sky130_fd_sc_hd__or2_1          
-------------------------------------------|-------------------------------------------
A                                          |A                                          
B                                          |B                                          
VGND                                       |VGND                                       
VNB                                        |VNB                                        
VPB                                        |VPB                                        
VPWR                                       |VPWR                                       
X                                          |X                                          
---------------------------------------------------------------------------------------
Cell pin lists are equivalent.
Device classes sky130_fd_sc_hd__or2_1 and sky130_fd_sc_hd__or2_1 are equivalent.

Cell sky130_fd_sc_hd__a22o_1 (0) disconnected node: A1
Cell sky130_fd_sc_hd__a22o_1 (0) disconnected node: A2
Cell sky130_fd_sc_hd__a22o_1 (0) disconnected node: B1
Cell sky130_fd_sc_hd__a22o_1 (0) disconnected node: B2
Cell sky130_fd_sc_hd__a22o_1 (0) disconnected node: VGND
Cell sky130_fd_sc_hd__a22o_1 (0) disconnected node: VNB
Cell sky130_fd_sc_hd__a22o_1 (0) disconnected node: VPB
Cell sky130_fd_sc_hd__a22o_1 (0) disconnected node: VPWR
Cell sky130_fd_sc_hd__a22o_1 (0) disconnected node: X

Subcircuit pins:
Circuit 1: sky130_fd_sc_hd__a22o_1         |Circuit 2: sky130_fd_sc_hd__a22o_1         
-------------------------------------------|-------------------------------------------
A1                                         |A1                                         
A2                                         |A2                                         
B1                                         |B1                                         
B2                                         |B2                                         
VGND                                       |VGND                                       
VNB                                        |VNB                                        
VPB                                        |VPB                                        
VPWR                                       |VPWR                                       
X                                          |X                                          
---------------------------------------------------------------------------------------
Cell pin lists are equivalent.
Device classes sky130_fd_sc_hd__a22o_1 and sky130_fd_sc_hd__a22o_1 are equivalent.

Cell sky130_fd_sc_hd__nand3_1 (0) disconnected node: A
Cell sky130_fd_sc_hd__nand3_1 (0) disconnected node: B
Cell sky130_fd_sc_hd__nand3_1 (0) disconnected node: C
Cell sky130_fd_sc_hd__nand3_1 (0) disconnected node: VGND
Cell sky130_fd_sc_hd__nand3_1 (0) disconnected node: VNB
Cell sky130_fd_sc_hd__nand3_1 (0) disconnected node: VPB
Cell sky130_fd_sc_hd__nand3_1 (0) disconnected node: VPWR
Cell sky130_fd_sc_hd__nand3_1 (0) disconnected node: Y

Subcircuit pins:
Circuit 1: sky130_fd_sc_hd__nand3_1        |Circuit 2: sky130_fd_sc_hd__nand3_1        
-------------------------------------------|-------------------------------------------
A                                          |A                                          
B                                          |B                                          
C                                          |C                                          
VGND                                       |VGND                                       
VNB                                        |VNB                                        
VPB                                        |VPB                                        
VPWR                                       |VPWR                                       
Y                                          |Y                                          
---------------------------------------------------------------------------------------
Cell pin lists are equivalent.
Device classes sky130_fd_sc_hd__nand3_1 and sky130_fd_sc_hd__nand3_1 are equivalent.

Cell sky130_fd_sc_hd__o21ai_4 (0) disconnected node: A1
Cell sky130_fd_sc_hd__o21ai_4 (0) disconnected node: A2
Cell sky130_fd_sc_hd__o21ai_4 (0) disconnected node: B1
Cell sky130_fd_sc_hd__o21ai_4 (0) disconnected node: VGND
Cell sky130_fd_sc_hd__o21ai_4 (0) disconnected node: VNB
Cell sky130_fd_sc_hd__o21ai_4 (0) disconnected node: VPB
Cell sky130_fd_sc_hd__o21ai_4 (0) disconnected node: VPWR
Cell sky130_fd_sc_hd__o21ai_4 (0) disconnected node: Y

Subcircuit pins:
Circuit 1: sky130_fd_sc_hd__o21ai_4        |Circuit 2: sky130_fd_sc_hd__o21ai_4        
-------------------------------------------|-------------------------------------------
A1                                         |A1                                         
A2                                         |A2                                         
B1                                         |B1                                         
VGND                                       |VGND                                       
VNB                                        |VNB                                        
VPB                                        |VPB                                        
VPWR                                       |VPWR                                       
Y                                          |Y                                          
---------------------------------------------------------------------------------------
Cell pin lists are equivalent.
Device classes sky130_fd_sc_hd__o21ai_4 and sky130_fd_sc_hd__o21ai_4 are equivalent.

Cell sky130_fd_sc_hd__o21a_1 (0) disconnected node: A1
Cell sky130_fd_sc_hd__o21a_1 (0) disconnected node: A2
Cell sky130_fd_sc_hd__o21a_1 (0) disconnected node: B1
Cell sky130_fd_sc_hd__o21a_1 (0) disconnected node: VGND
Cell sky130_fd_sc_hd__o21a_1 (0) disconnected node: VNB
Cell sky130_fd_sc_hd__o21a_1 (0) disconnected node: VPB
Cell sky130_fd_sc_hd__o21a_1 (0) disconnected node: VPWR
Cell sky130_fd_sc_hd__o21a_1 (0) disconnected node: X

Subcircuit pins:
Circuit 1: sky130_fd_sc_hd__o21a_1         |Circuit 2: sky130_fd_sc_hd__o21a_1         
-------------------------------------------|-------------------------------------------
A1                                         |A1                                         
A2                                         |A2                                         
B1                                         |B1                                         
VGND                                       |VGND                                       
VNB                                        |VNB                                        
VPB                                        |VPB                                        
VPWR                                       |VPWR                                       
X                                          |X                                          
---------------------------------------------------------------------------------------
Cell pin lists are equivalent.
Device classes sky130_fd_sc_hd__o21a_1 and sky130_fd_sc_hd__o21a_1 are equivalent.

Cell sky130_fd_sc_hd__dfrtp_2 (0) disconnected node: CLK
Cell sky130_fd_sc_hd__dfrtp_2 (0) disconnected node: D
Cell sky130_fd_sc_hd__dfrtp_2 (0) disconnected node: RESET_B
Cell sky130_fd_sc_hd__dfrtp_2 (0) disconnected node: VGND
Cell sky130_fd_sc_hd__dfrtp_2 (0) disconnected node: VNB
Cell sky130_fd_sc_hd__dfrtp_2 (0) disconnected node: VPB
Cell sky130_fd_sc_hd__dfrtp_2 (0) disconnected node: VPWR
Cell sky130_fd_sc_hd__dfrtp_2 (0) disconnected node: Q

Subcircuit pins:
Circuit 1: sky130_fd_sc_hd__dfrtp_2        |Circuit 2: sky130_fd_sc_hd__dfrtp_2        
-------------------------------------------|-------------------------------------------
CLK                                        |CLK                                        
D                                          |D                                          
RESET_B                                    |RESET_B                                    
VGND                                       |VGND                                       
VNB                                        |VNB                                        
VPB                                        |VPB                                        
VPWR                                       |VPWR                                       
Q                                          |Q                                          
---------------------------------------------------------------------------------------
Cell pin lists are equivalent.
Device classes sky130_fd_sc_hd__dfrtp_2 and sky130_fd_sc_hd__dfrtp_2 are equivalent.

Cell sky130_fd_sc_hd__dlygate4sd3_1 (0) disconnected node: A
Cell sky130_fd_sc_hd__dlygate4sd3_1 (0) disconnected node: VGND
Cell sky130_fd_sc_hd__dlygate4sd3_1 (0) disconnected node: VNB
Cell sky130_fd_sc_hd__dlygate4sd3_1 (0) disconnected node: VPB
Cell sky130_fd_sc_hd__dlygate4sd3_1 (0) disconnected node: VPWR
Cell sky130_fd_sc_hd__dlygate4sd3_1 (0) disconnected node: X

Subcircuit pins:
Circuit 1: sky130_fd_sc_hd__dlygate4sd3_1  |Circuit 2: sky130_fd_sc_hd__dlygate4sd3_1  
-------------------------------------------|-------------------------------------------
A                                          |A                                          
VGND                                       |VGND                                       
VNB                                        |VNB                                        
VPB                                        |VPB                                        
VPWR                                       |VPWR                                       
X                                          |X                                          
---------------------------------------------------------------------------------------
Cell pin lists are equivalent.
Device classes sky130_fd_sc_hd__dlygate4sd3_1 and sky130_fd_sc_hd__dlygate4sd3_1 are equivalent.

Cell sky130_fd_sc_hd__o31a_1 (0) disconnected node: A1
Cell sky130_fd_sc_hd__o31a_1 (0) disconnected node: A2
Cell sky130_fd_sc_hd__o31a_1 (0) disconnected node: A3
Cell sky130_fd_sc_hd__o31a_1 (0) disconnected node: B1
Cell sky130_fd_sc_hd__o31a_1 (0) disconnected node: VGND
Cell sky130_fd_sc_hd__o31a_1 (0) disconnected node: VNB
Cell sky130_fd_sc_hd__o31a_1 (0) disconnected node: VPB
Cell sky130_fd_sc_hd__o31a_1 (0) disconnected node: VPWR
Cell sky130_fd_sc_hd__o31a_1 (0) disconnected node: X

Subcircuit pins:
Circuit 1: sky130_fd_sc_hd__o31a_1         |Circuit 2: sky130_fd_sc_hd__o31a_1         
-------------------------------------------|-------------------------------------------
A1                                         |A1                                         
A2                                         |A2                                         
A3                                         |A3                                         
B1                                         |B1                                         
VGND                                       |VGND                                       
VNB                                        |VNB                                        
VPB                                        |VPB                                        
VPWR                                       |VPWR                                       
X                                          |X                                          
---------------------------------------------------------------------------------------
Cell pin lists are equivalent.
Device classes sky130_fd_sc_hd__o31a_1 and sky130_fd_sc_hd__o31a_1 are equivalent.

Cell sky130_fd_sc_hd__nand2_1 (0) disconnected node: A
Cell sky130_fd_sc_hd__nand2_1 (0) disconnected node: B
Cell sky130_fd_sc_hd__nand2_1 (0) disconnected node: VGND
Cell sky130_fd_sc_hd__nand2_1 (0) disconnected node: VNB
Cell sky130_fd_sc_hd__nand2_1 (0) disconnected node: VPB
Cell sky130_fd_sc_hd__nand2_1 (0) disconnected node: VPWR
Cell sky130_fd_sc_hd__nand2_1 (0) disconnected node: Y

Subcircuit pins:
Circuit 1: sky130_fd_sc_hd__nand2_1        |Circuit 2: sky130_fd_sc_hd__nand2_1        
-------------------------------------------|-------------------------------------------
A                                          |A                                          
B                                          |B                                          
VGND                                       |VGND                                       
VNB                                        |VNB                                        
VPB                                        |VPB                                        
VPWR                                       |VPWR                                       
Y                                          |Y                                          
---------------------------------------------------------------------------------------
Cell pin lists are equivalent.
Device classes sky130_fd_sc_hd__nand2_1 and sky130_fd_sc_hd__nand2_1 are equivalent.

Cell sky130_fd_sc_hd__o211a_1 (0) disconnected node: A1
Cell sky130_fd_sc_hd__o211a_1 (0) disconnected node: A2
Cell sky130_fd_sc_hd__o211a_1 (0) disconnected node: B1
Cell sky130_fd_sc_hd__o211a_1 (0) disconnected node: C1
Cell sky130_fd_sc_hd__o211a_1 (0) disconnected node: VGND
Cell sky130_fd_sc_hd__o211a_1 (0) disconnected node: VNB
Cell sky130_fd_sc_hd__o211a_1 (0) disconnected node: VPB
Cell sky130_fd_sc_hd__o211a_1 (0) disconnected node: VPWR
Cell sky130_fd_sc_hd__o211a_1 (0) disconnected node: X

Subcircuit pins:
Circuit 1: sky130_fd_sc_hd__o211a_1        |Circuit 2: sky130_fd_sc_hd__o211a_1        
-------------------------------------------|-------------------------------------------
A1                                         |A1                                         
A2                                         |A2                                         
B1                                         |B1                                         
C1                                         |C1                                         
VGND                                       |VGND                                       
VNB                                        |VNB                                        
VPB                                        |VPB                                        
VPWR                                       |VPWR                                       
X                                          |X                                          
---------------------------------------------------------------------------------------
Cell pin lists are equivalent.
Device classes sky130_fd_sc_hd__o211a_1 and sky130_fd_sc_hd__o211a_1 are equivalent.

Cell sky130_fd_sc_hd__nand3b_1 (0) disconnected node: A_N
Cell sky130_fd_sc_hd__nand3b_1 (0) disconnected node: B
Cell sky130_fd_sc_hd__nand3b_1 (0) disconnected node: C
Cell sky130_fd_sc_hd__nand3b_1 (0) disconnected node: VGND
Cell sky130_fd_sc_hd__nand3b_1 (0) disconnected node: VNB
Cell sky130_fd_sc_hd__nand3b_1 (0) disconnected node: VPB
Cell sky130_fd_sc_hd__nand3b_1 (0) disconnected node: VPWR
Cell sky130_fd_sc_hd__nand3b_1 (0) disconnected node: Y

Subcircuit pins:
Circuit 1: sky130_fd_sc_hd__nand3b_1       |Circuit 2: sky130_fd_sc_hd__nand3b_1       
-------------------------------------------|-------------------------------------------
A_N                                        |A_N                                        
B                                          |B                                          
C                                          |C                                          
VGND                                       |VGND                                       
VNB                                        |VNB                                        
VPB                                        |VPB                                        
VPWR                                       |VPWR                                       
Y                                          |Y                                          
---------------------------------------------------------------------------------------
Cell pin lists are equivalent.
Device classes sky130_fd_sc_hd__nand3b_1 and sky130_fd_sc_hd__nand3b_1 are equivalent.

Cell sky130_fd_sc_hd__a21o_1 (0) disconnected node: A1
Cell sky130_fd_sc_hd__a21o_1 (0) disconnected node: A2
Cell sky130_fd_sc_hd__a21o_1 (0) disconnected node: B1
Cell sky130_fd_sc_hd__a21o_1 (0) disconnected node: VGND
Cell sky130_fd_sc_hd__a21o_1 (0) disconnected node: VNB
Cell sky130_fd_sc_hd__a21o_1 (0) disconnected node: VPB
Cell sky130_fd_sc_hd__a21o_1 (0) disconnected node: VPWR
Cell sky130_fd_sc_hd__a21o_1 (0) disconnected node: X

Subcircuit pins:
Circuit 1: sky130_fd_sc_hd__a21o_1         |Circuit 2: sky130_fd_sc_hd__a21o_1         
-------------------------------------------|-------------------------------------------
A1                                         |A1                                         
A2                                         |A2                                         
B1                                         |B1                                         
VGND                                       |VGND                                       
VNB                                        |VNB                                        
VPB                                        |VPB                                        
VPWR                                       |VPWR                                       
X                                          |X                                          
---------------------------------------------------------------------------------------
Cell pin lists are equivalent.
Device classes sky130_fd_sc_hd__a21o_1 and sky130_fd_sc_hd__a21o_1 are equivalent.

Cell sky130_fd_sc_hd__and3_1 (0) disconnected node: A
Cell sky130_fd_sc_hd__and3_1 (0) disconnected node: B
Cell sky130_fd_sc_hd__and3_1 (0) disconnected node: C
Cell sky130_fd_sc_hd__and3_1 (0) disconnected node: VGND
Cell sky130_fd_sc_hd__and3_1 (0) disconnected node: VNB
Cell sky130_fd_sc_hd__and3_1 (0) disconnected node: VPB
Cell sky130_fd_sc_hd__and3_1 (0) disconnected node: VPWR
Cell sky130_fd_sc_hd__and3_1 (0) disconnected node: X

Subcircuit pins:
Circuit 1: sky130_fd_sc_hd__and3_1         |Circuit 2: sky130_fd_sc_hd__and3_1         
-------------------------------------------|-------------------------------------------
A                                          |A                                          
B                                          |B                                          
C                                          |C                                          
VGND                                       |VGND                                       
VNB                                        |VNB                                        
VPB                                        |VPB                                        
VPWR                                       |VPWR                                       
X                                          |X                                          
---------------------------------------------------------------------------------------
Cell pin lists are equivalent.
Device classes sky130_fd_sc_hd__and3_1 and sky130_fd_sc_hd__and3_1 are equivalent.

Cell sky130_fd_sc_hd__o22a_1 (0) disconnected node: A1
Cell sky130_fd_sc_hd__o22a_1 (0) disconnected node: A2
Cell sky130_fd_sc_hd__o22a_1 (0) disconnected node: B1
Cell sky130_fd_sc_hd__o22a_1 (0) disconnected node: B2
Cell sky130_fd_sc_hd__o22a_1 (0) disconnected node: VGND
Cell sky130_fd_sc_hd__o22a_1 (0) disconnected node: VNB
Cell sky130_fd_sc_hd__o22a_1 (0) disconnected node: VPB
Cell sky130_fd_sc_hd__o22a_1 (0) disconnected node: VPWR
Cell sky130_fd_sc_hd__o22a_1 (0) disconnected node: X

Subcircuit pins:
Circuit 1: sky130_fd_sc_hd__o22a_1         |Circuit 2: sky130_fd_sc_hd__o22a_1         
-------------------------------------------|-------------------------------------------
A1                                         |A1                                         
A2                                         |A2                                         
B1                                         |B1                                         
B2                                         |B2                                         
VGND                                       |VGND                                       
VNB                                        |VNB                                        
VPB                                        |VPB                                        
VPWR                                       |VPWR                                       
X                                          |X                                          
---------------------------------------------------------------------------------------
Cell pin lists are equivalent.
Device classes sky130_fd_sc_hd__o22a_1 and sky130_fd_sc_hd__o22a_1 are equivalent.

Cell sky130_fd_sc_hd__nand2_8 (0) disconnected node: A
Cell sky130_fd_sc_hd__nand2_8 (0) disconnected node: B
Cell sky130_fd_sc_hd__nand2_8 (0) disconnected node: VGND
Cell sky130_fd_sc_hd__nand2_8 (0) disconnected node: VNB
Cell sky130_fd_sc_hd__nand2_8 (0) disconnected node: VPB
Cell sky130_fd_sc_hd__nand2_8 (0) disconnected node: VPWR
Cell sky130_fd_sc_hd__nand2_8 (0) disconnected node: Y

Subcircuit pins:
Circuit 1: sky130_fd_sc_hd__nand2_8        |Circuit 2: sky130_fd_sc_hd__nand2_8        
-------------------------------------------|-------------------------------------------
A                                          |A                                          
B                                          |B                                          
VGND                                       |VGND                                       
VNB                                        |VNB                                        
VPB                                        |VPB                                        
VPWR                                       |VPWR                                       
Y                                          |Y                                          
---------------------------------------------------------------------------------------
Cell pin lists are equivalent.
Device classes sky130_fd_sc_hd__nand2_8 and sky130_fd_sc_hd__nand2_8 are equivalent.

Cell sky130_fd_sc_hd__clkbuf_2 (0) disconnected node: A
Cell sky130_fd_sc_hd__clkbuf_2 (0) disconnected node: VGND
Cell sky130_fd_sc_hd__clkbuf_2 (0) disconnected node: VNB
Cell sky130_fd_sc_hd__clkbuf_2 (0) disconnected node: VPB
Cell sky130_fd_sc_hd__clkbuf_2 (0) disconnected node: VPWR
Cell sky130_fd_sc_hd__clkbuf_2 (0) disconnected node: X

Subcircuit pins:
Circuit 1: sky130_fd_sc_hd__clkbuf_2       |Circuit 2: sky130_fd_sc_hd__clkbuf_2       
-------------------------------------------|-------------------------------------------
A                                          |A                                          
VGND                                       |VGND                                       
VNB                                        |VNB                                        
VPB                                        |VPB                                        
VPWR                                       |VPWR                                       
X                                          |X                                          
---------------------------------------------------------------------------------------
Cell pin lists are equivalent.
Device classes sky130_fd_sc_hd__clkbuf_2 and sky130_fd_sc_hd__clkbuf_2 are equivalent.

Cell sky130_fd_sc_hd__clkbuf_8 (0) disconnected node: A
Cell sky130_fd_sc_hd__clkbuf_8 (0) disconnected node: VGND
Cell sky130_fd_sc_hd__clkbuf_8 (0) disconnected node: VNB
Cell sky130_fd_sc_hd__clkbuf_8 (0) disconnected node: VPB
Cell sky130_fd_sc_hd__clkbuf_8 (0) disconnected node: VPWR
Cell sky130_fd_sc_hd__clkbuf_8 (0) disconnected node: X

Subcircuit pins:
Circuit 1: sky130_fd_sc_hd__clkbuf_8       |Circuit 2: sky130_fd_sc_hd__clkbuf_8       
-------------------------------------------|-------------------------------------------
A                                          |A                                          
VGND                                       |VGND                                       
VNB                                        |VNB                                        
VPB                                        |VPB                                        
VPWR                                       |VPWR                                       
X                                          |X                                          
---------------------------------------------------------------------------------------
Cell pin lists are equivalent.
Device classes sky130_fd_sc_hd__clkbuf_8 and sky130_fd_sc_hd__clkbuf_8 are equivalent.

Cell sky130_fd_sc_hd__a22oi_1 (0) disconnected node: A1
Cell sky130_fd_sc_hd__a22oi_1 (0) disconnected node: A2
Cell sky130_fd_sc_hd__a22oi_1 (0) disconnected node: B1
Cell sky130_fd_sc_hd__a22oi_1 (0) disconnected node: B2
Cell sky130_fd_sc_hd__a22oi_1 (0) disconnected node: VGND
Cell sky130_fd_sc_hd__a22oi_1 (0) disconnected node: VNB
Cell sky130_fd_sc_hd__a22oi_1 (0) disconnected node: VPB
Cell sky130_fd_sc_hd__a22oi_1 (0) disconnected node: VPWR
Cell sky130_fd_sc_hd__a22oi_1 (0) disconnected node: Y

Subcircuit pins:
Circuit 1: sky130_fd_sc_hd__a22oi_1        |Circuit 2: sky130_fd_sc_hd__a22oi_1        
-------------------------------------------|-------------------------------------------
A1                                         |A1                                         
A2                                         |A2                                         
B1                                         |B1                                         
B2                                         |B2                                         
VGND                                       |VGND                                       
VNB                                        |VNB                                        
VPB                                        |VPB                                        
VPWR                                       |VPWR                                       
Y                                          |Y                                          
---------------------------------------------------------------------------------------
Cell pin lists are equivalent.
Device classes sky130_fd_sc_hd__a22oi_1 and sky130_fd_sc_hd__a22oi_1 are equivalent.

Cell sky130_fd_sc_hd__buf_6 (0) disconnected node: A
Cell sky130_fd_sc_hd__buf_6 (0) disconnected node: VGND
Cell sky130_fd_sc_hd__buf_6 (0) disconnected node: VNB
Cell sky130_fd_sc_hd__buf_6 (0) disconnected node: VPB
Cell sky130_fd_sc_hd__buf_6 (0) disconnected node: VPWR
Cell sky130_fd_sc_hd__buf_6 (0) disconnected node: X

Subcircuit pins:
Circuit 1: sky130_fd_sc_hd__buf_6          |Circuit 2: sky130_fd_sc_hd__buf_6          
-------------------------------------------|-------------------------------------------
A                                          |A                                          
VGND                                       |VGND                                       
VNB                                        |VNB                                        
VPB                                        |VPB                                        
VPWR                                       |VPWR                                       
X                                          |X                                          
---------------------------------------------------------------------------------------
Cell pin lists are equivalent.
Device classes sky130_fd_sc_hd__buf_6 and sky130_fd_sc_hd__buf_6 are equivalent.

Cell sky130_fd_sc_hd__buf_1 (0) disconnected node: A
Cell sky130_fd_sc_hd__buf_1 (0) disconnected node: VGND
Cell sky130_fd_sc_hd__buf_1 (0) disconnected node: VNB
Cell sky130_fd_sc_hd__buf_1 (0) disconnected node: VPB
Cell sky130_fd_sc_hd__buf_1 (0) disconnected node: VPWR
Cell sky130_fd_sc_hd__buf_1 (0) disconnected node: X

Subcircuit pins:
Circuit 1: sky130_fd_sc_hd__buf_1          |Circuit 2: sky130_fd_sc_hd__buf_1          
-------------------------------------------|-------------------------------------------
A                                          |A                                          
VGND                                       |VGND                                       
VNB                                        |VNB                                        
VPB                                        |VPB                                        
VPWR                                       |VPWR                                       
X                                          |X                                          
---------------------------------------------------------------------------------------
Cell pin lists are equivalent.
Device classes sky130_fd_sc_hd__buf_1 and sky130_fd_sc_hd__buf_1 are equivalent.

Cell sky130_fd_sc_hd__and2_1 (0) disconnected node: A
Cell sky130_fd_sc_hd__and2_1 (0) disconnected node: B
Cell sky130_fd_sc_hd__and2_1 (0) disconnected node: VGND
Cell sky130_fd_sc_hd__and2_1 (0) disconnected node: VNB
Cell sky130_fd_sc_hd__and2_1 (0) disconnected node: VPB
Cell sky130_fd_sc_hd__and2_1 (0) disconnected node: VPWR
Cell sky130_fd_sc_hd__and2_1 (0) disconnected node: X

Subcircuit pins:
Circuit 1: sky130_fd_sc_hd__and2_1         |Circuit 2: sky130_fd_sc_hd__and2_1         
-------------------------------------------|-------------------------------------------
A                                          |A                                          
B                                          |B                                          
VGND                                       |VGND                                       
VNB                                        |VNB                                        
VPB                                        |VPB                                        
VPWR                                       |VPWR                                       
X                                          |X                                          
---------------------------------------------------------------------------------------
Cell pin lists are equivalent.
Device classes sky130_fd_sc_hd__and2_1 and sky130_fd_sc_hd__and2_1 are equivalent.

Cell sky130_fd_sc_hd__o211a_2 (0) disconnected node: A1
Cell sky130_fd_sc_hd__o211a_2 (0) disconnected node: A2
Cell sky130_fd_sc_hd__o211a_2 (0) disconnected node: B1
Cell sky130_fd_sc_hd__o211a_2 (0) disconnected node: C1
Cell sky130_fd_sc_hd__o211a_2 (0) disconnected node: VGND
Cell sky130_fd_sc_hd__o211a_2 (0) disconnected node: VNB
Cell sky130_fd_sc_hd__o211a_2 (0) disconnected node: VPB
Cell sky130_fd_sc_hd__o211a_2 (0) disconnected node: VPWR
Cell sky130_fd_sc_hd__o211a_2 (0) disconnected node: X

Subcircuit pins:
Circuit 1: sky130_fd_sc_hd__o211a_2        |Circuit 2: sky130_fd_sc_hd__o211a_2        
-------------------------------------------|-------------------------------------------
A1                                         |A1                                         
A2                                         |A2                                         
B1                                         |B1                                         
C1                                         |C1                                         
VGND                                       |VGND                                       
VNB                                        |VNB                                        
VPB                                        |VPB                                        
VPWR                                       |VPWR                                       
X                                          |X                                          
---------------------------------------------------------------------------------------
Cell pin lists are equivalent.
Device classes sky130_fd_sc_hd__o211a_2 and sky130_fd_sc_hd__o211a_2 are equivalent.

Cell sky130_fd_sc_hd__clkinv_4 (0) disconnected node: A
Cell sky130_fd_sc_hd__clkinv_4 (0) disconnected node: VGND
Cell sky130_fd_sc_hd__clkinv_4 (0) disconnected node: VNB
Cell sky130_fd_sc_hd__clkinv_4 (0) disconnected node: VPB
Cell sky130_fd_sc_hd__clkinv_4 (0) disconnected node: VPWR
Cell sky130_fd_sc_hd__clkinv_4 (0) disconnected node: Y

Subcircuit pins:
Circuit 1: sky130_fd_sc_hd__clkinv_4       |Circuit 2: sky130_fd_sc_hd__clkinv_4       
-------------------------------------------|-------------------------------------------
A                                          |A                                          
VGND                                       |VGND                                       
VNB                                        |VNB                                        
VPB                                        |VPB                                        
VPWR                                       |VPWR                                       
Y                                          |Y                                          
---------------------------------------------------------------------------------------
Cell pin lists are equivalent.
Device classes sky130_fd_sc_hd__clkinv_4 and sky130_fd_sc_hd__clkinv_4 are equivalent.

Cell sky130_fd_sc_hd__a211o_1 (0) disconnected node: A1
Cell sky130_fd_sc_hd__a211o_1 (0) disconnected node: A2
Cell sky130_fd_sc_hd__a211o_1 (0) disconnected node: B1
Cell sky130_fd_sc_hd__a211o_1 (0) disconnected node: C1
Cell sky130_fd_sc_hd__a211o_1 (0) disconnected node: VGND
Cell sky130_fd_sc_hd__a211o_1 (0) disconnected node: VNB
Cell sky130_fd_sc_hd__a211o_1 (0) disconnected node: VPB
Cell sky130_fd_sc_hd__a211o_1 (0) disconnected node: VPWR
Cell sky130_fd_sc_hd__a211o_1 (0) disconnected node: X

Subcircuit pins:
Circuit 1: sky130_fd_sc_hd__a211o_1        |Circuit 2: sky130_fd_sc_hd__a211o_1        
-------------------------------------------|-------------------------------------------
A1                                         |A1                                         
A2                                         |A2                                         
B1                                         |B1                                         
C1                                         |C1                                         
VGND                                       |VGND                                       
VNB                                        |VNB                                        
VPB                                        |VPB                                        
VPWR                                       |VPWR                                       
X                                          |X                                          
---------------------------------------------------------------------------------------
Cell pin lists are equivalent.
Device classes sky130_fd_sc_hd__a211o_1 and sky130_fd_sc_hd__a211o_1 are equivalent.

Cell sky130_fd_sc_hd__o21ba_1 (0) disconnected node: A1
Cell sky130_fd_sc_hd__o21ba_1 (0) disconnected node: A2
Cell sky130_fd_sc_hd__o21ba_1 (0) disconnected node: B1_N
Cell sky130_fd_sc_hd__o21ba_1 (0) disconnected node: VGND
Cell sky130_fd_sc_hd__o21ba_1 (0) disconnected node: VNB
Cell sky130_fd_sc_hd__o21ba_1 (0) disconnected node: VPB
Cell sky130_fd_sc_hd__o21ba_1 (0) disconnected node: VPWR
Cell sky130_fd_sc_hd__o21ba_1 (0) disconnected node: X

Subcircuit pins:
Circuit 1: sky130_fd_sc_hd__o21ba_1        |Circuit 2: sky130_fd_sc_hd__o21ba_1        
-------------------------------------------|-------------------------------------------
A1                                         |A1                                         
A2                                         |A2                                         
B1_N                                       |B1_N                                       
VGND                                       |VGND                                       
VNB                                        |VNB                                        
VPB                                        |VPB                                        
VPWR                                       |VPWR                                       
X                                          |X                                          
---------------------------------------------------------------------------------------
Cell pin lists are equivalent.
Device classes sky130_fd_sc_hd__o21ba_1 and sky130_fd_sc_hd__o21ba_1 are equivalent.

Cell sky130_fd_sc_hd__buf_12 (0) disconnected node: A
Cell sky130_fd_sc_hd__buf_12 (0) disconnected node: VGND
Cell sky130_fd_sc_hd__buf_12 (0) disconnected node: VNB
Cell sky130_fd_sc_hd__buf_12 (0) disconnected node: VPB
Cell sky130_fd_sc_hd__buf_12 (0) disconnected node: VPWR
Cell sky130_fd_sc_hd__buf_12 (0) disconnected node: X

Subcircuit pins:
Circuit 1: sky130_fd_sc_hd__buf_12         |Circuit 2: sky130_fd_sc_hd__buf_12         
-------------------------------------------|-------------------------------------------
A                                          |A                                          
VGND                                       |VGND                                       
VNB                                        |VNB                                        
VPB                                        |VPB                                        
VPWR                                       |VPWR                                       
X                                          |X                                          
---------------------------------------------------------------------------------------
Cell pin lists are equivalent.
Device classes sky130_fd_sc_hd__buf_12 and sky130_fd_sc_hd__buf_12 are equivalent.

Cell sky130_fd_sc_hd__o2bb2a_1 (0) disconnected node: A1_N
Cell sky130_fd_sc_hd__o2bb2a_1 (0) disconnected node: A2_N
Cell sky130_fd_sc_hd__o2bb2a_1 (0) disconnected node: B1
Cell sky130_fd_sc_hd__o2bb2a_1 (0) disconnected node: B2
Cell sky130_fd_sc_hd__o2bb2a_1 (0) disconnected node: VGND
Cell sky130_fd_sc_hd__o2bb2a_1 (0) disconnected node: VNB
Cell sky130_fd_sc_hd__o2bb2a_1 (0) disconnected node: VPB
Cell sky130_fd_sc_hd__o2bb2a_1 (0) disconnected node: VPWR
Cell sky130_fd_sc_hd__o2bb2a_1 (0) disconnected node: X

Subcircuit pins:
Circuit 1: sky130_fd_sc_hd__o2bb2a_1       |Circuit 2: sky130_fd_sc_hd__o2bb2a_1       
-------------------------------------------|-------------------------------------------
A1_N                                       |A1_N                                       
A2_N                                       |A2_N                                       
B1                                         |B1                                         
B2                                         |B2                                         
VGND                                       |VGND                                       
VNB                                        |VNB                                        
VPB                                        |VPB                                        
VPWR                                       |VPWR                                       
X                                          |X                                          
---------------------------------------------------------------------------------------
Cell pin lists are equivalent.
Device classes sky130_fd_sc_hd__o2bb2a_1 and sky130_fd_sc_hd__o2bb2a_1 are equivalent.

Cell sky130_fd_sc_hd__and3_4 (0) disconnected node: A
Cell sky130_fd_sc_hd__and3_4 (0) disconnected node: B
Cell sky130_fd_sc_hd__and3_4 (0) disconnected node: C
Cell sky130_fd_sc_hd__and3_4 (0) disconnected node: VGND
Cell sky130_fd_sc_hd__and3_4 (0) disconnected node: VNB
Cell sky130_fd_sc_hd__and3_4 (0) disconnected node: VPB
Cell sky130_fd_sc_hd__and3_4 (0) disconnected node: VPWR
Cell sky130_fd_sc_hd__and3_4 (0) disconnected node: X

Subcircuit pins:
Circuit 1: sky130_fd_sc_hd__and3_4         |Circuit 2: sky130_fd_sc_hd__and3_4         
-------------------------------------------|-------------------------------------------
A                                          |A                                          
B                                          |B                                          
C                                          |C                                          
VGND                                       |VGND                                       
VNB                                        |VNB                                        
VPB                                        |VPB                                        
VPWR                                       |VPWR                                       
X                                          |X                                          
---------------------------------------------------------------------------------------
Cell pin lists are equivalent.
Device classes sky130_fd_sc_hd__and3_4 and sky130_fd_sc_hd__and3_4 are equivalent.

Cell sky130_fd_sc_hd__or2_2 (0) disconnected node: A
Cell sky130_fd_sc_hd__or2_2 (0) disconnected node: B
Cell sky130_fd_sc_hd__or2_2 (0) disconnected node: VGND
Cell sky130_fd_sc_hd__or2_2 (0) disconnected node: VNB
Cell sky130_fd_sc_hd__or2_2 (0) disconnected node: VPB
Cell sky130_fd_sc_hd__or2_2 (0) disconnected node: VPWR
Cell sky130_fd_sc_hd__or2_2 (0) disconnected node: X

Subcircuit pins:
Circuit 1: sky130_fd_sc_hd__or2_2          |Circuit 2: sky130_fd_sc_hd__or2_2          
-------------------------------------------|-------------------------------------------
A                                          |A                                          
B                                          |B                                          
VGND                                       |VGND                                       
VNB                                        |VNB                                        
VPB                                        |VPB                                        
VPWR                                       |VPWR                                       
X                                          |X                                          
---------------------------------------------------------------------------------------
Cell pin lists are equivalent.
Device classes sky130_fd_sc_hd__or2_2 and sky130_fd_sc_hd__or2_2 are equivalent.

Cell sky130_fd_sc_hd__a31o_1 (0) disconnected node: A1
Cell sky130_fd_sc_hd__a31o_1 (0) disconnected node: A2
Cell sky130_fd_sc_hd__a31o_1 (0) disconnected node: A3
Cell sky130_fd_sc_hd__a31o_1 (0) disconnected node: B1
Cell sky130_fd_sc_hd__a31o_1 (0) disconnected node: VGND
Cell sky130_fd_sc_hd__a31o_1 (0) disconnected node: VNB
Cell sky130_fd_sc_hd__a31o_1 (0) disconnected node: VPB
Cell sky130_fd_sc_hd__a31o_1 (0) disconnected node: VPWR
Cell sky130_fd_sc_hd__a31o_1 (0) disconnected node: X

Subcircuit pins:
Circuit 1: sky130_fd_sc_hd__a31o_1         |Circuit 2: sky130_fd_sc_hd__a31o_1         
-------------------------------------------|-------------------------------------------
A1                                         |A1                                         
A2                                         |A2                                         
A3                                         |A3                                         
B1                                         |B1                                         
VGND                                       |VGND                                       
VNB                                        |VNB                                        
VPB                                        |VPB                                        
VPWR                                       |VPWR                                       
X                                          |X                                          
---------------------------------------------------------------------------------------
Cell pin lists are equivalent.
Device classes sky130_fd_sc_hd__a31o_1 and sky130_fd_sc_hd__a31o_1 are equivalent.

Cell sky130_fd_sc_hd__nor3_2 (0) disconnected node: A
Cell sky130_fd_sc_hd__nor3_2 (0) disconnected node: B
Cell sky130_fd_sc_hd__nor3_2 (0) disconnected node: C
Cell sky130_fd_sc_hd__nor3_2 (0) disconnected node: VGND
Cell sky130_fd_sc_hd__nor3_2 (0) disconnected node: VNB
Cell sky130_fd_sc_hd__nor3_2 (0) disconnected node: VPB
Cell sky130_fd_sc_hd__nor3_2 (0) disconnected node: VPWR
Cell sky130_fd_sc_hd__nor3_2 (0) disconnected node: Y

Subcircuit pins:
Circuit 1: sky130_fd_sc_hd__nor3_2         |Circuit 2: sky130_fd_sc_hd__nor3_2         
-------------------------------------------|-------------------------------------------
A                                          |A                                          
B                                          |B                                          
C                                          |C                                          
VGND                                       |VGND                                       
VNB                                        |VNB                                        
VPB                                        |VPB                                        
VPWR                                       |VPWR                                       
Y                                          |Y                                          
---------------------------------------------------------------------------------------
Cell pin lists are equivalent.
Device classes sky130_fd_sc_hd__nor3_2 and sky130_fd_sc_hd__nor3_2 are equivalent.

Cell sky130_fd_sc_hd__nand2_2 (0) disconnected node: A
Cell sky130_fd_sc_hd__nand2_2 (0) disconnected node: B
Cell sky130_fd_sc_hd__nand2_2 (0) disconnected node: VGND
Cell sky130_fd_sc_hd__nand2_2 (0) disconnected node: VNB
Cell sky130_fd_sc_hd__nand2_2 (0) disconnected node: VPB
Cell sky130_fd_sc_hd__nand2_2 (0) disconnected node: VPWR
Cell sky130_fd_sc_hd__nand2_2 (0) disconnected node: Y

Subcircuit pins:
Circuit 1: sky130_fd_sc_hd__nand2_2        |Circuit 2: sky130_fd_sc_hd__nand2_2        
-------------------------------------------|-------------------------------------------
A                                          |A                                          
B                                          |B                                          
VGND                                       |VGND                                       
VNB                                        |VNB                                        
VPB                                        |VPB                                        
VPWR                                       |VPWR                                       
Y                                          |Y                                          
---------------------------------------------------------------------------------------
Cell pin lists are equivalent.
Device classes sky130_fd_sc_hd__nand2_2 and sky130_fd_sc_hd__nand2_2 are equivalent.

Cell sky130_fd_sc_hd__a21oi_2 (0) disconnected node: A1
Cell sky130_fd_sc_hd__a21oi_2 (0) disconnected node: A2
Cell sky130_fd_sc_hd__a21oi_2 (0) disconnected node: B1
Cell sky130_fd_sc_hd__a21oi_2 (0) disconnected node: VGND
Cell sky130_fd_sc_hd__a21oi_2 (0) disconnected node: VNB
Cell sky130_fd_sc_hd__a21oi_2 (0) disconnected node: VPB
Cell sky130_fd_sc_hd__a21oi_2 (0) disconnected node: VPWR
Cell sky130_fd_sc_hd__a21oi_2 (0) disconnected node: Y

Subcircuit pins:
Circuit 1: sky130_fd_sc_hd__a21oi_2        |Circuit 2: sky130_fd_sc_hd__a21oi_2        
-------------------------------------------|-------------------------------------------
A1                                         |A1                                         
A2                                         |A2                                         
B1                                         |B1                                         
VGND                                       |VGND                                       
VNB                                        |VNB                                        
VPB                                        |VPB                                        
VPWR                                       |VPWR                                       
Y                                          |Y                                          
---------------------------------------------------------------------------------------
Cell pin lists are equivalent.
Device classes sky130_fd_sc_hd__a21oi_2 and sky130_fd_sc_hd__a21oi_2 are equivalent.

Cell sky130_fd_sc_hd__a31o_2 (0) disconnected node: A1
Cell sky130_fd_sc_hd__a31o_2 (0) disconnected node: A2
Cell sky130_fd_sc_hd__a31o_2 (0) disconnected node: A3
Cell sky130_fd_sc_hd__a31o_2 (0) disconnected node: B1
Cell sky130_fd_sc_hd__a31o_2 (0) disconnected node: VGND
Cell sky130_fd_sc_hd__a31o_2 (0) disconnected node: VNB
Cell sky130_fd_sc_hd__a31o_2 (0) disconnected node: VPB
Cell sky130_fd_sc_hd__a31o_2 (0) disconnected node: VPWR
Cell sky130_fd_sc_hd__a31o_2 (0) disconnected node: X

Subcircuit pins:
Circuit 1: sky130_fd_sc_hd__a31o_2         |Circuit 2: sky130_fd_sc_hd__a31o_2         
-------------------------------------------|-------------------------------------------
A1                                         |A1                                         
A2                                         |A2                                         
A3                                         |A3                                         
B1                                         |B1                                         
VGND                                       |VGND                                       
VNB                                        |VNB                                        
VPB                                        |VPB                                        
VPWR                                       |VPWR                                       
X                                          |X                                          
---------------------------------------------------------------------------------------
Cell pin lists are equivalent.
Device classes sky130_fd_sc_hd__a31o_2 and sky130_fd_sc_hd__a31o_2 are equivalent.

Cell sky130_fd_sc_hd__nand3_4 (0) disconnected node: A
Cell sky130_fd_sc_hd__nand3_4 (0) disconnected node: B
Cell sky130_fd_sc_hd__nand3_4 (0) disconnected node: C
Cell sky130_fd_sc_hd__nand3_4 (0) disconnected node: VGND
Cell sky130_fd_sc_hd__nand3_4 (0) disconnected node: VNB
Cell sky130_fd_sc_hd__nand3_4 (0) disconnected node: VPB
Cell sky130_fd_sc_hd__nand3_4 (0) disconnected node: VPWR
Cell sky130_fd_sc_hd__nand3_4 (0) disconnected node: Y

Subcircuit pins:
Circuit 1: sky130_fd_sc_hd__nand3_4        |Circuit 2: sky130_fd_sc_hd__nand3_4        
-------------------------------------------|-------------------------------------------
A                                          |A                                          
B                                          |B                                          
C                                          |C                                          
VGND                                       |VGND                                       
VNB                                        |VNB                                        
VPB                                        |VPB                                        
VPWR                                       |VPWR                                       
Y                                          |Y                                          
---------------------------------------------------------------------------------------
Cell pin lists are equivalent.
Device classes sky130_fd_sc_hd__nand3_4 and sky130_fd_sc_hd__nand3_4 are equivalent.

Cell sky130_fd_sc_hd__a21oi_1 (0) disconnected node: A1
Cell sky130_fd_sc_hd__a21oi_1 (0) disconnected node: A2
Cell sky130_fd_sc_hd__a21oi_1 (0) disconnected node: B1
Cell sky130_fd_sc_hd__a21oi_1 (0) disconnected node: VGND
Cell sky130_fd_sc_hd__a21oi_1 (0) disconnected node: VNB
Cell sky130_fd_sc_hd__a21oi_1 (0) disconnected node: VPB
Cell sky130_fd_sc_hd__a21oi_1 (0) disconnected node: VPWR
Cell sky130_fd_sc_hd__a21oi_1 (0) disconnected node: Y

Subcircuit pins:
Circuit 1: sky130_fd_sc_hd__a21oi_1        |Circuit 2: sky130_fd_sc_hd__a21oi_1        
-------------------------------------------|-------------------------------------------
A1                                         |A1                                         
A2                                         |A2                                         
B1                                         |B1                                         
VGND                                       |VGND                                       
VNB                                        |VNB                                        
VPB                                        |VPB                                        
VPWR                                       |VPWR                                       
Y                                          |Y                                          
---------------------------------------------------------------------------------------
Cell pin lists are equivalent.
Device classes sky130_fd_sc_hd__a21oi_1 and sky130_fd_sc_hd__a21oi_1 are equivalent.

Cell sky130_fd_sc_hd__nor2_4 (0) disconnected node: A
Cell sky130_fd_sc_hd__nor2_4 (0) disconnected node: B
Cell sky130_fd_sc_hd__nor2_4 (0) disconnected node: VGND
Cell sky130_fd_sc_hd__nor2_4 (0) disconnected node: VNB
Cell sky130_fd_sc_hd__nor2_4 (0) disconnected node: VPB
Cell sky130_fd_sc_hd__nor2_4 (0) disconnected node: VPWR
Cell sky130_fd_sc_hd__nor2_4 (0) disconnected node: Y

Subcircuit pins:
Circuit 1: sky130_fd_sc_hd__nor2_4         |Circuit 2: sky130_fd_sc_hd__nor2_4         
-------------------------------------------|-------------------------------------------
A                                          |A                                          
B                                          |B                                          
VGND                                       |VGND                                       
VNB                                        |VNB                                        
VPB                                        |VPB                                        
VPWR                                       |VPWR                                       
Y                                          |Y                                          
---------------------------------------------------------------------------------------
Cell pin lists are equivalent.
Device classes sky130_fd_sc_hd__nor2_4 and sky130_fd_sc_hd__nor2_4 are equivalent.

Cell sky130_fd_sc_hd__clkbuf_4 (0) disconnected node: A
Cell sky130_fd_sc_hd__clkbuf_4 (0) disconnected node: VGND
Cell sky130_fd_sc_hd__clkbuf_4 (0) disconnected node: VNB
Cell sky130_fd_sc_hd__clkbuf_4 (0) disconnected node: VPB
Cell sky130_fd_sc_hd__clkbuf_4 (0) disconnected node: VPWR
Cell sky130_fd_sc_hd__clkbuf_4 (0) disconnected node: X

Subcircuit pins:
Circuit 1: sky130_fd_sc_hd__clkbuf_4       |Circuit 2: sky130_fd_sc_hd__clkbuf_4       
-------------------------------------------|-------------------------------------------
A                                          |A                                          
VGND                                       |VGND                                       
VNB                                        |VNB                                        
VPB                                        |VPB                                        
VPWR                                       |VPWR                                       
X                                          |X                                          
---------------------------------------------------------------------------------------
Cell pin lists are equivalent.
Device classes sky130_fd_sc_hd__clkbuf_4 and sky130_fd_sc_hd__clkbuf_4 are equivalent.

Cell sky130_fd_sc_hd__buf_2 (0) disconnected node: A
Cell sky130_fd_sc_hd__buf_2 (0) disconnected node: VGND
Cell sky130_fd_sc_hd__buf_2 (0) disconnected node: VNB
Cell sky130_fd_sc_hd__buf_2 (0) disconnected node: VPB
Cell sky130_fd_sc_hd__buf_2 (0) disconnected node: VPWR
Cell sky130_fd_sc_hd__buf_2 (0) disconnected node: X

Subcircuit pins:
Circuit 1: sky130_fd_sc_hd__buf_2          |Circuit 2: sky130_fd_sc_hd__buf_2          
-------------------------------------------|-------------------------------------------
A                                          |A                                          
VGND                                       |VGND                                       
VNB                                        |VNB                                        
VPB                                        |VPB                                        
VPWR                                       |VPWR                                       
X                                          |X                                          
---------------------------------------------------------------------------------------
Cell pin lists are equivalent.
Device classes sky130_fd_sc_hd__buf_2 and sky130_fd_sc_hd__buf_2 are equivalent.

Cell sky130_fd_sc_hd__buf_8 (0) disconnected node: A
Cell sky130_fd_sc_hd__buf_8 (0) disconnected node: VGND
Cell sky130_fd_sc_hd__buf_8 (0) disconnected node: VNB
Cell sky130_fd_sc_hd__buf_8 (0) disconnected node: VPB
Cell sky130_fd_sc_hd__buf_8 (0) disconnected node: VPWR
Cell sky130_fd_sc_hd__buf_8 (0) disconnected node: X

Subcircuit pins:
Circuit 1: sky130_fd_sc_hd__buf_8          |Circuit 2: sky130_fd_sc_hd__buf_8          
-------------------------------------------|-------------------------------------------
A                                          |A                                          
VGND                                       |VGND                                       
VNB                                        |VNB                                        
VPB                                        |VPB                                        
VPWR                                       |VPWR                                       
X                                          |X                                          
---------------------------------------------------------------------------------------
Cell pin lists are equivalent.
Device classes sky130_fd_sc_hd__buf_8 and sky130_fd_sc_hd__buf_8 are equivalent.

Cell sky130_fd_sc_hd__buf_4 (0) disconnected node: A
Cell sky130_fd_sc_hd__buf_4 (0) disconnected node: VGND
Cell sky130_fd_sc_hd__buf_4 (0) disconnected node: VNB
Cell sky130_fd_sc_hd__buf_4 (0) disconnected node: VPB
Cell sky130_fd_sc_hd__buf_4 (0) disconnected node: VPWR
Cell sky130_fd_sc_hd__buf_4 (0) disconnected node: X

Subcircuit pins:
Circuit 1: sky130_fd_sc_hd__buf_4          |Circuit 2: sky130_fd_sc_hd__buf_4          
-------------------------------------------|-------------------------------------------
A                                          |A                                          
VGND                                       |VGND                                       
VNB                                        |VNB                                        
VPB                                        |VPB                                        
VPWR                                       |VPWR                                       
X                                          |X                                          
---------------------------------------------------------------------------------------
Cell pin lists are equivalent.
Device classes sky130_fd_sc_hd__buf_4 and sky130_fd_sc_hd__buf_4 are equivalent.

Cell sky130_fd_sc_hd__a31oi_1 (0) disconnected node: A1
Cell sky130_fd_sc_hd__a31oi_1 (0) disconnected node: A2
Cell sky130_fd_sc_hd__a31oi_1 (0) disconnected node: A3
Cell sky130_fd_sc_hd__a31oi_1 (0) disconnected node: B1
Cell sky130_fd_sc_hd__a31oi_1 (0) disconnected node: VGND
Cell sky130_fd_sc_hd__a31oi_1 (0) disconnected node: VNB
Cell sky130_fd_sc_hd__a31oi_1 (0) disconnected node: VPB
Cell sky130_fd_sc_hd__a31oi_1 (0) disconnected node: VPWR
Cell sky130_fd_sc_hd__a31oi_1 (0) disconnected node: Y

Subcircuit pins:
Circuit 1: sky130_fd_sc_hd__a31oi_1        |Circuit 2: sky130_fd_sc_hd__a31oi_1        
-------------------------------------------|-------------------------------------------
A1                                         |A1                                         
A2                                         |A2                                         
A3                                         |A3                                         
B1                                         |B1                                         
VGND                                       |VGND                                       
VNB                                        |VNB                                        
VPB                                        |VPB                                        
VPWR                                       |VPWR                                       
Y                                          |Y                                          
---------------------------------------------------------------------------------------
Cell pin lists are equivalent.
Device classes sky130_fd_sc_hd__a31oi_1 and sky130_fd_sc_hd__a31oi_1 are equivalent.

Cell sky130_fd_sc_hd__nor2_8 (0) disconnected node: A
Cell sky130_fd_sc_hd__nor2_8 (0) disconnected node: B
Cell sky130_fd_sc_hd__nor2_8 (0) disconnected node: VGND
Cell sky130_fd_sc_hd__nor2_8 (0) disconnected node: VNB
Cell sky130_fd_sc_hd__nor2_8 (0) disconnected node: VPB
Cell sky130_fd_sc_hd__nor2_8 (0) disconnected node: VPWR
Cell sky130_fd_sc_hd__nor2_8 (0) disconnected node: Y

Subcircuit pins:
Circuit 1: sky130_fd_sc_hd__nor2_8         |Circuit 2: sky130_fd_sc_hd__nor2_8         
-------------------------------------------|-------------------------------------------
A                                          |A                                          
B                                          |B                                          
VGND                                       |VGND                                       
VNB                                        |VNB                                        
VPB                                        |VPB                                        
VPWR                                       |VPWR                                       
Y                                          |Y                                          
---------------------------------------------------------------------------------------
Cell pin lists are equivalent.
Device classes sky130_fd_sc_hd__nor2_8 and sky130_fd_sc_hd__nor2_8 are equivalent.

Cell sky130_fd_sc_hd__o21ai_2 (0) disconnected node: A1
Cell sky130_fd_sc_hd__o21ai_2 (0) disconnected node: A2
Cell sky130_fd_sc_hd__o21ai_2 (0) disconnected node: B1
Cell sky130_fd_sc_hd__o21ai_2 (0) disconnected node: VGND
Cell sky130_fd_sc_hd__o21ai_2 (0) disconnected node: VNB
Cell sky130_fd_sc_hd__o21ai_2 (0) disconnected node: VPB
Cell sky130_fd_sc_hd__o21ai_2 (0) disconnected node: VPWR
Cell sky130_fd_sc_hd__o21ai_2 (0) disconnected node: Y

Subcircuit pins:
Circuit 1: sky130_fd_sc_hd__o21ai_2        |Circuit 2: sky130_fd_sc_hd__o21ai_2        
-------------------------------------------|-------------------------------------------
A1                                         |A1                                         
A2                                         |A2                                         
B1                                         |B1                                         
VGND                                       |VGND                                       
VNB                                        |VNB                                        
VPB                                        |VPB                                        
VPWR                                       |VPWR                                       
Y                                          |Y                                          
---------------------------------------------------------------------------------------
Cell pin lists are equivalent.
Device classes sky130_fd_sc_hd__o21ai_2 and sky130_fd_sc_hd__o21ai_2 are equivalent.

Cell sky130_fd_sc_hd__nor2_2 (0) disconnected node: A
Cell sky130_fd_sc_hd__nor2_2 (0) disconnected node: B
Cell sky130_fd_sc_hd__nor2_2 (0) disconnected node: VGND
Cell sky130_fd_sc_hd__nor2_2 (0) disconnected node: VNB
Cell sky130_fd_sc_hd__nor2_2 (0) disconnected node: VPB
Cell sky130_fd_sc_hd__nor2_2 (0) disconnected node: VPWR
Cell sky130_fd_sc_hd__nor2_2 (0) disconnected node: Y

Subcircuit pins:
Circuit 1: sky130_fd_sc_hd__nor2_2         |Circuit 2: sky130_fd_sc_hd__nor2_2         
-------------------------------------------|-------------------------------------------
A                                          |A                                          
B                                          |B                                          
VGND                                       |VGND                                       
VNB                                        |VNB                                        
VPB                                        |VPB                                        
VPWR                                       |VPWR                                       
Y                                          |Y                                          
---------------------------------------------------------------------------------------
Cell pin lists are equivalent.
Device classes sky130_fd_sc_hd__nor2_2 and sky130_fd_sc_hd__nor2_2 are equivalent.

Cell sky130_fd_sc_hd__nand3_2 (0) disconnected node: A
Cell sky130_fd_sc_hd__nand3_2 (0) disconnected node: B
Cell sky130_fd_sc_hd__nand3_2 (0) disconnected node: C
Cell sky130_fd_sc_hd__nand3_2 (0) disconnected node: VGND
Cell sky130_fd_sc_hd__nand3_2 (0) disconnected node: VNB
Cell sky130_fd_sc_hd__nand3_2 (0) disconnected node: VPB
Cell sky130_fd_sc_hd__nand3_2 (0) disconnected node: VPWR
Cell sky130_fd_sc_hd__nand3_2 (0) disconnected node: Y

Subcircuit pins:
Circuit 1: sky130_fd_sc_hd__nand3_2        |Circuit 2: sky130_fd_sc_hd__nand3_2        
-------------------------------------------|-------------------------------------------
A                                          |A                                          
B                                          |B                                          
C                                          |C                                          
VGND                                       |VGND                                       
VNB                                        |VNB                                        
VPB                                        |VPB                                        
VPWR                                       |VPWR                                       
Y                                          |Y                                          
---------------------------------------------------------------------------------------
Cell pin lists are equivalent.
Device classes sky130_fd_sc_hd__nand3_2 and sky130_fd_sc_hd__nand3_2 are equivalent.

Cell sky130_fd_sc_hd__nand2b_1 (0) disconnected node: A_N
Cell sky130_fd_sc_hd__nand2b_1 (0) disconnected node: B
Cell sky130_fd_sc_hd__nand2b_1 (0) disconnected node: VGND
Cell sky130_fd_sc_hd__nand2b_1 (0) disconnected node: VNB
Cell sky130_fd_sc_hd__nand2b_1 (0) disconnected node: VPB
Cell sky130_fd_sc_hd__nand2b_1 (0) disconnected node: VPWR
Cell sky130_fd_sc_hd__nand2b_1 (0) disconnected node: Y

Subcircuit pins:
Circuit 1: sky130_fd_sc_hd__nand2b_1       |Circuit 2: sky130_fd_sc_hd__nand2b_1       
-------------------------------------------|-------------------------------------------
A_N                                        |A_N                                        
B                                          |B                                          
VGND                                       |VGND                                       
VNB                                        |VNB                                        
VPB                                        |VPB                                        
VPWR                                       |VPWR                                       
Y                                          |Y                                          
---------------------------------------------------------------------------------------
Cell pin lists are equivalent.
Device classes sky130_fd_sc_hd__nand2b_1 and sky130_fd_sc_hd__nand2b_1 are equivalent.

Cell sky130_fd_sc_hd__or2b_1 (0) disconnected node: A
Cell sky130_fd_sc_hd__or2b_1 (0) disconnected node: B_N
Cell sky130_fd_sc_hd__or2b_1 (0) disconnected node: VGND
Cell sky130_fd_sc_hd__or2b_1 (0) disconnected node: VNB
Cell sky130_fd_sc_hd__or2b_1 (0) disconnected node: VPB
Cell sky130_fd_sc_hd__or2b_1 (0) disconnected node: VPWR
Cell sky130_fd_sc_hd__or2b_1 (0) disconnected node: X

Subcircuit pins:
Circuit 1: sky130_fd_sc_hd__or2b_1         |Circuit 2: sky130_fd_sc_hd__or2b_1         
-------------------------------------------|-------------------------------------------
A                                          |A                                          
B_N                                        |B_N                                        
VGND                                       |VGND                                       
VNB                                        |VNB                                        
VPB                                        |VPB                                        
VPWR                                       |VPWR                                       
X                                          |X                                          
---------------------------------------------------------------------------------------
Cell pin lists are equivalent.
Device classes sky130_fd_sc_hd__or2b_1 and sky130_fd_sc_hd__or2b_1 are equivalent.

Cell sky130_fd_sc_hd__nor3_1 (0) disconnected node: A
Cell sky130_fd_sc_hd__nor3_1 (0) disconnected node: B
Cell sky130_fd_sc_hd__nor3_1 (0) disconnected node: C
Cell sky130_fd_sc_hd__nor3_1 (0) disconnected node: VGND
Cell sky130_fd_sc_hd__nor3_1 (0) disconnected node: VNB
Cell sky130_fd_sc_hd__nor3_1 (0) disconnected node: VPB
Cell sky130_fd_sc_hd__nor3_1 (0) disconnected node: VPWR
Cell sky130_fd_sc_hd__nor3_1 (0) disconnected node: Y

Subcircuit pins:
Circuit 1: sky130_fd_sc_hd__nor3_1         |Circuit 2: sky130_fd_sc_hd__nor3_1         
-------------------------------------------|-------------------------------------------
A                                          |A                                          
B                                          |B                                          
C                                          |C                                          
VGND                                       |VGND                                       
VNB                                        |VNB                                        
VPB                                        |VPB                                        
VPWR                                       |VPWR                                       
Y                                          |Y                                          
---------------------------------------------------------------------------------------
Cell pin lists are equivalent.
Device classes sky130_fd_sc_hd__nor3_1 and sky130_fd_sc_hd__nor3_1 are equivalent.

Cell sky130_fd_sc_hd__mux2_4 (0) disconnected node: A0
Cell sky130_fd_sc_hd__mux2_4 (0) disconnected node: A1
Cell sky130_fd_sc_hd__mux2_4 (0) disconnected node: S
Cell sky130_fd_sc_hd__mux2_4 (0) disconnected node: VGND
Cell sky130_fd_sc_hd__mux2_4 (0) disconnected node: VNB
Cell sky130_fd_sc_hd__mux2_4 (0) disconnected node: VPB
Cell sky130_fd_sc_hd__mux2_4 (0) disconnected node: VPWR
Cell sky130_fd_sc_hd__mux2_4 (0) disconnected node: X

Subcircuit pins:
Circuit 1: sky130_fd_sc_hd__mux2_4         |Circuit 2: sky130_fd_sc_hd__mux2_4         
-------------------------------------------|-------------------------------------------
A0                                         |A0                                         
A1                                         |A1                                         
S                                          |S                                          
VGND                                       |VGND                                       
VNB                                        |VNB                                        
VPB                                        |VPB                                        
VPWR                                       |VPWR                                       
X                                          |X                                          
---------------------------------------------------------------------------------------
Cell pin lists are equivalent.
Device classes sky130_fd_sc_hd__mux2_4 and sky130_fd_sc_hd__mux2_4 are equivalent.

Cell sky130_fd_sc_hd__dlymetal6s2s_1 (0) disconnected node: A
Cell sky130_fd_sc_hd__dlymetal6s2s_1 (0) disconnected node: VGND
Cell sky130_fd_sc_hd__dlymetal6s2s_1 (0) disconnected node: VNB
Cell sky130_fd_sc_hd__dlymetal6s2s_1 (0) disconnected node: VPB
Cell sky130_fd_sc_hd__dlymetal6s2s_1 (0) disconnected node: VPWR
Cell sky130_fd_sc_hd__dlymetal6s2s_1 (0) disconnected node: X

Subcircuit pins:
Circuit 1: sky130_fd_sc_hd__dlymetal6s2s_1 |Circuit 2: sky130_fd_sc_hd__dlymetal6s2s_1 
-------------------------------------------|-------------------------------------------
A                                          |A                                          
VGND                                       |VGND                                       
VNB                                        |VNB                                        
VPB                                        |VPB                                        
VPWR                                       |VPWR                                       
X                                          |X                                          
---------------------------------------------------------------------------------------
Cell pin lists are equivalent.
Device classes sky130_fd_sc_hd__dlymetal6s2s_1 and sky130_fd_sc_hd__dlymetal6s2s_1 are equivalent.

Cell sky130_fd_sc_hd__dfstp_4 (0) disconnected node: CLK
Cell sky130_fd_sc_hd__dfstp_4 (0) disconnected node: D
Cell sky130_fd_sc_hd__dfstp_4 (0) disconnected node: SET_B
Cell sky130_fd_sc_hd__dfstp_4 (0) disconnected node: VGND
Cell sky130_fd_sc_hd__dfstp_4 (0) disconnected node: VNB
Cell sky130_fd_sc_hd__dfstp_4 (0) disconnected node: VPB
Cell sky130_fd_sc_hd__dfstp_4 (0) disconnected node: VPWR
Cell sky130_fd_sc_hd__dfstp_4 (0) disconnected node: Q

Subcircuit pins:
Circuit 1: sky130_fd_sc_hd__dfstp_4        |Circuit 2: sky130_fd_sc_hd__dfstp_4        
-------------------------------------------|-------------------------------------------
CLK                                        |CLK                                        
D                                          |D                                          
SET_B                                      |SET_B                                      
VGND                                       |VGND                                       
VNB                                        |VNB                                        
VPB                                        |VPB                                        
VPWR                                       |VPWR                                       
Q                                          |Q                                          
---------------------------------------------------------------------------------------
Cell pin lists are equivalent.
Device classes sky130_fd_sc_hd__dfstp_4 and sky130_fd_sc_hd__dfstp_4 are equivalent.

Cell sky130_fd_sc_hd__nand2_4 (0) disconnected node: A
Cell sky130_fd_sc_hd__nand2_4 (0) disconnected node: B
Cell sky130_fd_sc_hd__nand2_4 (0) disconnected node: VGND
Cell sky130_fd_sc_hd__nand2_4 (0) disconnected node: VNB
Cell sky130_fd_sc_hd__nand2_4 (0) disconnected node: VPB
Cell sky130_fd_sc_hd__nand2_4 (0) disconnected node: VPWR
Cell sky130_fd_sc_hd__nand2_4 (0) disconnected node: Y

Subcircuit pins:
Circuit 1: sky130_fd_sc_hd__nand2_4        |Circuit 2: sky130_fd_sc_hd__nand2_4        
-------------------------------------------|-------------------------------------------
A                                          |A                                          
B                                          |B                                          
VGND                                       |VGND                                       
VNB                                        |VNB                                        
VPB                                        |VPB                                        
VPWR                                       |VPWR                                       
Y                                          |Y                                          
---------------------------------------------------------------------------------------
Cell pin lists are equivalent.
Device classes sky130_fd_sc_hd__nand2_4 and sky130_fd_sc_hd__nand2_4 are equivalent.

Cell sky130_fd_sc_hd__o221a_1 (0) disconnected node: A1
Cell sky130_fd_sc_hd__o221a_1 (0) disconnected node: A2
Cell sky130_fd_sc_hd__o221a_1 (0) disconnected node: B1
Cell sky130_fd_sc_hd__o221a_1 (0) disconnected node: B2
Cell sky130_fd_sc_hd__o221a_1 (0) disconnected node: C1
Cell sky130_fd_sc_hd__o221a_1 (0) disconnected node: VGND
Cell sky130_fd_sc_hd__o221a_1 (0) disconnected node: VNB
Cell sky130_fd_sc_hd__o221a_1 (0) disconnected node: VPB
Cell sky130_fd_sc_hd__o221a_1 (0) disconnected node: VPWR
Cell sky130_fd_sc_hd__o221a_1 (0) disconnected node: X

Subcircuit pins:
Circuit 1: sky130_fd_sc_hd__o221a_1        |Circuit 2: sky130_fd_sc_hd__o221a_1        
-------------------------------------------|-------------------------------------------
A1                                         |A1                                         
A2                                         |A2                                         
B1                                         |B1                                         
B2                                         |B2                                         
C1                                         |C1                                         
VGND                                       |VGND                                       
VNB                                        |VNB                                        
VPB                                        |VPB                                        
VPWR                                       |VPWR                                       
X                                          |X                                          
---------------------------------------------------------------------------------------
Cell pin lists are equivalent.
Device classes sky130_fd_sc_hd__o221a_1 and sky130_fd_sc_hd__o221a_1 are equivalent.

Cell sky130_fd_sc_hd__xor2_1 (0) disconnected node: A
Cell sky130_fd_sc_hd__xor2_1 (0) disconnected node: B
Cell sky130_fd_sc_hd__xor2_1 (0) disconnected node: VGND
Cell sky130_fd_sc_hd__xor2_1 (0) disconnected node: VNB
Cell sky130_fd_sc_hd__xor2_1 (0) disconnected node: VPB
Cell sky130_fd_sc_hd__xor2_1 (0) disconnected node: VPWR
Cell sky130_fd_sc_hd__xor2_1 (0) disconnected node: X

Subcircuit pins:
Circuit 1: sky130_fd_sc_hd__xor2_1         |Circuit 2: sky130_fd_sc_hd__xor2_1         
-------------------------------------------|-------------------------------------------
A                                          |A                                          
B                                          |B                                          
VGND                                       |VGND                                       
VNB                                        |VNB                                        
VPB                                        |VPB                                        
VPWR                                       |VPWR                                       
X                                          |X                                          
---------------------------------------------------------------------------------------
Cell pin lists are equivalent.
Device classes sky130_fd_sc_hd__xor2_1 and sky130_fd_sc_hd__xor2_1 are equivalent.

Cell sky130_fd_sc_hd__a21bo_1 (0) disconnected node: A1
Cell sky130_fd_sc_hd__a21bo_1 (0) disconnected node: A2
Cell sky130_fd_sc_hd__a21bo_1 (0) disconnected node: B1_N
Cell sky130_fd_sc_hd__a21bo_1 (0) disconnected node: VGND
Cell sky130_fd_sc_hd__a21bo_1 (0) disconnected node: VNB
Cell sky130_fd_sc_hd__a21bo_1 (0) disconnected node: VPB
Cell sky130_fd_sc_hd__a21bo_1 (0) disconnected node: VPWR
Cell sky130_fd_sc_hd__a21bo_1 (0) disconnected node: X

Subcircuit pins:
Circuit 1: sky130_fd_sc_hd__a21bo_1        |Circuit 2: sky130_fd_sc_hd__a21bo_1        
-------------------------------------------|-------------------------------------------
A1                                         |A1                                         
A2                                         |A2                                         
B1_N                                       |B1_N                                       
VGND                                       |VGND                                       
VNB                                        |VNB                                        
VPB                                        |VPB                                        
VPWR                                       |VPWR                                       
X                                          |X                                          
---------------------------------------------------------------------------------------
Cell pin lists are equivalent.
Device classes sky130_fd_sc_hd__a21bo_1 and sky130_fd_sc_hd__a21bo_1 are equivalent.

Cell sky130_fd_sc_hd__o2111a_1 (0) disconnected node: A1
Cell sky130_fd_sc_hd__o2111a_1 (0) disconnected node: A2
Cell sky130_fd_sc_hd__o2111a_1 (0) disconnected node: B1
Cell sky130_fd_sc_hd__o2111a_1 (0) disconnected node: C1
Cell sky130_fd_sc_hd__o2111a_1 (0) disconnected node: D1
Cell sky130_fd_sc_hd__o2111a_1 (0) disconnected node: VGND
Cell sky130_fd_sc_hd__o2111a_1 (0) disconnected node: VNB
Cell sky130_fd_sc_hd__o2111a_1 (0) disconnected node: VPB
Cell sky130_fd_sc_hd__o2111a_1 (0) disconnected node: VPWR
Cell sky130_fd_sc_hd__o2111a_1 (0) disconnected node: X

Subcircuit pins:
Circuit 1: sky130_fd_sc_hd__o2111a_1       |Circuit 2: sky130_fd_sc_hd__o2111a_1       
-------------------------------------------|-------------------------------------------
A1                                         |A1                                         
A2                                         |A2                                         
B1                                         |B1                                         
C1                                         |C1                                         
D1                                         |D1                                         
VGND                                       |VGND                                       
VNB                                        |VNB                                        
VPB                                        |VPB                                        
VPWR                                       |VPWR                                       
X                                          |X                                          
---------------------------------------------------------------------------------------
Cell pin lists are equivalent.
Device classes sky130_fd_sc_hd__o2111a_1 and sky130_fd_sc_hd__o2111a_1 are equivalent.

Cell sky130_fd_sc_hd__a211o_2 (0) disconnected node: A1
Cell sky130_fd_sc_hd__a211o_2 (0) disconnected node: A2
Cell sky130_fd_sc_hd__a211o_2 (0) disconnected node: B1
Cell sky130_fd_sc_hd__a211o_2 (0) disconnected node: C1
Cell sky130_fd_sc_hd__a211o_2 (0) disconnected node: VGND
Cell sky130_fd_sc_hd__a211o_2 (0) disconnected node: VNB
Cell sky130_fd_sc_hd__a211o_2 (0) disconnected node: VPB
Cell sky130_fd_sc_hd__a211o_2 (0) disconnected node: VPWR
Cell sky130_fd_sc_hd__a211o_2 (0) disconnected node: X

Subcircuit pins:
Circuit 1: sky130_fd_sc_hd__a211o_2        |Circuit 2: sky130_fd_sc_hd__a211o_2        
-------------------------------------------|-------------------------------------------
A1                                         |A1                                         
A2                                         |A2                                         
B1                                         |B1                                         
C1                                         |C1                                         
VGND                                       |VGND                                       
VNB                                        |VNB                                        
VPB                                        |VPB                                        
VPWR                                       |VPWR                                       
X                                          |X                                          
---------------------------------------------------------------------------------------
Cell pin lists are equivalent.
Device classes sky130_fd_sc_hd__a211o_2 and sky130_fd_sc_hd__a211o_2 are equivalent.

Cell sky130_fd_sc_hd__a2bb2o_1 (0) disconnected node: A1_N
Cell sky130_fd_sc_hd__a2bb2o_1 (0) disconnected node: A2_N
Cell sky130_fd_sc_hd__a2bb2o_1 (0) disconnected node: B1
Cell sky130_fd_sc_hd__a2bb2o_1 (0) disconnected node: B2
Cell sky130_fd_sc_hd__a2bb2o_1 (0) disconnected node: VGND
Cell sky130_fd_sc_hd__a2bb2o_1 (0) disconnected node: VNB
Cell sky130_fd_sc_hd__a2bb2o_1 (0) disconnected node: VPB
Cell sky130_fd_sc_hd__a2bb2o_1 (0) disconnected node: VPWR
Cell sky130_fd_sc_hd__a2bb2o_1 (0) disconnected node: X

Subcircuit pins:
Circuit 1: sky130_fd_sc_hd__a2bb2o_1       |Circuit 2: sky130_fd_sc_hd__a2bb2o_1       
-------------------------------------------|-------------------------------------------
A1_N                                       |A1_N                                       
A2_N                                       |A2_N                                       
B1                                         |B1                                         
B2                                         |B2                                         
VGND                                       |VGND                                       
VNB                                        |VNB                                        
VPB                                        |VPB                                        
VPWR                                       |VPWR                                       
X                                          |X                                          
---------------------------------------------------------------------------------------
Cell pin lists are equivalent.
Device classes sky130_fd_sc_hd__a2bb2o_1 and sky130_fd_sc_hd__a2bb2o_1 are equivalent.

Cell sky130_fd_sc_hd__a31o_4 (0) disconnected node: A1
Cell sky130_fd_sc_hd__a31o_4 (0) disconnected node: A2
Cell sky130_fd_sc_hd__a31o_4 (0) disconnected node: A3
Cell sky130_fd_sc_hd__a31o_4 (0) disconnected node: B1
Cell sky130_fd_sc_hd__a31o_4 (0) disconnected node: VGND
Cell sky130_fd_sc_hd__a31o_4 (0) disconnected node: VNB
Cell sky130_fd_sc_hd__a31o_4 (0) disconnected node: VPB
Cell sky130_fd_sc_hd__a31o_4 (0) disconnected node: VPWR
Cell sky130_fd_sc_hd__a31o_4 (0) disconnected node: X

Subcircuit pins:
Circuit 1: sky130_fd_sc_hd__a31o_4         |Circuit 2: sky130_fd_sc_hd__a31o_4         
-------------------------------------------|-------------------------------------------
A1                                         |A1                                         
A2                                         |A2                                         
A3                                         |A3                                         
B1                                         |B1                                         
VGND                                       |VGND                                       
VNB                                        |VNB                                        
VPB                                        |VPB                                        
VPWR                                       |VPWR                                       
X                                          |X                                          
---------------------------------------------------------------------------------------
Cell pin lists are equivalent.
Device classes sky130_fd_sc_hd__a31o_4 and sky130_fd_sc_hd__a31o_4 are equivalent.

Cell sky130_fd_sc_hd__and3b_1 (0) disconnected node: A_N
Cell sky130_fd_sc_hd__and3b_1 (0) disconnected node: B
Cell sky130_fd_sc_hd__and3b_1 (0) disconnected node: C
Cell sky130_fd_sc_hd__and3b_1 (0) disconnected node: VGND
Cell sky130_fd_sc_hd__and3b_1 (0) disconnected node: VNB
Cell sky130_fd_sc_hd__and3b_1 (0) disconnected node: VPB
Cell sky130_fd_sc_hd__and3b_1 (0) disconnected node: VPWR
Cell sky130_fd_sc_hd__and3b_1 (0) disconnected node: X

Subcircuit pins:
Circuit 1: sky130_fd_sc_hd__and3b_1        |Circuit 2: sky130_fd_sc_hd__and3b_1        
-------------------------------------------|-------------------------------------------
A_N                                        |A_N                                        
B                                          |B                                          
C                                          |C                                          
VGND                                       |VGND                                       
VNB                                        |VNB                                        
VPB                                        |VPB                                        
VPWR                                       |VPWR                                       
X                                          |X                                          
---------------------------------------------------------------------------------------
Cell pin lists are equivalent.
Device classes sky130_fd_sc_hd__and3b_1 and sky130_fd_sc_hd__and3b_1 are equivalent.

Cell sky130_fd_sc_hd__o22ai_1 (0) disconnected node: A1
Cell sky130_fd_sc_hd__o22ai_1 (0) disconnected node: A2
Cell sky130_fd_sc_hd__o22ai_1 (0) disconnected node: B1
Cell sky130_fd_sc_hd__o22ai_1 (0) disconnected node: B2
Cell sky130_fd_sc_hd__o22ai_1 (0) disconnected node: VGND
Cell sky130_fd_sc_hd__o22ai_1 (0) disconnected node: VNB
Cell sky130_fd_sc_hd__o22ai_1 (0) disconnected node: VPB
Cell sky130_fd_sc_hd__o22ai_1 (0) disconnected node: VPWR
Cell sky130_fd_sc_hd__o22ai_1 (0) disconnected node: Y

Subcircuit pins:
Circuit 1: sky130_fd_sc_hd__o22ai_1        |Circuit 2: sky130_fd_sc_hd__o22ai_1        
-------------------------------------------|-------------------------------------------
A1                                         |A1                                         
A2                                         |A2                                         
B1                                         |B1                                         
B2                                         |B2                                         
VGND                                       |VGND                                       
VNB                                        |VNB                                        
VPB                                        |VPB                                        
VPWR                                       |VPWR                                       
Y                                          |Y                                          
---------------------------------------------------------------------------------------
Cell pin lists are equivalent.
Device classes sky130_fd_sc_hd__o22ai_1 and sky130_fd_sc_hd__o22ai_1 are equivalent.

Cell sky130_fd_sc_hd__inv_4 (0) disconnected node: A
Cell sky130_fd_sc_hd__inv_4 (0) disconnected node: VGND
Cell sky130_fd_sc_hd__inv_4 (0) disconnected node: VNB
Cell sky130_fd_sc_hd__inv_4 (0) disconnected node: VPB
Cell sky130_fd_sc_hd__inv_4 (0) disconnected node: VPWR
Cell sky130_fd_sc_hd__inv_4 (0) disconnected node: Y

Subcircuit pins:
Circuit 1: sky130_fd_sc_hd__inv_4          |Circuit 2: sky130_fd_sc_hd__inv_4          
-------------------------------------------|-------------------------------------------
A                                          |A                                          
VGND                                       |VGND                                       
VNB                                        |VNB                                        
VPB                                        |VPB                                        
VPWR                                       |VPWR                                       
Y                                          |Y                                          
---------------------------------------------------------------------------------------
Cell pin lists are equivalent.
Device classes sky130_fd_sc_hd__inv_4 and sky130_fd_sc_hd__inv_4 are equivalent.

Cell sky130_fd_sc_hd__dfstp_1 (0) disconnected node: CLK
Cell sky130_fd_sc_hd__dfstp_1 (0) disconnected node: D
Cell sky130_fd_sc_hd__dfstp_1 (0) disconnected node: SET_B
Cell sky130_fd_sc_hd__dfstp_1 (0) disconnected node: VGND
Cell sky130_fd_sc_hd__dfstp_1 (0) disconnected node: VNB
Cell sky130_fd_sc_hd__dfstp_1 (0) disconnected node: VPB
Cell sky130_fd_sc_hd__dfstp_1 (0) disconnected node: VPWR
Cell sky130_fd_sc_hd__dfstp_1 (0) disconnected node: Q

Subcircuit pins:
Circuit 1: sky130_fd_sc_hd__dfstp_1        |Circuit 2: sky130_fd_sc_hd__dfstp_1        
-------------------------------------------|-------------------------------------------
CLK                                        |CLK                                        
D                                          |D                                          
SET_B                                      |SET_B                                      
VGND                                       |VGND                                       
VNB                                        |VNB                                        
VPB                                        |VPB                                        
VPWR                                       |VPWR                                       
Q                                          |Q                                          
---------------------------------------------------------------------------------------
Cell pin lists are equivalent.
Device classes sky130_fd_sc_hd__dfstp_1 and sky130_fd_sc_hd__dfstp_1 are equivalent.

Cell sky130_fd_sc_hd__o21bai_1 (0) disconnected node: A1
Cell sky130_fd_sc_hd__o21bai_1 (0) disconnected node: A2
Cell sky130_fd_sc_hd__o21bai_1 (0) disconnected node: B1_N
Cell sky130_fd_sc_hd__o21bai_1 (0) disconnected node: VGND
Cell sky130_fd_sc_hd__o21bai_1 (0) disconnected node: VNB
Cell sky130_fd_sc_hd__o21bai_1 (0) disconnected node: VPB
Cell sky130_fd_sc_hd__o21bai_1 (0) disconnected node: VPWR
Cell sky130_fd_sc_hd__o21bai_1 (0) disconnected node: Y

Subcircuit pins:
Circuit 1: sky130_fd_sc_hd__o21bai_1       |Circuit 2: sky130_fd_sc_hd__o21bai_1       
-------------------------------------------|-------------------------------------------
A1                                         |A1                                         
A2                                         |A2                                         
B1_N                                       |B1_N                                       
VGND                                       |VGND                                       
VNB                                        |VNB                                        
VPB                                        |VPB                                        
VPWR                                       |VPWR                                       
Y                                          |Y                                          
---------------------------------------------------------------------------------------
Cell pin lists are equivalent.
Device classes sky130_fd_sc_hd__o21bai_1 and sky130_fd_sc_hd__o21bai_1 are equivalent.

Cell sky130_fd_sc_hd__a21boi_1 (0) disconnected node: A1
Cell sky130_fd_sc_hd__a21boi_1 (0) disconnected node: A2
Cell sky130_fd_sc_hd__a21boi_1 (0) disconnected node: B1_N
Cell sky130_fd_sc_hd__a21boi_1 (0) disconnected node: VGND
Cell sky130_fd_sc_hd__a21boi_1 (0) disconnected node: VNB
Cell sky130_fd_sc_hd__a21boi_1 (0) disconnected node: VPB
Cell sky130_fd_sc_hd__a21boi_1 (0) disconnected node: VPWR
Cell sky130_fd_sc_hd__a21boi_1 (0) disconnected node: Y

Subcircuit pins:
Circuit 1: sky130_fd_sc_hd__a21boi_1       |Circuit 2: sky130_fd_sc_hd__a21boi_1       
-------------------------------------------|-------------------------------------------
A1                                         |A1                                         
A2                                         |A2                                         
B1_N                                       |B1_N                                       
VGND                                       |VGND                                       
VNB                                        |VNB                                        
VPB                                        |VPB                                        
VPWR                                       |VPWR                                       
Y                                          |Y                                          
---------------------------------------------------------------------------------------
Cell pin lists are equivalent.
Device classes sky130_fd_sc_hd__a21boi_1 and sky130_fd_sc_hd__a21boi_1 are equivalent.

Cell sky130_fd_sc_hd__o2bb2ai_1 (0) disconnected node: A1_N
Cell sky130_fd_sc_hd__o2bb2ai_1 (0) disconnected node: A2_N
Cell sky130_fd_sc_hd__o2bb2ai_1 (0) disconnected node: B1
Cell sky130_fd_sc_hd__o2bb2ai_1 (0) disconnected node: B2
Cell sky130_fd_sc_hd__o2bb2ai_1 (0) disconnected node: VGND
Cell sky130_fd_sc_hd__o2bb2ai_1 (0) disconnected node: VNB
Cell sky130_fd_sc_hd__o2bb2ai_1 (0) disconnected node: VPB
Cell sky130_fd_sc_hd__o2bb2ai_1 (0) disconnected node: VPWR
Cell sky130_fd_sc_hd__o2bb2ai_1 (0) disconnected node: Y

Subcircuit pins:
Circuit 1: sky130_fd_sc_hd__o2bb2ai_1      |Circuit 2: sky130_fd_sc_hd__o2bb2ai_1      
-------------------------------------------|-------------------------------------------
A1_N                                       |A1_N                                       
A2_N                                       |A2_N                                       
B1                                         |B1                                         
B2                                         |B2                                         
VGND                                       |VGND                                       
VNB                                        |VNB                                        
VPB                                        |VPB                                        
VPWR                                       |VPWR                                       
Y                                          |Y                                          
---------------------------------------------------------------------------------------
Cell pin lists are equivalent.
Device classes sky130_fd_sc_hd__o2bb2ai_1 and sky130_fd_sc_hd__o2bb2ai_1 are equivalent.

Cell sky130_fd_sc_hd__xnor2_1 (0) disconnected node: A
Cell sky130_fd_sc_hd__xnor2_1 (0) disconnected node: B
Cell sky130_fd_sc_hd__xnor2_1 (0) disconnected node: VGND
Cell sky130_fd_sc_hd__xnor2_1 (0) disconnected node: VNB
Cell sky130_fd_sc_hd__xnor2_1 (0) disconnected node: VPB
Cell sky130_fd_sc_hd__xnor2_1 (0) disconnected node: VPWR
Cell sky130_fd_sc_hd__xnor2_1 (0) disconnected node: Y

Subcircuit pins:
Circuit 1: sky130_fd_sc_hd__xnor2_1        |Circuit 2: sky130_fd_sc_hd__xnor2_1        
-------------------------------------------|-------------------------------------------
A                                          |A                                          
B                                          |B                                          
VGND                                       |VGND                                       
VNB                                        |VNB                                        
VPB                                        |VPB                                        
VPWR                                       |VPWR                                       
Y                                          |Y                                          
---------------------------------------------------------------------------------------
Cell pin lists are equivalent.
Device classes sky130_fd_sc_hd__xnor2_1 and sky130_fd_sc_hd__xnor2_1 are equivalent.

Cell sky130_fd_sc_hd__or4b_1 (0) disconnected node: A
Cell sky130_fd_sc_hd__or4b_1 (0) disconnected node: B
Cell sky130_fd_sc_hd__or4b_1 (0) disconnected node: C
Cell sky130_fd_sc_hd__or4b_1 (0) disconnected node: D_N
Cell sky130_fd_sc_hd__or4b_1 (0) disconnected node: VGND
Cell sky130_fd_sc_hd__or4b_1 (0) disconnected node: VNB
Cell sky130_fd_sc_hd__or4b_1 (0) disconnected node: VPB
Cell sky130_fd_sc_hd__or4b_1 (0) disconnected node: VPWR
Cell sky130_fd_sc_hd__or4b_1 (0) disconnected node: X

Subcircuit pins:
Circuit 1: sky130_fd_sc_hd__or4b_1         |Circuit 2: sky130_fd_sc_hd__or4b_1         
-------------------------------------------|-------------------------------------------
A                                          |A                                          
B                                          |B                                          
C                                          |C                                          
D_N                                        |D_N                                        
VGND                                       |VGND                                       
VNB                                        |VNB                                        
VPB                                        |VPB                                        
VPWR                                       |VPWR                                       
X                                          |X                                          
---------------------------------------------------------------------------------------
Cell pin lists are equivalent.
Device classes sky130_fd_sc_hd__or4b_1 and sky130_fd_sc_hd__or4b_1 are equivalent.

Cell sky130_fd_sc_hd__a21o_2 (0) disconnected node: A1
Cell sky130_fd_sc_hd__a21o_2 (0) disconnected node: A2
Cell sky130_fd_sc_hd__a21o_2 (0) disconnected node: B1
Cell sky130_fd_sc_hd__a21o_2 (0) disconnected node: VGND
Cell sky130_fd_sc_hd__a21o_2 (0) disconnected node: VNB
Cell sky130_fd_sc_hd__a21o_2 (0) disconnected node: VPB
Cell sky130_fd_sc_hd__a21o_2 (0) disconnected node: VPWR
Cell sky130_fd_sc_hd__a21o_2 (0) disconnected node: X

Subcircuit pins:
Circuit 1: sky130_fd_sc_hd__a21o_2         |Circuit 2: sky130_fd_sc_hd__a21o_2         
-------------------------------------------|-------------------------------------------
A1                                         |A1                                         
A2                                         |A2                                         
B1                                         |B1                                         
VGND                                       |VGND                                       
VNB                                        |VNB                                        
VPB                                        |VPB                                        
VPWR                                       |VPWR                                       
X                                          |X                                          
---------------------------------------------------------------------------------------
Cell pin lists are equivalent.
Device classes sky130_fd_sc_hd__a21o_2 and sky130_fd_sc_hd__a21o_2 are equivalent.

Cell sky130_fd_sc_hd__a221o_1 (0) disconnected node: A1
Cell sky130_fd_sc_hd__a221o_1 (0) disconnected node: A2
Cell sky130_fd_sc_hd__a221o_1 (0) disconnected node: B1
Cell sky130_fd_sc_hd__a221o_1 (0) disconnected node: B2
Cell sky130_fd_sc_hd__a221o_1 (0) disconnected node: C1
Cell sky130_fd_sc_hd__a221o_1 (0) disconnected node: VGND
Cell sky130_fd_sc_hd__a221o_1 (0) disconnected node: VNB
Cell sky130_fd_sc_hd__a221o_1 (0) disconnected node: VPB
Cell sky130_fd_sc_hd__a221o_1 (0) disconnected node: VPWR
Cell sky130_fd_sc_hd__a221o_1 (0) disconnected node: X

Subcircuit pins:
Circuit 1: sky130_fd_sc_hd__a221o_1        |Circuit 2: sky130_fd_sc_hd__a221o_1        
-------------------------------------------|-------------------------------------------
A1                                         |A1                                         
A2                                         |A2                                         
B1                                         |B1                                         
B2                                         |B2                                         
C1                                         |C1                                         
VGND                                       |VGND                                       
VNB                                        |VNB                                        
VPB                                        |VPB                                        
VPWR                                       |VPWR                                       
X                                          |X                                          
---------------------------------------------------------------------------------------
Cell pin lists are equivalent.
Device classes sky130_fd_sc_hd__a221o_1 and sky130_fd_sc_hd__a221o_1 are equivalent.

Cell sky130_fd_sc_hd__nor3b_1 (0) disconnected node: A
Cell sky130_fd_sc_hd__nor3b_1 (0) disconnected node: B
Cell sky130_fd_sc_hd__nor3b_1 (0) disconnected node: C_N
Cell sky130_fd_sc_hd__nor3b_1 (0) disconnected node: VGND
Cell sky130_fd_sc_hd__nor3b_1 (0) disconnected node: VNB
Cell sky130_fd_sc_hd__nor3b_1 (0) disconnected node: VPB
Cell sky130_fd_sc_hd__nor3b_1 (0) disconnected node: VPWR
Cell sky130_fd_sc_hd__nor3b_1 (0) disconnected node: Y

Subcircuit pins:
Circuit 1: sky130_fd_sc_hd__nor3b_1        |Circuit 2: sky130_fd_sc_hd__nor3b_1        
-------------------------------------------|-------------------------------------------
A                                          |A                                          
B                                          |B                                          
C_N                                        |C_N                                        
VGND                                       |VGND                                       
VNB                                        |VNB                                        
VPB                                        |VPB                                        
VPWR                                       |VPWR                                       
Y                                          |Y                                          
---------------------------------------------------------------------------------------
Cell pin lists are equivalent.
Device classes sky130_fd_sc_hd__nor3b_1 and sky130_fd_sc_hd__nor3b_1 are equivalent.

Cell sky130_fd_sc_hd__o211ai_4 (0) disconnected node: A1
Cell sky130_fd_sc_hd__o211ai_4 (0) disconnected node: A2
Cell sky130_fd_sc_hd__o211ai_4 (0) disconnected node: B1
Cell sky130_fd_sc_hd__o211ai_4 (0) disconnected node: C1
Cell sky130_fd_sc_hd__o211ai_4 (0) disconnected node: VGND
Cell sky130_fd_sc_hd__o211ai_4 (0) disconnected node: VNB
Cell sky130_fd_sc_hd__o211ai_4 (0) disconnected node: VPB
Cell sky130_fd_sc_hd__o211ai_4 (0) disconnected node: VPWR
Cell sky130_fd_sc_hd__o211ai_4 (0) disconnected node: Y

Subcircuit pins:
Circuit 1: sky130_fd_sc_hd__o211ai_4       |Circuit 2: sky130_fd_sc_hd__o211ai_4       
-------------------------------------------|-------------------------------------------
A1                                         |A1                                         
A2                                         |A2                                         
B1                                         |B1                                         
C1                                         |C1                                         
VGND                                       |VGND                                       
VNB                                        |VNB                                        
VPB                                        |VPB                                        
VPWR                                       |VPWR                                       
Y                                          |Y                                          
---------------------------------------------------------------------------------------
Cell pin lists are equivalent.
Device classes sky130_fd_sc_hd__o211ai_4 and sky130_fd_sc_hd__o211ai_4 are equivalent.

Cell sky130_fd_sc_hd__o211a_4 (0) disconnected node: A1
Cell sky130_fd_sc_hd__o211a_4 (0) disconnected node: A2
Cell sky130_fd_sc_hd__o211a_4 (0) disconnected node: B1
Cell sky130_fd_sc_hd__o211a_4 (0) disconnected node: C1
Cell sky130_fd_sc_hd__o211a_4 (0) disconnected node: VGND
Cell sky130_fd_sc_hd__o211a_4 (0) disconnected node: VNB
Cell sky130_fd_sc_hd__o211a_4 (0) disconnected node: VPB
Cell sky130_fd_sc_hd__o211a_4 (0) disconnected node: VPWR
Cell sky130_fd_sc_hd__o211a_4 (0) disconnected node: X

Subcircuit pins:
Circuit 1: sky130_fd_sc_hd__o211a_4        |Circuit 2: sky130_fd_sc_hd__o211a_4        
-------------------------------------------|-------------------------------------------
A1                                         |A1                                         
A2                                         |A2                                         
B1                                         |B1                                         
C1                                         |C1                                         
VGND                                       |VGND                                       
VNB                                        |VNB                                        
VPB                                        |VPB                                        
VPWR                                       |VPWR                                       
X                                          |X                                          
---------------------------------------------------------------------------------------
Cell pin lists are equivalent.
Device classes sky130_fd_sc_hd__o211a_4 and sky130_fd_sc_hd__o211a_4 are equivalent.

Cell sky130_fd_sc_hd__o311a_1 (0) disconnected node: A1
Cell sky130_fd_sc_hd__o311a_1 (0) disconnected node: A2
Cell sky130_fd_sc_hd__o311a_1 (0) disconnected node: A3
Cell sky130_fd_sc_hd__o311a_1 (0) disconnected node: B1
Cell sky130_fd_sc_hd__o311a_1 (0) disconnected node: C1
Cell sky130_fd_sc_hd__o311a_1 (0) disconnected node: VGND
Cell sky130_fd_sc_hd__o311a_1 (0) disconnected node: VNB
Cell sky130_fd_sc_hd__o311a_1 (0) disconnected node: VPB
Cell sky130_fd_sc_hd__o311a_1 (0) disconnected node: VPWR
Cell sky130_fd_sc_hd__o311a_1 (0) disconnected node: X

Subcircuit pins:
Circuit 1: sky130_fd_sc_hd__o311a_1        |Circuit 2: sky130_fd_sc_hd__o311a_1        
-------------------------------------------|-------------------------------------------
A1                                         |A1                                         
A2                                         |A2                                         
A3                                         |A3                                         
B1                                         |B1                                         
C1                                         |C1                                         
VGND                                       |VGND                                       
VNB                                        |VNB                                        
VPB                                        |VPB                                        
VPWR                                       |VPWR                                       
X                                          |X                                          
---------------------------------------------------------------------------------------
Cell pin lists are equivalent.
Device classes sky130_fd_sc_hd__o311a_1 and sky130_fd_sc_hd__o311a_1 are equivalent.

Cell sky130_fd_sc_hd__inv_6 (0) disconnected node: A
Cell sky130_fd_sc_hd__inv_6 (0) disconnected node: VGND
Cell sky130_fd_sc_hd__inv_6 (0) disconnected node: VNB
Cell sky130_fd_sc_hd__inv_6 (0) disconnected node: VPB
Cell sky130_fd_sc_hd__inv_6 (0) disconnected node: VPWR
Cell sky130_fd_sc_hd__inv_6 (0) disconnected node: Y

Subcircuit pins:
Circuit 1: sky130_fd_sc_hd__inv_6          |Circuit 2: sky130_fd_sc_hd__inv_6          
-------------------------------------------|-------------------------------------------
A                                          |A                                          
VGND                                       |VGND                                       
VNB                                        |VNB                                        
VPB                                        |VPB                                        
VPWR                                       |VPWR                                       
Y                                          |Y                                          
---------------------------------------------------------------------------------------
Cell pin lists are equivalent.
Device classes sky130_fd_sc_hd__inv_6 and sky130_fd_sc_hd__inv_6 are equivalent.

Cell sky130_fd_sc_hd__a41o_1 (0) disconnected node: A1
Cell sky130_fd_sc_hd__a41o_1 (0) disconnected node: A2
Cell sky130_fd_sc_hd__a41o_1 (0) disconnected node: A3
Cell sky130_fd_sc_hd__a41o_1 (0) disconnected node: A4
Cell sky130_fd_sc_hd__a41o_1 (0) disconnected node: B1
Cell sky130_fd_sc_hd__a41o_1 (0) disconnected node: VGND
Cell sky130_fd_sc_hd__a41o_1 (0) disconnected node: VNB
Cell sky130_fd_sc_hd__a41o_1 (0) disconnected node: VPB
Cell sky130_fd_sc_hd__a41o_1 (0) disconnected node: VPWR
Cell sky130_fd_sc_hd__a41o_1 (0) disconnected node: X

Subcircuit pins:
Circuit 1: sky130_fd_sc_hd__a41o_1         |Circuit 2: sky130_fd_sc_hd__a41o_1         
-------------------------------------------|-------------------------------------------
A1                                         |A1                                         
A2                                         |A2                                         
A3                                         |A3                                         
A4                                         |A4                                         
B1                                         |B1                                         
VGND                                       |VGND                                       
VNB                                        |VNB                                        
VPB                                        |VPB                                        
VPWR                                       |VPWR                                       
X                                          |X                                          
---------------------------------------------------------------------------------------
Cell pin lists are equivalent.
Device classes sky130_fd_sc_hd__a41o_1 and sky130_fd_sc_hd__a41o_1 are equivalent.

Cell sky130_fd_sc_hd__a221o_2 (0) disconnected node: A1
Cell sky130_fd_sc_hd__a221o_2 (0) disconnected node: A2
Cell sky130_fd_sc_hd__a221o_2 (0) disconnected node: B1
Cell sky130_fd_sc_hd__a221o_2 (0) disconnected node: B2
Cell sky130_fd_sc_hd__a221o_2 (0) disconnected node: C1
Cell sky130_fd_sc_hd__a221o_2 (0) disconnected node: VGND
Cell sky130_fd_sc_hd__a221o_2 (0) disconnected node: VNB
Cell sky130_fd_sc_hd__a221o_2 (0) disconnected node: VPB
Cell sky130_fd_sc_hd__a221o_2 (0) disconnected node: VPWR
Cell sky130_fd_sc_hd__a221o_2 (0) disconnected node: X

Subcircuit pins:
Circuit 1: sky130_fd_sc_hd__a221o_2        |Circuit 2: sky130_fd_sc_hd__a221o_2        
-------------------------------------------|-------------------------------------------
A1                                         |A1                                         
A2                                         |A2                                         
B1                                         |B1                                         
B2                                         |B2                                         
C1                                         |C1                                         
VGND                                       |VGND                                       
VNB                                        |VNB                                        
VPB                                        |VPB                                        
VPWR                                       |VPWR                                       
X                                          |X                                          
---------------------------------------------------------------------------------------
Cell pin lists are equivalent.
Device classes sky130_fd_sc_hd__a221o_2 and sky130_fd_sc_hd__a221o_2 are equivalent.

Cell sky130_fd_sc_hd__a32o_1 (0) disconnected node: A1
Cell sky130_fd_sc_hd__a32o_1 (0) disconnected node: A2
Cell sky130_fd_sc_hd__a32o_1 (0) disconnected node: A3
Cell sky130_fd_sc_hd__a32o_1 (0) disconnected node: B1
Cell sky130_fd_sc_hd__a32o_1 (0) disconnected node: B2
Cell sky130_fd_sc_hd__a32o_1 (0) disconnected node: VGND
Cell sky130_fd_sc_hd__a32o_1 (0) disconnected node: VNB
Cell sky130_fd_sc_hd__a32o_1 (0) disconnected node: VPB
Cell sky130_fd_sc_hd__a32o_1 (0) disconnected node: VPWR
Cell sky130_fd_sc_hd__a32o_1 (0) disconnected node: X

Subcircuit pins:
Circuit 1: sky130_fd_sc_hd__a32o_1         |Circuit 2: sky130_fd_sc_hd__a32o_1         
-------------------------------------------|-------------------------------------------
A1                                         |A1                                         
A2                                         |A2                                         
A3                                         |A3                                         
B1                                         |B1                                         
B2                                         |B2                                         
VGND                                       |VGND                                       
VNB                                        |VNB                                        
VPB                                        |VPB                                        
VPWR                                       |VPWR                                       
X                                          |X                                          
---------------------------------------------------------------------------------------
Cell pin lists are equivalent.
Device classes sky130_fd_sc_hd__a32o_1 and sky130_fd_sc_hd__a32o_1 are equivalent.

Cell sky130_fd_sc_hd__o2111ai_2 (0) disconnected node: A1
Cell sky130_fd_sc_hd__o2111ai_2 (0) disconnected node: A2
Cell sky130_fd_sc_hd__o2111ai_2 (0) disconnected node: B1
Cell sky130_fd_sc_hd__o2111ai_2 (0) disconnected node: C1
Cell sky130_fd_sc_hd__o2111ai_2 (0) disconnected node: D1
Cell sky130_fd_sc_hd__o2111ai_2 (0) disconnected node: VGND
Cell sky130_fd_sc_hd__o2111ai_2 (0) disconnected node: VNB
Cell sky130_fd_sc_hd__o2111ai_2 (0) disconnected node: VPB
Cell sky130_fd_sc_hd__o2111ai_2 (0) disconnected node: VPWR
Cell sky130_fd_sc_hd__o2111ai_2 (0) disconnected node: Y

Subcircuit pins:
Circuit 1: sky130_fd_sc_hd__o2111ai_2      |Circuit 2: sky130_fd_sc_hd__o2111ai_2      
-------------------------------------------|-------------------------------------------
A1                                         |A1                                         
A2                                         |A2                                         
B1                                         |B1                                         
C1                                         |C1                                         
D1                                         |D1                                         
VGND                                       |VGND                                       
VNB                                        |VNB                                        
VPB                                        |VPB                                        
VPWR                                       |VPWR                                       
Y                                          |Y                                          
---------------------------------------------------------------------------------------
Cell pin lists are equivalent.
Device classes sky130_fd_sc_hd__o2111ai_2 and sky130_fd_sc_hd__o2111ai_2 are equivalent.

Cell sky130_fd_sc_hd__or3b_1 (0) disconnected node: A
Cell sky130_fd_sc_hd__or3b_1 (0) disconnected node: B
Cell sky130_fd_sc_hd__or3b_1 (0) disconnected node: C_N
Cell sky130_fd_sc_hd__or3b_1 (0) disconnected node: VGND
Cell sky130_fd_sc_hd__or3b_1 (0) disconnected node: VNB
Cell sky130_fd_sc_hd__or3b_1 (0) disconnected node: VPB
Cell sky130_fd_sc_hd__or3b_1 (0) disconnected node: VPWR
Cell sky130_fd_sc_hd__or3b_1 (0) disconnected node: X

Subcircuit pins:
Circuit 1: sky130_fd_sc_hd__or3b_1         |Circuit 2: sky130_fd_sc_hd__or3b_1         
-------------------------------------------|-------------------------------------------
A                                          |A                                          
B                                          |B                                          
C_N                                        |C_N                                        
VGND                                       |VGND                                       
VNB                                        |VNB                                        
VPB                                        |VPB                                        
VPWR                                       |VPWR                                       
X                                          |X                                          
---------------------------------------------------------------------------------------
Cell pin lists are equivalent.
Device classes sky130_fd_sc_hd__or3b_1 and sky130_fd_sc_hd__or3b_1 are equivalent.

Cell sky130_fd_sc_hd__and4_1 (0) disconnected node: A
Cell sky130_fd_sc_hd__and4_1 (0) disconnected node: B
Cell sky130_fd_sc_hd__and4_1 (0) disconnected node: C
Cell sky130_fd_sc_hd__and4_1 (0) disconnected node: D
Cell sky130_fd_sc_hd__and4_1 (0) disconnected node: VGND
Cell sky130_fd_sc_hd__and4_1 (0) disconnected node: VNB
Cell sky130_fd_sc_hd__and4_1 (0) disconnected node: VPB
Cell sky130_fd_sc_hd__and4_1 (0) disconnected node: VPWR
Cell sky130_fd_sc_hd__and4_1 (0) disconnected node: X

Subcircuit pins:
Circuit 1: sky130_fd_sc_hd__and4_1         |Circuit 2: sky130_fd_sc_hd__and4_1         
-------------------------------------------|-------------------------------------------
A                                          |A                                          
B                                          |B                                          
C                                          |C                                          
D                                          |D                                          
VGND                                       |VGND                                       
VNB                                        |VNB                                        
VPB                                        |VPB                                        
VPWR                                       |VPWR                                       
X                                          |X                                          
---------------------------------------------------------------------------------------
Cell pin lists are equivalent.
Device classes sky130_fd_sc_hd__and4_1 and sky130_fd_sc_hd__and4_1 are equivalent.

Cell sky130_fd_sc_hd__a311o_1 (0) disconnected node: A1
Cell sky130_fd_sc_hd__a311o_1 (0) disconnected node: A2
Cell sky130_fd_sc_hd__a311o_1 (0) disconnected node: A3
Cell sky130_fd_sc_hd__a311o_1 (0) disconnected node: B1
Cell sky130_fd_sc_hd__a311o_1 (0) disconnected node: C1
Cell sky130_fd_sc_hd__a311o_1 (0) disconnected node: VGND
Cell sky130_fd_sc_hd__a311o_1 (0) disconnected node: VNB
Cell sky130_fd_sc_hd__a311o_1 (0) disconnected node: VPB
Cell sky130_fd_sc_hd__a311o_1 (0) disconnected node: VPWR
Cell sky130_fd_sc_hd__a311o_1 (0) disconnected node: X

Subcircuit pins:
Circuit 1: sky130_fd_sc_hd__a311o_1        |Circuit 2: sky130_fd_sc_hd__a311o_1        
-------------------------------------------|-------------------------------------------
A1                                         |A1                                         
A2                                         |A2                                         
A3                                         |A3                                         
B1                                         |B1                                         
C1                                         |C1                                         
VGND                                       |VGND                                       
VNB                                        |VNB                                        
VPB                                        |VPB                                        
VPWR                                       |VPWR                                       
X                                          |X                                          
---------------------------------------------------------------------------------------
Cell pin lists are equivalent.
Device classes sky130_fd_sc_hd__a311o_1 and sky130_fd_sc_hd__a311o_1 are equivalent.

Cell sky130_fd_sc_hd__nor3_4 (0) disconnected node: A
Cell sky130_fd_sc_hd__nor3_4 (0) disconnected node: B
Cell sky130_fd_sc_hd__nor3_4 (0) disconnected node: C
Cell sky130_fd_sc_hd__nor3_4 (0) disconnected node: VGND
Cell sky130_fd_sc_hd__nor3_4 (0) disconnected node: VNB
Cell sky130_fd_sc_hd__nor3_4 (0) disconnected node: VPB
Cell sky130_fd_sc_hd__nor3_4 (0) disconnected node: VPWR
Cell sky130_fd_sc_hd__nor3_4 (0) disconnected node: Y

Subcircuit pins:
Circuit 1: sky130_fd_sc_hd__nor3_4         |Circuit 2: sky130_fd_sc_hd__nor3_4         
-------------------------------------------|-------------------------------------------
A                                          |A                                          
B                                          |B                                          
C                                          |C                                          
VGND                                       |VGND                                       
VNB                                        |VNB                                        
VPB                                        |VPB                                        
VPWR                                       |VPWR                                       
Y                                          |Y                                          
---------------------------------------------------------------------------------------
Cell pin lists are equivalent.
Device classes sky130_fd_sc_hd__nor3_4 and sky130_fd_sc_hd__nor3_4 are equivalent.

Cell sky130_fd_sc_hd__a22oi_2 (0) disconnected node: A1
Cell sky130_fd_sc_hd__a22oi_2 (0) disconnected node: A2
Cell sky130_fd_sc_hd__a22oi_2 (0) disconnected node: B1
Cell sky130_fd_sc_hd__a22oi_2 (0) disconnected node: B2
Cell sky130_fd_sc_hd__a22oi_2 (0) disconnected node: VGND
Cell sky130_fd_sc_hd__a22oi_2 (0) disconnected node: VNB
Cell sky130_fd_sc_hd__a22oi_2 (0) disconnected node: VPB
Cell sky130_fd_sc_hd__a22oi_2 (0) disconnected node: VPWR
Cell sky130_fd_sc_hd__a22oi_2 (0) disconnected node: Y

Subcircuit pins:
Circuit 1: sky130_fd_sc_hd__a22oi_2        |Circuit 2: sky130_fd_sc_hd__a22oi_2        
-------------------------------------------|-------------------------------------------
A1                                         |A1                                         
A2                                         |A2                                         
B1                                         |B1                                         
B2                                         |B2                                         
VGND                                       |VGND                                       
VNB                                        |VNB                                        
VPB                                        |VPB                                        
VPWR                                       |VPWR                                       
Y                                          |Y                                          
---------------------------------------------------------------------------------------
Cell pin lists are equivalent.
Device classes sky130_fd_sc_hd__a22oi_2 and sky130_fd_sc_hd__a22oi_2 are equivalent.

Cell sky130_fd_sc_hd__conb_1 (0) disconnected node: VGND
Cell sky130_fd_sc_hd__conb_1 (0) disconnected node: VNB
Cell sky130_fd_sc_hd__conb_1 (0) disconnected node: VPB
Cell sky130_fd_sc_hd__conb_1 (0) disconnected node: VPWR
Cell sky130_fd_sc_hd__conb_1 (0) disconnected node: HI
Cell sky130_fd_sc_hd__conb_1 (0) disconnected node: LO
Cell sky130_fd_sc_hd__conb_1 (1) disconnected node: VNB
Cell sky130_fd_sc_hd__conb_1 (1) disconnected node: VPB

Subcircuit pins:
Circuit 1: sky130_fd_sc_hd__conb_1         |Circuit 2: sky130_fd_sc_hd__conb_1         
-------------------------------------------|-------------------------------------------
VGND                                       |VGND                                       
VNB                                        |VNB                                        
VPB                                        |VPB                                        
VPWR                                       |VPWR                                       
HI                                         |HI                                         
LO                                         |LO                                         
---------------------------------------------------------------------------------------
Cell pin lists are equivalent.
Device classes sky130_fd_sc_hd__conb_1 and sky130_fd_sc_hd__conb_1 are equivalent.

Cell sky130_fd_sc_hd__and2b_1 (0) disconnected node: A_N
Cell sky130_fd_sc_hd__and2b_1 (0) disconnected node: B
Cell sky130_fd_sc_hd__and2b_1 (0) disconnected node: VGND
Cell sky130_fd_sc_hd__and2b_1 (0) disconnected node: VNB
Cell sky130_fd_sc_hd__and2b_1 (0) disconnected node: VPB
Cell sky130_fd_sc_hd__and2b_1 (0) disconnected node: VPWR
Cell sky130_fd_sc_hd__and2b_1 (0) disconnected node: X

Subcircuit pins:
Circuit 1: sky130_fd_sc_hd__and2b_1        |Circuit 2: sky130_fd_sc_hd__and2b_1        
-------------------------------------------|-------------------------------------------
A_N                                        |A_N                                        
B                                          |B                                          
VGND                                       |VGND                                       
VNB                                        |VNB                                        
VPB                                        |VPB                                        
VPWR                                       |VPWR                                       
X                                          |X                                          
---------------------------------------------------------------------------------------
Cell pin lists are equivalent.
Device classes sky130_fd_sc_hd__and2b_1 and sky130_fd_sc_hd__and2b_1 are equivalent.

Cell sky130_fd_sc_hd__o31ai_1 (0) disconnected node: A1
Cell sky130_fd_sc_hd__o31ai_1 (0) disconnected node: A2
Cell sky130_fd_sc_hd__o31ai_1 (0) disconnected node: A3
Cell sky130_fd_sc_hd__o31ai_1 (0) disconnected node: B1
Cell sky130_fd_sc_hd__o31ai_1 (0) disconnected node: VGND
Cell sky130_fd_sc_hd__o31ai_1 (0) disconnected node: VNB
Cell sky130_fd_sc_hd__o31ai_1 (0) disconnected node: VPB
Cell sky130_fd_sc_hd__o31ai_1 (0) disconnected node: VPWR
Cell sky130_fd_sc_hd__o31ai_1 (0) disconnected node: Y

Subcircuit pins:
Circuit 1: sky130_fd_sc_hd__o31ai_1        |Circuit 2: sky130_fd_sc_hd__o31ai_1        
-------------------------------------------|-------------------------------------------
A1                                         |A1                                         
A2                                         |A2                                         
A3                                         |A3                                         
B1                                         |B1                                         
VGND                                       |VGND                                       
VNB                                        |VNB                                        
VPB                                        |VPB                                        
VPWR                                       |VPWR                                       
Y                                          |Y                                          
---------------------------------------------------------------------------------------
Cell pin lists are equivalent.
Device classes sky130_fd_sc_hd__o31ai_1 and sky130_fd_sc_hd__o31ai_1 are equivalent.

Cell axi4lite_arbiter_top (0) disconnected node: cfg_weight_m0[0]
Cell axi4lite_arbiter_top (0) disconnected node: cfg_weight_m0[1]
Cell axi4lite_arbiter_top (0) disconnected node: cfg_weight_m0[2]
Cell axi4lite_arbiter_top (0) disconnected node: cfg_weight_m0[3]
Cell axi4lite_arbiter_top (1) disconnected node: cfg_weight_m0[3]
Cell axi4lite_arbiter_top (1) disconnected node: cfg_weight_m0[2]
Cell axi4lite_arbiter_top (1) disconnected node: cfg_weight_m0[1]
Cell axi4lite_arbiter_top (1) disconnected node: cfg_weight_m0[0]
Class axi4lite_arbiter_top (0):  Merged 76698 parallel devices.
Class axi4lite_arbiter_top (1):  Merged 76698 parallel devices.
Cell axi4lite_arbiter_top (0) disconnected node: cfg_weight_m0[0]
Cell axi4lite_arbiter_top (0) disconnected node: cfg_weight_m0[1]
Cell axi4lite_arbiter_top (0) disconnected node: cfg_weight_m0[2]
Cell axi4lite_arbiter_top (0) disconnected node: cfg_weight_m0[3]
Cell axi4lite_arbiter_top (1) disconnected node: cfg_weight_m0[3]
Cell axi4lite_arbiter_top (1) disconnected node: cfg_weight_m0[2]
Cell axi4lite_arbiter_top (1) disconnected node: cfg_weight_m0[1]
Cell axi4lite_arbiter_top (1) disconnected node: cfg_weight_m0[0]
Subcircuit summary:
Circuit 1: axi4lite_arbiter_top            |Circuit 2: axi4lite_arbiter_top            
-------------------------------------------|-------------------------------------------
sky130_ef_sc_hd__decap_12 (40651->1)       |sky130_ef_sc_hd__decap_12 (40651->1)       
sky130_fd_sc_hd__decap_6 (9791->1)         |sky130_fd_sc_hd__decap_6 (9791->1)         
sky130_fd_sc_hd__fill_1 (10853->1)         |sky130_fd_sc_hd__fill_1 (10853->1)         
sky130_fd_sc_hd__dfrtp_1 (415)             |sky130_fd_sc_hd__dfrtp_1 (415)             
sky130_fd_sc_hd__dfrtp_4 (71)              |sky130_fd_sc_hd__dfrtp_4 (71)              
sky130_fd_sc_hd__inv_2 (277)               |sky130_fd_sc_hd__inv_2 (277)               
sky130_fd_sc_hd__o211ai_1 (3)              |sky130_fd_sc_hd__o211ai_1 (3)              
sky130_fd_sc_hd__mux2_1 (334)              |sky130_fd_sc_hd__mux2_1 (334)              
sky130_fd_sc_hd__nor2_1 (319)              |sky130_fd_sc_hd__nor2_1 (319)              
sky130_fd_sc_hd__clkbuf_1 (720)            |sky130_fd_sc_hd__clkbuf_1 (720)            
sky130_fd_sc_hd__decap_4 (842->1)          |sky130_fd_sc_hd__decap_4 (842->1)          
sky130_fd_sc_hd__tapvpwrvgnd_1 (11016->1)  |sky130_fd_sc_hd__tapvpwrvgnd_1 (11016->1)  
sky130_fd_sc_hd__fill_2 (999->1)           |sky130_fd_sc_hd__fill_2 (999->1)           
sky130_fd_sc_hd__decap_8 (1042->1)         |sky130_fd_sc_hd__decap_8 (1042->1)         
sky130_fd_sc_hd__diode_2 (296->98)         |sky130_fd_sc_hd__diode_2 (296->98)         
sky130_fd_sc_hd__decap_3 (1314->1)         |sky130_fd_sc_hd__decap_3 (1314->1)         
sky130_fd_sc_hd__o21ai_1 (175)             |sky130_fd_sc_hd__o21ai_1 (175)             
sky130_fd_sc_hd__clkbuf_16 (22)            |sky130_fd_sc_hd__clkbuf_16 (22)            
sky130_fd_sc_hd__or3_1 (10)                |sky130_fd_sc_hd__or3_1 (10)                
sky130_fd_sc_hd__or2_1 (161)               |sky130_fd_sc_hd__or2_1 (161)               
sky130_fd_sc_hd__a22o_1 (21)               |sky130_fd_sc_hd__a22o_1 (21)               
sky130_fd_sc_hd__nand3_1 (174)             |sky130_fd_sc_hd__nand3_1 (174)             
sky130_fd_sc_hd__o21ai_4 (34)              |sky130_fd_sc_hd__o21ai_4 (34)              
sky130_fd_sc_hd__o21a_1 (23)               |sky130_fd_sc_hd__o21a_1 (23)               
sky130_fd_sc_hd__dfrtp_2 (22)              |sky130_fd_sc_hd__dfrtp_2 (22)              
sky130_fd_sc_hd__dlygate4sd3_1 (315)       |sky130_fd_sc_hd__dlygate4sd3_1 (315)       
sky130_fd_sc_hd__o31a_1 (12)               |sky130_fd_sc_hd__o31a_1 (12)               
sky130_fd_sc_hd__nand2_1 (654)             |sky130_fd_sc_hd__nand2_1 (654)             
sky130_fd_sc_hd__o211a_1 (66)              |sky130_fd_sc_hd__o211a_1 (66)              
sky130_fd_sc_hd__nand3b_1 (82)             |sky130_fd_sc_hd__nand3b_1 (82)             
sky130_fd_sc_hd__a21o_1 (94)               |sky130_fd_sc_hd__a21o_1 (94)               
sky130_fd_sc_hd__and3_1 (36)               |sky130_fd_sc_hd__and3_1 (36)               
sky130_fd_sc_hd__o22a_1 (16)               |sky130_fd_sc_hd__o22a_1 (16)               
sky130_fd_sc_hd__nand2_8 (13)              |sky130_fd_sc_hd__nand2_8 (13)              
sky130_fd_sc_hd__clkbuf_2 (71)             |sky130_fd_sc_hd__clkbuf_2 (71)             
sky130_fd_sc_hd__clkbuf_8 (140)            |sky130_fd_sc_hd__clkbuf_8 (140)            
sky130_fd_sc_hd__a22oi_1 (4)               |sky130_fd_sc_hd__a22oi_1 (4)               
sky130_fd_sc_hd__buf_6 (32)                |sky130_fd_sc_hd__buf_6 (32)                
sky130_fd_sc_hd__buf_1 (493)               |sky130_fd_sc_hd__buf_1 (493)               
sky130_fd_sc_hd__and2_1 (47)               |sky130_fd_sc_hd__and2_1 (47)               
sky130_fd_sc_hd__o211a_2 (6)               |sky130_fd_sc_hd__o211a_2 (6)               
sky130_fd_sc_hd__clkinv_4 (4)              |sky130_fd_sc_hd__clkinv_4 (4)              
sky130_fd_sc_hd__a211o_1 (22)              |sky130_fd_sc_hd__a211o_1 (22)              
sky130_fd_sc_hd__o21ba_1 (16)              |sky130_fd_sc_hd__o21ba_1 (16)              
sky130_fd_sc_hd__buf_12 (10)               |sky130_fd_sc_hd__buf_12 (10)               
sky130_fd_sc_hd__o2bb2a_1 (3)              |sky130_fd_sc_hd__o2bb2a_1 (3)              
sky130_fd_sc_hd__and3_4 (2)                |sky130_fd_sc_hd__and3_4 (2)                
sky130_fd_sc_hd__or2_2 (8)                 |sky130_fd_sc_hd__or2_2 (8)                 
sky130_fd_sc_hd__a31o_1 (47)               |sky130_fd_sc_hd__a31o_1 (47)               
sky130_fd_sc_hd__nor3_2 (1)                |sky130_fd_sc_hd__nor3_2 (1)                
sky130_fd_sc_hd__nand2_2 (33)              |sky130_fd_sc_hd__nand2_2 (33)              
sky130_fd_sc_hd__a21oi_2 (2)               |sky130_fd_sc_hd__a21oi_2 (2)               
sky130_fd_sc_hd__a31o_2 (4)                |sky130_fd_sc_hd__a31o_2 (4)                
sky130_fd_sc_hd__nand3_4 (3)               |sky130_fd_sc_hd__nand3_4 (3)               
sky130_fd_sc_hd__a21oi_1 (26)              |sky130_fd_sc_hd__a21oi_1 (26)              
sky130_fd_sc_hd__nor2_4 (22)               |sky130_fd_sc_hd__nor2_4 (22)               
sky130_fd_sc_hd__clkbuf_4 (53)             |sky130_fd_sc_hd__clkbuf_4 (53)             
sky130_fd_sc_hd__buf_2 (36)                |sky130_fd_sc_hd__buf_2 (36)                
sky130_fd_sc_hd__buf_8 (16)                |sky130_fd_sc_hd__buf_8 (16)                
sky130_fd_sc_hd__buf_4 (49)                |sky130_fd_sc_hd__buf_4 (49)                
sky130_fd_sc_hd__a31oi_1 (2)               |sky130_fd_sc_hd__a31oi_1 (2)               
sky130_fd_sc_hd__nor2_8 (6)                |sky130_fd_sc_hd__nor2_8 (6)                
sky130_fd_sc_hd__o21ai_2 (9)               |sky130_fd_sc_hd__o21ai_2 (9)               
sky130_fd_sc_hd__nor2_2 (21)               |sky130_fd_sc_hd__nor2_2 (21)               
sky130_fd_sc_hd__nand3_2 (8)               |sky130_fd_sc_hd__nand3_2 (8)               
sky130_fd_sc_hd__nand2b_1 (2)              |sky130_fd_sc_hd__nand2b_1 (2)              
sky130_fd_sc_hd__or2b_1 (5)                |sky130_fd_sc_hd__or2b_1 (5)                
sky130_fd_sc_hd__nor3_1 (5)                |sky130_fd_sc_hd__nor3_1 (5)                
sky130_fd_sc_hd__mux2_4 (1)                |sky130_fd_sc_hd__mux2_4 (1)                
sky130_fd_sc_hd__dlymetal6s2s_1 (13)       |sky130_fd_sc_hd__dlymetal6s2s_1 (13)       
sky130_fd_sc_hd__dfstp_4 (1)               |sky130_fd_sc_hd__dfstp_4 (1)               
sky130_fd_sc_hd__nand2_4 (18)              |sky130_fd_sc_hd__nand2_4 (18)              
sky130_fd_sc_hd__o221a_1 (8)               |sky130_fd_sc_hd__o221a_1 (8)               
sky130_fd_sc_hd__xor2_1 (2)                |sky130_fd_sc_hd__xor2_1 (2)                
sky130_fd_sc_hd__a21bo_1 (7)               |sky130_fd_sc_hd__a21bo_1 (7)               
sky130_fd_sc_hd__o2111a_1 (9)              |sky130_fd_sc_hd__o2111a_1 (9)              
sky130_fd_sc_hd__a211o_2 (1)               |sky130_fd_sc_hd__a211o_2 (1)               
sky130_fd_sc_hd__a2bb2o_1 (2)              |sky130_fd_sc_hd__a2bb2o_1 (2)              
sky130_fd_sc_hd__a31o_4 (3)                |sky130_fd_sc_hd__a31o_4 (3)                
sky130_fd_sc_hd__and3b_1 (1)               |sky130_fd_sc_hd__and3b_1 (1)               
sky130_fd_sc_hd__o22ai_1 (3)               |sky130_fd_sc_hd__o22ai_1 (3)               
sky130_fd_sc_hd__inv_4 (4)                 |sky130_fd_sc_hd__inv_4 (4)                 
sky130_fd_sc_hd__dfstp_1 (10)              |sky130_fd_sc_hd__dfstp_1 (10)              
sky130_fd_sc_hd__o21bai_1 (1)              |sky130_fd_sc_hd__o21bai_1 (1)              
sky130_fd_sc_hd__a21boi_1 (4)              |sky130_fd_sc_hd__a21boi_1 (4)              
sky130_fd_sc_hd__o2bb2ai_1 (1)             |sky130_fd_sc_hd__o2bb2ai_1 (1)             
sky130_fd_sc_hd__xnor2_1 (1)               |sky130_fd_sc_hd__xnor2_1 (1)               
sky130_fd_sc_hd__or4b_1 (1)                |sky130_fd_sc_hd__or4b_1 (1)                
sky130_fd_sc_hd__a21o_2 (3)                |sky130_fd_sc_hd__a21o_2 (3)                
sky130_fd_sc_hd__a221o_1 (3)               |sky130_fd_sc_hd__a221o_1 (3)               
sky130_fd_sc_hd__nor3b_1 (1)               |sky130_fd_sc_hd__nor3b_1 (1)               
sky130_fd_sc_hd__o211ai_4 (3)              |sky130_fd_sc_hd__o211ai_4 (3)              
sky130_fd_sc_hd__o211a_4 (5)               |sky130_fd_sc_hd__o211a_4 (5)               
sky130_fd_sc_hd__o311a_1 (10)              |sky130_fd_sc_hd__o311a_1 (10)              
sky130_fd_sc_hd__inv_6 (1)                 |sky130_fd_sc_hd__inv_6 (1)                 
sky130_fd_sc_hd__a41o_1 (2)                |sky130_fd_sc_hd__a41o_1 (2)                
sky130_fd_sc_hd__a221o_2 (1)               |sky130_fd_sc_hd__a221o_2 (1)               
sky130_fd_sc_hd__a32o_1 (3)                |sky130_fd_sc_hd__a32o_1 (3)                
sky130_fd_sc_hd__o2111ai_2 (1)             |sky130_fd_sc_hd__o2111ai_2 (1)             
sky130_fd_sc_hd__or3b_1 (4)                |sky130_fd_sc_hd__or3b_1 (4)                
sky130_fd_sc_hd__and4_1 (1)                |sky130_fd_sc_hd__and4_1 (1)                
sky130_fd_sc_hd__a311o_1 (1)               |sky130_fd_sc_hd__a311o_1 (1)               
sky130_fd_sc_hd__nor3_4 (1)                |sky130_fd_sc_hd__nor3_4 (1)                
sky130_fd_sc_hd__a22oi_2 (1)               |sky130_fd_sc_hd__a22oi_2 (1)               
sky130_fd_sc_hd__conb_1 (1)                |sky130_fd_sc_hd__conb_1 (1)                
sky130_fd_sc_hd__and2b_1 (1)               |sky130_fd_sc_hd__and2b_1 (1)               
sky130_fd_sc_hd__o31ai_1 (1)               |sky130_fd_sc_hd__o31ai_1 (1)               
Number of devices: 5518                    |Number of devices: 5518                    
Number of nets: 5972                       |Number of nets: 5972                       
---------------------------------------------------------------------------------------
Resolving symmetries by property value.
Resolving symmetries by pin name.
Netlists match uniquely.

Subcircuit pins:
Circuit 1: axi4lite_arbiter_top            |Circuit 2: axi4lite_arbiter_top            
-------------------------------------------|-------------------------------------------
aresetn                                    |aresetn                                    
cfg_age_threshold[1]                       |cfg_age_threshold[1]                       
cfg_age_threshold[2]                       |cfg_age_threshold[2]                       
cfg_age_threshold[3]                       |cfg_age_threshold[3]                       
cfg_age_threshold[4]                       |cfg_age_threshold[4]                       
cfg_age_threshold[5]                       |cfg_age_threshold[5]                       
cfg_age_threshold[6]                       |cfg_age_threshold[6]                       
cfg_age_threshold[7]                       |cfg_age_threshold[7]                       
cfg_master0_burst_limit[3]                 |cfg_master0_burst_limit[3]                 
cfg_master0_burst_limit[4]                 |cfg_master0_burst_limit[4]                 
cfg_master0_priority                       |cfg_master0_priority                       
cfg_master0_burst_limit[1]                 |cfg_master0_burst_limit[1]                 
cfg_weight_m1[1]                           |cfg_weight_m1[1]                           
cfg_weight_m2[0]                           |cfg_weight_m2[0]                           
cfg_master0_burst_limit[6]                 |cfg_master0_burst_limit[6]                 
cfg_weight_m2[1]                           |cfg_weight_m2[1]                           
cfg_master0_burst_limit[2]                 |cfg_master0_burst_limit[2]                 
cfg_master0_burst_limit[5]                 |cfg_master0_burst_limit[5]                 
cfg_weight_m2[2]                           |cfg_weight_m2[2]                           
cfg_master0_burst_limit[7]                 |cfg_master0_burst_limit[7]                 
cfg_weight_m2[3]                           |cfg_weight_m2[3]                           
cfg_weight_m3[2]                           |cfg_weight_m3[2]                           
cfg_weight_m3[1]                           |cfg_weight_m3[1]                           
cfg_age_threshold[0]                       |cfg_age_threshold[0]                       
cfg_weight_m3[3]                           |cfg_weight_m3[3]                           
s_axi_araddr[29]                           |s_axi_araddr[29]                           
m_axi_rvalid[0]                            |m_axi_rvalid[0]                            
m_axi_rresp[2]                             |m_axi_rresp[2]                             
s_axi_araddr[51]                           |s_axi_araddr[51]                           
s_axi_araddr[28]                           |s_axi_araddr[28]                           
cfg_weight_m1[0]                           |cfg_weight_m1[0]                           
m_axi_awready[1]                           |m_axi_awready[1]                           
s_axi_arprot[0]                            |s_axi_arprot[0]                            
m_axi_rdata[17]                            |m_axi_rdata[17]                            
m_axi_rdata[7]                             |m_axi_rdata[7]                             
s_axi_araddr[33]                           |s_axi_araddr[33]                           
s_axi_arvalid[0]                           |s_axi_arvalid[0]                           
s_axi_arprot[10]                           |s_axi_arprot[10]                           
m_axi_rresp[3]                             |m_axi_rresp[3]                             
m_axi_rvalid[1]                            |m_axi_rvalid[1]                            
s_axi_awaddr[20]                           |s_axi_awaddr[20]                           
s_axi_awvalid[2]                           |s_axi_awvalid[2]                           
cfg_weight_m3[0]                           |cfg_weight_m3[0]                           
s_axi_awaddr[25]                           |s_axi_awaddr[25]                           
s_axi_araddr[46]                           |s_axi_araddr[46]                           
m_axi_bresp[3]                             |m_axi_bresp[3]                             
s_axi_rready[2]                            |s_axi_rready[2]                            
s_axi_rready[1]                            |s_axi_rready[1]                            
m_axi_rdata[22]                            |m_axi_rdata[22]                            
m_axi_rdata[35]                            |m_axi_rdata[35]                            
m_axi_rdata[32]                            |m_axi_rdata[32]                            
m_axi_rdata[49]                            |m_axi_rdata[49]                            
m_axi_rdata[57]                            |m_axi_rdata[57]                            
m_axi_rdata[52]                            |m_axi_rdata[52]                            
m_axi_rdata[61]                            |m_axi_rdata[61]                            
m_axi_rdata[38]                            |m_axi_rdata[38]                            
s_axi_araddr[112]                          |s_axi_araddr[112]                          
m_axi_rdata[11]                            |m_axi_rdata[11]                            
m_axi_rdata[10]                            |m_axi_rdata[10]                            
m_axi_rdata[19]                            |m_axi_rdata[19]                            
m_axi_rdata[24]                            |m_axi_rdata[24]                            
m_axi_rdata[25]                            |m_axi_rdata[25]                            
m_axi_rdata[27]                            |m_axi_rdata[27]                            
m_axi_rdata[31]                            |m_axi_rdata[31]                            
m_axi_rdata[1]                             |m_axi_rdata[1]                             
m_axi_rdata[2]                             |m_axi_rdata[2]                             
m_axi_rdata[3]                             |m_axi_rdata[3]                             
m_axi_rdata[0]                             |m_axi_rdata[0]                             
m_axi_rdata[9]                             |m_axi_rdata[9]                             
s_axi_araddr[4]                            |s_axi_araddr[4]                            
s_axi_araddr[2]                            |s_axi_araddr[2]                            
s_axi_araddr[15]                           |s_axi_araddr[15]                           
s_axi_araddr[70]                           |s_axi_araddr[70]                           
s_axi_araddr[67]                           |s_axi_araddr[67]                           
s_axi_araddr[68]                           |s_axi_araddr[68]                           
s_axi_araddr[77]                           |s_axi_araddr[77]                           
s_axi_arprot[7]                            |s_axi_arprot[7]                            
m_axi_rdata[14]                            |m_axi_rdata[14]                            
m_axi_rdata[13]                            |m_axi_rdata[13]                            
m_axi_rdata[12]                            |m_axi_rdata[12]                            
m_axi_rdata[16]                            |m_axi_rdata[16]                            
m_axi_rdata[15]                            |m_axi_rdata[15]                            
m_axi_rdata[18]                            |m_axi_rdata[18]                            
m_axi_rdata[23]                            |m_axi_rdata[23]                            
m_axi_rdata[21]                            |m_axi_rdata[21]                            
m_axi_rdata[20]                            |m_axi_rdata[20]                            
m_axi_rdata[29]                            |m_axi_rdata[29]                            
m_axi_rdata[30]                            |m_axi_rdata[30]                            
m_axi_rdata[6]                             |m_axi_rdata[6]                             
m_axi_wready[0]                            |m_axi_wready[0]                            
s_axi_araddr[104]                          |s_axi_araddr[104]                          
s_axi_araddr[109]                          |s_axi_araddr[109]                          
s_axi_araddr[108]                          |s_axi_araddr[108]                          
s_axi_araddr[34]                           |s_axi_araddr[34]                           
s_axi_araddr[43]                           |s_axi_araddr[43]                           
s_axi_araddr[41]                           |s_axi_araddr[41]                           
s_axi_araddr[99]                           |s_axi_araddr[99]                           
s_axi_arprot[9]                            |s_axi_arprot[9]                            
s_axi_araddr[101]                          |s_axi_araddr[101]                          
s_axi_arprot[11]                           |s_axi_arprot[11]                           
s_axi_araddr[100]                          |s_axi_araddr[100]                          
s_axi_araddr[32]                           |s_axi_araddr[32]                           
s_axi_araddr[27]                           |s_axi_araddr[27]                           
s_axi_araddr[86]                           |s_axi_araddr[86]                           
s_axi_araddr[84]                           |s_axi_araddr[84]                           
s_axi_araddr[92]                           |s_axi_araddr[92]                           
s_axi_araddr[117]                          |s_axi_araddr[117]                          
s_axi_araddr[53]                           |s_axi_araddr[53]                           
s_axi_araddr[126]                          |s_axi_araddr[126]                          
s_axi_araddr[49]                           |s_axi_araddr[49]                           
s_axi_araddr[48]                           |s_axi_araddr[48]                           
m_axi_bvalid[0]                            |m_axi_bvalid[0]                            
s_axi_rready[3]                            |s_axi_rready[3]                            
m_axi_bresp[2]                             |m_axi_bresp[2]                             
m_axi_bresp[0]                             |m_axi_bresp[0]                             
m_axi_bresp[1]                             |m_axi_bresp[1]                             
s_axi_rready[0]                            |s_axi_rready[0]                            
s_axi_bready[3]                            |s_axi_bready[3]                            
m_axi_awready[0]                           |m_axi_awready[0]                           
s_axi_bready[2]                            |s_axi_bready[2]                            
m_axi_arready[1]                           |m_axi_arready[1]                           
m_axi_arready[0]                           |m_axi_arready[0]                           
m_axi_bvalid[1]                            |m_axi_bvalid[1]                            
m_axi_rdata[28]                            |m_axi_rdata[28]                            
m_axi_wready[1]                            |m_axi_wready[1]                            
s_axi_araddr[14]                           |s_axi_araddr[14]                           
s_axi_araddr[16]                           |s_axi_araddr[16]                           
s_axi_araddr[75]                           |s_axi_araddr[75]                           
s_axi_araddr[74]                           |s_axi_araddr[74]                           
s_axi_araddr[73]                           |s_axi_araddr[73]                           
s_axi_araddr[72]                           |s_axi_araddr[72]                           
s_axi_araddr[76]                           |s_axi_araddr[76]                           
s_axi_araddr[80]                           |s_axi_araddr[80]                           
s_axi_araddr[5]                            |s_axi_araddr[5]                            
s_axi_araddr[1]                            |s_axi_araddr[1]                            
s_axi_araddr[6]                            |s_axi_araddr[6]                            
s_axi_arprot[6]                            |s_axi_arprot[6]                            
s_axi_araddr[64]                           |s_axi_araddr[64]                           
s_axi_araddr[3]                            |s_axi_araddr[3]                            
s_axi_arprot[1]                            |s_axi_arprot[1]                            
s_axi_arprot[2]                            |s_axi_arprot[2]                            
s_axi_araddr[9]                            |s_axi_araddr[9]                            
s_axi_araddr[10]                           |s_axi_araddr[10]                           
s_axi_araddr[13]                           |s_axi_araddr[13]                           
s_axi_araddr[8]                            |s_axi_araddr[8]                            
s_axi_araddr[12]                           |s_axi_araddr[12]                           
s_axi_araddr[7]                            |s_axi_araddr[7]                            
s_axi_araddr[71]                           |s_axi_araddr[71]                           
s_axi_araddr[66]                           |s_axi_araddr[66]                           
s_axi_araddr[65]                           |s_axi_araddr[65]                           
s_axi_araddr[0]                            |s_axi_araddr[0]                            
s_axi_araddr[69]                           |s_axi_araddr[69]                           
s_axi_arprot[8]                            |s_axi_arprot[8]                            
m_axi_rdata[60]                            |m_axi_rdata[60]                            
m_axi_rdata[54]                            |m_axi_rdata[54]                            
m_axi_rdata[53]                            |m_axi_rdata[53]                            
m_axi_rdata[62]                            |m_axi_rdata[62]                            
m_axi_rdata[50]                            |m_axi_rdata[50]                            
m_axi_rdata[48]                            |m_axi_rdata[48]                            
m_axi_rdata[47]                            |m_axi_rdata[47]                            
m_axi_rdata[36]                            |m_axi_rdata[36]                            
m_axi_rdata[44]                            |m_axi_rdata[44]                            
m_axi_rdata[46]                            |m_axi_rdata[46]                            
m_axi_rdata[45]                            |m_axi_rdata[45]                            
m_axi_rdata[34]                            |m_axi_rdata[34]                            
m_axi_rdata[33]                            |m_axi_rdata[33]                            
m_axi_rdata[43]                            |m_axi_rdata[43]                            
m_axi_rdata[42]                            |m_axi_rdata[42]                            
m_axi_rdata[51]                            |m_axi_rdata[51]                            
m_axi_rdata[41]                            |m_axi_rdata[41]                            
m_axi_rdata[40]                            |m_axi_rdata[40]                            
m_axi_rdata[59]                            |m_axi_rdata[59]                            
m_axi_rdata[39]                            |m_axi_rdata[39]                            
m_axi_rdata[58]                            |m_axi_rdata[58]                            
m_axi_rdata[37]                            |m_axi_rdata[37]                            
m_axi_rdata[56]                            |m_axi_rdata[56]                            
m_axi_rdata[63]                            |m_axi_rdata[63]                            
s_axi_araddr[118]                          |s_axi_araddr[118]                          
s_axi_araddr[120]                          |s_axi_araddr[120]                          
s_axi_araddr[125]                          |s_axi_araddr[125]                          
s_axi_araddr[24]                           |s_axi_araddr[24]                           
s_axi_araddr[25]                           |s_axi_araddr[25]                           
s_axi_araddr[31]                           |s_axi_araddr[31]                           
s_axi_araddr[114]                          |s_axi_araddr[114]                          
s_axi_araddr[113]                          |s_axi_araddr[113]                          
s_axi_araddr[115]                          |s_axi_araddr[115]                          
s_axi_araddr[50]                           |s_axi_araddr[50]                           
s_axi_araddr[56]                           |s_axi_araddr[56]                           
s_axi_araddr[57]                           |s_axi_araddr[57]                           
s_axi_araddr[58]                           |s_axi_araddr[58]                           
s_axi_araddr[55]                           |s_axi_araddr[55]                           
s_axi_araddr[62]                           |s_axi_araddr[62]                           
s_axi_araddr[63]                           |s_axi_araddr[63]                           
s_axi_araddr[17]                           |s_axi_araddr[17]                           
s_axi_araddr[82]                           |s_axi_araddr[82]                           
s_axi_araddr[81]                           |s_axi_araddr[81]                           
s_axi_araddr[93]                           |s_axi_araddr[93]                           
s_axi_araddr[88]                           |s_axi_araddr[88]                           
s_axi_araddr[87]                           |s_axi_araddr[87]                           
s_axi_araddr[124]                          |s_axi_araddr[124]                          
s_axi_araddr[89]                           |s_axi_araddr[89]                           
s_axi_araddr[90]                           |s_axi_araddr[90]                           
s_axi_araddr[123]                          |s_axi_araddr[123]                          
s_axi_araddr[59]                           |s_axi_araddr[59]                           
s_axi_araddr[23]                           |s_axi_araddr[23]                           
s_axi_araddr[95]                           |s_axi_araddr[95]                           
s_axi_araddr[52]                           |s_axi_araddr[52]                           
s_axi_araddr[21]                           |s_axi_araddr[21]                           
s_axi_araddr[85]                           |s_axi_araddr[85]                           
s_axi_araddr[91]                           |s_axi_araddr[91]                           
s_axi_araddr[60]                           |s_axi_araddr[60]                           
s_axi_araddr[116]                          |s_axi_araddr[116]                          
s_axi_araddr[119]                          |s_axi_araddr[119]                          
s_axi_araddr[121]                          |s_axi_araddr[121]                          
s_axi_araddr[122]                          |s_axi_araddr[122]                          
s_axi_araddr[111]                          |s_axi_araddr[111]                          
s_axi_araddr[106]                          |s_axi_araddr[106]                          
s_axi_araddr[38]                           |s_axi_araddr[38]                           
s_axi_araddr[39]                           |s_axi_araddr[39]                           
s_axi_araddr[44]                           |s_axi_araddr[44]                           
s_axi_araddr[96]                           |s_axi_araddr[96]                           
s_axi_wdata[124]                           |s_axi_wdata[124]                           
m_axi_rdata[5]                             |m_axi_rdata[5]                             
m_axi_rdata[4]                             |m_axi_rdata[4]                             
m_axi_rresp[1]                             |m_axi_rresp[1]                             
m_axi_rresp[0]                             |m_axi_rresp[0]                             
s_axi_araddr[11]                           |s_axi_araddr[11]                           
s_axi_araddr[79]                           |s_axi_araddr[79]                           
s_axi_wdata[9]                             |s_axi_wdata[9]                             
cfg_master0_burst_limit[0]                 |cfg_master0_burst_limit[0]                 
s_axi_wvalid[2]                            |s_axi_wvalid[2]                            
s_axi_awaddr[33]                           |s_axi_awaddr[33]                           
s_axi_awvalid[0]                           |s_axi_awvalid[0]                           
s_axi_wvalid[0]                            |s_axi_wvalid[0]                            
s_axi_wvalid[1]                            |s_axi_wvalid[1]                            
s_axi_wvalid[3]                            |s_axi_wvalid[3]                            
s_axi_araddr[78]                           |s_axi_araddr[78]                           
s_axi_bready[1]                            |s_axi_bready[1]                            
s_axi_bready[0]                            |s_axi_bready[0]                            
s_axi_awvalid[1]                           |s_axi_awvalid[1]                           
s_axi_awvalid[3]                           |s_axi_awvalid[3]                           
s_axi_wdata[23]                            |s_axi_wdata[23]                            
s_axi_wdata[95]                            |s_axi_wdata[95]                            
m_axi_rdata[55]                            |m_axi_rdata[55]                            
s_axi_araddr[110]                          |s_axi_araddr[110]                          
m_axi_rdata[26]                            |m_axi_rdata[26]                            
m_axi_rdata[8]                             |m_axi_rdata[8]                             
s_axi_araddr[127]                          |s_axi_araddr[127]                          
s_axi_araddr[22]                           |s_axi_araddr[22]                           
s_axi_araddr[54]                           |s_axi_araddr[54]                           
s_axi_araddr[61]                           |s_axi_araddr[61]                           
s_axi_araddr[19]                           |s_axi_araddr[19]                           
s_axi_araddr[18]                           |s_axi_araddr[18]                           
s_axi_araddr[83]                           |s_axi_araddr[83]                           
s_axi_araddr[30]                           |s_axi_araddr[30]                           
s_axi_araddr[26]                           |s_axi_araddr[26]                           
s_axi_araddr[20]                           |s_axi_araddr[20]                           
m_axi_awaddr[55]                           |m_axi_awaddr[55]                           
m_axi_awaddr[50]                           |m_axi_awaddr[50]                           
m_axi_awaddr[40]                           |m_axi_awaddr[40]                           
m_axi_awaddr[38]                           |m_axi_awaddr[38]                           
m_axi_araddr[37]                           |m_axi_araddr[37]                           
m_axi_araddr[34]                           |m_axi_araddr[34]                           
m_axi_wstrb[6]                             |m_axi_wstrb[6]                             
m_axi_awaddr[37]                           |m_axi_awaddr[37]                           
m_axi_araddr[62]                           |m_axi_araddr[62]                           
m_axi_araddr[52]                           |m_axi_araddr[52]                           
m_axi_awaddr[36]                           |m_axi_awaddr[36]                           
m_axi_araddr[51]                           |m_axi_araddr[51]                           
m_axi_awaddr[35]                           |m_axi_awaddr[35]                           
m_axi_awaddr[54]                           |m_axi_awaddr[54]                           
m_axi_awaddr[34]                           |m_axi_awaddr[34]                           
m_axi_awaddr[63]                           |m_axi_awaddr[63]                           
m_axi_awaddr[53]                           |m_axi_awaddr[53]                           
m_axi_awaddr[43]                           |m_axi_awaddr[43]                           
m_axi_awaddr[33]                           |m_axi_awaddr[33]                           
m_axi_awprot[5]                            |m_axi_awprot[5]                            
m_axi_awaddr[62]                           |m_axi_awaddr[62]                           
m_axi_awaddr[52]                           |m_axi_awaddr[52]                           
m_axi_awaddr[42]                           |m_axi_awaddr[42]                           
m_axi_awaddr[32]                           |m_axi_awaddr[32]                           
m_axi_awprot[4]                            |m_axi_awprot[4]                            
m_axi_awaddr[61]                           |m_axi_awaddr[61]                           
m_axi_awaddr[51]                           |m_axi_awaddr[51]                           
m_axi_awaddr[41]                           |m_axi_awaddr[41]                           
m_axi_awaddr[45]                           |m_axi_awaddr[45]                           
m_axi_awprot[3]                            |m_axi_awprot[3]                            
m_axi_awaddr[60]                           |m_axi_awaddr[60]                           
m_axi_awaddr[59]                           |m_axi_awaddr[59]                           
m_axi_awaddr[49]                           |m_axi_awaddr[49]                           
m_axi_awaddr[46]                           |m_axi_awaddr[46]                           
m_axi_awaddr[44]                           |m_axi_awaddr[44]                           
m_axi_awaddr[39]                           |m_axi_awaddr[39]                           
m_axi_awaddr[58]                           |m_axi_awaddr[58]                           
m_axi_awaddr[48]                           |m_axi_awaddr[48]                           
m_axi_awaddr[57]                           |m_axi_awaddr[57]                           
m_axi_awaddr[47]                           |m_axi_awaddr[47]                           
m_axi_awaddr[56]                           |m_axi_awaddr[56]                           
m_axi_wdata[40]                            |m_axi_wdata[40]                            
m_axi_araddr[39]                           |m_axi_araddr[39]                           
m_axi_wdata[39]                            |m_axi_wdata[39]                            
m_axi_araddr[48]                           |m_axi_araddr[48]                           
m_axi_wdata[38]                            |m_axi_wdata[38]                            
m_axi_wdata[37]                            |m_axi_wdata[37]                            
m_axi_wdata[46]                            |m_axi_wdata[46]                            
m_axi_araddr[35]                           |m_axi_araddr[35]                           
m_axi_wdata[55]                            |m_axi_wdata[55]                            
m_axi_wdata[45]                            |m_axi_wdata[45]                            
m_axi_wdata[35]                            |m_axi_wdata[35]                            
m_axi_araddr[44]                           |m_axi_araddr[44]                           
m_axi_wstrb[7]                             |m_axi_wstrb[7]                             
m_axi_wdata[54]                            |m_axi_wdata[54]                            
m_axi_wdata[34]                            |m_axi_wdata[34]                            
m_axi_araddr[47]                           |m_axi_araddr[47]                           
m_axi_araddr[43]                           |m_axi_araddr[43]                           
m_axi_araddr[61]                           |m_axi_araddr[61]                           
m_axi_araddr[33]                           |m_axi_araddr[33]                           
m_axi_araddr[46]                           |m_axi_araddr[46]                           
m_axi_araddr[58]                           |m_axi_araddr[58]                           
m_axi_arprot[4]                            |m_axi_arprot[4]                            
m_axi_arprot[3]                            |m_axi_arprot[3]                            
m_axi_arprot[5]                            |m_axi_arprot[5]                            
m_axi_wdata[63]                            |m_axi_wdata[63]                            
m_axi_wdata[43]                            |m_axi_wdata[43]                            
m_axi_araddr[36]                           |m_axi_araddr[36]                           
m_axi_araddr[38]                           |m_axi_araddr[38]                           
m_axi_araddr[42]                           |m_axi_araddr[42]                           
m_axi_araddr[45]                           |m_axi_araddr[45]                           
m_axi_araddr[59]                           |m_axi_araddr[59]                           
m_axi_araddr[32]                           |m_axi_araddr[32]                           
m_axi_wstrb[5]                             |m_axi_wstrb[5]                             
m_axi_wdata[57]                            |m_axi_wdata[57]                            
m_axi_wdata[62]                            |m_axi_wdata[62]                            
m_axi_wdata[32]                            |m_axi_wdata[32]                            
m_axi_araddr[41]                           |m_axi_araddr[41]                           
m_axi_wstrb[4]                             |m_axi_wstrb[4]                             
m_axi_wdata[58]                            |m_axi_wdata[58]                            
m_axi_wdata[59]                            |m_axi_wdata[59]                            
m_axi_wdata[61]                            |m_axi_wdata[61]                            
m_axi_wdata[36]                            |m_axi_wdata[36]                            
m_axi_wdata[33]                            |m_axi_wdata[33]                            
m_axi_wdata[51]                            |m_axi_wdata[51]                            
m_axi_wdata[48]                            |m_axi_wdata[48]                            
m_axi_wdata[47]                            |m_axi_wdata[47]                            
m_axi_wdata[41]                            |m_axi_wdata[41]                            
m_axi_wdata[42]                            |m_axi_wdata[42]                            
m_axi_wdata[44]                            |m_axi_wdata[44]                            
m_axi_wdata[53]                            |m_axi_wdata[53]                            
m_axi_wdata[49]                            |m_axi_wdata[49]                            
m_axi_wdata[52]                            |m_axi_wdata[52]                            
m_axi_araddr[40]                           |m_axi_araddr[40]                           
m_axi_wdata[56]                            |m_axi_wdata[56]                            
m_axi_wdata[60]                            |m_axi_wdata[60]                            
m_axi_wdata[50]                            |m_axi_wdata[50]                            
m_axi_araddr[56]                           |m_axi_araddr[56]                           
m_axi_araddr[55]                           |m_axi_araddr[55]                           
m_axi_araddr[57]                           |m_axi_araddr[57]                           
m_axi_araddr[54]                           |m_axi_araddr[54]                           
m_axi_araddr[63]                           |m_axi_araddr[63]                           
m_axi_araddr[49]                           |m_axi_araddr[49]                           
m_axi_araddr[50]                           |m_axi_araddr[50]                           
m_axi_araddr[53]                           |m_axi_araddr[53]                           
m_axi_araddr[60]                           |m_axi_araddr[60]                           
s_axi_rdata[54]                            |s_axi_rdata[54]                            
s_axi_rdata[71]                            |s_axi_rdata[71]                            
m_axi_awvalid[0]                           |m_axi_awvalid[0]                           
s_axi_rdata[24]                            |s_axi_rdata[24]                            
s_axi_rdata[6]                             |s_axi_rdata[6]                             
s_axi_rdata[82]                            |s_axi_rdata[82]                            
s_axi_rdata[1]                             |s_axi_rdata[1]                             
s_axi_rdata[2]                             |s_axi_rdata[2]                             
s_axi_rdata[3]                             |s_axi_rdata[3]                             
s_axi_rdata[0]                             |s_axi_rdata[0]                             
s_axi_rdata[43]                            |s_axi_rdata[43]                            
s_axi_rdata[42]                            |s_axi_rdata[42]                            
s_axi_rdata[51]                            |s_axi_rdata[51]                            
s_axi_rdata[49]                            |s_axi_rdata[49]                            
s_axi_rdata[75]                            |s_axi_rdata[75]                            
s_axi_rdata[74]                            |s_axi_rdata[74]                            
s_axi_rdata[5]                             |s_axi_rdata[5]                             
s_axi_rdata[8]                             |s_axi_rdata[8]                             
s_axi_rdata[9]                             |s_axi_rdata[9]                             
s_axi_rdata[7]                             |s_axi_rdata[7]                             
m_axi_wvalid[0]                            |m_axi_wvalid[0]                            
m_axi_awvalid[1]                           |m_axi_awvalid[1]                           
m_axi_wvalid[1]                            |m_axi_wvalid[1]                            
s_axi_bresp[0]                             |s_axi_bresp[0]                             
s_axi_bresp[1]                             |s_axi_bresp[1]                             
s_axi_bvalid[2]                            |s_axi_bvalid[2]                            
s_axi_bvalid[1]                            |s_axi_bvalid[1]                            
s_axi_bvalid[3]                            |s_axi_bvalid[3]                            
s_axi_rdata[46]                            |s_axi_rdata[46]                            
s_axi_rdata[45]                            |s_axi_rdata[45]                            
s_axi_rdata[44]                            |s_axi_rdata[44]                            
s_axi_rdata[48]                            |s_axi_rdata[48]                            
s_axi_rdata[47]                            |s_axi_rdata[47]                            
s_axi_rdata[4]                             |s_axi_rdata[4]                             
s_axi_rdata[50]                            |s_axi_rdata[50]                            
s_axi_rdata[78]                            |s_axi_rdata[78]                            
s_axi_rdata[77]                            |s_axi_rdata[77]                            
s_axi_rdata[76]                            |s_axi_rdata[76]                            
s_axi_rdata[127]                           |s_axi_rdata[127]                           
s_axi_rdata[31]                            |s_axi_rdata[31]                            
s_axi_rdata[63]                            |s_axi_rdata[63]                            
s_axi_rdata[95]                            |s_axi_rdata[95]                            
s_axi_rdata[126]                           |s_axi_rdata[126]                           
s_axi_rdata[30]                            |s_axi_rdata[30]                            
s_axi_rdata[62]                            |s_axi_rdata[62]                            
s_axi_rdata[94]                            |s_axi_rdata[94]                            
m_axi_araddr[19]                           |m_axi_araddr[19]                           
m_axi_araddr[24]                           |m_axi_araddr[24]                           
m_axi_araddr[3]                            |m_axi_araddr[3]                            
m_axi_awaddr[17]                           |m_axi_awaddr[17]                           
m_axi_wdata[31]                            |m_axi_wdata[31]                            
s_axi_arready[3]                           |s_axi_arready[3]                           
m_axi_araddr[2]                            |m_axi_araddr[2]                            
m_axi_araddr[5]                            |m_axi_araddr[5]                            
m_axi_awaddr[23]                           |m_axi_awaddr[23]                           
m_axi_awaddr[6]                            |m_axi_awaddr[6]                            
m_axi_wstrb[2]                             |m_axi_wstrb[2]                             
s_axi_arready[0]                           |s_axi_arready[0]                           
s_axi_arready[2]                           |s_axi_arready[2]                           
s_axi_bresp[6]                             |s_axi_bresp[6]                             
s_axi_bresp[4]                             |s_axi_bresp[4]                             
m_axi_araddr[20]                           |m_axi_araddr[20]                           
m_axi_araddr[7]                            |m_axi_araddr[7]                            
m_axi_awaddr[5]                            |m_axi_awaddr[5]                            
m_axi_wdata[23]                            |m_axi_wdata[23]                            
m_axi_wstrb[1]                             |m_axi_wstrb[1]                             
m_axi_araddr[0]                            |m_axi_araddr[0]                            
m_axi_araddr[12]                           |m_axi_araddr[12]                           
m_axi_araddr[16]                           |m_axi_araddr[16]                           
m_axi_araddr[23]                           |m_axi_araddr[23]                           
m_axi_araddr[22]                           |m_axi_araddr[22]                           
m_axi_araddr[25]                           |m_axi_araddr[25]                           
m_axi_araddr[28]                           |m_axi_araddr[28]                           
m_axi_araddr[17]                           |m_axi_araddr[17]                           
m_axi_araddr[18]                           |m_axi_araddr[18]                           
m_axi_araddr[21]                           |m_axi_araddr[21]                           
m_axi_araddr[29]                           |m_axi_araddr[29]                           
m_axi_araddr[11]                           |m_axi_araddr[11]                           
m_axi_araddr[15]                           |m_axi_araddr[15]                           
m_axi_araddr[30]                           |m_axi_araddr[30]                           
m_axi_araddr[31]                           |m_axi_araddr[31]                           
m_axi_araddr[27]                           |m_axi_araddr[27]                           
m_axi_araddr[10]                           |m_axi_araddr[10]                           
m_axi_araddr[13]                           |m_axi_araddr[13]                           
m_axi_araddr[4]                            |m_axi_araddr[4]                            
m_axi_araddr[6]                            |m_axi_araddr[6]                            
m_axi_araddr[8]                            |m_axi_araddr[8]                            
m_axi_araddr[9]                            |m_axi_araddr[9]                            
m_axi_arprot[1]                            |m_axi_arprot[1]                            
m_axi_arprot[2]                            |m_axi_arprot[2]                            
m_axi_arprot[0]                            |m_axi_arprot[0]                            
m_axi_araddr[1]                            |m_axi_araddr[1]                            
m_axi_araddr[26]                           |m_axi_araddr[26]                           
m_axi_araddr[14]                           |m_axi_araddr[14]                           
m_axi_awaddr[0]                            |m_axi_awaddr[0]                            
m_axi_awaddr[10]                           |m_axi_awaddr[10]                           
m_axi_awaddr[11]                           |m_axi_awaddr[11]                           
m_axi_awaddr[15]                           |m_axi_awaddr[15]                           
m_axi_awaddr[16]                           |m_axi_awaddr[16]                           
m_axi_awaddr[19]                           |m_axi_awaddr[19]                           
m_axi_awaddr[1]                            |m_axi_awaddr[1]                            
m_axi_awaddr[21]                           |m_axi_awaddr[21]                           
m_axi_awaddr[22]                           |m_axi_awaddr[22]                           
m_axi_awaddr[24]                           |m_axi_awaddr[24]                           
m_axi_awaddr[25]                           |m_axi_awaddr[25]                           
m_axi_awaddr[27]                           |m_axi_awaddr[27]                           
m_axi_awaddr[28]                           |m_axi_awaddr[28]                           
m_axi_awaddr[29]                           |m_axi_awaddr[29]                           
m_axi_awaddr[2]                            |m_axi_awaddr[2]                            
m_axi_awaddr[30]                           |m_axi_awaddr[30]                           
m_axi_awaddr[31]                           |m_axi_awaddr[31]                           
m_axi_awaddr[3]                            |m_axi_awaddr[3]                            
m_axi_awaddr[4]                            |m_axi_awaddr[4]                            
m_axi_awaddr[12]                           |m_axi_awaddr[12]                           
m_axi_awaddr[14]                           |m_axi_awaddr[14]                           
m_axi_awaddr[7]                            |m_axi_awaddr[7]                            
m_axi_awaddr[13]                           |m_axi_awaddr[13]                           
m_axi_awaddr[9]                            |m_axi_awaddr[9]                            
m_axi_awprot[0]                            |m_axi_awprot[0]                            
m_axi_awprot[1]                            |m_axi_awprot[1]                            
m_axi_awprot[2]                            |m_axi_awprot[2]                            
m_axi_wdata[0]                             |m_axi_wdata[0]                             
m_axi_wdata[11]                            |m_axi_wdata[11]                            
m_axi_wdata[13]                            |m_axi_wdata[13]                            
m_axi_wdata[14]                            |m_axi_wdata[14]                            
m_axi_wdata[18]                            |m_axi_wdata[18]                            
m_axi_wdata[22]                            |m_axi_wdata[22]                            
m_axi_wdata[28]                            |m_axi_wdata[28]                            
m_axi_wdata[24]                            |m_axi_wdata[24]                            
m_axi_wdata[27]                            |m_axi_wdata[27]                            
m_axi_wdata[29]                            |m_axi_wdata[29]                            
m_axi_wdata[26]                            |m_axi_wdata[26]                            
m_axi_wdata[2]                             |m_axi_wdata[2]                             
m_axi_wdata[25]                            |m_axi_wdata[25]                            
m_axi_wdata[30]                            |m_axi_wdata[30]                            
m_axi_wdata[3]                             |m_axi_wdata[3]                             
m_axi_wdata[1]                             |m_axi_wdata[1]                             
m_axi_wdata[4]                             |m_axi_wdata[4]                             
m_axi_wdata[19]                            |m_axi_wdata[19]                            
m_axi_wdata[5]                             |m_axi_wdata[5]                             
m_axi_wdata[6]                             |m_axi_wdata[6]                             
m_axi_wdata[7]                             |m_axi_wdata[7]                             
m_axi_wdata[8]                             |m_axi_wdata[8]                             
m_axi_wdata[15]                            |m_axi_wdata[15]                            
m_axi_wdata[16]                            |m_axi_wdata[16]                            
m_axi_wdata[10]                            |m_axi_wdata[10]                            
m_axi_wdata[9]                             |m_axi_wdata[9]                             
m_axi_wdata[12]                            |m_axi_wdata[12]                            
m_axi_wdata[20]                            |m_axi_wdata[20]                            
m_axi_wdata[17]                            |m_axi_wdata[17]                            
m_axi_wdata[21]                            |m_axi_wdata[21]                            
m_axi_wstrb[0]                             |m_axi_wstrb[0]                             
m_axi_wstrb[3]                             |m_axi_wstrb[3]                             
m_axi_awaddr[18]                           |m_axi_awaddr[18]                           
m_axi_awaddr[8]                            |m_axi_awaddr[8]                            
m_axi_arvalid[1]                           |m_axi_arvalid[1]                           
m_axi_arvalid[0]                           |m_axi_arvalid[0]                           
m_axi_bready[0]                            |m_axi_bready[0]                            
m_axi_bready[1]                            |m_axi_bready[1]                            
s_axi_arready[1]                           |s_axi_arready[1]                           
s_axi_bresp[5]                             |s_axi_bresp[5]                             
s_axi_bresp[2]                             |s_axi_bresp[2]                             
s_axi_bresp[3]                             |s_axi_bresp[3]                             
s_axi_bresp[7]                             |s_axi_bresp[7]                             
s_axi_bvalid[0]                            |s_axi_bvalid[0]                            
s_axi_rresp[6]                             |s_axi_rresp[6]                             
s_axi_rresp[7]                             |s_axi_rresp[7]                             
s_axi_rvalid[3]                            |s_axi_rvalid[3]                            
s_axi_rresp[0]                             |s_axi_rresp[0]                             
s_axi_rresp[1]                             |s_axi_rresp[1]                             
s_axi_rresp[4]                             |s_axi_rresp[4]                             
s_axi_rresp[5]                             |s_axi_rresp[5]                             
s_axi_rvalid[0]                            |s_axi_rvalid[0]                            
s_axi_rvalid[2]                            |s_axi_rvalid[2]                            
s_axi_rresp[2]                             |s_axi_rresp[2]                             
s_axi_rresp[3]                             |s_axi_rresp[3]                             
s_axi_rvalid[1]                            |s_axi_rvalid[1]                            
s_axi_rdata[104]                           |s_axi_rdata[104]                           
s_axi_rdata[101]                           |s_axi_rdata[101]                           
s_axi_rdata[105]                           |s_axi_rdata[105]                           
s_axi_rdata[103]                           |s_axi_rdata[103]                           
s_axi_rdata[107]                           |s_axi_rdata[107]                           
s_axi_rdata[106]                           |s_axi_rdata[106]                           
s_axi_rdata[11]                            |s_axi_rdata[11]                            
s_axi_rdata[10]                            |s_axi_rdata[10]                            
s_axi_rdata[120]                           |s_axi_rdata[120]                           
s_axi_rdata[122]                           |s_axi_rdata[122]                           
s_axi_rdata[121]                           |s_axi_rdata[121]                           
s_axi_rdata[123]                           |s_axi_rdata[123]                           
s_axi_rdata[124]                           |s_axi_rdata[124]                           
s_axi_rdata[118]                           |s_axi_rdata[118]                           
s_axi_rdata[115]                           |s_axi_rdata[115]                           
s_axi_rdata[19]                            |s_axi_rdata[19]                            
s_axi_rdata[113]                           |s_axi_rdata[113]                           
s_axi_rdata[17]                            |s_axi_rdata[17]                            
s_axi_rdata[26]                            |s_axi_rdata[26]                            
s_axi_rdata[25]                            |s_axi_rdata[25]                            
s_axi_rdata[27]                            |s_axi_rdata[27]                            
s_axi_rdata[28]                            |s_axi_rdata[28]                            
s_axi_rdata[22]                            |s_axi_rdata[22]                            
s_axi_rdata[33]                            |s_axi_rdata[33]                            
s_axi_rdata[34]                            |s_axi_rdata[34]                            
s_axi_rdata[35]                            |s_axi_rdata[35]                            
s_axi_rdata[32]                            |s_axi_rdata[32]                            
s_axi_rdata[37]                            |s_axi_rdata[37]                            
s_axi_rdata[40]                            |s_axi_rdata[40]                            
s_axi_rdata[39]                            |s_axi_rdata[39]                            
s_axi_rdata[41]                            |s_axi_rdata[41]                            
s_axi_rdata[56]                            |s_axi_rdata[56]                            
s_axi_rdata[57]                            |s_axi_rdata[57]                            
s_axi_rdata[59]                            |s_axi_rdata[59]                            
s_axi_rdata[58]                            |s_axi_rdata[58]                            
s_axi_rdata[60]                            |s_axi_rdata[60]                            
s_axi_rdata[65]                            |s_axi_rdata[65]                            
s_axi_rdata[66]                            |s_axi_rdata[66]                            
s_axi_rdata[64]                            |s_axi_rdata[64]                            
s_axi_rdata[67]                            |s_axi_rdata[67]                            
s_axi_rdata[88]                            |s_axi_rdata[88]                            
s_axi_rdata[90]                            |s_axi_rdata[90]                            
s_axi_rdata[89]                            |s_axi_rdata[89]                            
s_axi_rdata[91]                            |s_axi_rdata[91]                            
s_axi_rdata[92]                            |s_axi_rdata[92]                            
s_axi_rdata[86]                            |s_axi_rdata[86]                            
s_axi_rdata[97]                            |s_axi_rdata[97]                            
s_axi_rdata[98]                            |s_axi_rdata[98]                            
s_axi_rdata[99]                            |s_axi_rdata[99]                            
s_axi_rdata[96]                            |s_axi_rdata[96]                            
s_axi_rdata[100]                           |s_axi_rdata[100]                           
s_axi_rdata[102]                           |s_axi_rdata[102]                           
s_axi_rdata[117]                           |s_axi_rdata[117]                           
s_axi_rdata[119]                           |s_axi_rdata[119]                           
s_axi_rdata[116]                           |s_axi_rdata[116]                           
s_axi_rdata[125]                           |s_axi_rdata[125]                           
s_axi_rdata[14]                            |s_axi_rdata[14]                            
s_axi_rdata[13]                            |s_axi_rdata[13]                            
s_axi_rdata[12]                            |s_axi_rdata[12]                            
s_axi_rdata[110]                           |s_axi_rdata[110]                           
s_axi_rdata[109]                           |s_axi_rdata[109]                           
s_axi_rdata[108]                           |s_axi_rdata[108]                           
s_axi_rdata[112]                           |s_axi_rdata[112]                           
s_axi_rdata[111]                           |s_axi_rdata[111]                           
s_axi_rdata[16]                            |s_axi_rdata[16]                            
s_axi_rdata[15]                            |s_axi_rdata[15]                            
s_axi_rdata[114]                           |s_axi_rdata[114]                           
s_axi_rdata[18]                            |s_axi_rdata[18]                            
s_axi_rdata[21]                            |s_axi_rdata[21]                            
s_axi_rdata[23]                            |s_axi_rdata[23]                            
s_axi_rdata[20]                            |s_axi_rdata[20]                            
s_axi_rdata[29]                            |s_axi_rdata[29]                            
s_axi_rdata[36]                            |s_axi_rdata[36]                            
s_axi_rdata[38]                            |s_axi_rdata[38]                            
s_axi_rdata[53]                            |s_axi_rdata[53]                            
s_axi_rdata[55]                            |s_axi_rdata[55]                            
s_axi_rdata[52]                            |s_axi_rdata[52]                            
s_axi_rdata[61]                            |s_axi_rdata[61]                            
s_axi_rdata[68]                            |s_axi_rdata[68]                            
s_axi_rdata[85]                            |s_axi_rdata[85]                            
s_axi_rdata[87]                            |s_axi_rdata[87]                            
s_axi_rdata[84]                            |s_axi_rdata[84]                            
s_axi_rdata[93]                            |s_axi_rdata[93]                            
m_axi_awaddr[26]                           |m_axi_awaddr[26]                           
m_axi_awaddr[20]                           |m_axi_awaddr[20]                           
s_axi_rdata[73]                            |s_axi_rdata[73]                            
s_axi_rdata[70]                            |s_axi_rdata[70]                            
s_axi_rdata[72]                            |s_axi_rdata[72]                            
s_axi_rdata[69]                            |s_axi_rdata[69]                            
m_axi_rready[1]                            |m_axi_rready[1]                            
m_axi_rready[0]                            |m_axi_rready[0]                            
s_axi_rdata[83]                            |s_axi_rdata[83]                            
s_axi_rdata[81]                            |s_axi_rdata[81]                            
s_axi_rdata[80]                            |s_axi_rdata[80]                            
s_axi_rdata[79]                            |s_axi_rdata[79]                            
s_axi_awready[3]                           |s_axi_awready[3]                           
s_axi_awready[1]                           |s_axi_awready[1]                           
s_axi_awready[0]                           |s_axi_awready[0]                           
s_axi_wready[0]                            |s_axi_wready[0]                            
s_axi_wready[3]                            |s_axi_wready[3]                            
s_axi_wready[2]                            |s_axi_wready[2]                            
s_axi_awready[2]                           |s_axi_awready[2]                           
s_axi_wready[1]                            |s_axi_wready[1]                            
s_axi_arvalid[3]                           |s_axi_arvalid[3]                           
s_axi_wdata[101]                           |s_axi_wdata[101]                           
s_axi_wdata[102]                           |s_axi_wdata[102]                           
s_axi_wdata[38]                            |s_axi_wdata[38]                            
s_axi_arvalid[2]                           |s_axi_arvalid[2]                           
s_axi_wstrb[5]                             |s_axi_wstrb[5]                             
s_axi_awaddr[36]                           |s_axi_awaddr[36]                           
s_axi_wdata[3]                             |s_axi_wdata[3]                             
s_axi_wstrb[9]                             |s_axi_wstrb[9]                             
s_axi_wstrb[13]                            |s_axi_wstrb[13]                            
s_axi_wdata[75]                            |s_axi_wdata[75]                            
s_axi_wdata[65]                            |s_axi_wdata[65]                            
s_axi_awaddr[88]                           |s_axi_awaddr[88]                           
s_axi_awaddr[72]                           |s_axi_awaddr[72]                           
s_axi_awaddr[24]                           |s_axi_awaddr[24]                           
s_axi_awaddr[106]                          |s_axi_awaddr[106]                          
s_axi_wdata[19]                            |s_axi_wdata[19]                            
s_axi_wdata[51]                            |s_axi_wdata[51]                            
s_axi_wdata[36]                            |s_axi_wdata[36]                            
s_axi_wdata[94]                            |s_axi_wdata[94]                            
s_axi_wdata[1]                             |s_axi_wdata[1]                             
s_axi_wdata[98]                            |s_axi_wdata[98]                            
s_axi_wdata[100]                           |s_axi_wdata[100]                           
s_axi_awaddr[100]                          |s_axi_awaddr[100]                          
s_axi_wdata[92]                            |s_axi_wdata[92]                            
s_axi_wdata[66]                            |s_axi_wdata[66]                            
s_axi_wdata[2]                             |s_axi_wdata[2]                             
s_axi_wdata[0]                             |s_axi_wdata[0]                             
s_axi_wdata[35]                            |s_axi_wdata[35]                            
s_axi_wdata[32]                            |s_axi_wdata[32]                            
s_axi_wdata[34]                            |s_axi_wdata[34]                            
s_axi_awprot[3]                            |s_axi_awprot[3]                            
s_axi_awprot[5]                            |s_axi_awprot[5]                            
s_axi_wdata[43]                            |s_axi_wdata[43]                            
s_axi_wdata[97]                            |s_axi_wdata[97]                            
s_axi_wdata[107]                           |s_axi_wdata[107]                           
s_axi_wdata[55]                            |s_axi_wdata[55]                            
s_axi_wstrb[1]                             |s_axi_wstrb[1]                             
s_axi_wdata[64]                            |s_axi_wdata[64]                            
s_axi_wdata[122]                           |s_axi_wdata[122]                           
s_axi_wdata[126]                           |s_axi_wdata[126]                           
cfg_weight_m1[3]                           |cfg_weight_m1[3]                           
s_axi_arvalid[1]                           |s_axi_arvalid[1]                           
s_axi_awaddr[21]                           |s_axi_awaddr[21]                           
cfg_weight_m1[2]                           |cfg_weight_m1[2]                           
s_axi_wdata[37]                            |s_axi_wdata[37]                            
s_axi_wdata[96]                            |s_axi_wdata[96]                            
s_axi_wdata[99]                            |s_axi_wdata[99]                            
s_axi_wdata[67]                            |s_axi_wdata[67]                            
s_axi_wdata[5]                             |s_axi_wdata[5]                             
s_axi_wdata[127]                           |s_axi_wdata[127]                           
s_axi_wdata[68]                            |s_axi_wdata[68]                            
s_axi_wdata[121]                           |s_axi_wdata[121]                           
s_axi_wdata[125]                           |s_axi_wdata[125]                           
s_axi_wdata[123]                           |s_axi_wdata[123]                           
s_axi_awaddr[19]                           |s_axi_awaddr[19]                           
s_axi_awaddr[40]                           |s_axi_awaddr[40]                           
s_axi_wdata[118]                           |s_axi_wdata[118]                           
s_axi_wdata[71]                            |s_axi_wdata[71]                            
s_axi_wdata[103]                           |s_axi_wdata[103]                           
s_axi_wdata[45]                            |s_axi_wdata[45]                            
s_axi_wdata[58]                            |s_axi_wdata[58]                            
s_axi_wdata[50]                            |s_axi_wdata[50]                            
s_axi_wdata[59]                            |s_axi_wdata[59]                            
s_axi_awaddr[108]                          |s_axi_awaddr[108]                          
s_axi_awaddr[107]                          |s_axi_awaddr[107]                          
s_axi_wdata[33]                            |s_axi_wdata[33]                            
s_axi_awprot[2]                            |s_axi_awprot[2]                            
s_axi_wdata[13]                            |s_axi_wdata[13]                            
s_axi_wdata[4]                             |s_axi_wdata[4]                             
s_axi_wdata[11]                            |s_axi_wdata[11]                            
s_axi_wdata[18]                            |s_axi_wdata[18]                            
s_axi_awaddr[70]                           |s_axi_awaddr[70]                           
s_axi_awprot[6]                            |s_axi_awprot[6]                            
s_axi_awaddr[74]                           |s_axi_awaddr[74]                           
s_axi_awaddr[75]                           |s_axi_awaddr[75]                           
s_axi_awaddr[76]                           |s_axi_awaddr[76]                           
s_axi_wdata[91]                            |s_axi_wdata[91]                            
s_axi_wdata[89]                            |s_axi_wdata[89]                            
s_axi_wdata[29]                            |s_axi_wdata[29]                            
s_axi_wdata[93]                            |s_axi_wdata[93]                            
s_axi_wdata[26]                            |s_axi_wdata[26]                            
s_axi_wdata[61]                            |s_axi_wdata[61]                            
s_axi_wdata[60]                            |s_axi_wdata[60]                            
s_axi_wdata[28]                            |s_axi_wdata[28]                            
s_axi_wdata[27]                            |s_axi_wdata[27]                            
s_axi_wdata[90]                            |s_axi_wdata[90]                            
s_axi_awaddr[58]                           |s_axi_awaddr[58]                           
s_axi_awaddr[61]                           |s_axi_awaddr[61]                           
s_axi_awaddr[126]                          |s_axi_awaddr[126]                          
s_axi_awaddr[127]                          |s_axi_awaddr[127]                          
s_axi_awaddr[125]                          |s_axi_awaddr[125]                          
s_axi_awaddr[62]                           |s_axi_awaddr[62]                           
s_axi_wdata[46]                            |s_axi_wdata[46]                            
s_axi_awaddr[32]                           |s_axi_awaddr[32]                           
s_axi_awaddr[34]                           |s_axi_awaddr[34]                           
s_axi_awprot[4]                            |s_axi_awprot[4]                            
s_axi_wdata[44]                            |s_axi_wdata[44]                            
s_axi_wdata[40]                            |s_axi_wdata[40]                            
s_axi_wdata[39]                            |s_axi_wdata[39]                            
s_axi_awaddr[35]                           |s_axi_awaddr[35]                           
s_axi_awaddr[37]                           |s_axi_awaddr[37]                           
s_axi_wdata[42]                            |s_axi_wdata[42]                            
s_axi_awaddr[59]                           |s_axi_awaddr[59]                           
s_axi_awaddr[60]                           |s_axi_awaddr[60]                           
s_axi_awaddr[124]                          |s_axi_awaddr[124]                          
s_axi_awaddr[123]                          |s_axi_awaddr[123]                          
s_axi_awaddr[63]                           |s_axi_awaddr[63]                           
s_axi_awaddr[22]                           |s_axi_awaddr[22]                           
s_axi_awaddr[113]                          |s_axi_awaddr[113]                          
s_axi_awaddr[27]                           |s_axi_awaddr[27]                           
s_axi_awaddr[54]                           |s_axi_awaddr[54]                           
s_axi_awaddr[23]                           |s_axi_awaddr[23]                           
s_axi_awaddr[28]                           |s_axi_awaddr[28]                           
s_axi_awaddr[121]                          |s_axi_awaddr[121]                          
s_axi_awaddr[92]                           |s_axi_awaddr[92]                           
s_axi_awaddr[118]                          |s_axi_awaddr[118]                          
s_axi_awaddr[17]                           |s_axi_awaddr[17]                           
s_axi_awaddr[53]                           |s_axi_awaddr[53]                           
s_axi_awaddr[84]                           |s_axi_awaddr[84]                           
s_axi_awaddr[52]                           |s_axi_awaddr[52]                           
s_axi_awaddr[56]                           |s_axi_awaddr[56]                           
s_axi_awaddr[51]                           |s_axi_awaddr[51]                           
s_axi_awaddr[89]                           |s_axi_awaddr[89]                           
s_axi_awaddr[81]                           |s_axi_awaddr[81]                           
s_axi_awaddr[85]                           |s_axi_awaddr[85]                           
s_axi_awaddr[55]                           |s_axi_awaddr[55]                           
s_axi_awaddr[116]                          |s_axi_awaddr[116]                          
s_axi_awaddr[117]                          |s_axi_awaddr[117]                          
s_axi_wstrb[3]                             |s_axi_wstrb[3]                             
s_axi_awaddr[0]                            |s_axi_awaddr[0]                            
s_axi_awaddr[110]                          |s_axi_awaddr[110]                          
s_axi_awaddr[111]                          |s_axi_awaddr[111]                          
s_axi_awaddr[83]                           |s_axi_awaddr[83]                           
s_axi_awprot[1]                            |s_axi_awprot[1]                            
s_axi_awaddr[64]                           |s_axi_awaddr[64]                           
s_axi_wstrb[12]                            |s_axi_wstrb[12]                            
s_axi_awprot[0]                            |s_axi_awprot[0]                            
s_axi_awaddr[95]                           |s_axi_awaddr[95]                           
s_axi_wdata[111]                           |s_axi_wdata[111]                           
s_axi_wdata[117]                           |s_axi_wdata[117]                           
s_axi_wdata[12]                            |s_axi_wdata[12]                            
s_axi_awaddr[109]                          |s_axi_awaddr[109]                          
s_axi_awaddr[80]                           |s_axi_awaddr[80]                           
s_axi_wdata[114]                           |s_axi_wdata[114]                           
s_axi_wdata[119]                           |s_axi_wdata[119]                           
s_axi_wstrb[2]                             |s_axi_wstrb[2]                             
s_axi_wdata[62]                            |s_axi_wdata[62]                            
s_axi_wdata[63]                            |s_axi_wdata[63]                            
s_axi_awaddr[6]                            |s_axi_awaddr[6]                            
s_axi_awaddr[11]                           |s_axi_awaddr[11]                           
s_axi_awaddr[31]                           |s_axi_awaddr[31]                           
s_axi_awaddr[48]                           |s_axi_awaddr[48]                           
s_axi_awaddr[103]                          |s_axi_awaddr[103]                          
s_axi_wstrb[4]                             |s_axi_wstrb[4]                             
s_axi_awaddr[16]                           |s_axi_awaddr[16]                           
s_axi_wdata[14]                            |s_axi_wdata[14]                            
s_axi_awaddr[2]                            |s_axi_awaddr[2]                            
s_axi_awaddr[50]                           |s_axi_awaddr[50]                           
s_axi_awprot[8]                            |s_axi_awprot[8]                            
s_axi_awprot[7]                            |s_axi_awprot[7]                            
s_axi_awaddr[87]                           |s_axi_awaddr[87]                           
s_axi_awaddr[119]                          |s_axi_awaddr[119]                          
s_axi_wdata[85]                            |s_axi_wdata[85]                            
s_axi_wdata[24]                            |s_axi_wdata[24]                            
s_axi_wdata[17]                            |s_axi_wdata[17]                            
s_axi_wdata[20]                            |s_axi_wdata[20]                            
s_axi_wdata[21]                            |s_axi_wdata[21]                            
s_axi_wdata[87]                            |s_axi_wdata[87]                            
s_axi_wdata[82]                            |s_axi_wdata[82]                            
s_axi_wdata[84]                            |s_axi_wdata[84]                            
s_axi_wdata[88]                            |s_axi_wdata[88]                            
s_axi_awaddr[47]                           |s_axi_awaddr[47]                           
s_axi_awaddr[94]                           |s_axi_awaddr[94]                           
s_axi_awprot[10]                           |s_axi_awprot[10]                           
s_axi_wdata[31]                            |s_axi_wdata[31]                            
s_axi_wdata[30]                            |s_axi_wdata[30]                            
s_axi_wdata[25]                            |s_axi_wdata[25]                            
s_axi_wdata[69]                            |s_axi_wdata[69]                            
s_axi_awaddr[41]                           |s_axi_awaddr[41]                           
s_axi_awaddr[45]                           |s_axi_awaddr[45]                           
s_axi_wdata[48]                            |s_axi_wdata[48]                            
s_axi_wdata[49]                            |s_axi_wdata[49]                            
s_axi_wdata[52]                            |s_axi_wdata[52]                            
s_axi_wdata[53]                            |s_axi_wdata[53]                            
s_axi_wstrb[7]                             |s_axi_wstrb[7]                             
s_axi_wstrb[6]                             |s_axi_wstrb[6]                             
s_axi_awaddr[79]                           |s_axi_awaddr[79]                           
s_axi_wdata[54]                            |s_axi_wdata[54]                            
s_axi_wdata[47]                            |s_axi_wdata[47]                            
s_axi_awaddr[44]                           |s_axi_awaddr[44]                           
s_axi_awaddr[115]                          |s_axi_awaddr[115]                          
s_axi_wdata[112]                           |s_axi_wdata[112]                           
s_axi_awaddr[29]                           |s_axi_awaddr[29]                           
s_axi_awaddr[30]                           |s_axi_awaddr[30]                           
s_axi_awaddr[26]                           |s_axi_awaddr[26]                           
s_axi_awaddr[90]                           |s_axi_awaddr[90]                           
s_axi_awaddr[18]                           |s_axi_awaddr[18]                           
s_axi_wdata[113]                           |s_axi_wdata[113]                           
s_axi_wdata[116]                           |s_axi_wdata[116]                           
s_axi_wdata[110]                           |s_axi_wdata[110]                           
s_axi_wdata[108]                           |s_axi_wdata[108]                           
s_axi_awaddr[101]                          |s_axi_awaddr[101]                          
s_axi_awaddr[98]                           |s_axi_awaddr[98]                           
s_axi_awaddr[93]                           |s_axi_awaddr[93]                           
s_axi_awprot[11]                           |s_axi_awprot[11]                           
s_axi_awprot[9]                            |s_axi_awprot[9]                            
s_axi_awaddr[78]                           |s_axi_awaddr[78]                           
s_axi_awaddr[71]                           |s_axi_awaddr[71]                           
s_axi_awaddr[97]                           |s_axi_awaddr[97]                           
s_axi_awaddr[99]                           |s_axi_awaddr[99]                           
s_axi_awaddr[9]                            |s_axi_awaddr[9]                            
s_axi_awaddr[13]                           |s_axi_awaddr[13]                           
s_axi_awaddr[39]                           |s_axi_awaddr[39]                           
s_axi_awaddr[73]                           |s_axi_awaddr[73]                           
s_axi_awaddr[77]                           |s_axi_awaddr[77]                           
s_axi_awaddr[105]                          |s_axi_awaddr[105]                          
s_axi_wdata[80]                            |s_axi_wdata[80]                            
s_axi_wdata[79]                            |s_axi_wdata[79]                            
s_axi_wdata[81]                            |s_axi_wdata[81]                            
s_axi_wdata[15]                            |s_axi_wdata[15]                            
s_axi_wdata[16]                            |s_axi_wdata[16]                            
s_axi_awaddr[68]                           |s_axi_awaddr[68]                           
s_axi_awaddr[114]                          |s_axi_awaddr[114]                          
s_axi_wstrb[0]                             |s_axi_wstrb[0]                             
s_axi_awaddr[96]                           |s_axi_awaddr[96]                           
s_axi_awaddr[7]                            |s_axi_awaddr[7]                            
s_axi_awaddr[14]                           |s_axi_awaddr[14]                           
s_axi_awaddr[10]                           |s_axi_awaddr[10]                           
s_axi_wdata[22]                            |s_axi_wdata[22]                            
s_axi_wstrb[10]                            |s_axi_wstrb[10]                            
s_axi_wstrb[11]                            |s_axi_wstrb[11]                            
s_axi_awaddr[82]                           |s_axi_awaddr[82]                           
s_axi_wdata[10]                            |s_axi_wdata[10]                            
s_axi_wdata[7]                             |s_axi_wdata[7]                             
s_axi_wdata[8]                             |s_axi_wdata[8]                             
s_axi_awaddr[38]                           |s_axi_awaddr[38]                           
s_axi_awaddr[43]                           |s_axi_awaddr[43]                           
s_axi_awaddr[46]                           |s_axi_awaddr[46]                           
s_axi_awaddr[42]                           |s_axi_awaddr[42]                           
s_axi_wdata[70]                            |s_axi_wdata[70]                            
s_axi_wdata[77]                            |s_axi_wdata[77]                            
s_axi_wdata[78]                            |s_axi_wdata[78]                            
s_axi_wdata[73]                            |s_axi_wdata[73]                            
s_axi_wdata[109]                           |s_axi_wdata[109]                           
s_axi_wdata[72]                            |s_axi_wdata[72]                            
s_axi_wdata[76]                            |s_axi_wdata[76]                            
s_axi_wdata[74]                            |s_axi_wdata[74]                            
s_axi_awaddr[3]                            |s_axi_awaddr[3]                            
s_axi_awaddr[1]                            |s_axi_awaddr[1]                            
s_axi_awaddr[65]                           |s_axi_awaddr[65]                           
s_axi_awaddr[66]                           |s_axi_awaddr[66]                           
s_axi_awaddr[69]                           |s_axi_awaddr[69]                           
s_axi_awaddr[12]                           |s_axi_awaddr[12]                           
s_axi_awaddr[15]                           |s_axi_awaddr[15]                           
s_axi_wstrb[8]                             |s_axi_wstrb[8]                             
s_axi_wstrb[14]                            |s_axi_wstrb[14]                            
s_axi_wstrb[15]                            |s_axi_wstrb[15]                            
s_axi_araddr[103]                          |s_axi_araddr[103]                          
s_axi_araddr[105]                          |s_axi_araddr[105]                          
s_axi_araddr[42]                           |s_axi_araddr[42]                           
s_axi_araddr[102]                          |s_axi_araddr[102]                          
s_axi_araddr[98]                           |s_axi_araddr[98]                           
s_axi_araddr[97]                           |s_axi_araddr[97]                           
s_axi_araddr[35]                           |s_axi_araddr[35]                           
s_axi_arprot[5]                            |s_axi_arprot[5]                            
s_axi_arprot[4]                            |s_axi_arprot[4]                            
s_axi_wdata[41]                            |s_axi_wdata[41]                            
s_axi_awaddr[122]                          |s_axi_awaddr[122]                          
s_axi_awaddr[86]                           |s_axi_awaddr[86]                           
s_axi_awaddr[91]                           |s_axi_awaddr[91]                           
s_axi_awaddr[57]                           |s_axi_awaddr[57]                           
s_axi_awaddr[49]                           |s_axi_awaddr[49]                           
s_axi_araddr[40]                           |s_axi_araddr[40]                           
s_axi_araddr[45]                           |s_axi_araddr[45]                           
s_axi_araddr[107]                          |s_axi_araddr[107]                          
s_axi_araddr[37]                           |s_axi_araddr[37]                           
s_axi_araddr[36]                           |s_axi_araddr[36]                           
s_axi_awaddr[104]                          |s_axi_awaddr[104]                          
s_axi_wdata[6]                             |s_axi_wdata[6]                             
s_axi_wdata[105]                           |s_axi_wdata[105]                           
s_axi_awaddr[102]                          |s_axi_awaddr[102]                          
s_axi_wdata[86]                            |s_axi_wdata[86]                            
s_axi_wdata[56]                            |s_axi_wdata[56]                            
s_axi_wdata[57]                            |s_axi_wdata[57]                            
s_axi_wdata[120]                           |s_axi_wdata[120]                           
s_axi_wdata[115]                           |s_axi_wdata[115]                           
s_axi_awaddr[4]                            |s_axi_awaddr[4]                            
s_axi_awaddr[5]                            |s_axi_awaddr[5]                            
s_axi_awaddr[112]                          |s_axi_awaddr[112]                          
s_axi_awaddr[120]                          |s_axi_awaddr[120]                          
s_axi_awaddr[67]                           |s_axi_awaddr[67]                           
s_axi_wdata[83]                            |s_axi_wdata[83]                            
s_axi_wdata[104]                           |s_axi_wdata[104]                           
s_axi_wdata[106]                           |s_axi_wdata[106]                           
s_axi_awaddr[8]                            |s_axi_awaddr[8]                            
s_axi_araddr[94]                           |s_axi_araddr[94]                           
aclk                                       |aclk                                       
s_axi_arprot[3]                            |s_axi_arprot[3]                            
s_axi_araddr[47]                           |s_axi_araddr[47]                           
VGND                                       |VGND                                       
VPWR                                       |VPWR                                       
cfg_weight_m0[0]                           |cfg_weight_m0[0]                           
cfg_weight_m0[1]                           |cfg_weight_m0[1]                           
cfg_weight_m0[2]                           |cfg_weight_m0[2]                           
cfg_weight_m0[3]                           |cfg_weight_m0[3]                           
---------------------------------------------------------------------------------------
Cell pin lists are equivalent.
Device classes axi4lite_arbiter_top and axi4lite_arbiter_top are equivalent.

Final result: Circuits match uniquely.
.
