net,length_um
net948,1.74483mm
_1994_,1.72288mm
_1826_,1.61178mm
net946,1.59602mm
net514,1.5419mm
net947,1.5362mm
_2021_,1.50302mm
_1307_,1.491755mm
_1304_,1.48808mm
net520,1.41708mm
_2013_,1.387855mm
net521,1.37038mm
net945,1.34926mm
_1463_,1.33383mm
net523,1.33272mm
_1825_,1.32458mm
_1539_,1.31355mm
net522,1.30942mm
_1846_,1.28059mm
_1464_,1.27864mm
_1522_,1.27576mm
_1863_,1.264905mm
_1510_,1.26329mm
_1526_,1.25913mm
_1862_,1.25272mm
_2037_,1.24791mm
_1518_,1.24586mm
_1530_,1.242235mm
_1534_,1.23805mm
net944,1.23767mm
_1858_,1.22712mm
_1520_,1.21299mm
_1528_,1.20789mm
_1308_,1.20388mm
_1524_,1.20327mm
_1516_,1.199395mm
_1512_,1.1981mm
_1622_,1.19166mm
_1466_,1.17502mm
_1480_,1.16993mm
_1855_,1.16602mm
_1474_,1.15468mm
_1305_,1.14786mm
_1514_,1.14505mm
_1859_,1.14398mm
_1540_,1.13473mm
_1507_,1.13092mm
_1482_,1.12271mm
_1470_,1.12171mm
_1468_,1.1mm
_1298_,1.07618mm
net943,1.07096mm
_1476_,1.06575mm
_1462_,1.0649mm
_1478_,1.06436mm
_1844_,1.02449mm
_1472_,1.02362mm
_1824_,1.02272mm
_1531_,1.01442mm
clknet_3_0__leaf_aclk,1.00726mm
net488,1.00334mm
_1856_,989.23µm
net902,985.8µm
net901,983.38µm
_1504_,970.21µm
net906,951.18µm
_1623_,945.15µm
net454,938.74µm
_1500_,937.3µm
net519,927.1µm
_1498_,924.12µm
clknet_3_3__leaf_aclk,922.9µm
_1544_,918.42µm
net17,908.78µm
net513,899.3µm
net942,893.52µm
_2016_,889.81µm
_1496_,885.6µm
_1485_,883.84µm
_1502_,873.82µm
clknet_3_1__leaf_aclk,873.51µm
_1494_,872.42µm
net18,868.56µm
_1488_,864.18µm
net545,859.1µm
net518,857.74µm
_1899_,856.29µm
net512,855.6µm
clknet_0_aclk,855.42µm
net900,854µm
_2039_,851.24µm
net899,828.02µm
_1492_,827.14µm
net437,824.28µm
net531,809.02µm
u_response_router.w_target_invalid,808.48µm
net1,807.53µm
net940,804.46µm
net536,799.83µm
_1313_,798.18µm
net511,793.44µm
_2054_,791.7µm
clknet_3_2__leaf_aclk,789.96µm
net515,789.2µm
net516,786.1µm
_1549_,783.78µm
net941,780.58µm
_1847_,777.56µm
net527,767.56µm
_1284_,758.39µm
net398,749.4µm
_1877_,746.535µm
u_read_arbiter.r_target_slave\[0\],744.57µm
net555,743.02µm
u_read_arbiter.r_target_slave\[1\],742.45µm
_1296_,740.65µm
net544,736.38µm
net506,735.34µm
_2055_,731.68µm
net525,729.74µm
net517,729.4µm
_1310_,724.84µm
_1288_,719.64µm
net13,718.6µm
_1588_,714.405µm
net526,710.38µm
_2044_,709.62µm
_1291_,708.42µm
_1581_,704.41µm
net15,704.04µm
net508,702.86µm
_1568_,696.08µm
net11,694.6µm
net530,694.06µm
net14,693.7µm
net16,692.76µm
net939,689.04µm
net181,685.34µm
net548,683.8µm
net674,682.32µm
_1580_,682.22µm
net182,678.14µm
_1448_,675.32µm
net672,673.7µm
_1301_,670.41µm
_1105_,669.32µm
_1053_,668.32µm
net12,664.78µm
net529,661.84µm
_2191_,660.19µm
net438,659.22µm
net510,655.7µm
_1283_,655.59µm
net509,653.16µm
_1998_,651.48µm
net338,651µm
_1042_,648.26µm
net528,647.5µm
net489,647µm
_1584_,645.94µm
net524,645.9µm
net507,643.76µm
net783,640.34µm
net10,638.34µm
_1842_,635.9µm
_2049_,634.86µm
net183,632.34µm
net556,629.92µm
_1299_,628.84µm
net219,627.86µm
_1277_,624.08µm
_1057_,619.2µm
net107,618.48µm
_2065_,615.68µm
_1822_,614.76µm
_2060_,613.98µm
_2004_,611.77µm
net189,610.85µm
_1036_,607.12µm
_1457_,605.76µm
clknet_3_6__leaf_aclk,596.98µm
aclk,595.67µm
_1039_,595.06µm
net439,594.9µm
_1311_,594.28µm
net192,591.78µm
_1853_,588.94µm
_1052_,587.92µm
net222,587.66µm
clknet_3_4__leaf_aclk,587.62µm
net235,582.14µm
net782,578.7µm
_1535_,568.74µm
_1040_,564.135µm
net435,563.68µm
net613,560.76µm
_1616_,556µm
_1047_,555.7µm
_2028_,553.96µm
_0617_,553.9µm
_1450_,552.72µm
net248,551.64µm
_1845_,548.31µm
_2091_,547.525µm
net497,547.1µm
_1621_,544.79µm
net184,544.16µm
_1302_,542.73µm
_1451_,542.38µm
_2079_,537.88µm
net244,537.24µm
_2183_,531.64µm
net247,529.28µm
net190,528.48µm
_2073_,527.62µm
net604,526.74µm
net227,521.76µm
net224,517.87µm
net249,517.04µm
_1979_,514.52µm
net784,514.18µm
net786,513µm
net241,512.28µm
_1132_,510.48µm
net187,502.46µm
net756,501.48µm
net139,496.66µm
net250,495.2µm
_2186_,494.58µm
net251,487.32µm
net232,486.18µm
_1827_,485.94µm
_1314_,485.6µm
net735,484.18µm
_1887_,478.52µm
net755,474.82µm
net243,473.84µm
net626,472.14µm
net246,469.02µm
_1881_,468.055µm
_1900_,467.68µm
clknet_3_5__leaf_aclk,467.36µm
_2084_,465.88µm
net615,465.48µm
net234,458.28µm
net608,457.9µm
_1911_,453.12µm
net933,452.32µm
net379,445.98µm
_2832_,442.36µm
net938,437.22µm
net108,434.6µm
net159,434.16µm
net252,430.2µm
net905,429.92µm
net611,429.34µm
net346,428.6µm
net908,428.44µm
net934,428.08µm
net624,427.74µm
net898,427.54µm
_2171_,427.44µm
net903,425.84µm
net907,425.38µm
clknet_3_7__leaf_aclk,422.34µm
_1906_,421.68µm
net616,418µm
net134,415.66µm
net736,414.32µm
_1541_,413.355µm
net110,412.2µm
_2071_,411.52µm
net397,405.84µm
_2076_,400.76µm
_1886_,400.64µm
net410,400.54µm
net737,400µm
net754,399.84µm
_2164_,398.86µm
net231,398.78µm
_0053_,398.29µm
net195,396.22µm
_2838_,394.84µm
net436,393.22µm
_2083_,391.84µm
_1898_,390.78µm
net434,389.84µm
net118,389.58µm
net752,389.04µm
net498,388.46µm
net499,387.36µm
_1892_,386.4µm
net501,385.5µm
net500,383.34µm
_2159_,382µm
net357,381.38µm
net191,381.02µm
net763,380.45µm
net654,379.62µm
_2154_,379.52µm
net753,377.78µm
_2477_,376.06µm
_2085_,374.39µm
net433,372.2µm
_2762_,371.98µm
net355,371.26µm
net739,371.04µm
net151,369.86µm
u_read_arbiter.u_read_qos.f_first_cycle,366.38µm
_1295_,363.94µm
_1486_,363.7µm
net533,361.18µm
net935,357.7µm
_1548_,352.56µm
net930,349.6µm
net751,349.26µm
net199,346µm
net931,345.5µm
_1533_,345.2µm
net156,345.2µm
net4,344.43µm
_1024_,343.62µm
net163,341.78µm
net603,339.36µm
net599,334.86µm
_1854_,334.14µm
net161,333.9µm
net116,333.34µm
net226,333.26µm
net348,332.96µm
net128,332.18µm
_1567_,330.26µm
_2867_,330.26µm
net741,327.74µm
net153,327.68µm
_3027_,327.3µm
net230,327.02µm
net928,326.12µm
net534,324.955µm
_2868_,324.16µm
net740,323.975µm
_1543_,321.68µm
net625,320.68µm
net937,320.66µm
net532,319.96µm
net742,319.02µm
_3137_,318.27µm
_3057_,317.46µm
net605,316.42µm
net5,316.24µm
net535,315.7µm
_2683_,315.48µm
net932,313.82µm
net133,313.48µm
net193,312.54µm
net259,312.02µm
net166,309.56µm
_2835_,309.27µm
net127,307.92µm
net152,306.38µm
net130,306.36µm
net137,303.98µm
net583,303.46µm
net7,300.86µm
net115,300.82µm
net158,300.42µm
net614,300.1µm
net165,299.78µm
_0779_,299.14µm
u_write_arbiter.arb_tx_done,299.1µm
net582,299.06µm
_0772_,297.47µm
u_read_arbiter.r_target_invalid,293.08µm
_0767_,292.33µm
_1843_,292.3µm
_2116_,290.76µm
net764,290.28µm
net301,290.02µm
net114,287.52µm
net600,286.4µm
_1508_,285.08µm
_0799_,284.82µm
_2488_,284.07µm
_1542_,283.04µm
_2871_,282.24µm
_0624_,281.22µm
net213,279.66µm
net746,279.58µm
net593,278.84µm
_2839_,277.14µm
net591,276.12µm
net671,272.78µm
_2694_,269.895µm
net6,269.01µm
net696,269µm
net124,266.88µm
net253,266.62µm
_2836_,265.775µm
net304,264.86µm
clknet_2_0_0_aclk,264.78µm
net761,264.42µm
net305,263.58µm
net594,261.56µm
net596,259.9µm
_0627_,258.66µm
_0528_,258.36µm
_1538_,258.36µm
net292,258.16µm
_2863_,257.49µm
net9,256.68µm
net765,256.38µm
_0760_,255.72µm
_2728_,254.54µm
net144,253.48µm
_2828_,251µm
net757,251µm
_1417_,250.1µm
net762,249.76µm
_0992_,248.22µm
net113,247.74µm
clknet_2_2_0_aclk,246.72µm
_1043_,245.53µm
net759,242.96µm
net143,240.82µm
net380,239.14µm
net138,238.68µm
net785,238.28µm
_3125_,237.21µm
_1021_,236.6µm
_0612_,236.22µm
_2046_,234.54µm
_1532_,233.98µm
net745,233.68µm
net400,233.28µm
_1325_,232.295µm
_3082_,230.96µm
net589,229.69µm
net131,229.54µm
_1022_,228.76µm
_2639_,227.01µm
_2830_,224.86µm
net132,224.8µm
_1180_,224.62µm
_1871_,224.08µm
_2941_,223.46µm
_0551_,223.04µm
net188,222.38µm
clknet_2_1_0_aclk,222.12µm
_0636_,221.96µm
_0552_,221.18µm
_2571_,220.4µm
_2109_,220.2µm
net549,219.84µm
net747,218.94µm
net345,218.84µm
_1536_,216.64µm
net266,215.8µm
net610,213.9µm
_2184_,213.78µm
_0620_,213.18µm
net119,212.82µm
net563,212.72µm
net350,210.96µm
u_read_arbiter.arb_tx_done,210.16µm
net142,210.1µm
net588,209.84µm
net225,209.76µm
net776,208.9µm
net223,208.24µm
_2897_,208.18µm
_2187_,208µm
_0587_,207.44µm
_0757_,207.14µm
_2605_,207µm
net8,206.98µm
net70,206.98µm
_3119_,206.2µm
net358,206.02µm
_1861_,205.5µm
net639,204.86µm
net376,204.58µm
_0756_,204.29µm
_3046_,203.5µm
net426,202.9µm
_0765_,202.79µm
_2101_,202.43µm
_3131_,201.76µm
_2650_,201.58µm
_3051_,200.96µm
net254,200.55µm
net215,199.75µm
net424,199.54µm
_2088_,198.34µm
net758,198.24µm
clknet_2_3_0_aclk,198.08µm
net24,197.72µm
_2193_,197.66µm
net136,196.96µm
net427,196.92µm
net200,196.86µm
net140,196.66µm
net149,196.54µm
_3145_,195.31µm
_1038_,195.295µm
_2859_,193.11µm
net256,193.08µm
_2856_,193.06µm
_1293_,192.78µm
_0585_,192.54µm
u_write_arbiter.w_buf_data\[33\],191.88µm
_2197_,191.76µm
net630,191.72µm
_2826_,191.16µm
net3,190.7µm
net255,190.57µm
_3045_,190.12µm
net729,189.85µm
_2199_,189.6µm
net154,188.22µm
_3049_,188.02µm
_3143_,187.04µm
_2188_,186.91µm
_2185_,186.44µm
_2881_,185.4µm
net216,183.98µm
_1032_,183.72µm
net217,183.48µm
net52,183.42µm
_3151_,182.81µm
net584,182.46µm
_1869_,181.44µm
_3149_,180.62µm
_1857_,180.41µm
_0579_,180.38µm
net148,180.26µm
net606,179.64µm
net176,179.38µm
net112,179.24µm
_0786_,178.74µm
_2439_,178.6µm
net157,178.3µm
_0625_,178.22µm
_1033_,175.94µm
net117,175.52µm
_0538_,175.44µm
_2913_,175.26µm
net310,174.76µm
_2973_,174.4µm
net375,173.42µm
net432,172.98µm
net395,171.1µm
_3052_,171.06µm
net164,170.84µm
_2192_,170.62µm
net602,170.62µm
_3166_,170.29µm
net601,169.5µm
_1286_,168.58µm
net129,168.54µm
net670,168.2µm
net723,167.92µm
_0542_,167.02µm
net155,166.96µm
_2860_,166.34µm
net102,166.16µm
net609,166.16µm
_1029_,164.38µm
net607,163.48µm
net160,163.18µm
_1081_,162.9µm
_0628_,161.2µm
_2616_,160.68µm
_1896_,159.5µm
_3084_,159.42µm
_0764_,159.39µm
net748,158.48µm
net74,156.82µm
net724,156.63µm
_2901_,156.16µm
_2980_,156.04µm
_3111_,155.76µm
_3228_,154.6µm
net34,152.16µm
_1866_,151.42µm
_3055_,150.77µm
net372,150.26µm
net240,150.24µm
net88,149.56µm
_3054_,149.5µm
net391,148.02µm
net360,147.12µm
net204,146.62µm
_2093_,146.5µm
_1921_,146.25µm
net385,145.64µm
net750,145.16µm
_1885_,145.02µm
net792,144.04µm
_2322_,144.03µm
net33,143.77µm
u_write_arbiter.aw_buf_addr\[23\],143.68µm
net744,142.86µm
_2751_,142.81µm
_2177_,142.715µm
_1591_,142.3µm
net701,142.1µm
_2827_,142.015µm
_3117_,141.78µm
_0596_,141.335µm
_0561_,140.605µm
net361,140.26µm
_1537_,140.22µm
_2190_,140.09µm
net20,139.96µm
net713,139.92µm
net730,139.88µm
net430,139.46µm
net677,139.05µm
net283,138.98µm
net738,138.5µm
_3105_,138.48µm
net26,137.94µm
_0676_,137.66µm
_1106_,137.46µm
_2900_,137.35µm
_3121_,137.09µm
net484,136.62µm
_1232_,136.32µm
net891,136.32µm
net799,136.16µm
net257,135.72µm
net80,135.5µm
net585,134.72µm
net423,134.6µm
_2325_,132.91µm
net389,132.62µm
_2779_,132.4µm
_2957_,132.31µm
_0987_,132.26µm
_2148_,132.18µm
_2717_,131.16µm
_2324_,131.08µm
_1912_,130.88µm
net421,130.46µm
_1958_,130.39µm
net79,130.32µm
net22,130.16µm
net218,130.04µm
net587,129.28µm
_0546_,128.98µm
net100,128.92µm
net220,128.68µm
_1955_,128.5µm
clknet_leaf_23_aclk,128.3µm
_0573_,127.92µm
net28,127.4µm
_1107_,127.3µm
_1905_,126.74µm
net343,125.76µm
_0616_,124.76µm
_3090_,124.58µm
net370,124.52µm
net96,124.42µm
net21,123.28µm
_3196_,123.02µm
_1936_,122.66µm
net620,122.58µm
net271,122.48µm
net597,121.62µm
_0529_,121.24µm
net126,120.72µm
_2278_,120.715µm
_2288_,120.52µm
net120,120.26µm
_0554_,120.25µm
net89,120.1µm
_1951_,119.76µm
net363,119.16µm
net211,119.14µm
net84,119.04µm
clknet_leaf_95_aclk,118.12µm
net885,116.86µm
_1460_,116.46µm
net83,116.04µm
net203,115.56µm
net68,114.54µm
net682,114.38µm
_1326_,114.355µm
_1705_,113.77µm
net41,113.46µm
net97,112.48µm
_1940_,112.46µm
net443,112.44µm
_3184_,112.16µm
_3173_,111.96µm
_2450_,111.2µm
net43,110.22µm
u_write_arbiter.aw_buf_addr\[55\],109.76µm
net269,109.22µm
net700,108.88µm
net790,108.74µm
net425,108.22µm
_2205_,107.61µm
_0630_,107.6µm
_1558_,107.6µm
_0621_,107.38µm
u_write_arbiter.aw_buf_addr\[124\],107.28µm
net653,107.24µm
net731,106.9µm
_1050_,106.54µm
net122,105.98µm
clknet_leaf_33_aclk,105.92µm
_0606_,105.845µm
_1133_,105.65µm
_3192_,105.6µm
net147,105.22µm
net25,104.64µm
clknet_leaf_29_aclk,104.62µm
u_write_arbiter.w_buf_data\[65\],104.42µm
_1585_,104.33µm
net236,104.3µm
_1946_,103.02µm
_1324_,102.6µm
clknet_leaf_89_aclk,102.35µm
_0753_,102.3µm
net209,101.52µm
net109,101.46µm
net566,101.04µm
_1970_,101µm
_2505_,100.98µm
_1620_,100.82µm
net418,100.76µm
clknet_leaf_91_aclk,100.58µm
clknet_leaf_97_aclk,100.54µm
net92,100.38µm
u_write_arbiter.aw_buf_addr\[89\],100.35µm
_2842_,99.98µm
_1823_,99.84µm
u_write_arbiter.aw_buf_addr\[25\],99.6µm
net550,99.36µm
clknet_leaf_48_aclk,98.8µm
net27,98.74µm
_2798_,98.04µm
net708,97.9µm
net686,97.67µm
clknet_leaf_20_aclk,97.67µm
_2848_,97.1µm
_2204_,97.08µm
net698,97.08µm
net743,96.9µm
net390,96.28µm
net441,96.22µm
net51,95.92µm
_2009_,95.9µm
_2124_,95.64µm
_2266_,95.6µm
_1867_,95.56µm
_1997_,95.56µm
_2869_,95.56µm
clknet_leaf_92_aclk,95.08µm
net641,94.98µm
u_write_arbiter.aw_buf_addr\[125\],94.2µm
net773,94.1µm
_0560_,93.86µm
net687,93.7µm
_1383_,92.9µm
_3089_,92.72µm
_1963_,92.62µm
net688,92.58µm
net645,92.48µm
_2035_,92.38µm
net125,92.36µm
_2785_,92.32µm
_2249_,92.06µm
net480,92µm
net415,91.92µm
net2,91.84µm
_1604_,91.42µm
net422,91.4µm
net328,91.32µm
net359,91.2µm
_3203_,91.16µm
u_write_arbiter.w_buf_data\[3\],90.84µm
_0922_,90.54µm
_2782_,90.28µm
net416,89.98µm
net442,89.96µm
u_write_arbiter.aw_buf_addr\[22\],89.54µm
u_write_arbiter.aw_buf_addr\[28\],89.42µm
net179,89.42µm
clknet_leaf_76_aclk,89.36µm
net287,89.3µm
_3062_,89.28µm
net402,89.28µm
net364,89.06µm
net135,88.74µm
net238,88.36µm
_1986_,88.3µm
clknet_leaf_55_aclk,88.26µm
u_response_router.w_target_slave\[1\],88.125µm
net428,87.98µm
_1964_,87.88µm
_2513_,87.86µm
net146,87.66µm
u_write_arbiter.aw_buf_addr\[60\],87.64µm
_3172_,87.48µm
net123,87.46µm
clknet_leaf_93_aclk,87.39µm
net377,87.38µm
net586,87.2µm
_2022_,86.9µm
u_write_arbiter.aw_buf_addr\[48\],86.9µm
net413,86.9µm
_1981_,86.78µm
net403,86.26µm
net177,86.14µm
u_write_arbiter.u_write_qos.is_active,85.9µm
_2349_,85.74µm
_3048_,85.68µm
net469,85.2µm
_2003_,85.02µm
_2582_,84.98µm
_2854_,84.5µm
clknet_leaf_0_aclk,84.34µm
_1058_,84.32µm
_2015_,84.26µm
_1975_,83.76µm
u_write_arbiter.aw_buf_addr\[24\],83.74µm
net341,83.74µm
_0569_,83.72µm
u_write_arbiter.aw_buf_addr\[49\],83.65µm
_1316_,83.5µm
clknet_leaf_50_aclk,83.44µm
_1391_,83.43µm
u_read_arbiter.u_read_qos.is_active,83.35µm
_1505_,83.2µm
_0678_,83.1µm
_0728_,82.92µm
_0553_,82.8µm
_1484_,82.56µm
_1553_,82.42µm
_1818_,82.42µm
u_response_router.w_target_slave\[0\],82.31µm
net537,82.06µm
_1382_,81.76µm
_1957_,81.54µm
net30,81.52µm
u_write_arbiter.aw_buf_addr\[94\],81.34µm
_3060_,81.15µm
clknet_leaf_66_aclk,81.06µm
clknet_leaf_43_aclk,81µm
u_write_arbiter.aw_buf_addr\[54\],80.76µm
clknet_leaf_27_aclk,80.74µm
_0547_,80.68µm
clknet_leaf_36_aclk,80.67µm
_2243_,79.66µm
net505,79.6µm
net420,79.38µm
u_write_arbiter.aw_buf_addr\[121\],79.02µm
clknet_leaf_90_aclk,78.9µm
clknet_leaf_30_aclk,78.64µm
clknet_leaf_24_aclk,78.24µm
_2795_,77.98µm
net419,77.98µm
_1586_,77.94µm
net797,77.94µm
_2995_,77.78µm
net429,77.78µm
net417,77.7µm
_0741_,77.645µm
_1593_,77.36µm
_3099_,77.06µm
_0631_,77.04µm
net272,76.88µm
_1579_,76.32µm
u_write_arbiter.w_buf_data\[4\],76.14µm
_3007_,75.98µm
clknet_leaf_84_aclk,75.76µm
_2143_,75.6µm
u_read_arbiter.u_read_qos.m0_burst_count\[0\],75.56µm
_1483_,75.27µm
u_write_arbiter.aw_buf_addr\[91\],75.19µm
_1059_,74.97µm
_2364_,74.84µm
u_write_arbiter.aw_buf_addr\[118\],74.42µm
net646,74.12µm
u_write_arbiter.aw_buf_addr\[27\],74.08µm
_1969_,74.06µm
_2893_,73.72µm
net401,73.72µm
_2136_,73.68µm
net173,73.5µm
net546,73.48µm
net104,73.06µm
net331,72.94µm
_2317_,72.84µm
clknet_leaf_25_aclk,72.84µm
_2887_,72.8µm
u_write_arbiter.aw_buf_addr\[83\],72.66µm
net883,72.54µm
net29,72.26µm
net875,72.08µm
u_write_arbiter.aw_buf_addr\[26\],72µm
_1054_,71.98µm
_2389_,71.8µm
_2027_,71.58µm
net547,71.38µm
_2270_,71.16µm
_2783_,70.815µm
_3012_,70.78µm
clknet_leaf_79_aclk,70.62µm
net299,70.54µm
_0597_,70.5µm
net492,70.42µm
clknet_leaf_51_aclk,70.12µm
_2126_,69.98µm
_1101_,69.97µm
_3159_,69.92µm
_2146_,69.76µm
clknet_leaf_3_aclk,69.68µm
_1991_,69.66µm
_0545_,69.54µm
clknet_leaf_77_aclk,69.48µm
clknet_leaf_21_aclk,69.25µm
net487,68.8µm
_3176_,68.64µm
net320,68.26µm
_2296_,68.14µm
net486,68.02µm
_1668_,68µm
_2532_,67.88µm
_2896_,67.78µm
_1061_,67.08µm
net592,67.04µm
net342,66.98µm
net197,66.96µm
clknet_leaf_14_aclk,66.95µm
u_write_arbiter.aw_buf_addr\[115\],66.74µm
_1945_,66.56µm
net890,66.48µm
_1917_,66.46µm
_1475_,66.38µm
net393,66.26µm
_1111_,65.77µm
u_write_arbiter.w_buf_data\[70\],65.38µm
clknet_leaf_2_aclk,65.34µm
_1224_,65.24µm
net452,65.24µm
net273,65.18µm
_1745_,65.12µm
_0658_,65.04µm
net284,64.82µm
net105,64.7µm
u_read_arbiter.u_read_qos.current_master\[1\],64.6µm
net54,64.36µm
net270,64.36µm
_0635_,64.32µm
u_write_arbiter.aw_buf_addr\[42\],64.155µm
clknet_leaf_56_aclk,64.04µm
clknet_leaf_94_aclk,63.86µm
_1271_,63.8µm
_1263_,63.68µm
_2511_,63.6µm
net311,63.6µm
_1563_,63.48µm
net111,63.32µm
net697,63.27µm
_2131_,63.26µm
clknet_leaf_18_aclk,62.74µm
u_write_arbiter.w_buf_data\[122\],62.52µm
_1546_,62.22µm
_2506_,61.59µm
net198,61.56µm
u_read_arbiter.u_read_qos.current_master\[0\],61.28µm
_1109_,61.06µm
_0534_,60.8µm
net598,60.79µm
_0602_,60.76µm
u_read_arbiter.u_read_qos.m0_burst_count\[7\],60.6µm
_2138_,60.48µm
u_write_arbiter.w_buf_data\[111\],60.42µm
net300,60.04µm
_1358_,59.78µm
_0824_,59.72µm
net449,59.7µm
_1594_,59.68µm
net121,59.68µm
u_write_arbiter.aw_buf_addr\[29\],59.6µm
net319,59.54µm
clknet_leaf_40_aclk,59.24µm
_1357_,59.2µm
u_write_arbiter.aw_buf_addr\[43\],59.19µm
net37,58.98µm
clknet_leaf_4_aclk,58.94µm
_2120_,58.92µm
net477,58.9µm
_2330_,58.72µm
_2912_,58.62µm
_1184_,58.56µm
net734,58.32µm
_2067_,58.3µm
net774,58.3µm
clknet_leaf_83_aclk,58.26µm
net411,58.1µm
_0993_,57.76µm
net414,57.74µm
_3162_,57.7µm
clknet_leaf_12_aclk,57.64µm
_1995_,57.56µm
net655,57.42µm
clknet_leaf_73_aclk,57.18µm
_2141_,57.02µm
clknet_leaf_78_aclk,56.925µm
_1521_,56.74µm
_1876_,56.52µm
clknet_leaf_13_aclk,56.52µm
_2254_,56.5µm
clknet_leaf_88_aclk,56.38µm
_2118_,56.2µm
u_write_arbiter.w_buf_data\[6\],56.06µm
_3083_,56.02µm
_0578_,55.82µm
_2972_,55.76µm
net67,55.7µm
clknet_leaf_47_aclk,55.7µm
_0562_,55.64µm
clknet_leaf_65_aclk,55.56µm
clknet_leaf_10_aclk,55.48µm
u_write_arbiter.w_buf_data\[48\],55.24µm
clknet_leaf_99_aclk,55.22µm
net78,55.08µm
_0740_,55.06µm
u_write_arbiter.w_buf_data\[31\],55.02µm
net141,55.02µm
net186,54.98µm
_3066_,54.8µm
_1615_,54.74µm
u_write_arbiter.w_buf_data\[105\],54.74µm
_2930_,54.58µm
u_write_arbiter.w_buf_data\[81\],54.58µm
u_read_arbiter.u_read_qos.budget_2\[3\],54.46µm
clknet_leaf_82_aclk,54.26µm
_2509_,54.22µm
_2210_,54.12µm
u_write_arbiter.u_write_qos.current_master\[0\],54.06µm
_1598_,54µm
_1072_,53.72µm
u_write_arbiter.u_write_qos.age_m3\[4\],53.68µm
_1356_,53.06µm
clknet_leaf_69_aclk,53µm
clknet_leaf_28_aclk,52.92µm
_3139_,52.89µm
_0525_,52.84µm
clknet_leaf_74_aclk,52.58µm
_2379_,52.56µm
clknet_leaf_62_aclk,52.42µm
_1614_,52.32µm
net267,52.32µm
clknet_leaf_80_aclk,52.28µm
u_write_arbiter.aw_buf_addr\[31\],52.26µm
_1163_,52.18µm
_3226_,51.92µm
clknet_leaf_53_aclk,51.86µm
_3133_,51.67µm
_0605_,51.6µm
clknet_leaf_35_aclk,51.55µm
net678,51.48µm
_0642_,51.22µm
u_write_arbiter.w_buf_strb\[12\],51.08µm
_2156_,51µm
net50,50.82µm
net668,50.68µm
clknet_leaf_61_aclk,50.48µm
u_write_arbiter.w_buf_data\[106\],50.16µm
_1129_,50.05µm
_1922_,49.86µm
_2920_,49.86µm
clknet_leaf_59_aclk,49.86µm
clknet_leaf_19_aclk,49.82µm
clknet_leaf_71_aclk,49.7µm
net73,49.38µm
_2792_,49.32µm
_1582_,49.24µm
u_write_arbiter.aw_buf_addr\[82\],49.16µm
net45,48.94µm
_3024_,48.9µm
_1073_,48.8µm
_0592_,48.48µm
u_write_arbiter.u_write_qos.m0_burst_count\[1\],48.38µm
net394,48.2µm
net712,48.18µm
clknet_leaf_57_aclk,48.18µm
u_read_arbiter.u_read_qos.m0_burst_count\[5\],47.92µm
u_read_arbiter.u_read_qos.age_m2\[0\],47.76µm
clknet_leaf_38_aclk,47.74µm
_3072_,47.4µm
u_write_arbiter.w_buf_data\[17\],47.4µm
net245,47.36µm
u_write_arbiter.w_buf_data\[43\],47.34µm
net180,47.3µm
net306,47.28µm
_0718_,47.15µm
_0982_,47.13µm
_1662_,47.08µm
net770,47.06µm
net212,46.8µm
net447,46.42µm
_2421_,46.36µm
net853,46.3µm
u_write_arbiter.aw_buf_addr\[57\],46.28µm
_0819_,46.2µm
_2114_,46.2µm
net455,46.08µm
_0536_,46.06µm
u_read_arbiter.owner_id_r\[1\],46.06µm
_0814_,46.04µm
_1574_,45.6µm
net726,45.4µm
_2866_,45.14µm
net210,45.12µm
_0673_,45.08µm
_1649_,45.08µm
u_write_arbiter.aw_buf_addr\[52\],44.92µm
u_read_arbiter.u_read_qos.m0_burst_count\[4\],44.78µm
net490,44.76µm
net493,44.76µm
_3224_,44.72µm
_3187_,44.64µm
_1063_,44.42µm
net683,44.4µm
net388,44.26µm
net468,44.22µm
u_read_arbiter.u_read_qos.m0_burst_count\[1\],44.21µm
clknet_leaf_17_aclk,44.2µm
_2937_,44.06µm
clknet_leaf_46_aclk,44.06µm
_0645_,44.02µm
_1907_,43.9µm
_1134_,43.82µm
_2875_,43.8µm
_0521_,43.76µm
_1285_,43.76µm
_3127_,43.63µm
u_write_arbiter.w_buf_data\[27\],43.62µm
u_write_arbiter.w_buf_data\[101\],43.56µm
net733,43.54µm
clknet_leaf_72_aclk,42.96µm
net344,42.82µm
_0643_,42.67µm
_1589_,42.605µm
_2149_,42.52µm
_1154_,42.46µm
net367,42.42µm
net374,42.3µm
_2922_,42.28µm
_0572_,42.26µm
net207,42.14µm
clknet_leaf_9_aclk,42.135µm
net644,42.12µm
u_write_arbiter.aw_buf_addr\[117\],42.02µm
_1577_,41.96µm
u_write_arbiter.w_buf_strb\[14\],41.67µm
u_write_arbiter.w_buf_data\[28\],41.64µm
_2853_,41.62µm
_2422_,41.58µm
_0932_,41.44µm
u_write_arbiter.u_write_qos.m0_burst_count\[6\],41.32µm
clknet_leaf_60_aclk,41.32µm
u_read_arbiter.u_read_qos.budget_3\[3\],41.22µm
_1782_,41.15µm
net202,41.14µm
net356,40.96µm
_3065_,40.81µm
_2130_,40.76µm
u_read_arbiter.u_read_qos.age_m3\[4\],40.64µm
u_read_arbiter.u_read_qos.age_m2\[7\],40.62µm
net485,40.54µm
_3168_,40.52µm
u_write_arbiter.w_buf_data\[108\],40.52µm
clknet_leaf_39_aclk,40.52µm
_1194_,40.36µm
_1606_,40.32µm
clknet_leaf_32_aclk,40.29µm
clknet_leaf_34_aclk,39.8µm
clknet_leaf_67_aclk,39.74µm
net386,39.72µm
net196,39.715µm
net412,39.7µm
clknet_leaf_75_aclk,39.7µm
u_write_arbiter.w_buf_data\[47\],39.56µm
net268,39.34µm
u_read_arbiter.u_read_qos.age_m3\[0\],39.31µm
_0593_,39.2µm
_2151_,38.96µm
_1939_,38.9µm
u_write_arbiter.u_write_qos.age_m1\[1\],38.76µm
_3059_,38.74µm
_1181_,38.7µm
u_write_arbiter.u_write_qos.current_master\[1\],38.56µm
u_read_arbiter.u_read_qos.budget_1\[3\],38.38µm
_2122_,38.36µm
_1379_,38.28µm
_2403_,38.28µm
_2236_,38.22µm
_0544_,37.9µm
u_write_arbiter.u_write_qos.age_m1\[6\],37.9µm
_0659_,37.74µm
net483,37.7µm
u_read_arbiter.u_read_qos.age_m3\[1\],37.63µm
_3081_,37.44µm
_2347_,37.36µm
net387,37.34µm
_3087_,37.24µm
net396,37µm
_2134_,36.995µm
u_write_arbiter.aw_buf_addr\[86\],36.68µm
_1112_,36.67µm
u_write_arbiter.aw_buf_addr\[84\],36.56µm
u_write_arbiter.aw_buf_addr\[32\],36.5µm
_0826_,36.42µm
_0749_,36.4µm
_1322_,36.34µm
_0714_,36.32µm
clknet_leaf_58_aclk,36.22µm
u_read_arbiter.u_read_qos.budget_2\[2\],36.02µm
clknet_leaf_86_aclk,36.02µm
_0694_,35.92µm
_1137_,35.82µm
u_write_arbiter.w_buf_data\[37\],35.8µm
_1849_,35.72µm
_1603_,35.68µm
u_write_arbiter.w_buf_data\[84\],35.58µm
_0687_,35.52µm
u_read_arbiter.u_read_qos.age_m1\[1\],35.44µm
u_write_arbiter.aw_buf_addr\[113\],35.44µm
_1138_,35.38µm
_2358_,35.38µm
_2050_,35.26µm
_3093_,35.2µm
net293,35.2µm
net471,35.18µm
_2007_,35.16µm
u_write_arbiter.aw_buf_addr\[56\],35.16µm
u_read_arbiter.u_read_qos.age_m3\[6\],35.08µm
_3180_,35.04µm
net90,35µm
_0990_,34.98µm
_2327_,34.8µm
_0582_,34.54µm
u_write_arbiter.u_write_qos.m0_burst_count\[4\],34.54µm
_1987_,34.42µm
clknet_leaf_85_aclk,34.4µm
net714,34.38µm
_0755_,34.34µm
net732,34.26µm
u_write_arbiter.aw_buf_addr\[123\],34.24µm
_2108_,34.22µm
_2517_,34.18µm
_1189_,34.12µm
net46,34.04µm
_0935_,33.94µm
u_write_arbiter.u_write_qos.m0_burst_count\[7\],33.86µm
u_write_arbiter.aw_buf_addr\[85\],33.76µm
_0670_,33.72µm
_1643_,33.65µm
_1680_,33.64µm
clknet_leaf_54_aclk,33.64µm
u_write_arbiter.w_buf_data\[54\],33.62µm
_1525_,33.6µm
_1202_,33.56µm
clknet_leaf_45_aclk,33.54µm
_2140_,33.5µm
_1587_,33.46µm
_0535_,33.4µm
_2967_,33.36µm
_0524_,33.32µm
u_write_arbiter.w_buf_data\[79\],33.28µm
_1656_,33.18µm
net667,33.18µm
net543,33.04µm
net463,32.94µm
_1501_,32.88µm
_1956_,32.86µm
_2102_,32.76µm
_2129_,32.58µm
net666,32.52µm
_0942_,32.42µm
net170,32.42µm
net409,32.42µm
net502,32.4µm
u_write_arbiter.u_write_qos.rr_ptr\[2\],32.34µm
_1602_,32.24µm
u_write_arbiter.w_buf_data\[80\],32.24µm
_2805_,32.18µm
u_read_arbiter.u_read_qos.m0_burst_count\[6\],32.1µm
u_write_arbiter.u_write_qos.age_m2\[4\],31.98µm
u_read_arbiter.u_read_qos.age_m3\[2\],31.96µm
_1011_,31.92µm
net491,31.84µm
_2949_,31.83µm
clknet_leaf_70_aclk,31.8µm
_1006_,31.76µm
u_write_arbiter.aw_buf_addr\[120\],31.6µm
net504,31.4µm
net229,31.22µm
u_read_arbiter.u_read_qos.m0_burst_count\[2\],31.14µm
net453,31.12µm
_1431_,31.08µm
net309,31.02µm
_0717_,30.96µm
_2372_,30.9µm
net64,30.9µm
u_read_arbiter.u_read_qos.age_m2\[6\],30.86µm
u_write_arbiter.aw_buf_addr\[20\],30.8µm
_1128_,30.72µm
_3110_,30.64µm
_1020_,30.58µm
_2211_,30.54µm
net85,30.5µm
net35,30.48µm
_2420_,30.44µm
_0598_,30.43µm
net936,30.12µm
_1666_,30.1µm
_2528_,30.06µm
_0752_,30.04µm
u_write_arbiter.w_buf_data\[62\],30.02µm
u_response_router.w_owner_id\[0\],30µm
u_write_arbiter.aw_buf_addr\[17\],30µm
clknet_leaf_5_aclk,30µm
clknet_leaf_31_aclk,29.9µm
_0721_,29.88µm
_1933_,29.88µm
u_write_arbiter.u_write_qos.age_m3\[3\],29.86µm
net265,29.86µm
_3199_,29.82µm
u_write_arbiter.w_buf_data\[83\],29.8µm
_0960_,29.74µm
net185,29.72µm
net458,29.62µm
net171,29.6µm
_0876_,29.36µm
net175,29.36µm
_0526_,29.28µm
u_write_arbiter.w_buf_data\[107\],29.24µm
net896,29.24µm
s_axi_rdata[36],29.21µm
_2005_,29.16µm
_1647_,29.1µm
u_read_arbiter.u_read_qos.age_m3\[3\],28.96µm
_2103_,28.92µm
u_write_arbiter.u_write_qos.age_m1\[5\],28.84µm
_1108_,28.82µm
_1352_,28.82µm
net927,28.82µm
net339,28.8µm
u_write_arbiter.u_write_qos.age_m3\[1\],28.7µm
_1146_,28.675µm
net55,28.66µm
u_write_arbiter.w_buf_data\[11\],28.56µm
net775,28.52µm
net921,28.52µm
u_write_arbiter.aw_buf_addr\[21\],28.51µm
u_write_arbiter.aw_buf_addr\[88\],28.42µm
_2965_,28.36µm
net464,28.36µm
net335,28.34µm
u_write_arbiter.w_buf_data\[61\],28.26µm
net337,28.24µm
net476,28.24µm
_1576_,28.22µm
net462,28.22µm
u_write_arbiter.u_write_qos.m0_burst_count\[0\],27.88µm
_2008_,27.845µm
_1517_,27.84µm
net36,27.76µm
s_axi_rdata[100],27.73µm
_2010_,27.68µm
u_read_arbiter.u_read_qos.age_m1\[0\],27.675µm
net768,27.6µm
_2112_,27.58µm
_2311_,27.54µm
u_read_arbiter.u_read_qos.budget_1\[0\],27.52µm
net467,27.52µm
net669,27.52µm
_1233_,27.48µm
_3153_,27.44µm
_1145_,27.4µm
s_axi_wdata[66],27.38µm
_0720_,27.36µm
_1873_,27.32µm
s_axi_rdata[101],27.19µm
m_axi_rdata[20],27.14µm
net242,27.14µm
u_write_arbiter.u_write_qos.budget_1\[2\],27.13µm
_2133_,27.08µm
_3102_,27.02µm
_0981_,26.98µm
net264,26.98µm
_1445_,26.96µm
clknet_leaf_11_aclk,26.9µm
_2128_,26.88µm
_2304_,26.88µm
u_write_arbiter.w_buf_strb\[15\],26.86µm
u_write_arbiter.aw_buf_addr\[53\],26.84µm
_1625_,26.78µm
net475,26.74µm
_2062_,26.72µm
_2961_,26.66µm
_3017_,26.64µm
_0950_,26.58µm
u_read_arbiter.u_read_qos.age_m2\[4\],26.58µm
u_write_arbiter.w_buf_data\[109\],26.57µm
_2350_,26.54µm
net459,26.52µm
clknet_leaf_49_aclk,26.48µm
u_write_arbiter.aw_buf_addr\[122\],26.36µm
u_write_arbiter.u_write_qos.budget_1\[3\],26.36µm
_3043_,26.26µm
net664,26.26µm
net1132,26.22µm
u_write_arbiter.aw_buf_addr\[0\],26.2µm
net282,26.18µm
_0754_,26.12µm
net541,26.06µm
net460,26.02µm
u_write_arbiter.w_buf_data\[116\],25.98µm
u_write_arbiter.aw_buf_addr\[18\],25.92µm
u_write_arbiter.u_write_qos.budget_2\[3\],25.91µm
u_read_arbiter.u_read_qos.rr_ptr\[2\],25.9µm
u_write_arbiter.aw_buf_addr\[19\],25.9µm
_2797_,25.86µm
u_write_arbiter.u_write_qos.budget_3\[1\],25.82µm
u_read_arbiter.u_read_qos.age_m2\[3\],25.76µm
net448,25.64µm
_1658_,25.62µm
_0837_,25.6µm
_1258_,25.52µm
net806,25.5µm
net334,25.48µm
_1389_,25.4µm
_2125_,25.38µm
_3013_,25.38µm
net496,25.38µm
_2354_,25.26µm
net296,25.24µm
u_write_arbiter.u_write_qos.budget_1\[0\],25.21µm
net815,25.18µm
net280,25.14µm
net681,25.12µm
net392,25.06µm
u_write_arbiter.w_state\[0\],24.98µm
_0019_,24.94µm
_0575_,24.84µm
s_axi_awaddr[28],24.8µm
_2097_,24.7µm
net470,24.62µm
net482,24.58µm
_0581_,24.56µm
u_write_arbiter.u_write_qos.age_m1\[7\],24.52µm
u_write_arbiter.w_buf_data\[59\],24.5µm
_1783_,24.48µm
net205,24.48µm
_1937_,24.42µm
_1241_,24.37µm
_2882_,24.36µm
net275,24.36µm
m_axi_rdata[15],24.32µm
u_write_arbiter.aw_buf_addr\[93\],24.28µm
u_write_arbiter.w_buf_strb\[9\],24.27µm
s_axi_wdata[39],24.24µm
u_write_arbiter.aw_buf_addr\[44\],24.24µm
net661,24.24µm
net841,24.22µm
u_write_arbiter.u_write_qos.age_m1\[0\],24.2µm
u_write_arbiter.u_write_qos.age_m2\[6\],24.2µm
_0934_,24.02µm
s_axi_awaddr[33],23.9µm
_0002_,23.88µm
_1384_,23.84µm
m_axi_wready[0],23.82µm
_3147_,23.78µm
_1215_,23.76µm
clknet_leaf_52_aclk,23.76µm
_2100_,23.74µm
_2086_,23.58µm
u_read_arbiter.u_read_qos.budget_3\[1\],23.42µm
net659,23.42µm
net685,23.42µm
_1048_,23.41µm
u_write_arbiter.u_write_qos.age_m3\[0\],23.34µm
_0686_,23.3µm
_0914_,23.28µm
_1897_,23.26µm
cfg_master0_burst_limit[3],23.24µm
_3156_,23.16µm
_1639_,23.08µm
s_axi_araddr[94],23.05µm
_2892_,23.04µm
m_axi_rdata[25],22.99µm
s_axi_awaddr[98],22.92µm
u_read_arbiter.owner_id_r\[0\],22.92µm
_2786_,22.86µm
_0938_,22.84µm
u_read_arbiter.u_read_qos.age_m3\[7\],22.84µm
net699,22.84µm
_0945_,22.8µm
_1840_,22.8µm
net465,22.78µm
net675,22.76µm
_0075_,22.72µm
_1173_,22.695µm
_1388_,22.66µm
u_write_arbiter.w_buf_data\[69\],22.66µm
u_read_arbiter.u_read_qos.age_m1\[4\],22.64µm
u_write_arbiter.u_write_qos.age_m3\[6\],22.64µm
_3041_,22.62µm
_1923_,22.58µm
_2530_,22.54µm
u_write_arbiter.w_buf_data\[82\],22.52µm
s_axi_awaddr[121],22.5µm
s_axi_awaddr[32],22.44µm
net382,22.42µm
clknet_leaf_96_aclk,22.42µm
s_axi_awaddr[24],22.4µm
_1752_,22.32µm
m_axi_rdata[18],22.32µm
s_axi_wdata[108],22.28µm
net221,22.28µm
net354,22.28µm
_1746_,22.27µm
_1141_,22.24µm
m_axi_rdata[32],22.24µm
u_write_arbiter.u_write_qos.budget_2\[2\],22.24µm
u_write_arbiter.w_buf_data\[120\],22.22µm
_3096_,22.16µm
_1270_,22.14µm
net324,22.14µm
net262,22.12µm
_0574_,22.08µm
u_read_arbiter.u_read_qos.age_m3\[5\],22.08µm
_1260_,22.06µm
_3129_,22.06µm
u_write_arbiter.aw_buf_prot\[3\],22.02µm
net680,22µm
u_write_arbiter.w_buf_data\[5\],21.96µm
_0044_,21.94µm
s_axi_awaddr[64],21.94µm
_0604_,21.9µm
net862,21.9µm
u_write_arbiter.aw_buf_addr\[79\],21.88µm
net261,21.88µm
_0949_,21.84µm
_1079_,21.8µm
_1821_,21.8µm
_1636_,21.76µm
_0564_,21.68µm
u_read_arbiter.u_read_qos.budget_3\[2\],21.66µm
net313,21.66µm
net352,21.62µm
_0652_,21.58µm
_1888_,21.54µm
_2059_,21.54µm
net981,21.46µm
_1136_,21.42µm
_1640_,21.4µm
u_write_arbiter.w_buf_data\[100\],21.4µm
_1652_,21.38µm
s_axi_wstrb[6],21.37µm
_0568_,21.35µm
m_axi_rdata[24],21.32µm
_1992_,21.3µm
u_write_arbiter.aw_buf_addr\[116\],21.26µm
net206,21.18µm
_0872_,21.14µm
_1004_,21.12µm
net663,21.12µm
net381,21.1µm
_2053_,21.08µm
_2889_,21.08µm
_2906_,21.08µm
m_axi_awaddr[35],21.04µm
m_axi_rdata[23],21.02µm
_0618_,21µm
net552,21µm
_0533_,20.96µm
u_write_arbiter.w_buf_data\[96\],20.94µm
u_write_arbiter.w_buf_data\[94\],20.88µm
m_axi_rdata[10],20.86µm
m_axi_rdata[16],20.86µm
u_write_arbiter.aw_buf_addr\[51\],20.86µm
_0679_,20.84µm
_0705_,20.84µm
u_write_arbiter.u_write_qos.budget_1\[1\],20.84µm
_1797_,20.82µm
u_read_arbiter.u_read_qos.age_m1\[6\],20.82µm
u_write_arbiter.w_buf_data\[118\],20.78µm
u_write_arbiter.w_buf_data\[20\],20.74µm
_0905_,20.68µm
net404,20.66µm
net843,20.58µm
_1904_,20.56µm
_1605_,20.54µm
net481,20.52µm
s_axi_rdata[109],20.51µm
s_axi_araddr[121],20.48µm
u_write_arbiter.aw_buf_addr\[12\],20.48µm
u_write_arbiter.u_write_qos.age_m2\[0\],20.46µm
u_write_arbiter.w_buf_strb\[7\],20.44µm
net852,20.44µm
u_write_arbiter.aw_buf_addr\[59\],20.42µm
net466,20.42µm
_2516_,20.4µm
u_read_arbiter.u_read_qos.budget_1\[1\],20.38µm
_2789_,20.32µm
u_write_arbiter.w_buf_data\[99\],20.3µm
_1198_,20.28µm
u_write_arbiter.aw_buf_addr\[77\],20.28µm
u_write_arbiter.w_buf_data\[97\],20.25µm
m_axi_awaddr[22],20.24µm
net294,20.24µm
_1637_,20.2µm
m_axi_rdata[58],20.18µm
u_write_arbiter.w_buf_data\[110\],20.08µm
net778,20.04µm
m_axi_araddr[57],20.02µm
s_axi_awaddr[10],20.02µm
net172,20µm
u_write_arbiter.w_buf_data\[112\],19.96µm
_1599_,19.94µm
m_axi_rdata[2],19.94µm
m_axi_rdata[57],19.94µm
_2251_,19.92µm
net276,19.9µm
u_read_arbiter.u_read_qos.rr_ptr\[0\],19.89µm
_2375_,19.86µm
_1675_,19.85µm
net882,19.78µm
_1495_,19.74µm
m_axi_rdata[35],19.72µm
m_axi_rdata[51],19.72µm
_0955_,19.7µm
u_write_arbiter.aw_buf_addr\[92\],19.7µm
net838,19.66µm
m_axi_rdata[6],19.64µm
net813,19.64µm
_2166_,19.6µm
_1672_,19.54µm
_1833_,19.54µm
_2407_,19.54µm
u_write_arbiter.w_buf_data\[72\],19.54µm
u_write_arbiter.u_write_qos.m0_burst_count\[3\],19.5µm
_2262_,19.46µm
_1252_,19.44µm
_1611_,19.44µm
_1206_,19.42µm
_0901_,19.4µm
u_write_arbiter.aw_buf_addr\[69\],19.4µm
_1261_,19.38µm
net330,19.32µm
net1186,19.32µm
s_axi_araddr[92],19.29µm
net308,19.28µm
net1135,19.26µm
_1275_,19.22µm
_0776_,19.2µm
s_axi_rdata[14],19.19µm
_0848_,19.16µm
u_write_arbiter.w_buf_data\[58\],19.14µm
u_write_arbiter.w_buf_data\[76\],19.08µm
net660,19.08µm
net711,19.08µm
_2841_,18.98µm
net445,18.96µm
u_read_arbiter.u_read_qos.budget_2\[0\],18.93µm
u_write_arbiter.w_state\[1\],18.93µm
m_axi_awaddr[29],18.92µm
net665,18.9µm
u_write_arbiter.w_buf_data\[86\],18.88µm
s_axi_wdata[27],18.85µm
s_axi_awaddr[42],18.84µm
u_write_arbiter.w_buf_data\[29\],18.84µm
net959,18.84µm
_2989_,18.82µm
net679,18.82µm
s_axi_awaddr[111],18.81µm
m_axi_rdata[47],18.78µm
net303,18.76µm
net503,18.76µm
m_axi_rdata[46],18.72µm
_0800_,18.68µm
_1347_,18.66µm
m_axi_rdata[31],18.64µm
net201,18.6µm
_1204_,18.58µm
_0629_,18.54µm
u_write_arbiter.u_write_qos.rr_ptr\[1\],18.52µm
_1654_,18.48µm
u_write_arbiter.w_buf_strb\[3\],18.48µm
_1702_,18.44µm
u_write_arbiter.aw_buf_addr\[80\],18.44µm
net214,18.42µm
net1227,18.42µm
_2056_,18.4µm
_2917_,18.4µm
_1787_,18.39µm
u_write_arbiter.w_buf_data\[74\],18.38µm
_2829_,18.36µm
net281,18.36µm
_0834_,18.32µm
_3135_,18.32µm
_0941_,18.3µm
_1927_,18.28µm
net812,18.28µm
net847,18.28µm
net40,18.22µm
net169,18.2µm
_0518_,18.16µm
u_write_arbiter.aw_buf_addr\[78\],18.16µm
_3056_,18.15µm
_2181_,18.14µm
_0852_,18.1µm
_0590_,18.08µm
_1188_,18.08µm
m_axi_bready[1],18.04µm
_1839_,18µm
_1455_,17.98µm
u_read_arbiter.u_read_qos.rr_ptr\[1\],17.98µm
net405,17.94µm
net274,17.92µm
net954,17.92µm
_2894_,17.9µm
m_axi_rdata[54],17.88µm
s_axi_wdata[10],17.84µm
s_axi_awaddr[47],17.8µm
_0565_,17.78µm
_0633_,17.78µm
net237,17.78µm
_0787_,17.765µm
_0638_,17.76µm
m_axi_awaddr[26],17.76µm
u_write_arbiter.w_buf_data\[26\],17.74µm
s_axi_awaddr[38],17.72µm
u_write_arbiter.w_buf_data\[19\],17.72µm
u_write_arbiter.u_write_qos.age_m1\[4\],17.7µm
u_write_arbiter.u_write_qos.age_m3\[2\],17.62µm
u_write_arbiter.w_buf_data\[117\],17.62µm
_1554_,17.52µm
u_write_arbiter.w_buf_data\[98\],17.52µm
s_axi_wstrb[8],17.45µm
_2729_,17.44µm
_2845_,17.44µm
s_axi_awaddr[4],17.44µm
u_write_arbiter.aw_buf_addr\[76\],17.44µm
net297,17.44µm
_1096_,17.42µm
net539,17.4µm
s_axi_awaddr[44],17.38µm
s_axi_awaddr[81],17.38µm
s_axi_wdata[14],17.38µm
s_axi_wdata[2],17.38µm
s_axi_wdata[34],17.38µm
s_axi_wdata[35],17.38µm
s_axi_wdata[48],17.38µm
s_axi_wdata[4],17.38µm
s_axi_wdata[53],17.38µm
s_axi_wdata[54],17.38µm
s_axi_wdata[71],17.38µm
u_write_arbiter.w_buf_data\[66\],17.38µm
_2252_,17.34µm
s_axi_awaddr[48],17.34µm
s_axi_awaddr[86],17.34µm
_0734_,17.32µm
_1242_,17.32µm
_1013_,17.3µm
_3095_,17.3µm
u_write_arbiter.u_write_qos.age_m1\[2\],17.28µm
_1459_,17.22µm
m_axi_awaddr[3],17.22µm
_1055_,17.18µm
_2519_,17.18µm
_2017_,17.14µm
m_axi_awaddr[34],17.14µm
net771,17.14µm
_0790_,17.12µm
_2106_,17.12µm
m_axi_awprot[4],17.12µm
net658,17.12µm
u_write_arbiter.w_buf_data\[13\],17.08µm
u_write_arbiter.w_buf_data\[119\],17.04µm
_1139_,17.02µm
_2996_,17.02µm
_1091_,17µm
_2910_,17µm
u_write_arbiter.w_buf_data\[125\],17µm
u_write_arbiter.w_buf_strb\[8\],17µm
net366,17µm
clknet_leaf_63_aclk,16.96µm
_0556_,16.94µm
s_axi_awaddr[41],16.92µm
s_axi_awaddr[43],16.92µm
s_axi_wdata[0],16.92µm
s_axi_wdata[103],16.92µm
s_axi_wdata[114],16.92µm
s_axi_wdata[19],16.92µm
s_axi_wdata[51],16.92µm
s_axi_wdata[52],16.92µm
s_axi_wdata[64],16.92µm
net69,16.9µm
_1618_,16.88µm
s_axi_araddr[110],16.84µm
s_axi_wdata[123],16.84µm
cfg_master0_burst_limit[6],16.8µm
_1205_,16.78µm
_1924_,16.78µm
u_read_arbiter.u_read_qos.age_m1\[2\],16.78µm
_2402_,16.76µm
net87,16.76µm
_1062_,16.72µm
m_axi_rdata[27],16.72µm
_1561_,16.68µm
u_read_arbiter.u_read_qos.age_m2\[1\],16.68µm
_1490_,16.6µm
net263,16.56µm
_1071_,16.54µm
m_axi_awaddr[6],16.54µm
s_axi_awaddr[68],16.54µm
_1095_,16.52µm
u_write_arbiter.w_buf_strb\[11\],16.52µm
u_write_arbiter.w_buf_strb\[1\],16.52µm
_1349_,16.5µm
m_axi_rdata[59],16.5µm
s_axi_awaddr[71],16.5µm
_2955_,16.46µm
m_axi_awaddr[1],16.46µm
net826,16.44µm
_1661_,16.42µm
u_write_arbiter.w_buf_data\[44\],16.42µm
_1094_,16.4µm
net676,16.4µm
s_axi_wdata[65],16.38µm
u_write_arbiter.w_buf_data\[88\],16.34µm
s_axi_wdata[75],16.31µm
_1142_,16.3µm
_1601_,16.3µm
_0626_,16.24µm
_1786_,16.24µm
m_axi_awaddr[7],16.24µm
_1779_,16.22µm
m_axi_awaddr[57],16.22µm
u_write_arbiter.w_buf_data\[75\],16.22µm
_0171_,16.2µm
_1493_,16.2µm
_2335_,16.2µm
_3079_,16.2µm
m_axi_awaddr[56],16.2µm
u_write_arbiter.aw_buf_addr\[110\],16.18µm
net383,16.18µm
_0976_,16.14µm
_3025_,16.14µm
net985,16.14µm
_2392_,16.1µm
net208,16.1µm
s_axi_awaddr[56],16.08µm
u_write_arbiter.w_buf_data\[49\],16.06µm
s_axi_wdata[20],16.04µm
_1290_,16.02µm
u_write_arbiter.u_write_qos.age_m3\[7\],16.02µm
s_axi_awaddr[14],16µm
s_axi_wdata[12],16µm
u_write_arbiter.w_buf_data\[51\],16µm
_1282_,15.98µm
u_write_arbiter.u_write_qos.m0_burst_count\[2\],15.98µm
net689,15.98µm
_1103_,15.94µm
s_axi_awaddr[94],15.94µm
_0043_,15.9µm
_1386_,15.9µm
s_axi_wdata[99],15.87µm
_1097_,15.86µm
u_write_arbiter.aw_buf_addr\[47\],15.86µm
u_write_arbiter.w_buf_data\[14\],15.86µm
_3183_,15.84µm
_0007_,15.8µm
_1741_,15.8µm
_1785_,15.8µm
u_write_arbiter.aw_buf_prot\[0\],15.78µm
_1774_,15.76µm
_2023_,15.76µm
_2275_,15.76µm
net47,15.74µm
m_axi_awaddr[20],15.7µm
_0940_,15.68µm
_1131_,15.68µm
_1551_,15.68µm
_2847_,15.68µm
_0599_,15.64µm
_1780_,15.64µm
_0773_,15.625µm
s_axi_awaddr[15],15.62µm
s_axi_awaddr[16],15.62µm
s_axi_awaddr[21],15.62µm
s_axi_awaddr[59],15.62µm
s_axi_awaddr[5],15.62µm
net61,15.6µm
_0259_,15.58µm
s_axi_wdata[23],15.58µm
s_axi_wdata[69],15.58µm
_1319_,15.56µm
_2425_,15.56µm
s_axi_wdata[50],15.54µm
u_read_arbiter.u_read_qos.age_m1\[5\],15.54µm
net278,15.54µm
net540,15.54µm
_2006_,15.52µm
_2144_,15.52µm
_0594_,15.5µm
net365,15.5µm
u_read_arbiter.r_state\[0\],15.49µm
m_axi_awaddr[55],15.46µm
m_axi_rdata[13],15.42µm
m_axi_rdata[38],15.42µm
u_write_arbiter.w_buf_data\[114\],15.4µm
_0001_,15.38µm
_0657_,15.38µm
_2200_,15.38µm
_2232_,15.38µm
m_axi_awaddr[38],15.38µm
_0005_,15.34µm
_1573_,15.34µm
net662,15.34µm
_0910_,15.32µm
_0954_,15.26µm
_2899_,15.26µm
m_axi_awaddr[21],15.24µm
s_axi_araddr[21],15.24µm
_0946_,15.22µm
_1988_,15.22µm
u_write_arbiter.w_buf_data\[89\],15.22µm
_0566_,15.16µm
s_axi_awaddr[84],15.14µm
net1042,15.14µm
s_axi_wdata[127],15.12µm
net312,15.12µm
_2258_,15.1µm
_1067_,15.08µm
s_axi_awaddr[117],15.08µm
s_axi_awaddr[45],15.08µm
u_write_arbiter.aw_buf_addr\[90\],15.08µm
u_write_arbiter.aw_buf_prot\[4\],15.08µm
u_write_arbiter.u_write_qos.budget_2\[0\],15.07µm
_1381_,15.06µm
u_write_arbiter.w_buf_strb\[13\],15.06µm
net178,15.04µm
s_axi_araddr[91],15.01µm
m_axi_awready[1],15µm
u_write_arbiter.aw_buf_addr\[66\],15µm
_1254_,14.98µm
_2428_,14.98µm
m_axi_rdata[62],14.96µm
s_axi_wdata[36],14.96µm
s_axi_wdata[73],14.95µm
u_write_arbiter.w_buf_data\[87\],14.94µm
m_axi_awaddr[60],14.9µm
_1231_,14.88µm
u_write_arbiter.w_buf_data\[10\],14.88µm
net150,14.88µm
_0607_,14.84µm
_1385_,14.77µm
_1650_,14.76µm
_1893_,14.76µm
u_write_arbiter.aw_buf_addr\[46\],14.76µm
m_axi_araddr[55],14.74µm
net75,14.72µm
s_axi_rdata[104],14.71µm
m_axi_awaddr[36],14.7µm
s_axi_awaddr[87],14.7µm
u_write_arbiter.aw_buf_addr\[67\],14.68µm
u_write_arbiter.u_write_qos.age_m2\[3\],14.68µm
m_axi_rdata[8],14.66µm
s_axi_awaddr[3],14.66µm
s_axi_wdata[18],14.66µm
s_axi_wdata[22],14.66µm
s_axi_wdata[3],14.66µm
_1932_,14.64µm
s_axi_wdata[100],14.62µm
s_axi_wdata[107],14.62µm
s_axi_wdata[122],14.62µm
s_axi_wdata[13],14.62µm
_1416_,14.6µm
u_write_arbiter.w_buf_data\[78\],14.6µm
net845,14.6µm
_1085_,14.58µm
s_axi_awaddr[127],14.58µm
s_axi_awaddr[93],14.58µm
u_write_arbiter.aw_buf_addr\[98\],14.58µm
net279,14.58µm
_1135_,14.56µm
_1982_,14.54µm
u_write_arbiter.u_write_qos.age_m2\[7\],14.52µm
m_axi_rdata[45],14.5µm
m_axi_rdata[48],14.5µm
m_axi_rdata[60],14.5µm
net167,14.5µm
_0909_,14.48µm
_1237_,14.48µm
_2111_,14.48µm
_1102_,14.475µm
_0843_,14.46µm
m_axi_bvalid[0],14.46µm
u_write_arbiter.w_buf_data\[1\],14.46µm
net867,14.46µm
_1351_,14.42µm
_2339_,14.42µm
u_write_arbiter.aw_buf_addr\[97\],14.42µm
u_write_arbiter.w_buf_data\[123\],14.42µm
u_write_arbiter.w_buf_data\[30\],14.42µm
u_write_arbiter.w_buf_data\[41\],14.42µm
u_write_arbiter.w_buf_data\[52\],14.42µm
net848,14.42µm
net956,14.42µm
_0600_,14.38µm
_0622_,14.38µm
_0702_,14.38µm
_2975_,14.38µm
u_read_arbiter.u_read_qos.budget_2\[1\],14.38µm
net66,14.36µm
m_axi_awaddr[5],14.32µm
net317,14.32µm
_1056_,14.3µm
_1730_,14.3µm
clknet_leaf_64_aclk,14.3µm
_2954_,14.28µm
_0863_,14.26µm
_3067_,14.26µm
s_axi_awaddr[30],14.24µm
m_axi_rdata[17],14.2µm
m_axi_rdata[34],14.2µm
m_axi_rdata[52],14.2µm
s_axi_araddr[11],14.2µm
s_axi_wdata[102],14.2µm
s_axi_wdata[32],14.2µm
s_axi_wdata[38],14.2µm
s_axi_wdata[6],14.2µm
s_axi_wdata[70],14.2µm
u_write_arbiter.w_buf_data\[46\],14.18µm
_0736_,14.16µm
s_axi_awaddr[46],14.16µm
u_write_arbiter.aw_buf_addr\[111\],14.16µm
_3020_,14.14µm
net369,14.14µm
s_axi_awaddr[113],14.12µm
s_axi_awaddr[53],14.12µm
s_axi_awaddr[74],14.12µm
net915,14.12µm
_1066_,14.1µm
u_write_arbiter.aw_buf_addr\[105\],14.1µm
_0823_,14.06µm
u_write_arbiter.aw_buf_addr\[87\],14.06µm
_0681_,14.055µm
_1070_,14.02µm
_3164_,14.02µm
u_write_arbiter.aw_buf_prot\[9\],14.02µm
net958,14.02µm
_0793_,14µm
net1236,14µm
m_axi_awaddr[43],13.98µm
m_axi_awvalid[1],13.98µm
_1834_,13.96µm
m_axi_awaddr[33],13.94µm
u_write_arbiter.w_buf_data\[8\],13.92µm
s_axi_araddr[83],13.91µm
_0608_,13.88µm
_1792_,13.88µm
_2078_,13.88µm
_1350_,13.87µm
_2426_,13.86µm
_2924_,13.86µm
m_axi_rvalid[1],13.86µm
s_axi_araddr[105],13.86µm
u_write_arbiter.w_buf_data\[9\],13.84µm
_1279_,13.82µm
s_axi_wdata[60],13.81µm
net1000,13.8µm
_0021_,13.78µm
_0798_,13.78µm
s_axi_awaddr[54],13.78µm
s_axi_awaddr[62],13.78µm
s_axi_awaddr[8],13.78µm
s_axi_awprot[2],13.78µm
m_axi_rdata[41],13.74µm
s_axi_araddr[103],13.74µm
s_axi_awaddr[19],13.74µm
s_axi_awaddr[40],13.74µm
_1092_,13.72µm
_1214_,13.72µm
net314,13.72µm
_1140_,13.7µm
s_axi_awaddr[12],13.7µm
s_axi_awaddr[95],13.7µm
s_axi_wdata[116],13.7µm
s_axi_wdata[49],13.7µm
u_write_arbiter.aw_buf_addr\[126\],13.7µm
_1143_,13.68µm
u_write_arbiter.aw_buf_addr\[61\],13.68µm
u_write_arbiter.w_buf_data\[55\],13.68µm
_0417_,13.66µm
_3021_,13.62µm
_3098_,13.62µm
_0549_,13.6µm
_1023_,13.6µm
_0727_,13.58µm
_2161_,13.58µm
_2522_,13.58µm
u_write_arbiter.aw_buf_addr\[65\],13.58µm
net976,13.58µm
_0541_,13.54µm
_2445_,13.54µm
_3073_,13.54µm
m_axi_awaddr[4],13.54µm
u_write_arbiter.w_buf_strb\[0\],13.54µm
u_response_router.w_owner_id\[1\],13.53µm
_0563_,13.5µm
_1387_,13.5µm
_1693_,13.5µm
_1967_,13.5µm
_0680_,13.48µm
_1692_,13.48µm
m_axi_awaddr[31],13.48µm
m_axi_awaddr[37],13.48µm
u_write_arbiter.aw_buf_addr\[38\],13.48µm
u_write_arbiter.aw_buf_addr\[41\],13.48µm
u_write_arbiter.aw_buf_addr\[37\],13.46µm
net1234,13.46µm
s_axi_rdata[103],13.45µm
_0750_,13.42µm
_0877_,13.42µm
_1093_,13.42µm
_1816_,13.4µm
cfg_master0_burst_limit[1],13.4µm
cfg_master0_burst_limit[5],13.4µm
s_axi_araddr[122],13.4µm
_0460_,13.38µm
_1010_,13.38µm
_1193_,13.34µm
net95,13.34µm
m_axi_awready[0],13.32µm
s_axi_awaddr[83],13.32µm
u_write_arbiter.w_buf_data\[0\],13.32µm
m_axi_rdata[26],13.28µm
m_axi_rdata[29],13.28µm
m_axi_rdata[55],13.28µm
s_axi_awaddr[105],13.28µm
net295,13.28µm
u_write_arbiter.w_buf_data\[64\],13.24µm
_0701_,13.22µm
u_write_arbiter.aw_buf_addr\[4\],13.22µm
_2997_,13.2µm
s_axi_awaddr[13],13.2µm
s_axi_awaddr[29],13.2µm
s_axi_awaddr[88],13.2µm
net824,13.2µm
_3069_,13.18µm
u_write_arbiter.w_buf_data\[21\],13.18µm
_0060_,13.16µm
_3023_,13.16µm
u_write_arbiter.aw_buf_addr\[16\],13.14µm
u_write_arbiter.aw_buf_prot\[1\],13.12µm
u_write_arbiter.w_buf_data\[104\],13.12µm
_0712_,13.1µm
_2467_,13.1µm
net849,13.1µm
m_axi_awaddr[11],13.08µm
_0034_,13.06µm
m_axi_araddr[12],13.06µm
m_axi_araddr[18],13.06µm
m_axi_awaddr[39],13.06µm
_1100_,13.04µm
_1453_,13.04µm
_1566_,13.04µm
_2534_,13.04µm
u_write_arbiter.w_buf_data\[113\],13.04µm
u_write_arbiter.w_buf_data\[121\],13.04µm
m_axi_awaddr[28],13.02µm
net984,13µm
_1306_,12.96µm
net325,12.96µm
net551,12.96µm
_0247_,12.94µm
net340,12.94µm
_1171_,12.92µm
_2529_,12.91µm
_2220_,12.9µm
_2551_,12.9µm
_0858_,12.88µm
_3042_,12.88µm
clknet_leaf_98_aclk,12.88µm
u_write_arbiter.w_buf_data\[56\],12.86µm
u_write_arbiter.w_buf_data\[63\],12.84µm
net690,12.84µm
m_axi_rdata[42],12.82µm
s_axi_araddr[25],12.82µm
s_axi_wdata[119],12.82µm
s_axi_wdata[11],12.82µm
s_axi_wdata[15],12.82µm
s_axi_wdata[42],12.82µm
net451,12.82µm
net472,12.82µm
_0540_,12.8µm
_1212_,12.8µm
net332,12.8µm
_0715_,12.78µm
_0170_,12.76µm
_2198_,12.76µm
net825,12.76µm
_0697_,12.74µm
s_axi_awaddr[115],12.74µm
_0641_,12.72µm
_0789_,12.72µm
_0875_,12.72µm
_3030_,12.72µm
s_axi_awaddr[120],12.72µm
_0928_,12.71µm
_1467_,12.7µm
net842,12.7µm
u_write_arbiter.w_buf_strb\[4\],12.68µm
_0684_,12.66µm
_1320_,12.66µm
_1353_,12.66µm
m_axi_wvalid[0],12.64µm
_1557_,12.62µm
_1875_,12.62µm
net1180,12.62µm
net1222,12.62µm
_2790_,12.6µm
m_axi_araddr[14],12.6µm
m_axi_araddr[2],12.6µm
m_axi_araddr[7],12.6µm
_0699_,12.58µm
_0797_,12.58µm
_1044_,12.58µm
_2072_,12.58µm
s_axi_rresp[4],12.51µm
_0570_,12.5µm
_1570_,12.5µm
m_axi_awaddr[2],12.48µm
m_axi_awaddr[53],12.48µm
u_write_arbiter.aw_buf_addr\[107\],12.46µm
u_write_arbiter.w_buf_data\[73\],12.46µm
clknet_leaf_87_aclk,12.46µm
net996,12.42µm
net1024,12.42µm
_0068_,12.4µm
s_axi_awaddr[100],12.4µm
s_axi_awaddr[114],12.4µm
s_axi_awaddr[22],12.4µm
s_axi_awaddr[26],12.4µm
s_axi_awaddr[2],12.4µm
u_write_arbiter.w_buf_data\[45\],12.4µm
net478,12.4µm
_0958_,12.38µm
_1841_,12.38µm
net864,12.38µm
s_axi_wdata[78],12.37µm
_1090_,12.36µm
cfg_master0_burst_limit[0],12.36µm
m_axi_rdata[12],12.36µm
m_axi_rdata[14],12.36µm
m_axi_rdata[22],12.36µm
m_axi_rdata[28],12.36µm
m_axi_rdata[43],12.36µm
m_axi_rdata[44],12.36µm
m_axi_rdata[49],12.36µm
m_axi_rdata[50],12.36µm
m_axi_rdata[53],12.36µm
m_axi_rdata[63],12.36µm
s_axi_araddr[14],12.36µm
s_axi_awaddr[0],12.36µm
s_axi_awaddr[119],12.36µm
s_axi_awaddr[85],12.36µm
s_axi_wdata[105],12.36µm
s_axi_wdata[109],12.36µm
s_axi_wdata[111],12.36µm
s_axi_wdata[115],12.36µm
s_axi_wdata[121],12.36µm
s_axi_wdata[21],12.36µm
s_axi_wdata[41],12.36µm
s_axi_wdata[45],12.36µm
net431,12.36µm
_1323_,12.34µm
u_read_arbiter.u_read_qos.age_m1\[7\],12.34µm
u_write_arbiter.w_buf_data\[67\],12.32µm
_2095_,12.3µm
u_write_arbiter.w_buf_data\[115\],12.3µm
net1056,12.3µm
_0006_,12.28µm
_0748_,12.28µm
s_axi_awaddr[23],12.28µm
s_axi_awaddr[49],12.28µm
s_axi_awaddr[57],12.28µm
net239,12.28µm
_3077_,12.25µm
_0640_,12.24µm
s_axi_wdata[33],12.24µm
_0356_,12.22µm
_1130_,12.22µm
_2781_,12.22µm
net656,12.22µm
s_axi_wdata[28],12.21µm
_0548_,12.18µm
_2629_,12.18µm
s_axi_rresp[6],12.17µm
s_axi_rvalid[2],12.17µm
s_axi_awaddr[124],12.16µm
u_write_arbiter.w_buf_strb\[10\],12.16µm
net106,12.16µm
m_axi_araddr[50],12.14µm
_1144_,12.12µm
_2468_,12.12µm
u_write_arbiter.aw_buf_prot\[7\],12.12µm
u_write_arbiter.w_buf_data\[39\],12.12µm
_2822_,12.1µm
_1926_,12.08µm
s_axi_arprot[7],12.05µm
net347,12.04µm
_1152_,12.02µm
m_axi_awaddr[14],12.02µm
m_axi_rdata[1],12.02µm
m_axi_rdata[36],12.02µm
m_axi_rdata[3],12.02µm
m_axi_rdata[5],12.02µm
m_axi_rdata[7],12.02µm
s_axi_araddr[17],12.02µm
s_axi_araddr[30],12.02µm
_0584_,12µm
_1223_,12µm
_1959_,12µm
u_write_arbiter.aw_buf_addr\[127\],12µm
u_write_arbiter.w_buf_strb\[5\],12µm
_0340_,11.98µm
_1034_,11.98µm
s_axi_wdata[76],11.97µm
_2559_,11.94µm
s_axi_awaddr[107],11.94µm
s_axi_awaddr[11],11.94µm
s_axi_awaddr[20],11.94µm
s_axi_awprot[1],11.94µm
s_axi_wdata[125],11.93µm
_0020_,11.92µm
_1564_,11.9µm
cfg_master0_burst_limit[2],11.9µm
cfg_master0_burst_limit[7],11.9µm
s_axi_wdata[101],11.9µm
s_axi_wdata[104],11.9µm
s_axi_wdata[106],11.9µm
s_axi_wdata[113],11.9µm
s_axi_wdata[118],11.9µm
s_axi_wdata[120],11.9µm
s_axi_wdata[124],11.9µm
s_axi_wdata[16],11.9µm
s_axi_wdata[17],11.9µm
s_axi_wdata[1],11.9µm
s_axi_wdata[40],11.9µm
s_axi_wdata[43],11.9µm
s_axi_wdata[44],11.9µm
s_axi_wdata[46],11.9µm
s_axi_wdata[47],11.9µm
s_axi_wdata[5],11.9µm
s_axi_wdata[67],11.9µm
_2508_,11.88µm
u_write_arbiter.aw_buf_addr\[81\],11.88µm
u_write_arbiter.aw_buf_addr\[50\],11.86µm
u_write_arbiter.aw_buf_addr\[100\],11.84µm
net595,11.84µm
net870,11.84µm
s_axi_awaddr[17],11.82µm
s_axi_awaddr[82],11.82µm
net643,11.82µm
net1079,11.82µm
_1068_,11.8µm
_0866_,11.78µm
_1240_,11.78µm
_1714_,11.78µm
_1894_,11.78µm
_0675_,11.76µm
_1169_,11.74µm
_1767_,11.74µm
u_write_arbiter.aw_buf_prot\[10\],11.74µm
u_write_arbiter.aw_buf_addr\[15\],11.72µm
_2123_,11.7µm
m_axi_awaddr[12],11.7µm
m_axi_awaddr[25],11.7µm
m_axi_awaddr[51],11.7µm
m_axi_awaddr[52],11.7µm
m_axi_awprot[5],11.7µm
net1001,11.7µm
s_axi_wdata[95],11.69µm
_1559_,11.68µm
m_axi_awaddr[23],11.68µm
_0467_,11.66µm
_2077_,11.66µm
u_write_arbiter.aw_buf_prot\[6\],11.66µm
u_write_arbiter.w_buf_data\[22\],11.66µm
u_write_arbiter.w_buf_data\[93\],11.66µm
_0336_,11.62µm
_0346_,11.6µm
_1069_,11.6µm
_2081_,11.6µm
_0032_,11.58µm
_0731_,11.58µm
_1245_,11.58µm
_1427_,11.58µm
u_write_arbiter.aw_buf_addr\[101\],11.58µm
_2810_,11.56µm
m_axi_rdata[0],11.56µm
m_axi_rresp[3],11.56µm
s_axi_araddr[0],11.56µm
s_axi_araddr[100],11.56µm
s_axi_araddr[10],11.56µm
s_axi_araddr[115],11.56µm
s_axi_araddr[116],11.56µm
s_axi_araddr[117],11.56µm
s_axi_araddr[126],11.56µm
s_axi_araddr[127],11.56µm
s_axi_araddr[12],11.56µm
s_axi_araddr[22],11.56µm
s_axi_araddr[24],11.56µm
_0775_,11.54µm
u_write_arbiter.aw_buf_addr\[58\],11.54µm
_1677_,11.52µm
_2966_,11.51µm
s_axi_wdata[30],11.51µm
s_axi_wdata[58],11.49µm
s_axi_awaddr[103],11.48µm
s_axi_awaddr[122],11.48µm
s_axi_awaddr[27],11.48µm
s_axi_awaddr[6],11.48µm
s_axi_awaddr[72],11.48µm
s_axi_awprot[5],11.48µm
_1758_,11.46µm
clknet_leaf_7_aclk,11.46µm
s_axi_wstrb[13],11.45µm
_2858_,11.44µm
m_axi_arready[0],11.44µm
m_axi_arready[1],11.44µm
m_axi_rdata[11],11.44µm
m_axi_rdata[19],11.44µm
m_axi_rdata[21],11.44µm
m_axi_rdata[30],11.44µm
m_axi_rdata[33],11.44µm
m_axi_rdata[37],11.44µm
m_axi_rdata[39],11.44µm
m_axi_rdata[4],11.44µm
m_axi_rdata[56],11.44µm
m_axi_rdata[61],11.44µm
m_axi_rdata[9],11.44µm
m_axi_rresp[0],11.44µm
m_axi_rresp[1],11.44µm
m_axi_rresp[2],11.44µm
m_axi_rvalid[0],11.44µm
s_axi_araddr[101],11.44µm
s_axi_araddr[102],11.44µm
s_axi_araddr[104],11.44µm
s_axi_araddr[106],11.44µm
s_axi_araddr[107],11.44µm
s_axi_araddr[108],11.44µm
s_axi_araddr[109],11.44µm
s_axi_araddr[111],11.44µm
s_axi_araddr[112],11.44µm
s_axi_araddr[113],11.44µm
s_axi_araddr[118],11.44µm
s_axi_araddr[119],11.44µm
s_axi_araddr[120],11.44µm
s_axi_araddr[124],11.44µm
s_axi_araddr[13],11.44µm
s_axi_araddr[15],11.44µm
s_axi_araddr[16],11.44µm
s_axi_araddr[19],11.44µm
s_axi_araddr[1],11.44µm
s_axi_araddr[20],11.44µm
s_axi_araddr[28],11.44µm
s_axi_araddr[2],11.44µm
s_axi_araddr[31],11.44µm
s_axi_araddr[32],11.44µm
s_axi_awaddr[36],11.44µm
s_axi_awaddr[92],11.44µm
s_axi_wdata[117],11.44µm
s_axi_wdata[24],11.44µm
s_axi_wdata[37],11.44µm
s_axi_wdata[68],11.44µm
_3178_,11.43µm
u_write_arbiter.w_buf_data\[95\],11.42µm
_2962_,11.41µm
_2429_,11.38µm
_2950_,11.38µm
s_axi_araddr[52],11.37µm
s_axi_arprot[0],11.37µm
_0288_,11.36µm
_1329_,11.36µm
_1832_,11.36µm
_2831_,11.36µm
_3128_,11.36µm
s_axi_awaddr[126],11.36µm
net877,11.36µm
_1125_,11.34µm
_3123_,11.34µm
_2840_,11.32µm
_2993_,11.32µm
_0174_,11.3µm
_0028_,11.28µm
u_write_arbiter.aw_buf_addr\[45\],11.28µm
net406,11.28µm
_0896_,11.26µm
_1037_,11.26µm
m_axi_awaddr[16],11.26µm
m_axi_awaddr[46],11.26µm
_1556_,11.24µm
_3114_,11.24µm
net951,11.24µm
net1059,11.24µm
_0523_,11.22µm
m_axi_araddr[44],11.22µm
m_axi_araddr[49],11.22µm
m_axi_awaddr[61],11.22µm
_0639_,11.2µm
_0974_,11.2µm
u_write_arbiter.aw_buf_addr\[74\],11.2µm
net456,11.2µm
net632,11.2µm
net964,11.2µm
_0656_,11.18µm
_1633_,11.16µm
_2561_,11.16µm
net1046,11.16µm
_1276_,11.14µm
_0722_,11.12µm
_2427_,11.12µm
_2541_,11.12µm
cfg_master0_burst_limit[4],11.1µm
cfg_master0_priority,11.1µm
s_axi_araddr[26],11.1µm
_1432_,11.08µm
u_write_arbiter.aw_buf_addr\[109\],11.08µm
net949,11.08µm
net1203,11.06µm
s_axi_awaddr[125],11.02µm
s_axi_awaddr[51],11.02µm
s_axi_awaddr[61],11.02µm
s_axi_awaddr[80],11.02µm
s_axi_awaddr[99],11.02µm
s_axi_awaddr[9],11.02µm
net353,11.02µm
_2834_,11µm
u_write_arbiter.aw_buf_addr\[75\],11µm
u_write_arbiter.w_buf_data\[126\],11µm
m_axi_rdata[40],10.98µm
s_axi_wdata[110],10.98µm
s_axi_wdata[112],10.98µm
s_axi_wdata[55],10.98µm
u_write_arbiter.aw_buf_addr\[112\],10.96µm
u_write_arbiter.u_write_qos.age_m2\[1\],10.96µm
u_write_arbiter.w_buf_data\[92\],10.96µm
u_write_arbiter.w_buf_data\[77\],10.94µm
net952,10.92µm
_1560_,10.9µm
_1613_,10.88µm
_1689_,10.88µm
_0912_,10.86µm
_1642_,10.86µm
_2032_,10.86µm
_2061_,10.86µm
net975,10.86µm
_2381_,10.82µm
_3016_,10.82µm
net327,10.82µm
s_axi_araddr[95],10.81µm
s_axi_wdata[59],10.81µm
_0650_,10.8µm
_0066_,10.78µm
_1799_,10.78µm
m_axi_awaddr[45],10.78µm
_1280_,10.76µm
_2518_,10.76µm
m_axi_araddr[0],10.76µm
m_axi_araddr[10],10.76µm
m_axi_araddr[11],10.76µm
m_axi_araddr[13],10.76µm
m_axi_araddr[15],10.76µm
m_axi_araddr[16],10.76µm
m_axi_araddr[17],10.76µm
m_axi_araddr[19],10.76µm
m_axi_araddr[1],10.76µm
m_axi_araddr[20],10.76µm
m_axi_araddr[21],10.76µm
m_axi_araddr[22],10.76µm
m_axi_araddr[23],10.76µm
m_axi_araddr[24],10.76µm
m_axi_araddr[25],10.76µm
m_axi_araddr[26],10.76µm
m_axi_araddr[27],10.76µm
m_axi_araddr[28],10.76µm
m_axi_araddr[30],10.76µm
m_axi_araddr[31],10.76µm
m_axi_araddr[32],10.76µm
m_axi_araddr[33],10.76µm
m_axi_araddr[34],10.76µm
m_axi_araddr[35],10.76µm
m_axi_araddr[36],10.76µm
m_axi_araddr[37],10.76µm
m_axi_araddr[38],10.76µm
m_axi_araddr[39],10.76µm
m_axi_araddr[3],10.76µm
m_axi_araddr[40],10.76µm
m_axi_araddr[41],10.76µm
m_axi_araddr[42],10.76µm
m_axi_araddr[43],10.76µm
m_axi_araddr[45],10.76µm
m_axi_araddr[46],10.76µm
m_axi_araddr[47],10.76µm
m_axi_araddr[48],10.76µm
m_axi_araddr[4],10.76µm
m_axi_araddr[51],10.76µm
m_axi_araddr[52],10.76µm
m_axi_araddr[53],10.76µm
m_axi_araddr[54],10.76µm
m_axi_araddr[56],10.76µm
m_axi_araddr[58],10.76µm
m_axi_araddr[59],10.76µm
m_axi_araddr[5],10.76µm
m_axi_araddr[60],10.76µm
m_axi_araddr[62],10.76µm
m_axi_araddr[63],10.76µm
m_axi_araddr[6],10.76µm
m_axi_araddr[8],10.76µm
m_axi_araddr[9],10.76µm
m_axi_arprot[0],10.76µm
m_axi_arprot[1],10.76µm
m_axi_arprot[2],10.76µm
m_axi_arprot[3],10.76µm
m_axi_arprot[4],10.76µm
m_axi_arprot[5],10.76µm
m_axi_arvalid[0],10.76µm
m_axi_arvalid[1],10.76µm
m_axi_rready[0],10.76µm
m_axi_rready[1],10.76µm
_2880_,10.74µm
_2939_,10.74µm
u_write_arbiter.aw_buf_addr\[40\],10.74µm
u_write_arbiter.w_buf_data\[85\],10.74µm
_2653_,10.72µm
_0703_,10.7µm
_0807_,10.7µm
_0751_,10.66µm
_1429_,10.66µm
_1569_,10.66µm
_2978_,10.66µm
net473,10.66µm
_2674_,10.64µm
u_write_arbiter.w_buf_data\[16\],10.62µm
_2791_,10.6µm
_3088_,10.6µm
_2499_,10.58µm
net637,10.58µm
s_axi_araddr[41],10.57µm
s_axi_wdata[29],10.57µm
_2383_,10.56µm
s_axi_awaddr[66],10.56µm
s_axi_awaddr[89],10.56µm
_0951_,10.54µm
u_write_arbiter.aw_buf_addr\[68\],10.54µm
u_write_arbiter.w_buf_data\[15\],10.54µm
_1671_,10.5µm
_3002_,10.5µm
u_read_arbiter.u_read_qos.budget_1\[2\],10.5µm
net820,10.46µm
_0069_,10.44µm
_0388_,10.44µm
_1696_,10.44µm
_1996_,10.44µm
_3141_,10.44µm
_0213_,10.4µm
_1763_,10.4µm
_2105_,10.4µm
_2710_,10.4µm
net62,10.4µm
_0930_,10.38µm
u_write_arbiter.aw_buf_addr\[14\],10.38µm
u_write_arbiter.aw_buf_prot\[5\],10.38µm
net819,10.36µm
u_write_arbiter.w_buf_data\[124\],10.355µm
_1218_,10.34µm
_2585_,10.34µm
m_axi_awaddr[0],10.34µm
m_axi_wvalid[1],10.34µm
net94,10.34µm
_0023_,10.32µm
_0854_,10.32µm
_1562_,10.32µm
m_axi_awaddr[44],10.32µm
s_axi_awready[3],10.32µm
_0589_,10.3µm
_0879_,10.3µm
_0890_,10.3µm
_1359_,10.3µm
_2956_,10.3µm
s_axi_wstrb[11],10.29µm
_1046_,10.28µm
_1723_,10.28µm
_2272_,10.28µm
_2384_,10.28µm
u_write_arbiter.w_buf_data\[42\],10.28µm
u_write_arbiter.w_buf_data\[57\],10.28µm
u_write_arbiter.w_buf_strb\[6\],10.28µm
net1019,10.28µm
_0531_,10.26µm
_1687_,10.26µm
net888,10.26µm
s_axi_arprot[9],10.25µm
_1334_,10.24µm
_2598_,10.24µm
_1965_,10.2µm
_2096_,10.2µm
_2487_,10.2µm
net315,10.2µm
net636,10.2µm
_0811_,10.18µm
_0959_,10.18µm
net322,10.18µm
u_write_arbiter.aw_buf_addr\[1\],10.16µm
u_write_arbiter.aw_buf_addr\[73\],10.16µm
u_write_arbiter.w_buf_data\[71\],10.16µm
_0178_,10.14µm
net538,10.14µm
s_axi_wdata[26],10.13µm
_0856_,10.12µm
_1099_,10.12µm
_0176_,10.1µm
s_axi_awaddr[112],10.1µm
s_axi_awaddr[116],10.1µm
s_axi_awaddr[118],10.1µm
s_axi_awaddr[18],10.1µm
s_axi_awaddr[97],10.1µm
net326,10.1µm
net440,10.1µm
net702,10.1µm
s_axi_wstrb[10],10.09µm
_0476_,10.08µm
_1719_,10.08µm
u_read_arbiter.u_read_qos.budget_3\[0\],10.08µm
u_write_arbiter.aw_buf_addr\[36\],10.08µm
net286,10.08µm
_0844_,10.04µm
_0869_,10.02µm
_0492_,10µm
_2031_,10µm
net1045,10µm
_0944_,9.98µm
net801,9.98µm
net803,9.98µm
net846,9.98µm
_1802_,9.96µm
_0746_,9.94µm
u_write_arbiter.aw_buf_addr\[35\],9.94µm
_0695_,9.92µm
u_write_arbiter.aw_buf_addr\[99\],9.92µm
_0049_,9.9µm
_1201_,9.9µm
_2024_,9.9µm
_2480_,9.9µm
_3174_,9.9µm
net1092,9.9µm
s_axi_wdata[31],9.89µm
_0682_,9.88µm
_2550_,9.88µm
_2761_,9.88µm
s_axi_wdata[83],9.87µm
_0729_,9.86µm
_2907_,9.86µm
_3210_,9.86µm
m_axi_bready[0],9.86µm
net333,9.86µm
_0911_,9.84µm
_0287_,9.82µm
_0953_,9.82µm
_0966_,9.82µm
_1082_,9.82µm
_1420_,9.82µm
_1717_,9.82µm
_1772_,9.82µm
_2295_,9.82µm
_2390_,9.82µm
_2621_,9.82µm
_3036_,9.82µm
u_write_arbiter.w_buf_strb\[2\],9.82µm
net703,9.82µm
net1008,9.82µm
_1928_,9.8µm
_2219_,9.78µm
_2724_,9.78µm
net321,9.78µm
net1029,9.78µm
net1091,9.78µm
_0880_,9.74µm
_1756_,9.74µm
_2176_,9.74µm
_2628_,9.74µm
net694,9.74µm
_1651_,9.72µm
_0693_,9.7µm
_0792_,9.7µm
net384,9.7µm
_1226_,9.66µm
_1318_,9.66µm
net373,9.66µm
s_axi_wdata[87],9.65µm
s_axi_wdata[89],9.65µm
_2228_,9.64µm
_2489_,9.64µm
m_axi_bresp[2],9.64µm
m_axi_bvalid[1],9.64µm
s_axi_awaddr[104],9.64µm
s_axi_awaddr[25],9.64µm
s_axi_awaddr[31],9.64µm
s_axi_awaddr[34],9.64µm
s_axi_awaddr[39],9.64µm
s_axi_awaddr[55],9.64µm
s_axi_awaddr[7],9.64µm
net277,9.64µm
_0647_,9.62µm
_1400_,9.62µm
_1793_,9.62µm
_0677_,9.58µm
_1396_,9.58µm
_1413_,9.58µm
_1864_,9.58µm
_2526_,9.58µm
_3217_,9.58µm
u_write_arbiter.w_buf_data\[60\],9.58µm
_0588_,9.54µm
u_write_arbiter.u_write_qos.budget_3\[2\],9.54µm
s_axi_arprot[11],9.53µm
_1447_,9.52µm
_3039_,9.52µm
net1126,9.52µm
_1801_,9.5µm
u_write_arbiter.w_buf_data\[2\],9.5µm
_0706_,9.48µm
_2592_,9.48µm
_3038_,9.48µm
_0723_,9.46µm
u_write_arbiter.aw_buf_addr\[10\],9.46µm
s_axi_wdata[25],9.45µm
_1341_,9.42µm
_3026_,9.42µm
m_axi_awaddr[48],9.42µm
m_axi_awaddr[58],9.42µm
s_axi_wdata[81],9.41µm
s_axi_wstrb[2],9.41µm
_2283_,9.4µm
_2415_,9.4µm
_2720_,9.4µm
_3220_,9.4µm
net349,9.4µm
_1262_,9.38µm
m_axi_wdata[23],9.37µm
_0832_,9.36µm
_2414_,9.36µm
_2586_,9.36µm
_2652_,9.36µm
_3035_,9.36µm
u_write_arbiter.w_buf_data\[38\],9.36µm
net479,9.36µm
_0846_,9.34µm
_0874_,9.34µm
_2946_,9.34µm
_0707_,9.32µm
_2436_,9.32µm
_2473_,9.32µm
net970,9.32µm
net1007,9.32µm
s_axi_araddr[69],9.31µm
s_axi_wdata[63],9.31µm
_1795_,9.3µm
_0802_,9.28µm
_1715_,9.28µm
_1762_,9.28µm
_2734_,9.28µm
_3104_,9.28µm
u_write_arbiter.aw_buf_addr\[62\],9.28µm
u_write_arbiter.aw_buf_addr\[34\],9.26µm
net378,9.26µm
_0939_,9.24µm
net290,9.24µm
clknet_leaf_1_aclk,9.24µm
_2405_,9.22µm
_0710_,9.18µm
s_axi_awaddr[106],9.18µm
s_axi_awaddr[35],9.18µm
s_axi_awaddr[37],9.18µm
s_axi_awaddr[50],9.18µm
s_axi_awaddr[63],9.18µm
s_axi_awaddr[91],9.18µm
s_axi_awaddr[96],9.18µm
s_axi_awprot[4],9.18µm
_2250_,9.17µm
_0047_,9.16µm
_0917_,9.16µm
_2870_,9.16µm
_0468_,9.14µm
_2510_,9.14µm
u_write_arbiter.w_buf_data\[12\],9.14µm
u_write_arbiter.u_write_qos.budget_3\[0\],9.13µm
u_write_arbiter.aw_buf_addr\[11\],9.12µm
u_write_arbiter.aw_buf_addr\[13\],9.12µm
_1773_,9.1µm
_2844_,9.08µm
_2850_,9.08µm
net1066,9.08µm
net1100,9.08µm
s_axi_wready[2],9.07µm
_1167_,9.06µm
_1938_,9.06µm
_1993_,9.06µm
_2167_,9.06µm
_2521_,9.06µm
_2964_,9.06µm
_3152_,9.06µm
net65,9.06µm
net1063,9.06µm
_0891_,9.04µm
_1729_,9.04µm
_2351_,9.02µm
_2409_,9.02µm
_2470_,9.02µm
_2503_,9.02µm
_2584_,9.02µm
_0782_,9.01µm
_0280_,9µm
_2201_,8.98µm
cfg_weight_m3[1],8.97µm
s_axi_araddr[96],8.97µm
s_axi_rresp[7],8.97µm
s_axi_wdata[126],8.97µm
_1104_,8.96µm
_2189_,8.96µm
m_axi_awaddr[42],8.96µm
m_axi_awaddr[62],8.96µm
m_axi_awaddr[63],8.96µm
m_axi_awaddr[8],8.96µm
net260,8.96µm
_0885_,8.94µm
_1292_,8.94µm
_1355_,8.94µm
_1465_,8.94µm
_2723_,8.94µm
_3061_,8.94µm
_3186_,8.94µm
_3204_,8.94µm
u_write_arbiter.aw_buf_addr\[63\],8.92µm
_0595_,8.9µm
_0700_,8.9µm
_0761_,8.9µm
_1045_,8.9µm
_1348_,8.9µm
_2446_,8.9µm
u_write_arbiter.w_buf_data\[53\],8.9µm
_0870_,8.88µm
_1049_,8.88µm
net800,8.88µm
_1371_,8.86µm
_2365_,8.86µm
_2411_,8.86µm
_2903_,8.86µm
_3205_,8.86µm
net336,8.86µm
net1009,8.86µm
s_axi_araddr[55],8.85µm
s_axi_arprot[3],8.85µm
_0674_,8.84µm
_0726_,8.84µm
_1701_,8.82µm
u_write_arbiter.aw_buf_addr\[108\],8.82µm
net289,8.82µm
_1239_,8.8µm
_2756_,8.8µm
_3004_,8.8µm
u_write_arbiter.aw_buf_addr\[102\],8.8µm
_0349_,8.78µm
_0664_,8.78µm
_0864_,8.78µm
_1007_,8.76µm
_1595_,8.74µm
s_axi_araddr[99],8.73µm
s_axi_arvalid[3],8.73µm
s_axi_wdata[62],8.73µm
s_axi_wdata[82],8.73µm
_0391_,8.72µm
m_axi_bresp[3],8.72µm
m_axi_wready[1],8.72µm
s_axi_awaddr[102],8.72µm
s_axi_awaddr[123],8.72µm
s_axi_awaddr[1],8.72µm
s_axi_awaddr[52],8.72µm
s_axi_awaddr[60],8.72µm
_1346_,8.7µm
_1030_,8.66µm
u_write_arbiter.aw_buf_addr\[95\],8.66µm
u_write_arbiter.u_write_qos.age_m2\[2\],8.66µm
_0064_,8.64µm
u_write_arbiter.w_buf_data\[23\],8.64µm
_1166_,8.63µm
s_axi_awready[2],8.63µm
_1851_,8.62µm
net953,8.62µm
_3116_,8.6µm
_3118_,8.6µm
_0838_,8.58µm
_0918_,8.58µm
_1681_,8.58µm
_1724_,8.58µm
_2750_,8.58µm
u_read_arbiter.u_read_qos.m0_burst_count\[3\],8.58µm
_0623_,8.56µm
_1200_,8.56µm
_1740_,8.56µm
_3214_,8.56µm
u_write_arbiter.w_buf_data\[34\],8.54µm
s_axi_wdata[94],8.53µm
_1425_,8.52µm
_2207_,8.52µm
_2675_,8.52µm
_2861_,8.52µm
_2895_,8.52µm
_1354_,8.5µm
_2664_,8.5µm
m_axi_awaddr[27],8.5µm
m_axi_awaddr[30],8.5µm
m_axi_awaddr[40],8.5µm
m_axi_awaddr[54],8.5µm
m_axi_awaddr[59],8.5µm
m_axi_awaddr[9],8.5µm
m_axi_awvalid[0],8.5µm
u_write_arbiter.w_buf_data\[50\],8.49µm
_3019_,8.48µm
_3086_,8.48µm
_3108_,8.48µm
net631,8.48µm
net997,8.48µm
_0770_,8.46µm
_0913_,8.44µm
_1697_,8.44µm
_1789_,8.44µm
_2041_,8.44µm
_2321_,8.44µm
_3075_,8.44µm
_3215_,8.44µm
u_write_arbiter.aw_buf_addr\[39\],8.44µm
u_write_arbiter.aw_buf_prot\[2\],8.44µm
_1769_,8.42µm
_0672_,8.4µm
_1008_,8.4µm
_2206_,8.4µm
_2974_,8.4µm
net990,8.4µm
net1018,8.4µm
_0835_,8.38µm
_1750_,8.38µm
_2408_,8.38µm
_2753_,8.38µm
u_write_arbiter.aw_buf_addr\[8\],8.38µm
_1663_,8.36µm
_1754_,8.36µm
_2557_,8.36µm
_2641_,8.36µm
_2656_,8.36µm
_2796_,8.36µm
net1069,8.36µm
u_write_arbiter.w_buf_data\[18\],8.34µm
_1170_,8.32µm
u_write_arbiter.w_buf_data\[102\],8.32µm
u_write_arbiter.w_buf_data\[127\],8.32µm
net1068,8.32µm
net1103,8.32µm
_2814_,8.3µm
u_write_arbiter.aw_buf_addr\[3\],8.3µm
s_axi_rdata[72],8.29µm
_2150_,8.28µm
_2155_,8.28µm
_2413_,8.28µm
_2852_,8.28µm
net368,8.28µm
_3097_,8.27µm
_0148_,8.26µm
_2692_,8.26µm
s_axi_awaddr[70],8.26µm
s_axi_awaddr[90],8.26µm
u_write_arbiter.w_buf_data\[25\],8.26µm
_0510_,8.245µm
_0427_,8.24µm
_1274_,8.24µm
_0429_,8.22µm
_0437_,8.22µm
_0881_,8.2µm
_2367_,8.2µm
u_write_arbiter.aw_buf_prot\[11\],8.2µm
_0474_,8.18µm
s_axi_araddr[88],8.17µm
_0079_,8.16µm
_0329_,8.16µm
net886,8.16µm
_0469_,8.14µm
_0609_,8.14µm
_1953_,8.14µm
u_write_arbiter.aw_buf_addr\[70\],8.14µm
u_write_arbiter.w_buf_data\[68\],8.14µm
u_write_arbiter.aw_buf_addr\[106\],8.12µm
_0347_,8.1µm
_1479_,8.1µm
_1954_,8.1µm
_1983_,8.1µm
_2320_,8.1µm
_2619_,8.1µm
_2712_,8.1µm
u_write_arbiter.aw_buf_addr\[2\],8.1µm
net950,8.1µm
net1014,8.1µm
_1612_,8.08µm
_0513_,8.06µm
_2655_,8.06µm
s_axi_arvalid[1],8.05µm
s_axi_awprot[3],8.05µm
s_axi_rresp[0],8.05µm
s_axi_wdata[57],8.05µm
s_axi_wdata[79],8.05µm
s_axi_wdata[80],8.05µm
s_axi_wdata[91],8.05µm
_1634_,8.04µm
_2560_,8.04µm
m_axi_awaddr[10],8.04µm
m_axi_awaddr[13],8.04µm
m_axi_awaddr[19],8.04µm
m_axi_awaddr[32],8.04µm
s_axi_awready[0],8.04µm
s_axi_awready[1],8.04µm
m_axi_wdata[2],8.03µm
_1868_,8.02µm
_2538_,8.02µm
_3018_,8.02µm
net895,8.02µm
net960,8.02µm
s_axi_wdata[85],8.01µm
_1709_,8µm
net1209,8µm
_1035_,7.98µm
_1691_,7.98µm
_1966_,7.98µm
_2736_,7.98µm
_2933_,7.98µm
u_write_arbiter.w_buf_data\[91\],7.98µm
net929,7.98µm
_0649_,7.94µm
_1227_,7.94µm
_2412_,7.94µm
_2722_,7.94µm
_2749_,7.94µm
_2767_,7.94µm
net42,7.94µm
net93,7.94µm
net258,7.94µm
net1122,7.94µm
u_write_arbiter.aw_buf_valid\[0\],7.92µm
_0816_,7.9µm
_1089_,7.9µm
_1768_,7.9µm
_1835_,7.9µm
_2368_,7.9µm
_2482_,7.9µm
u_write_arbiter.aw_buf_addr\[9\],7.9µm
_0539_,7.88µm
_1397_,7.86µm
_1947_,7.86µm
net288,7.86µm
_0058_,7.82µm
_1216_,7.82µm
net450,7.82µm
cfg_age_threshold[0],7.81µm
s_axi_wstrb[3],7.79µm
_0104_,7.78µm
_0861_,7.78µm
u_write_arbiter.u_write_qos.age_m2\[5\],7.78µm
_1685_,7.765µm
_0152_,7.76µm
_0967_,7.76µm
net1138,7.76µm
_0583_,7.74µm
_1253_,7.74µm
_2983_,7.74µm
_2787_,7.735µm
_0022_,7.72µm
_0663_,7.7µm
_1713_,7.7µm
net495,7.7µm
net837,7.7µm
net892,7.7µm
s_axi_araddr[29],7.69µm
_0335_,7.68µm
_0571_,7.68µm
_0884_,7.68µm
_1127_,7.68µm
_1235_,7.68µm
net804,7.68µm
_0685_,7.66µm
_0696_,7.66µm
_1159_,7.66µm
_1219_,7.66µm
_2269_,7.66µm
u_write_arbiter.aw_buf_valid\[1\],7.66µm
_1903_,7.64µm
_2637_,7.64µm
_2701_,7.64µm
_2709_,7.64µm
net1076,7.64µm
_0522_,7.635µm
s_axi_bresp[2],7.61µm
_0733_,7.6µm
_1454_,7.6µm
_1503_,7.6µm
_1555_,7.6µm
_1610_,7.6µm
_2026_,7.6µm
net727,7.6µm
_0906_,7.58µm
_0978_,7.58µm
_1114_,7.58µm
_2316_,7.58µm
m_axi_awaddr[24],7.58µm
m_axi_awaddr[41],7.58µm
m_axi_awprot[1],7.58µm
m_axi_awprot[2],7.58µm
net49,7.58µm
net362,7.58µm
_0497_,7.56µm
_1742_,7.56µm
_2263_,7.56µm
_2595_,7.56µm
_2661_,7.56µm
_2665_,7.56µm
_2673_,7.56µm
_2721_,7.56µm
net318,7.56µm
_0815_,7.54µm
_0994_,7.54µm
_1739_,7.54µm
_2754_,7.54µm
_0842_,7.52µm
_0853_,7.52µm
_1098_,7.52µm
_1378_,7.52µm
_1810_,7.52µm
_2235_,7.52µm
_2319_,7.52µm
_2502_,7.52µm
_2808_,7.52µm
_2865_,7.52µm
_3080_,7.52µm
u_write_arbiter.aw_buf_addr\[6\],7.52µm
u_write_arbiter.w_buf_data\[24\],7.52µm
u_write_arbiter.w_buf_data\[7\],7.52µm
u_write_arbiter.w_buf_data\[90\],7.52µm
net44,7.52µm
net285,7.52µm
net291,7.52µm
net457,7.52µm
_3014_,7.5µm
s_axi_araddr[54],7.49µm
_2475_,7.48µm
_2885_,7.48µm
_2935_,7.48µm
net329,7.48µm
net1034,7.48µm
net1112,7.48µm
_1122_,7.46µm
u_write_arbiter.u_write_qos.age_m3\[5\],7.46µm
s_axi_arprot[8],7.45µm
_2607_,7.44µm
_1222_,7.4µm
_2507_,7.4µm
s_axi_araddr[34],7.37µm
s_axi_awaddr[109],7.37µm
s_axi_awaddr[110],7.37µm
s_axi_awaddr[58],7.37µm
s_axi_wdata[77],7.37µm
s_axi_wdata[84],7.37µm
s_axi_wdata[92],7.37µm
_3140_,7.36µm
s_axi_bresp[0],7.35µm
_0619_,7.34µm
net53,7.34µm
s_axi_araddr[58],7.33µm
s_axi_araddr[5],7.33µm
s_axi_araddr[76],7.33µm
s_axi_rdata[65],7.33µm
_1749_,7.32µm
_1890_,7.32µm
u_write_arbiter.aw_buf_addr\[71\],7.32µm
net1146,7.32µm
_0197_,7.3µm
_0411_,7.3µm
_0713_,7.29µm
_0888_,7.28µm
_0897_,7.28µm
_1972_,7.24µm
_1984_,7.24µm
net1116,7.24µm
_0082_,7.22µm
_0243_,7.22µm
_0286_,7.22µm
_0785_,7.22µm
_1147_,7.22µm
_1443_,7.22µm
_1449_,7.22µm
_2227_,7.22µm
net647,7.22µm
net1077,7.22µm
_0073_,7.21µm
_1809_,7.2µm
_2716_,7.2µm
_2770_,7.2µm
_0517_,7.19µm
_0289_,7.18µm
_0725_,7.18µm
_0985_,7.18µm
_1019_,7.18µm
_1317_,7.18µm
_1369_,7.18µm
_1736_,7.18µm
_1908_,7.18µm
_1915_,7.18µm
_2419_,7.18µm
_2479_,7.18µm
_2486_,7.18µm
_2769_,7.18µm
net91,7.18µm
net1098,7.18µm
s_axi_araddr[85],7.15µm
_1850_,7.14µm
cfg_weight_m2[0],7.13µm
m_axi_awaddr[49],7.13µm
s_axi_araddr[62],7.13µm
_1695_,7.12µm
_1759_,7.12µm
_2135_,7.12µm
_2622_,7.12µm
_2855_,7.12µm
_2985_,7.12µm
_0801_,7.1µm
_1177_,7.1µm
_1664_,7.1µm
_2160_,7.1µm
_2298_,7.1µm
_2581_,7.1µm
_2708_,7.1µm
_2740_,7.1µm
_3092_,7.1µm
_3146_,7.1µm
_3208_,7.1µm
net302,7.1µm
net649,7.1µm
net816,7.1µm
_0892_,7.08µm
u_read_arbiter.u_read_qos.age_m2\[5\],7.08µm
_0963_,7.06µm
_1074_,7.06µm
_1438_,7.06µm
_1712_,7.06µm
_1884_,7.06µm
_1999_,7.06µm
_2194_,7.06µm
_2612_,7.06µm
_2843_,7.06µm
_2915_,7.06µm
_3148_,7.06µm
net704,7.06µm
_2157_,7.04µm
_2731_,7.04µm
net629,7.04µm
s_axi_rvalid[3],7.03µm
s_axi_wvalid[0],7.03µm
_1902_,7µm
_2968_,7µm
_0871_,6.98µm
_1120_,6.98µm
_2399_,6.98µm
_2432_,6.98µm
_2679_,6.98µm
_2706_,6.98µm
net298,6.96µm
net474,6.94µm
_1264_,6.9µm
net1192,6.9µm
_0275_,6.88µm
_0301_,6.88µm
_0482_,6.88µm
_2524_,6.88µm
net968,6.88µm
_0258_,6.86µm
_2386_,6.86µm
net1051,6.86µm
_0177_,6.84µm
_0293_,6.84µm
_0366_,6.84µm
_0882_,6.84µm
_0576_,6.82µm
_1726_,6.82µm
_1764_,6.82µm
s_axi_araddr[59],6.79µm
_1798_,6.78µm
cfg_age_threshold[1],6.77µm
s_axi_araddr[86],6.77µm
s_axi_awvalid[2],6.77µm
_0070_,6.76µm
_0149_,6.76µm
_0470_,6.76µm
_0480_,6.76µm
_0520_,6.76µm
_0730_,6.76µm
_1187_,6.76µm
_1272_,6.76µm
_1439_,6.76µm
_1985_,6.76µm
_2099_,6.76µm
_2464_,6.76µm
_2555_,6.76µm
_2630_,6.76µm
_3122_,6.76µm
_0716_,6.74µm
u_write_arbiter.w_buf_data\[36\],6.74µm
u_write_arbiter.w_buf_valid\[3\],6.74µm
_0096_,6.72µm
_0108_,6.72µm
_0543_,6.72µm
_1628_,6.72µm
_1670_,6.72µm
_1753_,6.72µm
_1931_,6.72µm
_2127_,6.72µm
_2348_,6.72µm
_2898_,6.72µm
_2908_,6.72µm
net788,6.72µm
net1032,6.72µm
net1073,6.72µm
net1147,6.72µm
net1162,6.72µm
s_axi_rdata[61],6.69µm
s_axi_wdata[7],6.69µm
s_axi_wdata[88],6.69µm
s_axi_wstrb[1],6.69µm
m_axi_bresp[0],6.67µm
_0274_,6.66µm
_0817_,6.66µm
_2179_,6.66µm
_2299_,6.66µm
_2312_,6.66µm
_2747_,6.66µm
net82,6.66µm
net634,6.66µm
m_axi_wdata[56],6.65µm
s_axi_rdata[8],6.65µm
s_axi_wstrb[4],6.65µm
_0151_,6.64µm
_0828_,6.64µm
_0873_,6.64µm
_1182_,6.64µm
_2203_,6.64µm
_2273_,6.64µm
_2382_,6.64µm
_2577_,6.64µm
_2597_,6.64µm
_2816_,6.64µm
_3218_,6.64µm
u_write_arbiter.u_write_qos.age_m1\[3\],6.64µm
net58,6.64µm
net706,6.64µm
net874,6.64µm
net887,6.64µm
net993,6.64µm
net1111,6.64µm
_0867_,6.62µm
_1731_,6.62µm
_2657_,6.62µm
_0862_,6.6µm
_1025_,6.6µm
_1230_,6.6µm
_1364_,6.6µm
_1914_,6.6µm
_2040_,6.6µm
_2153_,6.6µm
_2570_,6.6µm
_2588_,6.6µm
_2658_,6.6µm
_2686_,6.6µm
_2987_,6.6µm
_3165_,6.6µm
u_write_arbiter.aw_buf_addr\[104\],6.6µm
net693,6.6µm
net794,6.6µm
net795,6.6µm
net1037,6.6µm
_2732_,6.58µm
u_write_arbiter.aw_buf_addr\[5\],6.54µm
_0225_,6.52µm
_0567_,6.52µm
_1686_,6.52µm
_1743_,6.52µm
_2648_,6.52µm
u_write_arbiter.w_buf_valid\[1\],6.52µm
net622,6.52µm
_0711_,6.5µm
_1259_,6.5µm
_2535_,6.5µm
_0018_,6.48µm
_0218_,6.48µm
_1990_,6.48µm
net1096,6.44µm
_0123_,6.42µm
_0361_,6.42µm
_1175_,6.42µm
_2260_,6.42µm
_3101_,6.42µm
_1086_,6.4µm
_1390_,6.4µm
_1806_,6.4µm
u_write_arbiter.aw_buf_addr\[96\],6.4µm
_2328_,6.39µm
_0113_,6.38µm
_0263_,6.38µm
_0368_,6.38µm
_0413_,6.38µm
_0490_,6.38µm
_0661_,6.36µm
_1051_,6.36µm
u_read_arbiter.r_state\[1\],6.36µm
_0537_,6.32µm
_0654_,6.32µm
_0968_,6.32µm
net911,6.32µm
net987,6.32µm
s_axi_araddr[123],6.31µm
s_axi_araddr[23],6.31µm
s_axi_araddr[43],6.31µm
s_axi_araddr[44],6.31µm
s_axi_araddr[57],6.31µm
s_axi_araddr[7],6.31µm
s_axi_araddr[97],6.31µm
s_axi_rdata[86],6.31µm
s_axi_wvalid[2],6.31µm
_0195_,6.305µm
_0026_,6.3µm
_0215_,6.3µm
_0486_,6.3µm
_0943_,6.3µm
_1113_,6.3µm
_1273_,6.3µm
_1735_,6.3µm
_2014_,6.3µm
_2698_,6.3µm
_2890_,6.3µm
_3134_,6.3µm
u_write_arbiter.aw_buf_addr\[114\],6.3µm
net793,6.3µm
net922,6.3µm
net1015,6.3µm
_0086_,6.26µm
_0493_,6.26µm
_0860_,6.26µm
_0947_,6.26µm
_1168_,6.26µm
_1461_,6.26µm
_1578_,6.26µm
_1688_,6.26µm
_1778_,6.26µm
_1909_,6.26µm
_2735_,6.26µm
_2744_,6.26µm
_2772_,6.26µm
_2874_,6.26µm
_2960_,6.26µm
u_read_arbiter.u_read_qos.age_m1\[3\],6.26µm
net717,6.26µm
net796,6.26µm
net1074,6.26µm
net1124,6.26µm
net1161,6.26µm
_2208_,6.2µm
_2253_,6.2µm
_2662_,6.2µm
_2755_,6.2µm
net77,6.2µm
_0232_,6.18µm
_0601_,6.18µm
_0997_,6.18µm
_1337_,6.18µm
_1519_,6.18µm
_1684_,6.18µm
_1838_,6.18µm
_2396_,6.18µm
_2483_,6.18µm
_2548_,6.18µm
_2574_,6.18µm
_3000_,6.18µm
_3034_,6.18µm
net145,6.18µm
net818,6.18µm
_0915_,6.16µm
_1164_,6.16µm
_2248_,6.16µm
net1127,6.16µm
_0921_,6.14µm
_0933_,6.14µm
_1435_,6.14µm
_1596_,6.14µm
_1807_,6.14µm
_1929_,6.14µm
_1942_,6.14µm
_2158_,6.14µm
_2229_,6.14µm
_2452_,6.14µm
_2474_,6.14µm
_2611_,6.14µm
_2682_,6.14µm
_2691_,6.14µm
_2697_,6.14µm
_2776_,6.14µm
_2778_,6.14µm
_2927_,6.14µm
_3132_,6.14µm
_3158_,6.14µm
u_write_arbiter.aw_buf_addr\[72\],6.14µm
u_write_arbiter.aw_buf_prot\[8\],6.14µm
net399,6.14µm
net1013,6.14µm
net1144,6.14µm
cfg_age_threshold[2],6.09µm
cfg_age_threshold[7],6.09µm
cfg_weight_m1[2],6.09µm
cfg_weight_m2[1],6.09µm
s_axi_araddr[75],6.09µm
s_axi_araddr[79],6.09µm
_2387_,6.08µm
net446,6.08µm
net542,6.08µm
_0115_,6.06µm
_0420_,6.06µm
_0465_,6.06µm
_0831_,6.06µm
_1331_,6.06µm
_1694_,6.06µm
_1880_,6.06µm
_2876_,6.06µm
_2940_,6.06µm
u_write_arbiter.w_buf_data\[40\],6.06µm
net579,6.06µm
net1050,6.06µm
_1446_,6.04µm
_0317_,6.02µm
_0404_,6.02µm
_0971_,6.02µm
net998,6.02µm
_2846_,5.98µm
_3063_,5.98µm
m_axi_awaddr[18],5.97µm
m_axi_wdata[36],5.97µm
s_axi_araddr[27],5.97µm
s_axi_araddr[46],5.97µm
s_axi_araddr[65],5.97µm
s_axi_araddr[67],5.97µm
s_axi_araddr[68],5.97µm
s_axi_arvalid[0],5.97µm
s_axi_awaddr[108],5.97µm
s_axi_awprot[6],5.97µm
s_axi_awprot[7],5.97µm
s_axi_awprot[8],5.97µm
s_axi_bready[0],5.97µm
s_axi_rdata[57],5.97µm
s_axi_wdata[97],5.97µm
s_axi_wstrb[5],5.97µm
s_axi_wstrb[7],5.97µm
s_axi_wstrb[9],5.97µm
_0214_,5.965µm
_0210_,5.96µm
_0471_,5.96µm
_1441_,5.96µm
_2209_,5.96µm
_3107_,5.96µm
_0532_,5.94µm
net856,5.94µm
_0122_,5.92µm
_0136_,5.92µm
_3222_,5.92µm
_2806_,5.9µm
_0970_,5.89µm
_1083_,5.86µm
_1874_,5.86µm
net323,5.86µm
net988,5.86µm
net1010,5.86µm
net1221,5.86µm
_0061_,5.84µm
_0091_,5.84µm
_0093_,5.84µm
_0120_,5.84µm
_0228_,5.84µm
_0268_,5.84µm
_0337_,5.84µm
_0343_,5.84µm
_0613_,5.84µm
_0931_,5.84µm
_0962_,5.84µm
_0979_,5.84µm
_1077_,5.84µm
_1489_,5.84µm
_1676_,5.84µm
_1737_,5.84µm
_1784_,5.84µm
_2075_,5.84µm
_2435_,5.84µm
_2959_,5.84µm
_3031_,5.84µm
net81,5.84µm
net817,5.84µm
_0845_,5.82µm
_1444_,5.82µm
_0655_,5.8µm
_0671_,5.8µm
_0965_,5.8µm
_0999_,5.8µm
_1088_,5.8µm
_1191_,5.8µm
_1469_,5.8µm
_2139_,5.8µm
_2448_,5.8µm
_2471_,5.8µm
_2472_,5.8µm
_2727_,5.8µm
_2739_,5.8µm
_2820_,5.8µm
_3094_,5.8µm
net971,5.8µm
net1105,5.8µm
net1157,5.8µm
_2070_,5.78µm
s_axi_wdata[61],5.77µm
_2469_,5.74µm
_2558_,5.74µm
_2589_,5.74µm
_2631_,5.74µm
_2760_,5.74µm
_2969_,5.74µm
_2994_,5.74µm
net174,5.74µm
net657,5.74µm
_1766_,5.735µm
_0233_,5.72µm
_0323_,5.72µm
_0704_,5.72µm
_1977_,5.72µm
_2478_,5.72µm
_2626_,5.72µm
_2784_,5.72µm
_2803_,5.72µm
_2928_,5.72µm
_2931_,5.72µm
_2948_,5.72µm
_2982_,5.72µm
_3113_,5.72µm
_3161_,5.72µm
_3206_,5.72µm
net59,5.72µm
_0883_,5.7µm
_1414_,5.68µm
_1674_,5.68µm
_2018_,5.68µm
_2029_,5.68µm
_2051_,5.68µm
_2442_,5.68µm
_2443_,5.68µm
_2444_,5.68µm
_2463_,5.68µm
_2566_,5.68µm
_2568_,5.68µm
_2575_,5.68µm
_2576_,5.68µm
_2580_,5.68µm
_2596_,5.68µm
_2613_,5.68µm
_2614_,5.68µm
_2642_,5.68µm
_2711_,5.68µm
_2725_,5.68µm
_3015_,5.68µm
_3040_,5.68µm
_3212_,5.68µm
u_read_arbiter.u_read_qos.age_m2\[2\],5.68µm
u_write_arbiter.aw_buf_addr\[64\],5.68µm
net955,5.68µm
net1241,5.68µm
m_axi_awprot[3],5.63µm
m_axi_wdata[10],5.63µm
m_axi_wdata[48],5.63µm
m_axi_wstrb[3],5.63µm
s_axi_araddr[39],5.63µm
s_axi_araddr[42],5.63µm
s_axi_araddr[47],5.63µm
s_axi_araddr[50],5.63µm
s_axi_araddr[61],5.63µm
s_axi_araddr[98],5.63µm
s_axi_bready[2],5.63µm
s_axi_rdata[0],5.63µm
s_axi_rdata[18],5.63µm
_0744_,5.62µm
_0865_,5.62µm
_0991_,5.62µm
_1027_,5.62µm
_1761_,5.62µm
_1771_,5.62µm
_2353_,5.62µm
_2361_,5.62µm
u_write_arbiter.aw_buf_addr\[7\],5.62µm
_1655_,5.6µm
_1711_,5.6µm
_1747_,5.6µm
_2357_,5.6µm
_2398_,5.6µm
_2991_,5.6µm
u_write_arbiter.aw_buf_addr\[103\],5.6µm
net925,5.6µm
_2998_,5.58µm
m_axi_wdata[35],5.57µm
_0475_,5.56µm
_2540_,5.56µm
_0024_,5.52µm
_0038_,5.52µm
_2169_,5.52µm
_0099_,5.5µm
_0188_,5.5µm
_0319_,5.5µm
_1499_,5.5µm
_0067_,5.48µm
_0491_,5.48µm
_1179_,5.48µm
_2916_,5.48µm
u_write_arbiter.aw_buf_addr\[119\],5.48µm
u_write_arbiter.w_buf_data\[32\],5.48µm
_0092_,5.46µm
_0212_,5.46µm
_0290_,5.46µm
_0321_,5.46µm
_0363_,5.46µm
_0426_,5.46µm
_1600_,5.46µm
_0603_,5.44µm
cfg_weight_m1[1],5.41µm
s_axi_araddr[49],5.41µm
s_axi_araddr[77],5.41µm
s_axi_arprot[5],5.41µm
s_axi_arprot[6],5.41µm
s_axi_awvalid[3],5.41µm
s_axi_wvalid[1],5.41µm
_1814_,5.4µm
_1989_,5.4µm
_2170_,5.4µm
net840,5.4µm
net977,5.4µm
net978,5.4µm
_0144_,5.385µm
_0140_,5.38µm
_0162_,5.38µm
_0172_,5.38µm
_0242_,5.38µm
_0292_,5.38µm
_0338_,5.38µm
_0403_,5.38µm
_0466_,5.38µm
_0651_,5.38µm
_0778_,5.38µm
_1367_,5.38µm
_1738_,5.38µm
_1803_,5.38µm
_2090_,5.38µm
_2098_,5.38µm
_2110_,5.38µm
_2165_,5.38µm
_2178_,5.38µm
_2323_,5.38µm
_2359_,5.38µm
_2520_,5.38µm
_2877_,5.38µm
m_axi_wdata[0],5.38µm
s_axi_rdata[126],5.38µm
u_write_arbiter.u_write_qos.budget_3\[3\],5.38µm
u_write_arbiter.w_buf_data\[103\],5.38µm
net728,5.38µm
net879,5.38µm
net1145,5.38µm
net1226,5.38µm
net1240,5.38µm
net1247,5.38µm
net1252,5.38µm
_1760_,5.375µm
_1000_,5.36µm
_2990_,5.36µm
_0109_,5.34µm
_0501_,5.34µm
_0804_,5.34µm
_1012_,5.34µm
_1183_,5.34µm
_1345_,5.34µm
_1373_,5.34µm
_1617_,5.34µm
_1700_,5.34µm
_1872_,5.34µm
_2025_,5.34µm
_2271_,5.34µm
_2297_,5.34µm
_2313_,5.34µm
_2346_,5.34µm
_2573_,5.34µm
_2604_,5.34µm
_2633_,5.34µm
_2742_,5.34µm
_2771_,5.34µm
_2976_,5.34µm
net408,5.34µm
net972,5.34µm
net983,5.34µm
net1003,5.34µm
net1022,5.34µm
net1071,5.34µm
net1087,5.34µm
net1155,5.34µm
net1174,5.34µm
s_axi_araddr[33],5.31µm
s_axi_araddr[60],5.31µm
s_axi_araddr[64],5.31µm
s_axi_araddr[72],5.31µm
s_axi_rdata[93],5.31µm
aresetn,5.29µm
cfg_weight_m1[3],5.29µm
m_axi_awaddr[17],5.29µm
m_axi_awaddr[47],5.29µm
m_axi_wdata[13],5.29µm
m_axi_wdata[15],5.29µm
m_axi_wdata[1],5.29µm
m_axi_wdata[21],5.29µm
m_axi_wdata[22],5.29µm
m_axi_wdata[24],5.29µm
m_axi_wdata[27],5.29µm
m_axi_wdata[28],5.29µm
m_axi_wdata[30],5.29µm
m_axi_wdata[31],5.29µm
m_axi_wdata[32],5.29µm
m_axi_wdata[38],5.29µm
m_axi_wdata[42],5.29µm
m_axi_wdata[47],5.29µm
m_axi_wdata[49],5.29µm
m_axi_wdata[54],5.29µm
m_axi_wdata[59],5.29µm
m_axi_wdata[5],5.29µm
m_axi_wdata[61],5.29µm
m_axi_wdata[62],5.29µm
m_axi_wdata[9],5.29µm
m_axi_wstrb[4],5.29µm
m_axi_wstrb[7],5.29µm
s_axi_araddr[35],5.29µm
s_axi_awaddr[101],5.29µm
s_axi_awaddr[65],5.29µm
s_axi_awaddr[67],5.29µm
s_axi_awaddr[69],5.29µm
s_axi_awaddr[76],5.29µm
s_axi_awaddr[77],5.29µm
s_axi_bready[3],5.29µm
s_axi_bresp[1],5.29µm
s_axi_bresp[4],5.29µm
s_axi_bresp[5],5.29µm
s_axi_rdata[102],5.29µm
s_axi_rdata[10],5.29µm
s_axi_rdata[112],5.29µm
s_axi_rdata[113],5.29µm
s_axi_rdata[115],5.29µm
s_axi_rdata[116],5.29µm
s_axi_rdata[123],5.29µm
s_axi_rdata[125],5.29µm
s_axi_rdata[127],5.29µm
s_axi_rdata[13],5.29µm
s_axi_rdata[17],5.29µm
s_axi_rdata[1],5.29µm
s_axi_rdata[24],5.29µm
s_axi_rdata[32],5.29µm
s_axi_rdata[34],5.29µm
s_axi_rdata[3],5.29µm
s_axi_rdata[41],5.29µm
s_axi_rdata[42],5.29µm
s_axi_rdata[49],5.29µm
s_axi_rdata[4],5.29µm
s_axi_rdata[50],5.29µm
s_axi_rdata[51],5.29µm
s_axi_rdata[52],5.29µm
s_axi_rdata[54],5.29µm
s_axi_rdata[73],5.29µm
s_axi_rdata[79],5.29µm
s_axi_rdata[84],5.29µm
s_axi_rdata[87],5.29µm
s_axi_rdata[88],5.29µm
s_axi_rdata[94],5.29µm
s_axi_rdata[96],5.29µm
s_axi_rdata[99],5.29µm
s_axi_wdata[90],5.29µm
s_axi_wdata[93],5.29µm
s_axi_wdata[9],5.29µm
s_axi_wstrb[14],5.29µm
s_axi_wstrb[15],5.29µm
_0806_,5.28µm
_0984_,5.28µm
_2265_,5.28µm
_2638_,5.28µm
_3182_,5.28µm
net72,5.28µm
net651,5.28µm
_0373_,5.26µm
_0499_,5.26µm
_0527_,5.26µm
_0666_,5.26µm
_0719_,5.26µm
_0777_,5.26µm
_1192_,5.26µm
_1197_,5.26µm
_1208_,5.26µm
_1410_,5.26µm
_1710_,5.26µm
_1804_,5.26µm
_1913_,5.26µm
_2163_,5.26µm
_2230_,5.26µm
_2391_,5.26µm
_2738_,5.26µm
_2788_,5.26µm
_3047_,5.26µm
u_write_arbiter.w_buf_data\[35\],5.26µm
net32,5.26µm
net63,5.26µm
net86,5.26µm
net618,5.26µm
net811,5.26µm
net814,5.26µm
net872,5.26µm
_0859_,5.24µm
_0812_,5.22µm
_0841_,5.22µm
_0893_,5.22µm
_1244_,5.22µm
_1678_,5.22µm
_1794_,5.22µm
_1935_,5.22µm
_1952_,5.22µm
_2057_,5.22µm
_2244_,5.22µm
_2491_,5.22µm
_2497_,5.22µm
_2543_,5.22µm
_2688_,5.22µm
_2794_,5.22µm
_2970_,5.22µm
_3126_,5.22µm
_3207_,5.22µm
_3216_,5.22µm
_3223_,5.22µm
net307,5.22µm
_0110_,5.18µm
_0769_,5.16µm
_1123_,5.16µm
_0003_,5.14µm
_0586_,5.14µm
_0648_,5.14µm
_0855_,5.14µm
_1186_,5.14µm
_1683_,5.14µm
_2257_,5.14µm
_2279_,5.14µm
_3037_,5.14µm
net1218,5.14µm
u_write_arbiter.aw_buf_addr\[33\],5.1µm
_0029_,5.06µm
_0668_,5.06µm
_2819_,5.06µm
_0035_,5.04µm
_0097_,5.04µm
_0129_,5.04µm
_0251_,5.04µm
_0345_,5.04µm
_0515_,5.04µm
_0698_,5.04µm
_1583_,5.04µm
_1808_,5.04µm
net1172,5.04µm
net1195,5.04µm
net1214,5.04µm
net1215,5.04µm
_0087_,5.02µm
_1481_,5.02µm
_0436_,5.005µm
_0065_,5µm
_0132_,5µm
_0139_,5µm
_0226_,5µm
_0511_,5µm
_1409_,5µm
net371,5µm
m_axi_awaddr[15],4.95µm
m_axi_wdata[16],4.95µm
m_axi_wdata[18],4.95µm
m_axi_wdata[19],4.95µm
m_axi_wdata[26],4.95µm
m_axi_wdata[3],4.95µm
m_axi_wdata[41],4.95µm
m_axi_wdata[45],4.95µm
m_axi_wdata[50],4.95µm
m_axi_wdata[63],4.95µm
s_axi_araddr[37],4.95µm
s_axi_araddr[38],4.95µm
s_axi_araddr[45],4.95µm
s_axi_araddr[66],4.95µm
s_axi_araddr[80],4.95µm
s_axi_araddr[81],4.95µm
s_axi_araddr[87],4.95µm
s_axi_awprot[0],4.95µm
s_axi_awvalid[1],4.95µm
s_axi_bvalid[3],4.95µm
s_axi_rdata[114],4.95µm
s_axi_rdata[118],4.95µm
s_axi_rdata[122],4.95µm
s_axi_rdata[19],4.95µm
s_axi_rdata[27],4.95µm
s_axi_rdata[2],4.95µm
s_axi_rdata[31],4.95µm
s_axi_rdata[43],4.95µm
s_axi_rdata[47],4.95µm
s_axi_rdata[97],4.95µm
s_axi_rdata[9],4.95µm
s_axi_wdata[72],4.95µm
s_axi_wdata[74],4.95µm
s_axi_wdata[98],4.95µm
s_axi_wstrb[0],4.95µm
_0688_,4.94µm
_0907_,4.94µm
_1679_,4.94µm
_1727_,4.94µm
_1883_,4.94µm
_1930_,4.94µm
_2082_,4.94µm
_2801_,4.94µm
_2802_,4.94µm
net999,4.94µm
net1102,4.94µm
net1194,4.94µm
_0012_,4.92µm
_0078_,4.92µm
_0281_,4.92µm
_0358_,4.92µm
_0445_,4.92µm
_0919_,4.92µm
_1156_,4.92µm
_1673_,4.92µm
_1961_,4.92µm
_2342_,4.92µm
_2345_,4.92µm
_2423_,4.92µm
_2453_,4.92µm
_2461_,4.92µm
_2496_,4.92µm
_2504_,4.92µm
_2523_,4.92µm
_2623_,4.92µm
_2818_,4.92µm
_2825_,4.92µm
_2904_,4.92µm
_2918_,4.92µm
_3190_,4.92µm
u_write_arbiter.aw_buf_addr\[30\],4.92µm
u_write_arbiter.u_write_qos.budget_2\[1\],4.92µm
net168,4.92µm
net828,4.92µm
net897,4.92µm
net1020,4.92µm
_0784_,4.9µm
_2514_,4.9µm
_2591_,4.9µm
_0000_,4.88µm
_0173_,4.88µm
_0326_,4.88µm
_0665_,4.88µm
_0830_,4.88µm
_1491_,4.88µm
_1607_,4.88µm
_1776_,4.88µm
_1916_,4.88µm
_1925_,4.88µm
_2045_,4.88µm
_2121_,4.88µm
_2147_,4.88µm
_2152_,4.88µm
_2172_,4.88µm
_2380_,4.88µm
_2388_,4.88µm
_2462_,4.88µm
_2681_,4.88µm
_2977_,4.88µm
_3033_,4.88µm
_3188_,4.88µm
net919,4.88µm
net986,4.88µm
_0683_,4.82µm
_0805_,4.82µm
_1575_,4.82µm
_2196_,4.82µm
_2564_,4.82µm
_2578_,4.82µm
_2743_,4.82µm
_2849_,4.82µm
_3160_,4.82µm
_3170_,4.82µm
_3179_,4.82µm
_0121_,4.8µm
_0133_,4.8µm
_0821_,4.8µm
_0903_,4.8µm
_0925_,4.8µm
_1213_,4.8µm
_1456_,4.8µm
_1962_,4.8µm
_2033_,4.8µm
_2047_,4.8µm
_2221_,4.8µm
_2267_,4.8µm
_2287_,4.8µm
_2302_,4.8µm
_2329_,4.8µm
_2438_,4.8µm
_2454_,4.8µm
_2687_,4.8µm
_2981_,4.8µm
net560,4.8µm
net648,4.8µm
net822,4.8µm
net962,4.8µm
net1016,4.8µm
net1017,4.8µm
net1058,4.8µm
net1097,4.8µm
net1156,4.8µm
net1159,4.8µm
net1171,4.8µm
net1245,4.8µm
_0908_,4.78µm
_1805_,4.78µm
_2406_,4.78µm
_0126_,4.76µm
_0477_,4.76µm
_1399_,4.76µm
_2012_,4.76µm
_2180_,4.76µm
_2282_,4.76µm
_2684_,4.76µm
_2690_,4.76µm
_2702_,4.76µm
_2758_,4.76µm
_2988_,4.76µm
net1023,4.76µm
_0387_,4.745µm
cfg_age_threshold[4],4.73µm
cfg_age_threshold[6],4.73µm
s_axi_araddr[53],4.73µm
s_axi_araddr[56],4.73µm
s_axi_araddr[78],4.73µm
s_axi_arprot[4],4.73µm
_0155_,4.7µm
_2718_,4.7µm
net889,4.7µm
m_axi_wdata[60],4.69µm
_0017_,4.68µm
_0054_,4.68µm
_0383_,4.68µm
_0632_,4.68µm
_1597_,4.68µm
_2212_,4.68µm
net904,4.68µm
net961,4.68µm
_1255_,4.66µm
_2837_,4.66µm
cfg_weight_m1[0],4.61µm
cfg_weight_m2[3],4.61µm
cfg_weight_m3[2],4.61µm
m_axi_awprot[0],4.61µm
m_axi_wdata[11],4.61µm
m_axi_wdata[12],4.61µm
m_axi_wdata[14],4.61µm
m_axi_wdata[17],4.61µm
m_axi_wdata[20],4.61µm
m_axi_wdata[25],4.61µm
m_axi_wdata[29],4.61µm
m_axi_wdata[33],4.61µm
m_axi_wdata[34],4.61µm
m_axi_wdata[37],4.61µm
m_axi_wdata[40],4.61µm
m_axi_wdata[43],4.61µm
m_axi_wdata[44],4.61µm
m_axi_wdata[4],4.61µm
m_axi_wdata[52],4.61µm
m_axi_wdata[55],4.61µm
m_axi_wdata[58],4.61µm
m_axi_wdata[6],4.61µm
m_axi_wdata[7],4.61µm
m_axi_wdata[8],4.61µm
m_axi_wstrb[0],4.61µm
m_axi_wstrb[2],4.61µm
m_axi_wstrb[6],4.61µm
s_axi_araddr[125],4.61µm
s_axi_araddr[70],4.61µm
s_axi_araddr[71],4.61µm
s_axi_araddr[82],4.61µm
s_axi_araddr[89],4.61µm
s_axi_araddr[93],4.61µm
s_axi_arprot[2],4.61µm
s_axi_arready[0],4.61µm
s_axi_arready[2],4.61µm
s_axi_arvalid[2],4.61µm
s_axi_awaddr[73],4.61µm
s_axi_awaddr[75],4.61µm
s_axi_awaddr[79],4.61µm
s_axi_awprot[10],4.61µm
s_axi_awprot[11],4.61µm
s_axi_awprot[9],4.61µm
s_axi_bready[1],4.61µm
s_axi_bresp[3],4.61µm
s_axi_bresp[7],4.61µm
s_axi_bvalid[0],4.61µm
s_axi_bvalid[2],4.61µm
s_axi_rdata[107],4.61µm
s_axi_rdata[108],4.61µm
s_axi_rdata[110],4.61µm
s_axi_rdata[117],4.61µm
s_axi_rdata[119],4.61µm
s_axi_rdata[120],4.61µm
s_axi_rdata[121],4.61µm
s_axi_rdata[124],4.61µm
s_axi_rdata[12],4.61µm
s_axi_rdata[16],4.61µm
s_axi_rdata[20],4.61µm
s_axi_rdata[22],4.61µm
s_axi_rdata[25],4.61µm
s_axi_rdata[26],4.61µm
s_axi_rdata[28],4.61µm
s_axi_rdata[29],4.61µm
s_axi_rdata[30],4.61µm
s_axi_rdata[35],4.61µm
s_axi_rdata[37],4.61µm
s_axi_rdata[38],4.61µm
s_axi_rdata[45],4.61µm
s_axi_rdata[46],4.61µm
s_axi_rdata[53],4.61µm
s_axi_rdata[55],4.61µm
s_axi_rdata[56],4.61µm
s_axi_rdata[5],4.61µm
s_axi_rdata[60],4.61µm
s_axi_rdata[62],4.61µm
s_axi_rdata[66],4.61µm
s_axi_rdata[69],4.61µm
s_axi_rdata[70],4.61µm
s_axi_rdata[71],4.61µm
s_axi_rdata[74],4.61µm
s_axi_rdata[76],4.61µm
s_axi_rdata[80],4.61µm
s_axi_rdata[81],4.61µm
s_axi_rdata[85],4.61µm
s_axi_rready[1],4.61µm
s_axi_rresp[1],4.61µm
s_axi_rvalid[0],4.61µm
s_axi_rvalid[1],4.61µm
s_axi_wdata[8],4.61µm
s_axi_wdata[96],4.61µm
s_axi_wready[3],4.61µm
s_axi_wstrb[12],4.61µm
_0732_,4.6µm
_1155_,4.6µm
_3136_,4.6µm
_0055_,4.58µm
_0063_,4.58µm
_0128_,4.58µm
_0207_,4.58µm
_0327_,4.58µm
_0478_,4.58µm
_0494_,4.58µm
_0498_,4.58µm
_1221_,4.58µm
_3091_,4.57µm
_0372_,4.565µm
_0046_,4.56µm
_0142_,4.56µm
_0175_,4.56µm
_0244_,4.56µm
_0936_,4.56µm
_1667_,4.56µm
_0190_,4.54µm
_0221_,4.54µm
_0294_,4.54µm
_0305_,4.54µm
_0512_,4.54µm
net1118,4.54µm
_0745_,4.535µm
_0261_,4.48µm
_0550_,4.48µm
_1265_,4.48µm
_1267_,4.48µm
_1363_,4.48µm
_1631_,4.48µm
_2539_,4.48µm
_2902_,4.48µm
_2938_,4.48µm
net992,4.48µm
net1006,4.48µm
_0080_,4.46µm
_0084_,4.46µm
_0127_,4.46µm
_0381_,4.46µm
_0489_,4.46µm
_0516_,4.46µm
_0662_,4.46µm
_0724_,4.46µm
_0791_,4.46µm
_0820_,4.46µm
_0827_,4.46µm
_1126_,4.46µm
_1434_,4.46µm
_1699_,4.46µm
_1706_,4.46µm
_1718_,4.46µm
_2213_,4.46µm
_2301_,4.46µm
_2362_,4.46µm
_2567_,4.46µm
_2680_,4.46µm
net407,4.46µm
net876,4.46µm
net912,4.46µm
u_write_arbiter.w_buf_valid\[0\],4.44µm
_0359_,4.42µm
_0502_,4.42µm
_0796_,4.42µm
_1005_,4.42µm
_1124_,4.42µm
_1246_,4.42µm
_1646_,4.42µm
_2019_,4.42µm
_2104_,4.42µm
_2142_,4.42µm
_2376_,4.42µm
_3058_,4.42µm
_3194_,4.42µm
net966,4.42µm
net1080,4.42µm
net1141,4.42µm
s_axi_araddr[51],4.39µm
s_axi_araddr[84],4.39µm
s_axi_arprot[1],4.39µm
_0924_,4.36µm
_0972_,4.36µm
_1026_,4.36µm
_1161_,4.36µm
_1289_,4.36µm
_1407_,4.36µm
_1436_,4.36µm
_1812_,4.36µm
_2216_,4.36µm
_2280_,4.36µm
_2643_,4.36µm
_2666_,4.36µm
_2800_,4.36µm
_3191_,4.36µm
_3201_,4.36µm
net791,4.36µm
_0141_,4.34µm
_0273_,4.34µm
_0559_,4.34µm
_0813_,4.34µm
_0900_,4.34µm
_0929_,4.34µm
_0956_,4.34µm
_1217_,4.34µm
_1360_,4.34µm
_1370_,4.34µm
_1948_,4.34µm
_1968_,4.34µm
_2030_,4.34µm
_2113_,4.34µm
_2276_,4.34µm
_2340_,4.34µm
_2356_,4.34µm
_2369_,4.34µm
_2460_,4.34µm
_2632_,4.34µm
_2689_,4.34µm
_2737_,4.34µm
_2879_,4.34µm
_3006_,4.34µm
_3209_,4.34µm
net650,4.34µm
net779,4.34µm
net851,4.34µm
net909,4.34µm
net920,4.34µm
net923,4.34µm
net980,4.34µm
net1128,4.34µm
net1131,4.34µm
net1188,4.34µm
net1239,4.34µm
_0975_,4.32µm
_0377_,4.305µm
cfg_age_threshold[5],4.27µm
cfg_weight_m3[3],4.27µm
m_axi_araddr[29],4.27µm
m_axi_wdata[46],4.27µm
m_axi_wstrb[5],4.27µm
s_axi_araddr[18],4.27µm
s_axi_araddr[36],4.27µm
s_axi_araddr[3],4.27µm
s_axi_araddr[40],4.27µm
s_axi_araddr[48],4.27µm
s_axi_araddr[8],4.27µm
s_axi_araddr[90],4.27µm
s_axi_awaddr[78],4.27µm
s_axi_bresp[6],4.27µm
s_axi_rdata[105],4.27µm
s_axi_rdata[111],4.27µm
s_axi_rdata[15],4.27µm
s_axi_rdata[21],4.27µm
s_axi_rdata[39],4.27µm
s_axi_rdata[40],4.27µm
s_axi_rdata[44],4.27µm
s_axi_rdata[48],4.27µm
s_axi_rdata[67],4.27µm
s_axi_rdata[6],4.27µm
s_axi_rdata[75],4.27µm
s_axi_rdata[77],4.27µm
s_axi_rdata[92],4.27µm
s_axi_rready[0],4.27µm
u_write_arbiter.u_write_qos.rr_ptr\[0\],4.25µm
_3008_,4.24µm
net1005,4.24µm
_0282_,4.22µm
_0414_,4.22µm
_0766_,4.22µm
_0794_,4.22µm
_1207_,4.22µm
_1247_,4.22µm
_1376_,4.22µm
_1629_,4.22µm
_1632_,4.22µm
_2410_,4.22µm
_2695_,4.22µm
net562,4.22µm
net1123,4.22µm
_1659_,4.2µm
_1426_,4.165µm
_1941_,4.14µm
_2223_,4.14µm
_2549_,4.14µm
u_write_arbiter.aw_buf_valid\[3\],4.14µm
_0010_,4.12µm
_0324_,4.12µm
_0367_,4.12µm
_0481_,4.12µm
_1423_,4.12µm
_1657_,4.12µm
_2294_,4.12µm
_2318_,4.12µm
_2363_,4.12µm
_0083_,4.1µm
_0209_,4.1µm
_0270_,4.1µm
_1119_,4.1µm
net880,4.1µm
_0246_,4.08µm
_0509_,4.08µm
net1107,4.08µm
net1198,4.08µm
_0452_,4.02µm
_0708_,4.02µm
_0809_,4.02µm
_2174_,4.02µm
_2182_,4.02µm
_2336_,4.02µm
_2373_,4.02µm
_2537_,4.02µm
_3044_,4.02µm
net839,4.02µm
net878,4.02µm
net881,4.02µm
net893,4.02µm
net918,4.02µm
_0011_,4µm
_0015_,4µm
_0077_,4µm
_0103_,4µm
_0117_,4µm
_0257_,4µm
_0354_,4µm
_0435_,4µm
_0448_,4µm
_0961_,4µm
_0973_,4µm
_1060_,4µm
_1243_,4µm
_1372_,4µm
_1418_,4µm
_1509_,4µm
_1635_,4µm
_1973_,4µm
_2066_,4µm
_2080_,4µm
_2485_,4µm
_2547_,4µm
_2624_,4µm
_2799_,4µm
_2857_,4µm
_3011_,4µm
_3022_,4µm
net684,4µm
net965,4µm
net1057,4µm
net1110,4µm
net1229,4µm
_2175_,3.98µm
_2527_,3.98µm
_3144_,3.935µm
cfg_age_threshold[3],3.93µm
cfg_weight_m2[2],3.93µm
cfg_weight_m3[0],3.93µm
m_axi_araddr[61],3.93µm
m_axi_awaddr[50],3.93µm
m_axi_bresp[1],3.93µm
m_axi_wdata[39],3.93µm
m_axi_wdata[51],3.93µm
m_axi_wdata[53],3.93µm
m_axi_wdata[57],3.93µm
m_axi_wstrb[1],3.93µm
s_axi_araddr[114],3.93µm
s_axi_araddr[4],3.93µm
s_axi_araddr[63],3.93µm
s_axi_araddr[6],3.93µm
s_axi_araddr[73],3.93µm
s_axi_araddr[74],3.93µm
s_axi_araddr[9],3.93µm
s_axi_arprot[10],3.93µm
s_axi_arready[1],3.93µm
s_axi_arready[3],3.93µm
s_axi_awvalid[0],3.93µm
s_axi_bvalid[1],3.93µm
s_axi_rdata[106],3.93µm
s_axi_rdata[11],3.93µm
s_axi_rdata[23],3.93µm
s_axi_rdata[33],3.93µm
s_axi_rdata[58],3.93µm
s_axi_rdata[59],3.93µm
s_axi_rdata[63],3.93µm
s_axi_rdata[64],3.93µm
s_axi_rdata[68],3.93µm
s_axi_rdata[78],3.93µm
s_axi_rdata[7],3.93µm
s_axi_rdata[82],3.93µm
s_axi_rdata[83],3.93µm
s_axi_rdata[89],3.93µm
s_axi_rdata[90],3.93µm
s_axi_rdata[91],3.93µm
s_axi_rdata[95],3.93µm
s_axi_rdata[98],3.93µm
s_axi_rready[2],3.93µm
s_axi_rready[3],3.93µm
s_axi_rresp[2],3.93µm
s_axi_rresp[3],3.93µm
s_axi_rresp[5],3.93µm
s_axi_wdata[56],3.93µm
s_axi_wdata[86],3.93µm
s_axi_wready[0],3.93µm
s_axi_wready[1],3.93µm
s_axi_wvalid[3],3.93µm
_2309_,3.9µm
_2494_,3.9µm
_2498_,3.9µm
_2609_,3.9µm
_2640_,3.9µm
_2677_,3.9µm
_2719_,3.9µm
_2757_,3.9µm
_3195_,3.9µm
_0041_,3.88µm
_0159_,3.88µm
_0795_,3.88µm
_0995_,3.88µm
_1199_,3.88µm
_1234_,3.88µm
_1428_,3.88µm
_1473_,3.88µm
_1515_,3.88µm
_1627_,3.88µm
_1732_,3.88µm
_1765_,3.88µm
_1788_,3.88µm
_1971_,3.88µm
_2000_,3.88µm
_2020_,3.88µm
_2094_,3.88µm
_2117_,3.88µm
_2168_,3.88µm
_2284_,3.88µm
_2303_,3.88µm
_2341_,3.88µm
_2343_,3.88µm
_2449_,3.88µm
_2484_,3.88µm
_2515_,3.88µm
_2544_,3.88µm
_2579_,3.88µm
_2905_,3.88µm
_2911_,3.88µm
_2914_,3.88µm
_2919_,3.88µm
_3005_,3.88µm
_3070_,3.88µm
_3130_,3.88µm
_3167_,3.88µm
_3175_,3.88µm
net572,3.88µm
net628,3.88µm
net633,3.88µm
net652,3.88µm
net721,3.88µm
net767,3.88µm
net780,3.88µm
net957,3.88µm
net963,3.88µm
net1030,3.88µm
net1081,3.88µm
net1104,3.88µm
net1154,3.88µm
net1160,3.88µm
net1184,3.88µm
net1238,3.88µm
net1249,3.88µm
_0394_,3.86µm
_0156_,3.76µm
_0182_,3.76µm
_0186_,3.76µm
_0205_,3.76µm
_0220_,3.76µm
_0227_,3.76µm
_0264_,3.76µm
_0279_,3.76µm
_0309_,3.76µm
_0315_,3.76µm
_0318_,3.76µm
_0410_,3.76µm
_1506_,3.76µm
_1527_,3.76µm
_2634_,3.76µm
_2951_,3.76µm
net612,3.76µm
net1237,3.76µm
_1330_,3.74µm
_2225_,3.74µm
_1404_,3.68µm
_1419_,3.68µm
_2069_,3.68µm
_0033_,3.66µm
_0039_,3.66µm
_0040_,3.66µm
_0085_,3.66µm
_0161_,3.66µm
_0201_,3.66µm
_0237_,3.66µm
_0313_,3.66µm
_0355_,3.66µm
_0365_,3.66µm
_0430_,3.66µm
_0455_,3.66µm
_0926_,3.66µm
_1590_,3.66µm
_1748_,3.66µm
_2247_,3.66µm
_3154_,3.66µm
_0088_,3.64µm
_0434_,3.64µm
u_write_arbiter.aw_buf_valid\[2\],3.64µm
_0276_,3.56µm
_0302_,3.56µm
_0591_,3.56µm
_1018_,3.56µm
_1121_,3.56µm
_1148_,3.56µm
_1592_,3.56µm
_2011_,3.56µm
_2217_,3.56µm
_2241_,3.56µm
_2290_,3.56µm
_2531_,3.56µm
net913,3.56µm
net979,3.56µm
net1039,3.56µm
_0025_,3.54µm
_0031_,3.54µm
_0056_,3.54µm
_0094_,3.54µm
_0111_,3.54µm
_0135_,3.54µm
_0158_,3.54µm
_0163_,3.54µm
_0185_,3.54µm
_0236_,3.54µm
_0285_,3.54µm
_0339_,3.54µm
_0382_,3.54µm
_0428_,3.54µm
_0443_,3.54µm
_0444_,3.54µm
_0836_,3.54µm
_0998_,3.54µm
_1209_,3.54µm
_1422_,3.54µm
_2002_,3.54µm
_2259_,3.54µm
_2314_,3.54µm
_2512_,3.54µm
_2545_,3.54µm
_2768_,3.54µm
_2934_,3.54µm
net707,3.54µm
net709,3.54µm
net710,3.54µm
net760,3.54µm
net766,3.54µm
net810,3.54µm
net821,3.54µm
net829,3.54µm
net850,3.54µm
net860,3.54µm
net871,3.54µm
net873,3.54µm
net1070,3.54µm
net1173,3.54µm
_0500_,3.52µm
_0771_,3.48µm
_1151_,3.48µm
_0348_,3.445µm
_1196_,3.44µm
_1229_,3.44µm
_2456_,3.44µm
_2465_,3.44µm
_2552_,3.44µm
_2644_,3.44µm
_2670_,3.44µm
_2699_,3.44µm
_2733_,3.44µm
_2759_,3.44µm
_2812_,3.44µm
net578,3.44µm
net1085,3.44µm
_0267_,3.42µm
_0353_,3.42µm
_0432_,3.42µm
_0611_,3.42µm
_0747_,3.42µm
_0759_,3.42µm
_1084_,3.42µm
_1153_,3.42µm
_1174_,3.42µm
_1211_,3.42µm
_1250_,3.42µm
_1256_,3.42µm
_1328_,3.42µm
_1529_,3.42µm
_1682_,3.42µm
_1744_,3.42µm
_1757_,3.42µm
_1813_,3.42µm
_1828_,3.42µm
_1836_,3.42µm
_1934_,3.42µm
_2352_,3.42µm
_2394_,3.42µm
_2542_,3.42µm
_2625_,3.42µm
_2635_,3.42µm
_2667_,3.42µm
_2809_,3.42µm
_2862_,3.42µm
_2923_,3.42µm
_2943_,3.42µm
_3150_,3.42µm
_3219_,3.42µm
net31,3.42µm
net38,3.42µm
net48,3.42µm
net99,3.42µm
net558,3.42µm
net559,3.42µm
net561,3.42µm
net564,3.42µm
net568,3.42µm
net569,3.42µm
net574,3.42µm
net576,3.42µm
net581,3.42µm
net621,3.42µm
net627,3.42µm
net787,3.42µm
net807,3.42µm
net823,3.42µm
net834,3.42µm
net835,3.42µm
net854,3.42µm
net857,3.42µm
net863,3.42µm
net866,3.42µm
net1004,3.42µm
net1049,3.42µm
net1072,3.42µm
net1086,3.42µm
net1099,3.42µm
net1136,3.42µm
net1153,3.42µm
net1183,3.42µm
_0449_,3.4µm
_0074_,3.385µm
_2264_,3.37µm
_1781_,3.32µm
_0106_,3.3µm
_0196_,3.3µm
_0296_,3.3µm
_1440_,3.3µm
net832,3.3µm
_0496_,3.22µm
_1860_,3.22µm
_3103_,3.21µm
_0008_,3.2µm
_0013_,3.2µm
_0050_,3.2µm
_0076_,3.2µm
_0101_,3.2µm
_0118_,3.2µm
_0125_,3.2µm
_0134_,3.2µm
_0230_,3.2µm
_0253_,3.2µm
_0256_,3.2µm
_0278_,3.2µm
_0297_,3.2µm
_0308_,3.2µm
_0397_,3.2µm
_0488_,3.2µm
_0691_,3.2µm
_2572_,3.195µm
_2063_,3.18µm
_0825_,3.1µm
_1149_,3.1µm
_1150_,3.1µm
_1236_,3.1µm
_1395_,3.1µm
_1770_,3.1µm
_2119_,3.1µm
_2864_,3.1µm
_2886_,3.1µm
_2936_,3.1µm
_3050_,3.1µm
net316,3.1µm
net894,3.1µm
net914,3.1µm
net916,3.1µm
net917,3.1µm
net924,3.1µm
net974,3.1µm
net1067,3.1µm
net1084,3.1µm
_0071_,3.08µm
_0105_,3.08µm
_0183_,3.08µm
_0184_,3.08µm
_0204_,3.08µm
_0239_,3.08µm
_0262_,3.08µm
_0277_,3.08µm
_0291_,3.08µm
_0295_,3.08µm
_0298_,3.08µm
_0332_,3.08µm
_0333_,3.08µm
_0351_,3.08µm
_0357_,3.08µm
_0419_,3.08µm
_0424_,3.08µm
_0447_,3.08µm
_0450_,3.08µm
_0473_,3.08µm
_0780_,3.08µm
_1016_,3.08µm
_1157_,3.08µm
_1203_,3.08µm
_1309_,3.08µm
_1361_,3.08µm
_1362_,3.08µm
_1375_,3.08µm
_1513_,3.08µm
_1690_,3.08µm
_1708_,3.08µm
_1722_,3.08µm
_2001_,3.08µm
_2593_,3.08µm
_2659_,3.08µm
_2807_,3.08µm
_2813_,3.08µm
_2824_,3.08µm
_2921_,3.08µm
_2953_,3.08µm
_3001_,3.08µm
_3181_,3.08µm
net640,3.08µm
net926,3.08µm
_0977_,2.98µm
_1321_,2.98µm
_2437_,2.98µm
_2606_,2.98µm
_2618_,2.98µm
_2705_,2.98µm
_2748_,2.98µm
_2763_,2.98µm
_3169_,2.98µm
net71,2.98µm
net638,2.98µm
_0692_,2.96µm
_0758_,2.96µm
_0762_,2.96µm
_0781_,2.96µm
_0957_,2.96µm
_1028_,2.96µm
_1065_,2.96µm
_1160_,2.96µm
_1165_,2.96µm
_1335_,2.96µm
_1340_,2.96µm
_1344_,2.96µm
_1471_,2.96µm
_1477_,2.96µm
_1545_,2.96µm
_1728_,2.96µm
_1852_,2.96µm
_1901_,2.96µm
_1978_,2.96µm
_2238_,2.96µm
_2256_,2.96µm
_2281_,2.96µm
_2300_,2.96µm
_2355_,2.96µm
_2440_,2.96µm
_2563_,2.96µm
_2565_,2.96µm
_2594_,2.96µm
_2627_,2.96µm
_2676_,2.96µm
_2891_,2.96µm
_2925_,2.96µm
_2952_,2.96µm
_3003_,2.96µm
_3029_,2.96µm
_3221_,2.96µm
net39,2.96µm
net557,2.96µm
net565,2.96µm
net567,2.96µm
net571,2.96µm
net573,2.96µm
net577,2.96µm
net580,2.96µm
net619,2.96µm
net623,2.96µm
net692,2.96µm
net1012,2.96µm
net1065,2.96µm
net1143,2.96µm
net1169,2.96µm
net1206,2.96µm
net1232,2.96µm
_0234_,2.925µm
_0325_,2.925µm
_0112_,2.92µm
_0216_,2.86µm
_0412_,2.86µm
_0557_,2.86µm
_1401_,2.86µm
_1442_,2.86µm
_1653_,2.86µm
_0004_,2.84µm
_0138_,2.84µm
_0249_,2.84µm
_0299_,2.84µm
_0314_,2.84µm
_0421_,2.84µm
_0453_,2.84µm
_0774_,2.84µm
_0868_,2.84µm
_1339_,2.84µm
u_write_arbiter.w_buf_valid\[2\],2.84µm
_0311_,2.77µm
_0052_,2.76µm
_0614_,2.76µm
_1014_,2.76µm
_3085_,2.75µm
_0014_,2.74µm
_0036_,2.74µm
_0131_,2.74µm
_0153_,2.74µm
_0154_,2.74µm
_0157_,2.74µm
_0160_,2.74µm
_0180_,2.74µm
_0235_,2.74µm
_0331_,2.74µm
_0370_,2.74µm
_0395_,2.74µm
_0400_,2.74µm
_0438_,2.74µm
_0442_,2.74µm
_0446_,2.74µm
_0457_,2.74µm
_0483_,2.74µm
_0484_,2.74µm
_0495_,2.74µm
_0505_,2.74µm
_0849_,2.74µm
_0920_,2.74µm
_1332_,2.74µm
_1343_,2.74µm
_2215_,2.74µm
_2377_,2.74µm
_2546_,2.74µm
_1406_,2.72µm
_0057_,2.64µm
_0081_,2.64µm
_0222_,2.64µm
_0223_,2.64µm
_0224_,2.64µm
_0241_,2.64µm
_0265_,2.64µm
_0271_,2.64µm
_0310_,2.64µm
_0398_,2.64µm
_0406_,2.64µm
_0454_,2.64µm
_1075_,2.64µm
_1087_,2.64µm
_1377_,2.64µm
_1433_,2.64µm
_1669_,2.64µm
_1733_,2.64µm
_1950_,2.64µm
_2107_,2.64µm
_2366_,2.64µm
_2385_,2.64µm
_2878_,2.64µm
_2888_,2.64µm
_2909_,2.64µm
_2984_,2.64µm
_3009_,2.64µm
_3106_,2.64µm
_3227_,2.64µm
net461,2.64µm
net781,2.64µm
net884,2.64µm
_3115_,2.63µm
_0042_,2.62µm
_0072_,2.62µm
_0102_,2.62µm
_0107_,2.62µm
_0124_,2.62µm
_0165_,2.62µm
_0191_,2.62µm
_0307_,2.62µm
_0320_,2.62µm
_0334_,2.62µm
_0342_,2.62µm
_0352_,2.62µm
_0392_,2.62µm
_0418_,2.62µm
_0479_,2.62µm
_0504_,2.62µm
_0878_,2.62µm
_1002_,2.62µm
_1041_,2.62µm
_1064_,2.62µm
_1220_,2.62µm
_1268_,2.62µm
_1312_,2.62µm
_1333_,2.62µm
_1392_,2.62µm
_1720_,2.62µm
_1755_,2.62µm
_1879_,2.62µm
_1943_,2.62µm
_1949_,2.62µm
_1980_,2.62µm
_2048_,2.62µm
_2052_,2.62µm
_2058_,2.62µm
_2064_,2.62µm
_2087_,2.62µm
_2397_,2.62µm
_2404_,2.62µm
_2451_,2.62µm
_2608_,2.62µm
_2766_,2.62µm
_2884_,2.62µm
_2945_,2.62µm
_2986_,2.62µm
_3053_,2.62µm
_3064_,2.62µm
_3155_,2.62µm
net56,2.62µm
net809,2.62µm
net1168,2.62µm
net1176,2.62µm
_0739_,2.52µm
_0851_,2.52µm
_1015_,2.52µm
_1707_,2.52µm
_2195_,2.52µm
_2245_,2.52µm
_2331_,2.52µm
_2434_,2.52µm
_2525_,2.52µm
_2587_,2.52µm
_2600_,2.52µm
_2645_,2.52µm
_2678_,2.52µm
_2752_,2.52µm
_2765_,2.52µm
_2777_,2.52µm
_2932_,2.52µm
_3163_,2.52µm
net194,2.52µm
net233,2.52µm
net635,2.52µm
net705,2.52µm
net715,2.52µm
net716,2.52µm
net718,2.52µm
net719,2.52µm
net722,2.52µm
net725,2.52µm
net769,2.52µm
net772,2.52µm
net798,2.52µm
_0238_,2.5µm
_0245_,2.5µm
_0272_,2.5µm
_0580_,2.5µm
_0690_,2.5µm
_0833_,2.5µm
_0887_,2.5µm
_0894_,2.5µm
_0895_,2.5µm
_0988_,2.5µm
_1001_,2.5µm
_1115_,2.5µm
_1178_,2.5µm
_1228_,2.5µm
_1266_,2.5µm
_1380_,2.5µm
_1402_,2.5µm
_1565_,2.5µm
_1608_,2.5µm
_1609_,2.5µm
_1698_,2.5µm
_1704_,2.5µm
_1817_,2.5µm
_1819_,2.5µm
_1882_,2.5µm
_2036_,2.5µm
_2089_,2.5µm
_2277_,2.5µm
_2292_,2.5µm
_2371_,2.5µm
_2424_,2.5µm
_2458_,2.5µm
_2495_,2.5µm
_2617_,2.5µm
_2671_,2.5µm
_2872_,2.5µm
_2947_,2.5µm
_2958_,2.5µm
_3032_,2.5µm
_3120_,2.5µm
_3171_,2.5µm
_3193_,2.5µm
_3200_,2.5µm
net76,2.5µm
net162,2.5µm
net228,2.5µm
net444,2.5µm
net575,2.5µm
net590,2.5µm
net1027,2.5µm
net1044,2.5µm
net1048,2.5µm
net1088,2.5µm
net1101,2.5µm
net1115,2.5µm
net1130,2.5µm
net1187,2.5µm
net1244,2.5µm
net1246,2.5µm
_0119_,2.465µm
_0284_,2.465µm
_1424_,2.4µm
_1571_,2.4µm
_0187_,2.38µm
_0407_,2.38µm
_0487_,2.38µm
_2393_,2.38µm
_1721_,2.35µm
_3109_,2.34µm
_0350_,2.305µm
_0389_,2.305µm
_0045_,2.3µm
_0048_,2.3µm
_0164_,2.3µm
_0166_,2.3µm
_0689_,2.3µm
_1878_,2.3µm
_1891_,2.3µm
_1920_,2.3µm
_2038_,2.3µm
_3074_,2.3µm
_3100_,2.3µm
net351,2.3µm
net1129,2.3µm
net1133,2.3µm
_0062_,2.28µm
_0090_,2.28µm
_0098_,2.28µm
_0114_,2.28µm
_0137_,2.28µm
_0147_,2.28µm
_0208_,2.28µm
_0211_,2.28µm
_0248_,2.28µm
_0250_,2.28µm
_0254_,2.28µm
_0300_,2.28µm
_0312_,2.28µm
_0316_,2.28µm
_0384_,2.28µm
_0425_,2.28µm
_0458_,2.28µm
_0485_,2.28µm
_1641_,2.28µm
_1665_,2.28µm
net1114,2.28µm
_0322_,2.205µm
_0441_,2.205µm
_0037_,2.18µm
_0150_,2.18µm
_0192_,2.18µm
_0193_,2.18µm
_0199_,2.18µm
_0203_,2.18µm
_0255_,2.18µm
_0341_,2.18µm
_0371_,2.18µm
_0378_,2.18µm
_0380_,2.18µm
_0396_,2.18µm
_0422_,2.18µm
_0456_,2.18µm
_0506_,2.18µm
_0577_,2.18µm
_0735_,2.18µm
_0818_,2.18µm
_0902_,2.18µm
_0937_,2.18µm
_1110_,2.18µm
_1117_,2.18µm
_1251_,2.18µm
_1648_,2.18µm
_1815_,2.18µm
_1820_,2.18µm
_2536_,2.18µm
_2833_,2.18µm
_3076_,2.18µm
net777,2.18µm
net802,2.18µm
net805,2.18µm
net808,2.18µm
net827,2.18µm
net830,2.18µm
net831,2.18µm
net833,2.18µm
net836,2.18µm
net844,2.18µm
net855,2.18µm
net858,2.18µm
net859,2.18µm
net861,2.18µm
net865,2.18µm
net868,2.18µm
net869,2.18µm
net982,2.18µm
net1055,2.18µm
net1106,2.18µm
_0016_,2.16µm
_0169_,2.16µm
_0194_,2.16µm
_0202_,2.16µm
_0266_,2.16µm
_0269_,2.16µm
_0303_,2.16µm
_0306_,2.16µm
_0328_,2.16µm
_0330_,2.16µm
_0344_,2.16µm
_0376_,2.16µm
_0390_,2.16µm
_0393_,2.16µm
_0401_,2.16µm
_0415_,2.16µm
_0507_,2.16µm
_0514_,2.16µm
_0667_,2.16µm
_0788_,2.16µm
_0810_,2.16µm
_0822_,2.16µm
_0839_,2.16µm
_0857_,2.16µm
_0898_,2.16µm
_1031_,2.16µm
_1076_,2.16µm
_1080_,2.16µm
_1118_,2.16µm
_1248_,2.16µm
_1294_,2.16µm
_1303_,2.16µm
_1365_,2.16µm
_1393_,2.16µm
_1547_,2.16µm
_1645_,2.16µm
_1660_,2.16µm
_1775_,2.16µm
_1790_,2.16µm
_1919_,2.16µm
_2074_,2.16µm
_2162_,2.16µm
_2214_,2.16µm
_2293_,2.16µm
_2308_,2.16µm
_2395_,2.16µm
_2430_,2.16µm
_2647_,2.16µm
_2775_,2.16µm
_2793_,2.16µm
_3189_,2.16µm
_3213_,2.16µm
net749,2.16µm
net789,2.16µm
net910,2.16µm
net1205,2.16µm
_0847_,2.08µm
_1415_,2.065µm
_0916_,2.06µm
_1116_,2.06µm
_1368_,2.06µm
_1403_,2.06µm
_1412_,2.06µm
_1550_,2.06µm
_1552_,2.06µm
_2202_,2.06µm
_2310_,2.06µm
_2334_,2.06µm
_2418_,2.06µm
_2431_,2.06µm
_2433_,2.06µm
_2466_,2.06µm
_2476_,2.06µm
_2500_,2.06µm
_2501_,2.06µm
_2556_,2.06µm
_2562_,2.06µm
_2590_,2.06µm
_2599_,2.06µm
_2636_,2.06µm
_2649_,2.06µm
_2651_,2.06µm
_2654_,2.06µm
_2668_,2.06µm
_2669_,2.06µm
_2672_,2.06µm
_2693_,2.06µm
_2741_,2.06µm
_2746_,2.06µm
_2774_,2.06µm
_2823_,2.06µm
net98,2.06µm
net570,2.06µm
net642,2.06µm
net695,2.06µm
_0145_,2.04µm
_0644_,2.04µm
_0660_,2.04µm
_0763_,2.04µm
_0889_,2.04µm
_1176_,2.04µm
_1185_,2.04µm
_1210_,2.04µm
_1497_,2.04µm
_1800_,2.04µm
_1870_,2.04µm
_1910_,2.04µm
_2145_,2.04µm
_2239_,2.04µm
_2261_,2.04µm
_2306_,2.04µm
_2307_,2.04µm
_2615_,2.04µm
_2821_,2.04µm
_3198_,2.04µm
_3211_,2.04µm
u_write_arbiter.u_write_qos.m0_burst_count\[5\],2.04µm
net19,2.04µm
net57,2.04µm
net60,2.04µm
net103,2.04µm
net494,2.04µm
net553,2.04µm
net554,2.04µm
net617,2.04µm
net969,2.04µm
net989,2.04µm
net991,2.04µm
net1026,2.04µm
net1031,2.04µm
net1040,2.04µm
net1054,2.04µm
net1062,2.04µm
net1064,2.04µm
net1093,2.04µm
net1094,2.04µm
net1121,2.04µm
net1134,2.04µm
net1142,2.04µm
net1152,2.04µm
net1175,2.04µm
net1178,2.04µm
net1185,2.04µm
net1190,2.04µm
net1191,2.04µm
net1197,2.04µm
net1199,2.04µm
net1202,2.04µm
net1211,2.04µm
net1219,2.04µm
net1220,2.04µm
net1242,2.04µm
_0198_,2.005µm
_1734_,1.94µm
_0027_,1.84µm
_0059_,1.84µm
_0146_,1.84µm
_1195_,1.84µm
_1405_,1.84µm
_1487_,1.84µm
_1703_,1.84µm
_1974_,1.84µm
_2042_,1.84µm
_2285_,1.84µm
_3068_,1.84µm
_0051_,1.82µm
_0089_,1.82µm
_0095_,1.82µm
_0100_,1.82µm
_0143_,1.82µm
_0167_,1.82µm
_0168_,1.82µm
_0179_,1.82µm
_0181_,1.82µm
_0189_,1.82µm
_0217_,1.82µm
_0219_,1.82µm
_0229_,1.82µm
_0360_,1.82µm
_0385_,1.82µm
_0402_,1.82µm
_0416_,1.82µm
_0423_,1.82µm
_0433_,1.82µm
_0439_,1.82µm
_0440_,1.82µm
_0451_,1.82µm
_0463_,1.82µm
_0472_,1.82µm
_0503_,1.82µm
_2337_,1.82µm
_2804_,1.82µm
net1177,1.82µm
_0200_,1.745µm
_1811_,1.725µm
_0646_,1.72µm
_0808_,1.72µm
_0986_,1.72µm
_1327_,1.72µm
_1630_,1.72µm
_1716_,1.72µm
_1889_,1.72µm
_1960_,1.72µm
_2401_,1.72µm
_3071_,1.705µm
_0030_,1.7µm
_0116_,1.7µm
_0130_,1.7µm
_0206_,1.7µm
_0231_,1.7µm
_0304_,1.7µm
_0374_,1.7µm
_0386_,1.7µm
_0405_,1.7µm
_0409_,1.7µm
_0459_,1.7µm
_0461_,1.7µm
_0462_,1.7µm
_0637_,1.7µm
_0989_,1.7µm
_1078_,1.7µm
_1225_,1.7µm
_1287_,1.7µm
_1315_,1.7µm
_1342_,1.7µm
_1452_,1.7µm
_1777_,1.7µm
_1831_,1.7µm
_2043_,1.7µm
_2132_,1.7µm
_2233_,1.7µm
_2255_,1.7µm
_2274_,1.7µm
_2332_,1.7µm
_2416_,1.7µm
_2533_,1.7µm
_2713_,1.7µm
_2817_,1.7µm
_2873_,1.7µm
_2883_,1.7µm
_2942_,1.7µm
_2944_,1.7µm
_3028_,1.7µm
_3112_,1.7µm
_3138_,1.7µm
_3177_,1.7µm
net23,1.7µm
net101,1.7µm
net720,1.7µm
net973,1.7µm
net1082,1.7µm
net1125,1.7µm
net1139,1.7µm
net1196,1.7µm
net1200,1.7µm
net1201,1.7µm
net1208,1.7µm
net1224,1.7µm
_0996_,1.6µm
_1626_,1.6µm
_1796_,1.6µm
_2137_,1.6µm
_2224_,1.6µm
_2286_,1.6µm
_2338_,1.6µm
_2378_,1.6µm
_2447_,1.6µm
_2481_,1.6µm
_2490_,1.6µm
_2492_,1.6µm
_2554_,1.6µm
_2569_,1.6µm
_2583_,1.6µm
_2601_,1.6µm
_2602_,1.6µm
_2646_,1.6µm
_2660_,1.6µm
_2696_,1.6µm
_2704_,1.6µm
_2764_,1.6µm
_2773_,1.6µm
_2963_,1.6µm
_3142_,1.6µm
_0431_,1.575µm
_0375_,1.545µm
_0379_,1.545µm
_2360_,1.48µm
_2455_,1.48µm
_2851_,1.48µm
_0783_,1.38µm
_0952_,1.38µm
_1374_,1.38µm
_1408_,1.38µm
_1511_,1.38µm
_1523_,1.38µm
_1619_,1.38µm
_1725_,1.38µm
_1865_,1.38µm
_1895_,1.38µm
_1944_,1.38µm
_2068_,1.38µm
_2173_,1.38µm
_2234_,1.38µm
_2305_,1.38µm
_2315_,1.38µm
_3078_,1.38µm
net994,1.38µm
net1011,1.38µm
net1021,1.38µm
net1025,1.38µm
net1028,1.38µm
net1035,1.38µm
net1053,1.38µm
net1078,1.38µm
net1089,1.38µm
net1090,1.38µm
net1095,1.38µm
net1108,1.38µm
net1113,1.38µm
net1117,1.38µm
net1120,1.38µm
net1158,1.38µm
net1189,1.38µm
net1193,1.38µm
net1225,1.38µm
net1248,1.38µm
net1250,1.38µm
_0240_,1.36µm
_0252_,1.36µm
_0260_,1.36µm
_0283_,1.36µm
_0362_,1.36µm
_0364_,1.36µm
_0369_,1.36µm
_0399_,1.36µm
_0408_,1.36µm
_0464_,1.36µm
_0508_,1.36µm
_1394_,1.36µm
net1204,1.36µm
net1212,1.36µm
_0743_,1.295µm
_0530_,1.26µm
_0738_,1.26µm
_0768_,1.26µm
_0803_,1.26µm
_0886_,1.26µm
_0899_,1.26µm
_0904_,1.26µm
_0927_,1.26µm
_0980_,1.26µm
_0983_,1.26µm
_1003_,1.26µm
_1017_,1.26µm
_1249_,1.26µm
_1257_,1.26µm
_1278_,1.26µm
_1281_,1.26µm
_1398_,1.26µm
_1411_,1.26µm
_1458_,1.26µm
_1624_,1.26µm
_1638_,1.26µm
_1644_,1.26µm
_1751_,1.26µm
_2333_,1.26µm
_2374_,1.26µm
_2400_,1.26µm
_2417_,1.26µm
_2780_,1.26µm
_2811_,1.26µm
_2926_,1.26µm
_2929_,1.26µm
_2971_,1.26µm
_2992_,1.26µm
_2999_,1.26µm
_3010_,1.26µm
_3124_,1.26µm
_3225_,1.26µm
_0850_,1.21µm
_0610_,1.14µm
_0709_,1.14µm
_0737_,1.14µm
_0840_,1.14µm
_0964_,1.14µm
_1009_,1.14µm
_1172_,1.14µm
_1297_,1.14µm
_1300_,1.14µm
_1837_,1.14µm
_2237_,1.14µm
_2240_,1.14µm
_2289_,1.14µm
_2441_,1.14µm
_2457_,1.14µm
_2459_,1.14µm
_2493_,1.14µm
_2603_,1.14µm
_2610_,1.14µm
_2620_,1.14µm
_2663_,1.14µm
_2685_,1.14µm
_2700_,1.14µm
_2703_,1.14µm
_2707_,1.14µm
_2714_,1.14µm
_2715_,1.14µm
_2726_,1.14µm
_2730_,1.14µm
_2745_,1.14µm
_2979_,1.14µm
_3185_,1.14µm
_3197_,1.14µm
net673,1.14µm
net691,1.14µm
_0009_,1.085µm
_0615_,1.02µm
_1829_,1.02µm
_0742_,0.98µm
_0634_,0.92µm
_0829_,0.92µm
_0923_,0.92µm
_1158_,0.92µm
_1190_,0.92µm
_1238_,0.92µm
_1269_,0.92µm
_1366_,0.92µm
_1976_,0.92µm
_2092_,0.92µm
_2115_,0.92µm
_2218_,0.92µm
_2222_,0.92µm
_2226_,0.92µm
_2231_,0.92µm
_2242_,0.92µm
_2246_,0.92µm
_2268_,0.92µm
_2291_,0.92µm
_2553_,0.92µm
net967,0.92µm
net1119,0.92µm
net1140,0.92µm
net1150,0.92µm
net1164,0.92µm
net1181,0.92µm
net1182,0.92µm
net1231,0.92µm
_0653_,0.8µm
_0948_,0.8µm
_1830_,0.8µm
_2326_,0.8µm
_2344_,0.8µm
_2370_,0.8µm
_3202_,0.8µm
_0519_,0.69µm
_0555_,0.46µm
_0558_,0.46µm
_0669_,0.46µm
_0969_,0.46µm
_1162_,0.46µm
_1336_,0.46µm
_1338_,0.46µm
_1421_,0.46µm
_1430_,0.46µm
_1437_,0.46µm
_1572_,0.46µm
_1791_,0.46µm
_1848_,0.46µm
_1918_,0.46µm
_2034_,0.46µm
_2815_,0.46µm
_3157_,0.46µm
net995,0.46µm
net1002,0.46µm
net1033,0.46µm
net1036,0.46µm
net1038,0.46µm
net1041,0.46µm
net1043,0.46µm
net1047,0.46µm
net1052,0.46µm
net1060,0.46µm
net1061,0.46µm
net1075,0.46µm
net1083,0.46µm
net1109,0.46µm
net1137,0.46µm
net1148,0.46µm
net1149,0.46µm
net1151,0.46µm
net1163,0.46µm
net1165,0.46µm
net1166,0.46µm
net1167,0.46µm
net1170,0.46µm
net1179,0.46µm
net1207,0.46µm
net1210,0.46µm
net1213,0.46µm
net1216,0.46µm
net1217,0.46µm
net1223,0.46µm
net1228,0.46µm
net1230,0.46µm
net1233,0.46µm
net1235,0.46µm
net1243,0.46µm
net1251,0.46µm
