Reading OpenROAD database at '/work/openlane/runs/RUN_2026-08-28_23-34-40/34-openroad-resizertimingpostcts/axi4lite_arbiter_top.odb'…
Reading library file at '/.volare/volare/sky130/versions/bdc9412b3e468c102d01b7cf6337be06ec6e9c9a/sky130A/libs.ref/sky130_fd_sc_hd/lib/sky130_fd_sc_hd__tt_025C_1v80.lib'…
Reading design constraints file at '/work/constraints/timing.sdc'…
[INFO] Setting signal min routing layer to: met1 and clock min routing layer to met1. 
[INFO] Setting signal max routing layer to: met4 and clock max routing layer to met4. 
-congestion_iterations 50 -verbose
[INFO GRT-0020] Min routing layer: met1
[INFO GRT-0021] Max routing layer: met4
[INFO GRT-0022] Global adjustment: 30%
[INFO GRT-0023] Grid origin: (0, 0)
[INFO GRT-0043] No OR_DEFAULT vias defined.
[INFO GRT-0088] Layer li1     Track-Pitch = 0.4600  line-2-Via Pitch: 0.3400
[INFO GRT-0088] Layer met1    Track-Pitch = 0.3400  line-2-Via Pitch: 0.3400
[INFO GRT-0088] Layer met2    Track-Pitch = 0.4600  line-2-Via Pitch: 0.3500
[INFO GRT-0088] Layer met3    Track-Pitch = 0.6800  line-2-Via Pitch: 0.6150
[INFO GRT-0088] Layer met4    Track-Pitch = 0.9200  line-2-Via Pitch: 0.6150
[INFO GRT-0019] Found 104 clock nets.
[INFO GRT-0001] Minimum degree: 2
[INFO GRT-0002] Maximum degree: 100
[INFO GRT-0003] Macros: 0
[INFO GRT-0043] No OR_DEFAULT vias defined.
[INFO GRT-0004] Blockages: 7308

[INFO GRT-0053] Routing resources analysis:
          Routing      Original      Derated      Resource
Layer     Direction    Resources     Resources    Reduction (%)
---------------------------------------------------------------
li1        Vertical            0             0          0.00%
met1       Horizontal     339170        166608          50.88%
met2       Vertical       254280        167581          34.10%
met3       Horizontal     169520        116911          31.03%
met4       Vertical       118690         65816          44.55%
---------------------------------------------------------------

[INFO GRT-0101] Running extra iterations to remove overflow.
[INFO GRT-0197] Via related to pin nodes: 26587
[INFO GRT-0198] Via related Steiner nodes: 507
[INFO GRT-0199] Via filling finished.
[INFO GRT-0111] Final number of vias: 34425
[INFO GRT-0112] Final usage 3D: 152078

[INFO GRT-0096] Final congestion report:
Layer         Resource        Demand        Usage (%)    Max H / Max V / Total Overflow
---------------------------------------------------------------------------------------
li1                  0             0            0.00%             0 /  0 /  0
met1            166608         20314           12.19%             0 /  0 /  0
met2            167581         25202           15.04%             0 /  0 /  0
met3            116911          1814            1.55%             0 /  0 /  0
met4             65816          1473            2.24%             0 /  0 /  0
---------------------------------------------------------------------------------------
Total           516916         48803            9.44%             0 /  0 /  0

[INFO GRT-0018] Total wirelength: 425219 um
[INFO GRT-0014] Routed nets: 5969
%OL_CREATE_REPORT antenna.rpt
[INFO GRT-0043] No OR_DEFAULT vias defined.
Net: _1104_
  Pin: _4042_/A (sky130_fd_sc_hd__or2_1)
    Layer: met1
      Partial area ratio:  712.38
      Required ratio:    0.00 (Gate area) 
      Partial area ratio: 3568.10
      Required ratio: 3237.20 (Side area) (VIOLATED)
      Cumulative area ratio:  712.38
      Required ratio:    0.00 (Cumulative area) 
      Cumulative area ratio: 3568.10
      Required ratio:    0.00 (Cumulative side area) 

    Layer: met2
      Partial area ratio:    2.73
      Required ratio:    0.00 (Gate area) 
      Partial area ratio:   13.94
      Required ratio: 3237.20 (Side area) 
      Cumulative area ratio:  715.11
      Required ratio:    0.00 (Cumulative area) 
      Cumulative area ratio: 3582.04
      Required ratio:    0.00 (Cumulative side area) 

    Layer: li1
      Partial area ratio:    0.00
      Required ratio:    0.00 (Gate area) 
      Partial area ratio:    0.00
      Required ratio:   75.00 (Side area) 
      Cumulative area ratio:    0.00
      Required ratio:    0.00 (Cumulative area) 
      Cumulative area ratio:    0.00
      Required ratio:    0.00 (Cumulative side area) 

    Layer: met2
      Partial area ratio:    2.73
      Required ratio:    0.00 (Gate area) 
      Partial area ratio:   13.94
      Required ratio: 3237.20 (Side area) 
      Cumulative area ratio:  715.11
      Required ratio:    0.00 (Cumulative area) 
      Cumulative area ratio: 3582.04
      Required ratio:    0.00 (Cumulative side area) 

    Via: M1M2_PR
      Partial area ratio:    0.54
      Required ratio:    6.00 (Gate area) 
      Cumulative area ratio:    0.77
      Required ratio:    0.00 (Cumulative area) 

    Via: L1M1_PR
      Partial area ratio:    0.23
      Required ratio:    3.00 (Gate area) 
      Cumulative area ratio:    0.23
      Required ratio:    0.00 (Cumulative area) 

  Pin: _4836_/A2 (sky130_fd_sc_hd__a21oi_1)
    Layer: met1
      Partial area ratio:    2.19
      Required ratio:    0.00 (Gate area) 
      Partial area ratio:   11.73
      Required ratio:  400.00 (Side area) 
      Cumulative area ratio:    2.19
      Required ratio:    0.00 (Cumulative area) 
      Cumulative area ratio:   11.73
      Required ratio:    0.00 (Cumulative side area) 

    Layer: li1
      Partial area ratio:    0.00
      Required ratio:    0.00 (Gate area) 
      Partial area ratio:    0.00
      Required ratio:   75.00 (Side area) 
      Cumulative area ratio:    0.00
      Required ratio:    0.00 (Cumulative area) 
      Cumulative area ratio:    0.00
      Required ratio:    0.00 (Cumulative side area) 

    Via: M1M2_PR
      Partial area ratio:    0.18
      Required ratio:    6.00 (Gate area) 
      Cumulative area ratio:    0.30
      Required ratio:    0.00 (Cumulative area) 

    Via: L1M1_PR
      Partial area ratio:    0.12
      Required ratio:    3.00 (Gate area) 
      Cumulative area ratio:    0.12
      Required ratio:    0.00 (Cumulative area) 

  Pin: _4683_/B (sky130_fd_sc_hd__nand2_1)
    Layer: met1
      Partial area ratio:    5.79
      Required ratio:    0.00 (Gate area) 
      Partial area ratio:   30.45
      Required ratio:  400.00 (Side area) 
      Cumulative area ratio:    5.79
      Required ratio:    0.00 (Cumulative area) 
      Cumulative area ratio:   30.45
      Required ratio:    0.00 (Cumulative side area) 

    Layer: li1
      Partial area ratio:    0.00
      Required ratio:    0.00 (Gate area) 
      Partial area ratio:    0.00
      Required ratio:   75.00 (Side area) 
      Cumulative area ratio:    0.00
      Required ratio:    0.00 (Cumulative area) 
      Cumulative area ratio:    0.00
      Required ratio:    0.00 (Cumulative side area) 

    Via: M1M2_PR
      Partial area ratio:    0.20
      Required ratio:    6.00 (Gate area) 
      Cumulative area ratio:    0.31
      Required ratio:    0.00 (Cumulative area) 

    Via: L1M1_PR
      Partial area ratio:    0.12
      Required ratio:    3.00 (Gate area) 
      Cumulative area ratio:    0.12
      Required ratio:    0.00 (Cumulative area) 

  Pin: _3867_/A (sky130_fd_sc_hd__clkbuf_4)
    Layer: met1
      Partial area ratio:    5.79
      Required ratio:    0.00 (Gate area) 
      Partial area ratio:   30.45
      Required ratio:  400.00 (Side area) 
      Cumulative area ratio:    5.79
      Required ratio:    0.00 (Cumulative area) 
      Cumulative area ratio:   30.45
      Required ratio:    0.00 (Cumulative side area) 

    Layer: li1
      Partial area ratio:    0.00
      Required ratio:    0.00 (Gate area) 
      Partial area ratio:    0.00
      Required ratio:   75.00 (Side area) 
      Cumulative area ratio:    0.00
      Required ratio:    0.00 (Cumulative area) 
      Cumulative area ratio:    0.00
      Required ratio:    0.00 (Cumulative side area) 

    Via: M1M2_PR
      Partial area ratio:    0.20
      Required ratio:    6.00 (Gate area) 
      Cumulative area ratio:    0.33
      Required ratio:    0.00 (Cumulative area) 

    Via: L1M1_PR
      Partial area ratio:    0.14
      Required ratio:    3.00 (Gate area) 
      Cumulative area ratio:    0.14
      Required ratio:    0.00 (Cumulative area) 

  Pin: _4725_/B (sky130_fd_sc_hd__nand2_1)
    Layer: met1
      Partial area ratio:    2.88
      Required ratio:    0.00 (Gate area) 
      Partial area ratio:   15.18
      Required ratio:  400.00 (Side area) 
      Cumulative area ratio:    2.88
      Required ratio:    0.00 (Cumulative area) 
      Cumulative area ratio:   15.18
      Required ratio:    0.00 (Cumulative side area) 

    Layer: li1
      Partial area ratio:    0.00
      Required ratio:    0.00 (Gate area) 
      Partial area ratio:    0.00
      Required ratio:   75.00 (Side area) 
      Cumulative area ratio:    0.00
      Required ratio:    0.00 (Cumulative area) 
      Cumulative area ratio:    0.00
      Required ratio:    0.00 (Cumulative side area) 

    Via: M1M2_PR
      Partial area ratio:    0.18
      Required ratio:    6.00 (Gate area) 
      Cumulative area ratio:    0.30
      Required ratio:    0.00 (Cumulative area) 

    Via: L1M1_PR
      Partial area ratio:    0.12
      Required ratio:    3.00 (Gate area) 
      Cumulative area ratio:    0.12
      Required ratio:    0.00 (Cumulative area) 


Net: _1265_
  Pin: _6130_/A (sky130_fd_sc_hd__buf_4)
    Layer: met2
      Partial area ratio:   33.99
      Required ratio:    0.00 (Gate area) 
      Partial area ratio:  170.44
      Required ratio: 3744.80 (Side area) 
      Cumulative area ratio:   89.41
      Required ratio:    0.00 (Cumulative area) 
      Cumulative area ratio:  449.45
      Required ratio:    0.00 (Cumulative side area) 

    Layer: met1
      Partial area ratio:    2.02
      Required ratio:    0.00 (Gate area) 
      Partial area ratio:   10.87
      Required ratio:  400.00 (Side area) 
      Cumulative area ratio:    2.02
      Required ratio:    0.00 (Cumulative area) 
      Cumulative area ratio:   10.87
      Required ratio:    0.00 (Cumulative side area) 

    Layer: li1
      Partial area ratio:    0.00
      Required ratio:    0.00 (Gate area) 
      Partial area ratio:    0.00
      Required ratio:   75.00 (Side area) 
      Cumulative area ratio:    0.00
      Required ratio:    0.00 (Cumulative area) 
      Cumulative area ratio:    0.00
      Required ratio:    0.00 (Cumulative side area) 

    Layer: met3
      Partial area ratio:    5.99
      Required ratio:    0.00 (Gate area) 
      Partial area ratio:   32.16
      Required ratio: 3744.80 (Side area) 
      Cumulative area ratio:   95.40
      Required ratio:    0.00 (Cumulative area) 
      Cumulative area ratio:  481.61
      Required ratio:    0.00 (Cumulative side area) 

    Via: M2M3_PR
      Partial area ratio:    0.03
      Required ratio:    6.00 (Gate area) 
      Cumulative area ratio:    0.49
      Required ratio:    0.00 (Cumulative area) 

    Via: M1M2_PR
      Partial area ratio:    0.18
      Required ratio:    6.00 (Gate area) 
      Cumulative area ratio:    0.30
      Required ratio:    0.00 (Cumulative area) 

    Via: L1M1_PR
      Partial area ratio:    0.12
      Required ratio:    3.00 (Gate area) 
      Cumulative area ratio:    0.12
      Required ratio:    0.00 (Cumulative area) 

  Pin: _6151_/A (sky130_fd_sc_hd__buf_4)
    Layer: met2
      Partial area ratio:   33.99
      Required ratio:    0.00 (Gate area) 
      Partial area ratio:  170.44
      Required ratio: 3744.80 (Side area) 
      Cumulative area ratio:  249.00
      Required ratio:    0.00 (Cumulative area) 
      Cumulative area ratio: 1249.73
      Required ratio:    0.00 (Cumulative side area) 

    Layer: met1
      Partial area ratio:    1.21
      Required ratio:    0.00 (Gate area) 
      Partial area ratio:    6.86
      Required ratio:  400.00 (Side area) 
      Cumulative area ratio:    1.21
      Required ratio:    0.00 (Cumulative area) 
      Cumulative area ratio:    6.86
      Required ratio:    0.00 (Cumulative side area) 

    Layer: li1
      Partial area ratio:    0.00
      Required ratio:    0.00 (Gate area) 
      Partial area ratio:    0.00
      Required ratio:   75.00 (Side area) 
      Cumulative area ratio:    0.00
      Required ratio:    0.00 (Cumulative area) 
      Cumulative area ratio:    0.00
      Required ratio:    0.00 (Cumulative side area) 

    Layer: met3
      Partial area ratio:    5.99
      Required ratio:    0.00 (Gate area) 
      Partial area ratio:   32.16
      Required ratio: 3744.80 (Side area) 
      Cumulative area ratio:  254.99
      Required ratio:    0.00 (Cumulative area) 
      Cumulative area ratio: 1281.89
      Required ratio:    0.00 (Cumulative side area) 

    Via: M2M3_PR
      Partial area ratio:    0.03
      Required ratio:    6.00 (Gate area) 
      Cumulative area ratio:    0.84
      Required ratio:    0.00 (Cumulative area) 

    Via: M1M2_PR
      Partial area ratio:    0.18
      Required ratio:    6.00 (Gate area) 
      Cumulative area ratio:    0.30
      Required ratio:    0.00 (Cumulative area) 

    Via: L1M1_PR
      Partial area ratio:    0.12
      Required ratio:    3.00 (Gate area) 
      Cumulative area ratio:    0.12
      Required ratio:    0.00 (Cumulative area) 

  Pin: _6174_/S (sky130_fd_sc_hd__mux2_1)
    Layer: met2
      Partial area ratio:   33.99
      Required ratio:    0.00 (Gate area) 
      Partial area ratio:  170.44
      Required ratio: 3744.80 (Side area) 
      Cumulative area ratio:  247.78
      Required ratio:    0.00 (Cumulative area) 
      Cumulative area ratio: 1242.87
      Required ratio:    0.00 (Cumulative side area) 

    Layer: met1
      Partial area ratio:  160.39
      Required ratio:    0.00 (Gate area) 
      Partial area ratio:  804.30
      Required ratio:  400.00 (Side area) (VIOLATED)
      Cumulative area ratio:  160.39
      Required ratio:    0.00 (Cumulative area) 
      Cumulative area ratio:  804.30
      Required ratio:    0.00 (Cumulative side area) 

    Layer: li1
      Partial area ratio:    0.00
      Required ratio:    0.00 (Gate area) 
      Partial area ratio:    0.00
      Required ratio:   75.00 (Side area) 
      Cumulative area ratio:    0.00
      Required ratio:    0.00 (Cumulative area) 
      Cumulative area ratio:    0.00
      Required ratio:    0.00 (Cumulative side area) 

    Layer: met3
      Partial area ratio:    5.99
      Required ratio:    0.00 (Gate area) 
      Partial area ratio:   32.16
      Required ratio: 3744.80 (Side area) 
      Cumulative area ratio:  253.77
      Required ratio:    0.00 (Cumulative area) 
      Cumulative area ratio: 1275.03
      Required ratio:    0.00 (Cumulative side area) 

    Via: M2M3_PR
      Partial area ratio:    0.03
      Required ratio:    6.00 (Gate area) 
      Cumulative area ratio:    0.66
      Required ratio:    0.00 (Cumulative area) 

    Via: M1M2_PR
      Partial area ratio:    0.36
      Required ratio:    6.00 (Gate area) 
      Cumulative area ratio:    0.47
      Required ratio:    0.00 (Cumulative area) 

    Via: L1M1_PR
      Partial area ratio:    0.11
      Required ratio:    3.00 (Gate area) 
      Cumulative area ratio:    0.11
      Required ratio:    0.00 (Cumulative area) 

  Pin: _6182_/S (sky130_fd_sc_hd__mux2_1)
    Layer: met3
      Partial area ratio:    5.99
      Required ratio:    0.00 (Gate area) 
      Partial area ratio:   32.16
      Required ratio: 3744.80 (Side area) 
      Cumulative area ratio:   13.59
      Required ratio:    0.00 (Cumulative area) 
      Cumulative area ratio:   71.40
      Required ratio:    0.00 (Cumulative side area) 

    Layer: met2
      Partial area ratio:    0.98
      Required ratio:    0.00 (Gate area) 
      Partial area ratio:    4.99
      Required ratio:  400.00 (Side area) 
      Cumulative area ratio:    7.60
      Required ratio:    0.00 (Cumulative area) 
      Cumulative area ratio:   39.24
      Required ratio:    0.00 (Cumulative side area) 

    Layer: met1
      Partial area ratio:    6.62
      Required ratio:    0.00 (Gate area) 
      Partial area ratio:   34.26
      Required ratio:  400.00 (Side area) 
      Cumulative area ratio:    6.62
      Required ratio:    0.00 (Cumulative area) 
      Cumulative area ratio:   34.26
      Required ratio:    0.00 (Cumulative side area) 

    Layer: li1
      Partial area ratio:    0.00
      Required ratio:    0.00 (Gate area) 
      Partial area ratio:    0.00
      Required ratio:   75.00 (Side area) 
      Cumulative area ratio:    0.00
      Required ratio:    0.00 (Cumulative area) 
      Cumulative area ratio:    0.00
      Required ratio:    0.00 (Cumulative side area) 

    Via: M2M3_PR
      Partial area ratio:    0.04
      Required ratio:    6.00 (Gate area) 
      Cumulative area ratio:    0.33
      Required ratio:    0.00 (Cumulative area) 

    Via: M1M2_PR
      Partial area ratio:    0.18
      Required ratio:    6.00 (Gate area) 
      Cumulative area ratio:    0.29
      Required ratio:    0.00 (Cumulative area) 

    Via: L1M1_PR
      Partial area ratio:    0.11
      Required ratio:    3.00 (Gate area) 
      Cumulative area ratio:    0.11
      Required ratio:    0.00 (Cumulative area) 

  Pin: _6180_/S (sky130_fd_sc_hd__mux2_1)
    Layer: met3
      Partial area ratio:    5.99
      Required ratio:    0.00 (Gate area) 
      Partial area ratio:   32.16
      Required ratio: 3744.80 (Side area) 
      Cumulative area ratio:   13.59
      Required ratio:    0.00 (Cumulative area) 
      Cumulative area ratio:   71.40
      Required ratio:    0.00 (Cumulative side area) 

    Layer: met2
      Partial area ratio:    0.98
      Required ratio:    0.00 (Gate area) 
      Partial area ratio:    4.99
      Required ratio:  400.00 (Side area) 
      Cumulative area ratio:    7.60
      Required ratio:    0.00 (Cumulative area) 
      Cumulative area ratio:   39.24
      Required ratio:    0.00 (Cumulative side area) 

    Layer: met1
      Partial area ratio:    6.62
      Required ratio:    0.00 (Gate area) 
      Partial area ratio:   34.26
      Required ratio:  400.00 (Side area) 
      Cumulative area ratio:    6.62
      Required ratio:    0.00 (Cumulative area) 
      Cumulative area ratio:   34.26
      Required ratio:    0.00 (Cumulative side area) 

    Layer: li1
      Partial area ratio:    0.00
      Required ratio:    0.00 (Gate area) 
      Partial area ratio:    0.00
      Required ratio:   75.00 (Side area) 
      Cumulative area ratio:    0.00
      Required ratio:    0.00 (Cumulative area) 
      Cumulative area ratio:    0.00
      Required ratio:    0.00 (Cumulative side area) 

    Via: M2M3_PR
      Partial area ratio:    0.04
      Required ratio:    6.00 (Gate area) 
      Cumulative area ratio:    0.33
      Required ratio:    0.00 (Cumulative area) 

    Via: M1M2_PR
      Partial area ratio:    0.18
      Required ratio:    6.00 (Gate area) 
      Cumulative area ratio:    0.29
      Required ratio:    0.00 (Cumulative area) 

    Via: L1M1_PR
      Partial area ratio:    0.11
      Required ratio:    3.00 (Gate area) 
      Cumulative area ratio:    0.11
      Required ratio:    0.00 (Cumulative area) 

  Pin: _6172_/S (sky130_fd_sc_hd__mux2_1)
    Layer: met3
      Partial area ratio:    5.99
      Required ratio:    0.00 (Gate area) 
      Partial area ratio:   32.16
      Required ratio: 3744.80 (Side area) 
      Cumulative area ratio:   15.55
      Required ratio:    0.00 (Cumulative area) 
      Cumulative area ratio:   82.01
      Required ratio:    0.00 (Cumulative side area) 

    Layer: met2
      Partial area ratio:    0.98
      Required ratio:    0.00 (Gate area) 
      Partial area ratio:    4.99
      Required ratio:  400.00 (Side area) 
      Cumulative area ratio:    9.56
      Required ratio:    0.00 (Cumulative area) 
      Cumulative area ratio:   49.85
      Required ratio:    0.00 (Cumulative side area) 

    Layer: met1
      Partial area ratio:    1.97
      Required ratio:    0.00 (Gate area) 
      Partial area ratio:   10.60
      Required ratio:  400.00 (Side area) 
      Cumulative area ratio:    1.97
      Required ratio:    0.00 (Cumulative area) 
      Cumulative area ratio:   10.60
      Required ratio:    0.00 (Cumulative side area) 

    Layer: li1
      Partial area ratio:    0.00
      Required ratio:    0.00 (Gate area) 
      Partial area ratio:    0.00
      Required ratio:   75.00 (Side area) 
      Cumulative area ratio:    0.00
      Required ratio:    0.00 (Cumulative area) 
      Cumulative area ratio:    0.00
      Required ratio:    0.00 (Cumulative side area) 

    Via: M2M3_PR
      Partial area ratio:    0.04
      Required ratio:    6.00 (Gate area) 
      Cumulative area ratio:    0.47
      Required ratio:    0.00 (Cumulative area) 

    Via: M1M2_PR
      Partial area ratio:    0.13
      Required ratio:    6.00 (Gate area) 
      Cumulative area ratio:    0.25
      Required ratio:    0.00 (Cumulative area) 

    Via: L1M1_PR
      Partial area ratio:    0.11
      Required ratio:    3.00 (Gate area) 
      Cumulative area ratio:    0.11
      Required ratio:    0.00 (Cumulative area) 

  Pin: _6178_/S (sky130_fd_sc_hd__mux2_1)
    Layer: met3
      Partial area ratio:    5.99
      Required ratio:    0.00 (Gate area) 
      Partial area ratio:   32.16
      Required ratio: 3744.80 (Side area) 
      Cumulative area ratio:   15.55
      Required ratio:    0.00 (Cumulative area) 
      Cumulative area ratio:   82.01
      Required ratio:    0.00 (Cumulative side area) 

    Layer: met2
      Partial area ratio:    0.98
      Required ratio:    0.00 (Gate area) 
      Partial area ratio:    4.99
      Required ratio:  400.00 (Side area) 
      Cumulative area ratio:    9.56
      Required ratio:    0.00 (Cumulative area) 
      Cumulative area ratio:   49.85
      Required ratio:    0.00 (Cumulative side area) 

    Layer: met1
      Partial area ratio:    1.97
      Required ratio:    0.00 (Gate area) 
      Partial area ratio:   10.60
      Required ratio:  400.00 (Side area) 
      Cumulative area ratio:    1.97
      Required ratio:    0.00 (Cumulative area) 
      Cumulative area ratio:   10.60
      Required ratio:    0.00 (Cumulative side area) 

    Layer: li1
      Partial area ratio:    0.00
      Required ratio:    0.00 (Gate area) 
      Partial area ratio:    0.00
      Required ratio:   75.00 (Side area) 
      Cumulative area ratio:    0.00
      Required ratio:    0.00 (Cumulative area) 
      Cumulative area ratio:    0.00
      Required ratio:    0.00 (Cumulative side area) 

    Via: M2M3_PR
      Partial area ratio:    0.04
      Required ratio:    6.00 (Gate area) 
      Cumulative area ratio:    0.47
      Required ratio:    0.00 (Cumulative area) 

    Via: M1M2_PR
      Partial area ratio:    0.13
      Required ratio:    6.00 (Gate area) 
      Cumulative area ratio:    0.25
      Required ratio:    0.00 (Cumulative area) 

    Via: L1M1_PR
      Partial area ratio:    0.11
      Required ratio:    3.00 (Gate area) 
      Cumulative area ratio:    0.11
      Required ratio:    0.00 (Cumulative area) 

  Pin: _6176_/S (sky130_fd_sc_hd__mux2_1)
    Layer: met2
      Partial area ratio:   33.99
      Required ratio:    0.00 (Gate area) 
      Partial area ratio:  170.44
      Required ratio: 3744.80 (Side area) 
      Cumulative area ratio:  250.63
      Required ratio:    0.00 (Cumulative area) 
      Cumulative area ratio: 1257.90
      Required ratio:    0.00 (Cumulative side area) 

    Layer: met3
      Partial area ratio:    5.99
      Required ratio:    0.00 (Gate area) 
      Partial area ratio:   32.16
      Required ratio: 3744.80 (Side area) 
      Cumulative area ratio:  256.62
      Required ratio:    0.00 (Cumulative area) 
      Cumulative area ratio: 1290.05
      Required ratio:    0.00 (Cumulative side area) 

    Layer: met1
      Partial area ratio:    2.85
      Required ratio:    0.00 (Gate area) 
      Partial area ratio:   15.02
      Required ratio:  400.00 (Side area) 
      Cumulative area ratio:    2.85
      Required ratio:    0.00 (Cumulative area) 
      Cumulative area ratio:   15.02
      Required ratio:    0.00 (Cumulative side area) 

    Layer: li1
      Partial area ratio:    0.00
      Required ratio:    0.00 (Gate area) 
      Partial area ratio:    0.00
      Required ratio:   75.00 (Side area) 
      Cumulative area ratio:    0.00
      Required ratio:    0.00 (Cumulative area) 
      Cumulative area ratio:    0.00
      Required ratio:    0.00 (Cumulative side area) 

    Via: M2M3_PR
      Partial area ratio:    0.03
      Required ratio:    6.00 (Gate area) 
      Cumulative area ratio:    0.84
      Required ratio:    0.00 (Cumulative area) 

    Via: M1M2_PR
      Partial area ratio:    0.18
      Required ratio:    6.00 (Gate area) 
      Cumulative area ratio:    0.29
      Required ratio:    0.00 (Cumulative area) 

    Via: L1M1_PR
      Partial area ratio:    0.11
      Required ratio:    3.00 (Gate area) 
      Cumulative area ratio:    0.11
      Required ratio:    0.00 (Cumulative area) 

  Pin: _4049_/A (sky130_fd_sc_hd__clkbuf_8)
    Layer: met2
      Partial area ratio:   33.99
      Required ratio:    0.00 (Gate area) 
      Partial area ratio:  170.44
      Required ratio: 3744.80 (Side area) 
      Cumulative area ratio:   87.39
      Required ratio:    0.00 (Cumulative area) 
      Cumulative area ratio:  438.58
      Required ratio:    0.00 (Cumulative side area) 

    Layer: met1
      Partial area ratio:   53.40
      Required ratio:    0.00 (Gate area) 
      Partial area ratio:  268.14
      Required ratio:  400.00 (Side area) 
      Cumulative area ratio:   53.40
      Required ratio:    0.00 (Cumulative area) 
      Cumulative area ratio:  268.14
      Required ratio:    0.00 (Cumulative side area) 

    Layer: met3
      Partial area ratio:    5.99
      Required ratio:    0.00 (Gate area) 
      Partial area ratio:   32.16
      Required ratio: 3744.80 (Side area) 
      Cumulative area ratio:   93.38
      Required ratio:    0.00 (Cumulative area) 
      Cumulative area ratio:  470.74
      Required ratio:    0.00 (Cumulative side area) 

    Layer: li1
      Partial area ratio:    0.00
      Required ratio:    0.00 (Gate area) 
      Partial area ratio:    0.00
      Required ratio:   75.00 (Side area) 
      Cumulative area ratio:    0.00
      Required ratio:    0.00 (Cumulative area) 
      Cumulative area ratio:    0.00
      Required ratio:    0.00 (Cumulative side area) 

    Via: M2M3_PR
      Partial area ratio:    0.03
      Required ratio:    6.00 (Gate area) 
      Cumulative area ratio:    0.25
      Required ratio:    0.00 (Cumulative area) 

    Via: M1M2_PR
      Partial area ratio:    0.16
      Required ratio:    6.00 (Gate area) 
      Cumulative area ratio:    0.23
      Required ratio:    0.00 (Cumulative area) 

    Via: L1M1_PR
      Partial area ratio:    0.07
      Required ratio:    3.00 (Gate area) 
      Cumulative area ratio:    0.07
      Required ratio:    0.00 (Cumulative area) 


Net: _1280_
  Pin: _6060_/S (sky130_fd_sc_hd__mux2_1)
    Layer: met1
      Partial area ratio:   55.68
      Required ratio:    0.00 (Gate area) 
      Partial area ratio:  281.11
      Required ratio: 3312.80 (Side area) 
      Cumulative area ratio:   55.68
      Required ratio:    0.00 (Cumulative area) 
      Cumulative area ratio:  281.11
      Required ratio:    0.00 (Cumulative side area) 

    Layer: li1
      Partial area ratio:    0.00
      Required ratio:    0.00 (Gate area) 
      Partial area ratio:    0.00
      Required ratio:   75.00 (Side area) 
      Cumulative area ratio:    0.00
      Required ratio:    0.00 (Cumulative area) 
      Cumulative area ratio:    0.00
      Required ratio:    0.00 (Cumulative side area) 

    Layer: met2
      Partial area ratio:   27.72
      Required ratio:    0.00 (Gate area) 
      Partial area ratio:  138.95
      Required ratio: 3312.80 (Side area) 
      Cumulative area ratio:   83.40
      Required ratio:    0.00 (Cumulative area) 
      Cumulative area ratio:  420.06
      Required ratio:    0.00 (Cumulative side area) 

    Layer: met2
      Partial area ratio:   27.72
      Required ratio:    0.00 (Gate area) 
      Partial area ratio:  138.95
      Required ratio: 3312.80 (Side area) 
      Cumulative area ratio:   83.40
      Required ratio:    0.00 (Cumulative area) 
      Cumulative area ratio:  420.06
      Required ratio:    0.00 (Cumulative side area) 

    Via: M1M2_PR
      Partial area ratio:    0.27
      Required ratio:    6.00 (Gate area) 
      Cumulative area ratio:    0.38
      Required ratio:    0.00 (Cumulative area) 

    Via: L1M1_PR
      Partial area ratio:    0.11
      Required ratio:    3.00 (Gate area) 
      Cumulative area ratio:    0.11
      Required ratio:    0.00 (Cumulative area) 

  Pin: _6054_/S (sky130_fd_sc_hd__mux2_1)
    Layer: met1
      Partial area ratio:    0.57
      Required ratio:    0.00 (Gate area) 
      Partial area ratio:    3.64
      Required ratio:  400.00 (Side area) 
      Cumulative area ratio:    0.57
      Required ratio:    0.00 (Cumulative area) 
      Cumulative area ratio:    3.64
      Required ratio:    0.00 (Cumulative side area) 

    Layer: li1
      Partial area ratio:    0.00
      Required ratio:    0.00 (Gate area) 
      Partial area ratio:    0.00
      Required ratio:   75.00 (Side area) 
      Cumulative area ratio:    0.00
      Required ratio:    0.00 (Cumulative area) 
      Cumulative area ratio:    0.00
      Required ratio:    0.00 (Cumulative side area) 

    Via: M1M2_PR
      Partial area ratio:    0.18
      Required ratio:    6.00 (Gate area) 
      Cumulative area ratio:    0.29
      Required ratio:    0.00 (Cumulative area) 

    Via: L1M1_PR
      Partial area ratio:    0.11
      Required ratio:    3.00 (Gate area) 
      Cumulative area ratio:    0.11
      Required ratio:    0.00 (Cumulative area) 

  Pin: _6052_/S (sky130_fd_sc_hd__mux2_1)
    Layer: met1
      Partial area ratio:    6.35
      Required ratio:    0.00 (Gate area) 
      Partial area ratio:   33.30
      Required ratio:  400.00 (Side area) 
      Cumulative area ratio:    6.35
      Required ratio:    0.00 (Cumulative area) 
      Cumulative area ratio:   33.30
      Required ratio:    0.00 (Cumulative side area) 

    Layer: li1
      Partial area ratio:    0.00
      Required ratio:    0.00 (Gate area) 
      Partial area ratio:    0.00
      Required ratio:   75.00 (Side area) 
      Cumulative area ratio:    0.00
      Required ratio:    0.00 (Cumulative area) 
      Cumulative area ratio:    0.00
      Required ratio:    0.00 (Cumulative side area) 

    Via: M1M2_PR
      Partial area ratio:    0.27
      Required ratio:    6.00 (Gate area) 
      Cumulative area ratio:    0.38
      Required ratio:    0.00 (Cumulative area) 

    Via: L1M1_PR
      Partial area ratio:    0.11
      Required ratio:    3.00 (Gate area) 
      Cumulative area ratio:    0.11
      Required ratio:    0.00 (Cumulative area) 

  Pin: _6062_/S (sky130_fd_sc_hd__mux2_1)
    Layer: met1
      Partial area ratio:    2.62
      Required ratio:    0.00 (Gate area) 
      Partial area ratio:   13.87
      Required ratio:  400.00 (Side area) 
      Cumulative area ratio:    2.62
      Required ratio:    0.00 (Cumulative area) 
      Cumulative area ratio:   13.87
      Required ratio:    0.00 (Cumulative side area) 

    Layer: li1
      Partial area ratio:    0.00
      Required ratio:    0.00 (Gate area) 
      Partial area ratio:    0.00
      Required ratio:   75.00 (Side area) 
      Cumulative area ratio:    0.00
      Required ratio:    0.00 (Cumulative area) 
      Cumulative area ratio:    0.00
      Required ratio:    0.00 (Cumulative side area) 

    Via: M1M2_PR
      Partial area ratio:    0.18
      Required ratio:    6.00 (Gate area) 
      Cumulative area ratio:    0.29
      Required ratio:    0.00 (Cumulative area) 

    Via: L1M1_PR
      Partial area ratio:    0.11
      Required ratio:    3.00 (Gate area) 
      Cumulative area ratio:    0.11
      Required ratio:    0.00 (Cumulative area) 

  Pin: _6056_/S (sky130_fd_sc_hd__mux2_1)
    Layer: met1
      Partial area ratio:   87.52
      Required ratio:    0.00 (Gate area) 
      Partial area ratio:  439.53
      Required ratio:  400.00 (Side area) (VIOLATED)
      Cumulative area ratio:   87.52
      Required ratio:    0.00 (Cumulative area) 
      Cumulative area ratio:  439.53
      Required ratio:    0.00 (Cumulative side area) 

    Layer: li1
      Partial area ratio:    0.00
      Required ratio:    0.00 (Gate area) 
      Partial area ratio:    0.00
      Required ratio:   75.00 (Side area) 
      Cumulative area ratio:    0.00
      Required ratio:    0.00 (Cumulative area) 
      Cumulative area ratio:    0.00
      Required ratio:    0.00 (Cumulative side area) 

    Via: M1M2_PR
      Partial area ratio:    0.36
      Required ratio:    6.00 (Gate area) 
      Cumulative area ratio:    0.47
      Required ratio:    0.00 (Cumulative area) 

    Via: L1M1_PR
      Partial area ratio:    0.11
      Required ratio:    3.00 (Gate area) 
      Cumulative area ratio:    0.11
      Required ratio:    0.00 (Cumulative area) 

  Pin: _4066_/A2 (sky130_fd_sc_hd__a22o_1)
    Layer: met1
      Partial area ratio:    2.46
      Required ratio:    0.00 (Gate area) 
      Partial area ratio:   13.11
      Required ratio:  400.00 (Side area) 
      Cumulative area ratio:    2.46
      Required ratio:    0.00 (Cumulative area) 
      Cumulative area ratio:   13.11
      Required ratio:    0.00 (Cumulative side area) 

    Layer: li1
      Partial area ratio:    0.00
      Required ratio:    0.00 (Gate area) 
      Partial area ratio:    0.00
      Required ratio:   75.00 (Side area) 
      Cumulative area ratio:    0.00
      Required ratio:    0.00 (Cumulative area) 
      Cumulative area ratio:    0.00
      Required ratio:    0.00 (Cumulative side area) 

    Via: M1M2_PR
      Partial area ratio:    0.18
      Required ratio:    6.00 (Gate area) 
      Cumulative area ratio:    0.30
      Required ratio:    0.00 (Cumulative area) 

    Via: L1M1_PR
      Partial area ratio:    0.12
      Required ratio:    3.00 (Gate area) 
      Cumulative area ratio:    0.12
      Required ratio:    0.00 (Cumulative area) 

  Pin: _6058_/S (sky130_fd_sc_hd__mux2_1)
    Layer: met1
      Partial area ratio:   17.30
      Required ratio:    0.00 (Gate area) 
      Partial area ratio:   88.42
      Required ratio:  400.00 (Side area) 
      Cumulative area ratio:   17.30
      Required ratio:    0.00 (Cumulative area) 
      Cumulative area ratio:   88.42
      Required ratio:    0.00 (Cumulative side area) 

    Layer: li1
      Partial area ratio:    0.00
      Required ratio:    0.00 (Gate area) 
      Partial area ratio:    0.00
      Required ratio:   75.00 (Side area) 
      Cumulative area ratio:    0.00
      Required ratio:    0.00 (Cumulative area) 
      Cumulative area ratio:    0.00
      Required ratio:    0.00 (Cumulative side area) 

    Via: M1M2_PR
      Partial area ratio:    0.27
      Required ratio:    6.00 (Gate area) 
      Cumulative area ratio:    0.38
      Required ratio:    0.00 (Cumulative area) 

    Via: L1M1_PR
      Partial area ratio:    0.11
      Required ratio:    3.00 (Gate area) 
      Cumulative area ratio:    0.11
      Required ratio:    0.00 (Cumulative area) 

  Pin: _5976_/S (sky130_fd_sc_hd__mux2_1)
    Layer: met1
      Partial area ratio:    1.29
      Required ratio:    0.00 (Gate area) 
      Partial area ratio:    7.24
      Required ratio:  400.00 (Side area) 
      Cumulative area ratio:    1.29
      Required ratio:    0.00 (Cumulative area) 
      Cumulative area ratio:    7.24
      Required ratio:    0.00 (Cumulative side area) 

    Layer: li1
      Partial area ratio:    0.00
      Required ratio:    0.00 (Gate area) 
      Partial area ratio:    0.00
      Required ratio:   75.00 (Side area) 
      Cumulative area ratio:    0.00
      Required ratio:    0.00 (Cumulative area) 
      Cumulative area ratio:    0.00
      Required ratio:    0.00 (Cumulative side area) 

    Via: M1M2_PR
      Partial area ratio:    0.18
      Required ratio:    6.00 (Gate area) 
      Cumulative area ratio:    0.29
      Required ratio:    0.00 (Cumulative area) 

    Via: L1M1_PR
      Partial area ratio:    0.11
      Required ratio:    3.00 (Gate area) 
      Cumulative area ratio:    0.11
      Required ratio:    0.00 (Cumulative area) 

  Pin: _5974_/S (sky130_fd_sc_hd__mux2_1)
    Layer: met1
      Partial area ratio:    3.75
      Required ratio:    0.00 (Gate area) 
      Partial area ratio:   19.54
      Required ratio:  400.00 (Side area) 
      Cumulative area ratio:    3.75
      Required ratio:    0.00 (Cumulative area) 
      Cumulative area ratio:   19.54
      Required ratio:    0.00 (Cumulative side area) 

    Layer: li1
      Partial area ratio:    0.00
      Required ratio:    0.00 (Gate area) 
      Partial area ratio:    0.00
      Required ratio:   75.00 (Side area) 
      Cumulative area ratio:    0.00
      Required ratio:    0.00 (Cumulative area) 
      Cumulative area ratio:    0.00
      Required ratio:    0.00 (Cumulative side area) 

    Via: M1M2_PR
      Partial area ratio:    0.18
      Required ratio:    6.00 (Gate area) 
      Cumulative area ratio:    0.29
      Required ratio:    0.00 (Cumulative area) 

    Via: L1M1_PR
      Partial area ratio:    0.11
      Required ratio:    3.00 (Gate area) 
      Cumulative area ratio:    0.11
      Required ratio:    0.00 (Cumulative area) 

  Pin: _5978_/S (sky130_fd_sc_hd__mux2_1)
    Layer: met1
      Partial area ratio:    8.24
      Required ratio:    0.00 (Gate area) 
      Partial area ratio:   42.36
      Required ratio:  400.00 (Side area) 
      Cumulative area ratio:    8.24
      Required ratio:    0.00 (Cumulative area) 
      Cumulative area ratio:   42.36
      Required ratio:    0.00 (Cumulative side area) 

    Layer: li1
      Partial area ratio:    0.00
      Required ratio:    0.00 (Gate area) 
      Partial area ratio:    0.00
      Required ratio:   75.00 (Side area) 
      Cumulative area ratio:    0.00
      Required ratio:    0.00 (Cumulative area) 
      Cumulative area ratio:    0.00
      Required ratio:    0.00 (Cumulative side area) 

    Via: M1M2_PR
      Partial area ratio:    0.27
      Required ratio:    6.00 (Gate area) 
      Cumulative area ratio:    0.38
      Required ratio:    0.00 (Cumulative area) 

    Via: L1M1_PR
      Partial area ratio:    0.11
      Required ratio:    3.00 (Gate area) 
      Cumulative area ratio:    0.11
      Required ratio:    0.00 (Cumulative area) 


Net: _1282_
  Pin: _4069_/A (sky130_fd_sc_hd__buf_4)
    Layer: met1
      Partial area ratio:  101.16
      Required ratio:    0.00 (Gate area) 
      Partial area ratio:  507.01
      Required ratio:  400.00 (Side area) (VIOLATED)
      Cumulative area ratio:  101.16
      Required ratio:    0.00 (Cumulative area) 
      Cumulative area ratio:  507.01
      Required ratio:    0.00 (Cumulative side area) 

    Layer: li1
      Partial area ratio:    0.00
      Required ratio:    0.00 (Gate area) 
      Partial area ratio:    0.00
      Required ratio:   75.00 (Side area) 
      Cumulative area ratio:    0.00
      Required ratio:    0.00 (Cumulative area) 
      Cumulative area ratio:    0.00
      Required ratio:    0.00 (Cumulative side area) 

    Layer: met3
      Partial area ratio:    8.34
      Required ratio:    0.00 (Gate area) 
      Partial area ratio:   44.92
      Required ratio: 3744.80 (Side area) 
      Cumulative area ratio:  109.51
      Required ratio:    0.00 (Cumulative area) 
      Cumulative area ratio:  551.94
      Required ratio:    0.00 (Cumulative side area) 

    Via: M2M3_PR
      Partial area ratio:    0.04
      Required ratio:    6.00 (Gate area) 
      Cumulative area ratio:    0.43
      Required ratio:    0.00 (Cumulative area) 

    Via: M1M2_PR
      Partial area ratio:    0.27
      Required ratio:    6.00 (Gate area) 
      Cumulative area ratio:    0.39
      Required ratio:    0.00 (Cumulative area) 

    Via: L1M1_PR
      Partial area ratio:    0.12
      Required ratio:    3.00 (Gate area) 
      Cumulative area ratio:    0.12
      Required ratio:    0.00 (Cumulative area) 

  Pin: _5998_/A (sky130_fd_sc_hd__buf_4)
    Layer: met1
      Partial area ratio:  138.61
      Required ratio:    0.00 (Gate area) 
      Partial area ratio:  694.61
      Required ratio:  400.00 (Side area) (VIOLATED)
      Cumulative area ratio:  138.61
      Required ratio:    0.00 (Cumulative area) 
      Cumulative area ratio:  694.61
      Required ratio:    0.00 (Cumulative side area) 

    Layer: li1
      Partial area ratio:    0.00
      Required ratio:    0.00 (Gate area) 
      Partial area ratio:    0.00
      Required ratio:   75.00 (Side area) 
      Cumulative area ratio:    0.00
      Required ratio:    0.00 (Cumulative area) 
      Cumulative area ratio:    0.00
      Required ratio:    0.00 (Cumulative side area) 

    Layer: met3
      Partial area ratio:    8.34
      Required ratio:    0.00 (Gate area) 
      Partial area ratio:   44.92
      Required ratio: 3744.80 (Side area) 
      Cumulative area ratio:  248.11
      Required ratio:    0.00 (Cumulative area) 
      Cumulative area ratio: 1246.55
      Required ratio:    0.00 (Cumulative side area) 

    Via: M2M3_PR
      Partial area ratio:    0.04
      Required ratio:    6.00 (Gate area) 
      Cumulative area ratio:    0.70
      Required ratio:    0.00 (Cumulative area) 

    Via: M1M2_PR
      Partial area ratio:    0.27
      Required ratio:    6.00 (Gate area) 
      Cumulative area ratio:    0.39
      Required ratio:    0.00 (Cumulative area) 

    Via: L1M1_PR
      Partial area ratio:    0.12
      Required ratio:    3.00 (Gate area) 
      Cumulative area ratio:    0.12
      Required ratio:    0.00 (Cumulative area) 

  Pin: _6019_/A (sky130_fd_sc_hd__buf_4)
    Layer: met1
      Partial area ratio:   12.50
      Required ratio:    0.00 (Gate area) 
      Partial area ratio:   63.50
      Required ratio:  400.00 (Side area) 
      Cumulative area ratio:   12.50
      Required ratio:    0.00 (Cumulative area) 
      Cumulative area ratio:   63.50
      Required ratio:    0.00 (Cumulative side area) 

    Layer: li1
      Partial area ratio:    0.00
      Required ratio:    0.00 (Gate area) 
      Partial area ratio:    0.00
      Required ratio:   75.00 (Side area) 
      Cumulative area ratio:    0.00
      Required ratio:    0.00 (Cumulative area) 
      Cumulative area ratio:    0.00
      Required ratio:    0.00 (Cumulative side area) 

    Layer: met3
      Partial area ratio:    8.34
      Required ratio:    0.00 (Gate area) 
      Partial area ratio:   44.92
      Required ratio: 3744.80 (Side area) 
      Cumulative area ratio:  260.62
      Required ratio:    0.00 (Cumulative area) 
      Cumulative area ratio: 1310.05
      Required ratio:    0.00 (Cumulative side area) 

    Via: M2M3_PR
      Partial area ratio:    0.04
      Required ratio:    6.00 (Gate area) 
      Cumulative area ratio:    0.88
      Required ratio:    0.00 (Cumulative area) 

    Via: M1M2_PR
      Partial area ratio:    0.18
      Required ratio:    6.00 (Gate area) 
      Cumulative area ratio:    0.30
      Required ratio:    0.00 (Cumulative area) 

    Via: L1M1_PR
      Partial area ratio:    0.12
      Required ratio:    3.00 (Gate area) 
      Cumulative area ratio:    0.12
      Required ratio:    0.00 (Cumulative area) 

  Pin: _6046_/S (sky130_fd_sc_hd__mux2_1)
    Layer: met3
      Partial area ratio:    8.34
      Required ratio:    0.00 (Gate area) 
      Partial area ratio:   44.92
      Required ratio: 3744.80 (Side area) 
      Cumulative area ratio:    9.08
      Required ratio:    0.00 (Cumulative area) 
      Cumulative area ratio:   49.40
      Required ratio:    0.00 (Cumulative side area) 

    Layer: met2
      Partial area ratio:    0.00
      Required ratio:    0.00 (Gate area) 
      Partial area ratio:    0.00
      Required ratio:  400.00 (Side area) 
      Cumulative area ratio:    0.74
      Required ratio:    0.00 (Cumulative area) 
      Cumulative area ratio:    4.47
      Required ratio:    0.00 (Cumulative side area) 

    Layer: met1
      Partial area ratio:    0.74
      Required ratio:    0.00 (Gate area) 
      Partial area ratio:    4.47
      Required ratio:  400.00 (Side area) 
      Cumulative area ratio:    0.74
      Required ratio:    0.00 (Cumulative area) 
      Cumulative area ratio:    4.47
      Required ratio:    0.00 (Cumulative side area) 

    Layer: li1
      Partial area ratio:    0.00
      Required ratio:    0.00 (Gate area) 
      Partial area ratio:    0.00
      Required ratio:   75.00 (Side area) 
      Cumulative area ratio:    0.00
      Required ratio:    0.00 (Cumulative area) 
      Cumulative area ratio:    0.00
      Required ratio:    0.00 (Cumulative side area) 

    Via: M2M3_PR
      Partial area ratio:    0.16
      Required ratio:    6.00 (Gate area) 
      Cumulative area ratio:    0.45
      Required ratio:    0.00 (Cumulative area) 

    Via: M1M2_PR
      Partial area ratio:    0.18
      Required ratio:    6.00 (Gate area) 
      Cumulative area ratio:    0.29
      Required ratio:    0.00 (Cumulative area) 

    Via: L1M1_PR
      Partial area ratio:    0.11
      Required ratio:    3.00 (Gate area) 
      Cumulative area ratio:    0.11
      Required ratio:    0.00 (Cumulative area) 

  Pin: _6040_/S (sky130_fd_sc_hd__mux2_1)
    Layer: met3
      Partial area ratio:    8.34
      Required ratio:    0.00 (Gate area) 
      Partial area ratio:   44.92
      Required ratio: 3744.80 (Side area) 
      Cumulative area ratio:   13.37
      Required ratio:    0.00 (Cumulative area) 
      Cumulative area ratio:   71.14
      Required ratio:    0.00 (Cumulative side area) 

    Layer: met2
      Partial area ratio:    2.93
      Required ratio:    0.00 (Gate area) 
      Partial area ratio:   14.96
      Required ratio:  400.00 (Side area) 
      Cumulative area ratio:    5.03
      Required ratio:    0.00 (Cumulative area) 
      Cumulative area ratio:   26.22
      Required ratio:    0.00 (Cumulative side area) 

    Layer: met1
      Partial area ratio:    2.10
      Required ratio:    0.00 (Gate area) 
      Partial area ratio:   11.26
      Required ratio:  400.00 (Side area) 
      Cumulative area ratio:    2.10
      Required ratio:    0.00 (Cumulative area) 
      Cumulative area ratio:   11.26
      Required ratio:    0.00 (Cumulative side area) 

    Layer: li1
      Partial area ratio:    0.00
      Required ratio:    0.00 (Gate area) 
      Partial area ratio:    0.00
      Required ratio:   75.00 (Side area) 
      Cumulative area ratio:    0.00
      Required ratio:    0.00 (Cumulative area) 
      Cumulative area ratio:    0.00
      Required ratio:    0.00 (Cumulative side area) 

    Via: M2M3_PR
      Partial area ratio:    0.04
      Required ratio:    6.00 (Gate area) 
      Cumulative area ratio:    0.33
      Required ratio:    0.00 (Cumulative area) 

    Via: M1M2_PR
      Partial area ratio:    0.18
      Required ratio:    6.00 (Gate area) 
      Cumulative area ratio:    0.29
      Required ratio:    0.00 (Cumulative area) 

    Via: L1M1_PR
      Partial area ratio:    0.11
      Required ratio:    3.00 (Gate area) 
      Cumulative area ratio:    0.11
      Required ratio:    0.00 (Cumulative area) 

  Pin: _6042_/S (sky130_fd_sc_hd__mux2_1)
    Layer: met3
      Partial area ratio:    8.34
      Required ratio:    0.00 (Gate area) 
      Partial area ratio:   44.92
      Required ratio: 3744.80 (Side area) 
      Cumulative area ratio:   25.22
      Required ratio:    0.00 (Cumulative area) 
      Cumulative area ratio:  131.53
      Required ratio:    0.00 (Cumulative side area) 

    Layer: met2
      Partial area ratio:    2.93
      Required ratio:    0.00 (Gate area) 
      Partial area ratio:   14.96
      Required ratio:  400.00 (Side area) 
      Cumulative area ratio:   16.87
      Required ratio:    0.00 (Cumulative area) 
      Cumulative area ratio:   86.61
      Required ratio:    0.00 (Cumulative side area) 

    Layer: met1
      Partial area ratio:    1.97
      Required ratio:    0.00 (Gate area) 
      Partial area ratio:   10.65
      Required ratio:  400.00 (Side area) 
      Cumulative area ratio:    1.97
      Required ratio:    0.00 (Cumulative area) 
      Cumulative area ratio:   10.65
      Required ratio:    0.00 (Cumulative side area) 

    Layer: li1
      Partial area ratio:    0.00
      Required ratio:    0.00 (Gate area) 
      Partial area ratio:    0.00
      Required ratio:   75.00 (Side area) 
      Cumulative area ratio:    0.00
      Required ratio:    0.00 (Cumulative area) 
      Cumulative area ratio:    0.00
      Required ratio:    0.00 (Cumulative side area) 

    Via: M2M3_PR
      Partial area ratio:    0.04
      Required ratio:    6.00 (Gate area) 
      Cumulative area ratio:    0.51
      Required ratio:    0.00 (Cumulative area) 

    Via: M1M2_PR
      Partial area ratio:    0.18
      Required ratio:    6.00 (Gate area) 
      Cumulative area ratio:    0.29
      Required ratio:    0.00 (Cumulative area) 

    Via: L1M1_PR
      Partial area ratio:    0.11
      Required ratio:    3.00 (Gate area) 
      Cumulative area ratio:    0.11
      Required ratio:    0.00 (Cumulative area) 

  Pin: _6050_/S (sky130_fd_sc_hd__mux2_1)
    Layer: met3
      Partial area ratio:    8.34
      Required ratio:    0.00 (Gate area) 
      Partial area ratio:   44.92
      Required ratio: 3744.80 (Side area) 
      Cumulative area ratio:   23.24
      Required ratio:    0.00 (Cumulative area) 
      Cumulative area ratio:  120.88
      Required ratio:    0.00 (Cumulative side area) 

    Layer: met2
      Partial area ratio:    2.93
      Required ratio:    0.00 (Gate area) 
      Partial area ratio:   14.96
      Required ratio:  400.00 (Side area) 
      Cumulative area ratio:   14.90
      Required ratio:    0.00 (Cumulative area) 
      Cumulative area ratio:   75.96
      Required ratio:    0.00 (Cumulative side area) 

    Layer: met1
      Partial area ratio:   11.97
      Required ratio:    0.00 (Gate area) 
      Partial area ratio:   61.00
      Required ratio:  400.00 (Side area) 
      Cumulative area ratio:   11.97
      Required ratio:    0.00 (Cumulative area) 
      Cumulative area ratio:   61.00
      Required ratio:    0.00 (Cumulative side area) 

    Layer: li1
      Partial area ratio:    0.00
      Required ratio:    0.00 (Gate area) 
      Partial area ratio:    0.00
      Required ratio:   75.00 (Side area) 
      Cumulative area ratio:    0.00
      Required ratio:    0.00 (Cumulative area) 
      Cumulative area ratio:    0.00
      Required ratio:    0.00 (Cumulative side area) 

    Via: M2M3_PR
      Partial area ratio:    0.04
      Required ratio:    6.00 (Gate area) 
      Cumulative area ratio:    0.33
      Required ratio:    0.00 (Cumulative area) 

    Via: M1M2_PR
      Partial area ratio:    0.18
      Required ratio:    6.00 (Gate area) 
      Cumulative area ratio:    0.29
      Required ratio:    0.00 (Cumulative area) 

    Via: L1M1_PR
      Partial area ratio:    0.11
      Required ratio:    3.00 (Gate area) 
      Cumulative area ratio:    0.11
      Required ratio:    0.00 (Cumulative area) 

  Pin: _6044_/S (sky130_fd_sc_hd__mux2_1)
    Layer: met3
      Partial area ratio:    8.34
      Required ratio:    0.00 (Gate area) 
      Partial area ratio:   44.92
      Required ratio: 3744.80 (Side area) 
      Cumulative area ratio:   23.24
      Required ratio:    0.00 (Cumulative area) 
      Cumulative area ratio:  120.88
      Required ratio:    0.00 (Cumulative side area) 

    Layer: met2
      Partial area ratio:    2.93
      Required ratio:    0.00 (Gate area) 
      Partial area ratio:   14.96
      Required ratio:  400.00 (Side area) 
      Cumulative area ratio:   14.90
      Required ratio:    0.00 (Cumulative area) 
      Cumulative area ratio:   75.96
      Required ratio:    0.00 (Cumulative side area) 

    Layer: met1
      Partial area ratio:   11.97
      Required ratio:    0.00 (Gate area) 
      Partial area ratio:   61.00
      Required ratio:  400.00 (Side area) 
      Cumulative area ratio:   11.97
      Required ratio:    0.00 (Cumulative area) 
      Cumulative area ratio:   61.00
      Required ratio:    0.00 (Cumulative side area) 

    Layer: li1
      Partial area ratio:    0.00
      Required ratio:    0.00 (Gate area) 
      Partial area ratio:    0.00
      Required ratio:   75.00 (Side area) 
      Cumulative area ratio:    0.00
      Required ratio:    0.00 (Cumulative area) 
      Cumulative area ratio:    0.00
      Required ratio:    0.00 (Cumulative side area) 

    Via: M2M3_PR
      Partial area ratio:    0.04
      Required ratio:    6.00 (Gate area) 
      Cumulative area ratio:    0.33
      Required ratio:    0.00 (Cumulative area) 

    Via: M1M2_PR
      Partial area ratio:    0.18
      Required ratio:    6.00 (Gate area) 
      Cumulative area ratio:    0.29
      Required ratio:    0.00 (Cumulative area) 

    Via: L1M1_PR
      Partial area ratio:    0.11
      Required ratio:    3.00 (Gate area) 
      Cumulative area ratio:    0.11
      Required ratio:    0.00 (Cumulative area) 

  Pin: _6048_/S (sky130_fd_sc_hd__mux2_1)
    Layer: met1
      Partial area ratio:   12.50
      Required ratio:    0.00 (Gate area) 
      Partial area ratio:   63.50
      Required ratio:  400.00 (Side area) 
      Cumulative area ratio:   12.50
      Required ratio:    0.00 (Cumulative area) 
      Cumulative area ratio:   63.50
      Required ratio:    0.00 (Cumulative side area) 

    Layer: met3
      Partial area ratio:    8.34
      Required ratio:    0.00 (Gate area) 
      Partial area ratio:   44.92
      Required ratio: 3744.80 (Side area) 
      Cumulative area ratio:  260.62
      Required ratio:    0.00 (Cumulative area) 
      Cumulative area ratio: 1310.05
      Required ratio:    0.00 (Cumulative side area) 

    Layer: li1
      Partial area ratio:    0.00
      Required ratio:    0.00 (Gate area) 
      Partial area ratio:    0.00
      Required ratio:   75.00 (Side area) 
      Cumulative area ratio:    0.00
      Required ratio:    0.00 (Cumulative area) 
      Cumulative area ratio:    0.00
      Required ratio:    0.00 (Cumulative side area) 

    Via: M2M3_PR
      Partial area ratio:    0.04
      Required ratio:    6.00 (Gate area) 
      Cumulative area ratio:    0.88
      Required ratio:    0.00 (Cumulative area) 

    Via: M1M2_PR
      Partial area ratio:    0.18
      Required ratio:    6.00 (Gate area) 
      Cumulative area ratio:    0.29
      Required ratio:    0.00 (Cumulative area) 

    Via: L1M1_PR
      Partial area ratio:    0.11
      Required ratio:    3.00 (Gate area) 
      Cumulative area ratio:    0.11
      Required ratio:    0.00 (Cumulative area) 


Net: _1459_
  Pin: _4301_/B (sky130_fd_sc_hd__nor2_1)
    Layer: met2
      Partial area ratio:   13.20
      Required ratio:    0.00 (Gate area) 
      Partial area ratio:   66.36
      Required ratio: 3312.80 (Side area) 
      Cumulative area ratio:   26.09
      Required ratio:    0.00 (Cumulative area) 
      Cumulative area ratio:  133.56
      Required ratio:    0.00 (Cumulative side area) 

    Layer: met1
      Partial area ratio:    2.96
      Required ratio:    0.00 (Gate area) 
      Partial area ratio:   15.61
      Required ratio:  400.00 (Side area) 
      Cumulative area ratio:    2.96
      Required ratio:    0.00 (Cumulative area) 
      Cumulative area ratio:   15.61
      Required ratio:    0.00 (Cumulative side area) 

    Layer: li1
      Partial area ratio:    0.00
      Required ratio:    0.00 (Gate area) 
      Partial area ratio:    0.00
      Required ratio:   75.00 (Side area) 
      Cumulative area ratio:    0.00
      Required ratio:    0.00 (Cumulative area) 
      Cumulative area ratio:    0.00
      Required ratio:    0.00 (Cumulative side area) 

    Via: M1M2_PR
      Partial area ratio:    0.18
      Required ratio:    6.00 (Gate area) 
      Cumulative area ratio:    0.30
      Required ratio:    0.00 (Cumulative area) 

    Via: L1M1_PR
      Partial area ratio:    0.12
      Required ratio:    3.00 (Gate area) 
      Cumulative area ratio:    0.12
      Required ratio:    0.00 (Cumulative area) 

  Pin: _4295_/B (sky130_fd_sc_hd__nor2_1)
    Layer: met2
      Partial area ratio:   13.20
      Required ratio:    0.00 (Gate area) 
      Partial area ratio:   66.36
      Required ratio: 3312.80 (Side area) 
      Cumulative area ratio:   25.91
      Required ratio:    0.00 (Cumulative area) 
      Cumulative area ratio:  132.66
      Required ratio:    0.00 (Cumulative side area) 

    Layer: met1
      Partial area ratio:    2.78
      Required ratio:    0.00 (Gate area) 
      Partial area ratio:   14.71
      Required ratio:  400.00 (Side area) 
      Cumulative area ratio:    2.78
      Required ratio:    0.00 (Cumulative area) 
      Cumulative area ratio:   14.71
      Required ratio:    0.00 (Cumulative side area) 

    Layer: li1
      Partial area ratio:    0.00
      Required ratio:    0.00 (Gate area) 
      Partial area ratio:    0.00
      Required ratio:   75.00 (Side area) 
      Cumulative area ratio:    0.00
      Required ratio:    0.00 (Cumulative area) 
      Cumulative area ratio:    0.00
      Required ratio:    0.00 (Cumulative side area) 

    Via: M1M2_PR
      Partial area ratio:    0.18
      Required ratio:    6.00 (Gate area) 
      Cumulative area ratio:    0.30
      Required ratio:    0.00 (Cumulative area) 

    Via: L1M1_PR
      Partial area ratio:    0.12
      Required ratio:    3.00 (Gate area) 
      Cumulative area ratio:    0.12
      Required ratio:    0.00 (Cumulative area) 

  Pin: _4310_/B (sky130_fd_sc_hd__nor2_1)
    Layer: met2
      Partial area ratio:   13.20
      Required ratio:    0.00 (Gate area) 
      Partial area ratio:   66.36
      Required ratio: 3312.80 (Side area) 
      Cumulative area ratio:   30.01
      Required ratio:    0.00 (Cumulative area) 
      Cumulative area ratio:  153.98
      Required ratio:    0.00 (Cumulative side area) 

    Layer: met1
      Partial area ratio:    6.89
      Required ratio:    0.00 (Gate area) 
      Partial area ratio:   36.03
      Required ratio:  400.00 (Side area) 
      Cumulative area ratio:    6.89
      Required ratio:    0.00 (Cumulative area) 
      Cumulative area ratio:   36.03
      Required ratio:    0.00 (Cumulative side area) 

    Layer: li1
      Partial area ratio:    0.00
      Required ratio:    0.00 (Gate area) 
      Partial area ratio:    0.00
      Required ratio:   75.00 (Side area) 
      Cumulative area ratio:    0.00
      Required ratio:    0.00 (Cumulative area) 
      Cumulative area ratio:    0.00
      Required ratio:    0.00 (Cumulative side area) 

    Via: M1M2_PR
      Partial area ratio:    0.18
      Required ratio:    6.00 (Gate area) 
      Cumulative area ratio:    0.30
      Required ratio:    0.00 (Cumulative area) 

    Via: L1M1_PR
      Partial area ratio:    0.12
      Required ratio:    3.00 (Gate area) 
      Cumulative area ratio:    0.12
      Required ratio:    0.00 (Cumulative area) 

  Pin: _4304_/B (sky130_fd_sc_hd__nor2_1)
    Layer: met2
      Partial area ratio:   13.20
      Required ratio:    0.00 (Gate area) 
      Partial area ratio:   66.36
      Required ratio: 3312.80 (Side area) 
      Cumulative area ratio:   25.17
      Required ratio:    0.00 (Cumulative area) 
      Cumulative area ratio:  128.98
      Required ratio:    0.00 (Cumulative side area) 

    Layer: met1
      Partial area ratio:    2.05
      Required ratio:    0.00 (Gate area) 
      Partial area ratio:   11.03
      Required ratio:  400.00 (Side area) 
      Cumulative area ratio:    2.05
      Required ratio:    0.00 (Cumulative area) 
      Cumulative area ratio:   11.03
      Required ratio:    0.00 (Cumulative side area) 

    Layer: li1
      Partial area ratio:    0.00
      Required ratio:    0.00 (Gate area) 
      Partial area ratio:    0.00
      Required ratio:   75.00 (Side area) 
      Cumulative area ratio:    0.00
      Required ratio:    0.00 (Cumulative area) 
      Cumulative area ratio:    0.00
      Required ratio:    0.00 (Cumulative side area) 

    Via: M1M2_PR
      Partial area ratio:    0.18
      Required ratio:    6.00 (Gate area) 
      Cumulative area ratio:    0.30
      Required ratio:    0.00 (Cumulative area) 

    Via: L1M1_PR
      Partial area ratio:    0.12
      Required ratio:    3.00 (Gate area) 
      Cumulative area ratio:    0.12
      Required ratio:    0.00 (Cumulative area) 

  Pin: _4307_/B (sky130_fd_sc_hd__nor2_1)
    Layer: met2
      Partial area ratio:   13.20
      Required ratio:    0.00 (Gate area) 
      Partial area ratio:   66.36
      Required ratio: 3312.80 (Side area) 
      Cumulative area ratio:   29.37
      Required ratio:    0.00 (Cumulative area) 
      Cumulative area ratio:  150.76
      Required ratio:    0.00 (Cumulative side area) 

    Layer: met1
      Partial area ratio:    6.24
      Required ratio:    0.00 (Gate area) 
      Partial area ratio:   32.81
      Required ratio:  400.00 (Side area) 
      Cumulative area ratio:    6.24
      Required ratio:    0.00 (Cumulative area) 
      Cumulative area ratio:   32.81
      Required ratio:    0.00 (Cumulative side area) 

    Layer: li1
      Partial area ratio:    0.00
      Required ratio:    0.00 (Gate area) 
      Partial area ratio:    0.00
      Required ratio:   75.00 (Side area) 
      Cumulative area ratio:    0.00
      Required ratio:    0.00 (Cumulative area) 
      Cumulative area ratio:    0.00
      Required ratio:    0.00 (Cumulative side area) 

    Via: M1M2_PR
      Partial area ratio:    0.27
      Required ratio:    6.00 (Gate area) 
      Cumulative area ratio:    0.39
      Required ratio:    0.00 (Cumulative area) 

    Via: L1M1_PR
      Partial area ratio:    0.12
      Required ratio:    3.00 (Gate area) 
      Cumulative area ratio:    0.12
      Required ratio:    0.00 (Cumulative area) 

  Pin: _4319_/B (sky130_fd_sc_hd__nor2_1)
    Layer: met2
      Partial area ratio:   13.20
      Required ratio:    0.00 (Gate area) 
      Partial area ratio:   66.36
      Required ratio: 3312.80 (Side area) 
      Cumulative area ratio:   36.18
      Required ratio:    0.00 (Cumulative area) 
      Cumulative area ratio:  186.00
      Required ratio:    0.00 (Cumulative side area) 

    Layer: met1
      Partial area ratio:    6.81
      Required ratio:    0.00 (Gate area) 
      Partial area ratio:   35.24
      Required ratio:  400.00 (Side area) 
      Cumulative area ratio:    6.81
      Required ratio:    0.00 (Cumulative area) 
      Cumulative area ratio:   35.24
      Required ratio:    0.00 (Cumulative side area) 

    Layer: li1
      Partial area ratio:    0.00
      Required ratio:    0.00 (Gate area) 
      Partial area ratio:    0.00
      Required ratio:   75.00 (Side area) 
      Cumulative area ratio:    0.00
      Required ratio:    0.00 (Cumulative area) 
      Cumulative area ratio:    0.00
      Required ratio:    0.00 (Cumulative side area) 

    Via: M1M2_PR
      Partial area ratio:    0.27
      Required ratio:    6.00 (Gate area) 
      Cumulative area ratio:    0.39
      Required ratio:    0.00 (Cumulative area) 

    Via: L1M1_PR
      Partial area ratio:    0.12
      Required ratio:    3.00 (Gate area) 
      Cumulative area ratio:    0.12
      Required ratio:    0.00 (Cumulative area) 

  Pin: _4313_/B (sky130_fd_sc_hd__nor2_2)
    Layer: met2
      Partial area ratio:   13.20
      Required ratio:    0.00 (Gate area) 
      Partial area ratio:   66.36
      Required ratio: 3312.80 (Side area) 
      Cumulative area ratio:  204.76
      Required ratio:    0.00 (Cumulative area) 
      Cumulative area ratio: 1031.70
      Required ratio:    0.00 (Cumulative side area) 

    Layer: met1
      Partial area ratio:  157.67
      Required ratio:    0.00 (Gate area) 
      Partial area ratio:  789.13
      Required ratio:  400.00 (Side area) (VIOLATED)
      Cumulative area ratio:  157.67
      Required ratio:    0.00 (Cumulative area) 
      Cumulative area ratio:  789.13
      Required ratio:    0.00 (Cumulative side area) 

    Layer: li1
      Partial area ratio:    0.00
      Required ratio:    0.00 (Gate area) 
      Partial area ratio:    0.00
      Required ratio:   75.00 (Side area) 
      Cumulative area ratio:    0.00
      Required ratio:    0.00 (Cumulative area) 
      Cumulative area ratio:    0.00
      Required ratio:    0.00 (Cumulative side area) 

    Via: M1M2_PR
      Partial area ratio:    0.09
      Required ratio:    6.00 (Gate area) 
      Cumulative area ratio:    0.15
      Required ratio:    0.00 (Cumulative area) 

    Via: L1M1_PR
      Partial area ratio:    0.06
      Required ratio:    3.00 (Gate area) 
      Cumulative area ratio:    0.06
      Required ratio:    0.00 (Cumulative area) 

  Pin: _4316_/B (sky130_fd_sc_hd__nor2_1)
    Layer: met2
      Partial area ratio:   13.20
      Required ratio:    0.00 (Gate area) 
      Partial area ratio:   66.36
      Required ratio: 3312.80 (Side area) 
      Cumulative area ratio:   47.09
      Required ratio:    0.00 (Cumulative area) 
      Cumulative area ratio:  242.56
      Required ratio:    0.00 (Cumulative side area) 

    Layer: met1
      Partial area ratio:   10.92
      Required ratio:    0.00 (Gate area) 
      Partial area ratio:   56.57
      Required ratio:  400.00 (Side area) 
      Cumulative area ratio:   10.92
      Required ratio:    0.00 (Cumulative area) 
      Cumulative area ratio:   56.57
      Required ratio:    0.00 (Cumulative side area) 

    Layer: li1
      Partial area ratio:    0.00
      Required ratio:    0.00 (Gate area) 
      Partial area ratio:    0.00
      Required ratio:   75.00 (Side area) 
      Cumulative area ratio:    0.00
      Required ratio:    0.00 (Cumulative area) 
      Cumulative area ratio:    0.00
      Required ratio:    0.00 (Cumulative side area) 

    Via: M1M2_PR
      Partial area ratio:    0.27
      Required ratio:    6.00 (Gate area) 
      Cumulative area ratio:    0.39
      Required ratio:    0.00 (Cumulative area) 

    Via: L1M1_PR
      Partial area ratio:    0.12
      Required ratio:    3.00 (Gate area) 
      Cumulative area ratio:    0.12
      Required ratio:    0.00 (Cumulative area) 

  Pin: _4322_/B (sky130_fd_sc_hd__nor2_1)
    Layer: met2
      Partial area ratio:   13.20
      Required ratio:    0.00 (Gate area) 
      Partial area ratio:   66.36
      Required ratio: 3312.80 (Side area) 
      Cumulative area ratio:   26.13
      Required ratio:    0.00 (Cumulative area) 
      Cumulative area ratio:  133.79
      Required ratio:    0.00 (Cumulative side area) 

    Layer: met1
      Partial area ratio:    3.01
      Required ratio:    0.00 (Gate area) 
      Partial area ratio:   15.84
      Required ratio:  400.00 (Side area) 
      Cumulative area ratio:    3.01
      Required ratio:    0.00 (Cumulative area) 
      Cumulative area ratio:   15.84
      Required ratio:    0.00 (Cumulative side area) 

    Layer: li1
      Partial area ratio:    0.00
      Required ratio:    0.00 (Gate area) 
      Partial area ratio:    0.00
      Required ratio:   75.00 (Side area) 
      Cumulative area ratio:    0.00
      Required ratio:    0.00 (Cumulative area) 
      Cumulative area ratio:    0.00
      Required ratio:    0.00 (Cumulative side area) 

    Via: M1M2_PR
      Partial area ratio:    0.18
      Required ratio:    6.00 (Gate area) 
      Cumulative area ratio:    0.30
      Required ratio:    0.00 (Cumulative area) 

    Via: L1M1_PR
      Partial area ratio:    0.12
      Required ratio:    3.00 (Gate area) 
      Cumulative area ratio:    0.12
      Required ratio:    0.00 (Cumulative area) 

  Pin: _4298_/B (sky130_fd_sc_hd__nor2_1)
    Layer: met2
      Partial area ratio:   13.20
      Required ratio:    0.00 (Gate area) 
      Partial area ratio:   66.36
      Required ratio: 3312.80 (Side area) 
      Cumulative area ratio:   23.12
      Required ratio:    0.00 (Cumulative area) 
      Cumulative area ratio:  117.95
      Required ratio:    0.00 (Cumulative side area) 

    Layer: met1
      Partial area ratio:    9.92
      Required ratio:    0.00 (Gate area) 
      Partial area ratio:   51.59
      Required ratio:  400.00 (Side area) 
      Cumulative area ratio:    9.92
      Required ratio:    0.00 (Cumulative area) 
      Cumulative area ratio:   51.59
      Required ratio:    0.00 (Cumulative side area) 

    Layer: li1
      Partial area ratio:    0.00
      Required ratio:    0.00 (Gate area) 
      Partial area ratio:    0.00
      Required ratio:   75.00 (Side area) 
      Cumulative area ratio:    0.00
      Required ratio:    0.00 (Cumulative area) 
      Cumulative area ratio:    0.00
      Required ratio:    0.00 (Cumulative side area) 

    Via: M1M2_PR
      Partial area ratio:    0.27
      Required ratio:    6.00 (Gate area) 
      Cumulative area ratio:    0.39
      Required ratio:    0.00 (Cumulative area) 

    Via: L1M1_PR
      Partial area ratio:    0.12
      Required ratio:    3.00 (Gate area) 
      Cumulative area ratio:    0.12
      Required ratio:    0.00 (Cumulative area) 


Net: _1463_
  Pin: _4433_/A (sky130_fd_sc_hd__nor2_1)
    Layer: met2
      Partial area ratio:   40.11
      Required ratio:    0.00 (Gate area) 
      Partial area ratio:  201.02
      Required ratio: 3193.60 (Side area) 
      Cumulative area ratio:  263.87
      Required ratio:    0.00 (Cumulative area) 
      Cumulative area ratio: 1323.00
      Required ratio:    0.00 (Cumulative side area) 

    Layer: met1
      Partial area ratio:    7.16
      Required ratio:    0.00 (Gate area) 
      Partial area ratio:   37.39
      Required ratio:  400.00 (Side area) 
      Cumulative area ratio:    7.16
      Required ratio:    0.00 (Cumulative area) 
      Cumulative area ratio:   37.39
      Required ratio:    0.00 (Cumulative side area) 

    Layer: li1
      Partial area ratio:    0.00
      Required ratio:    0.00 (Gate area) 
      Partial area ratio:    0.00
      Required ratio:   75.00 (Side area) 
      Cumulative area ratio:    0.00
      Required ratio:    0.00 (Cumulative area) 
      Cumulative area ratio:    0.00
      Required ratio:    0.00 (Cumulative side area) 

    Via: M1M2_PR
      Partial area ratio:    0.27
      Required ratio:    6.00 (Gate area) 
      Cumulative area ratio:    0.39
      Required ratio:    0.00 (Cumulative area) 

    Via: L1M1_PR
      Partial area ratio:    0.12
      Required ratio:    3.00 (Gate area) 
      Cumulative area ratio:    0.12
      Required ratio:    0.00 (Cumulative area) 

  Pin: _4301_/A (sky130_fd_sc_hd__nor2_1)
    Layer: met2
      Partial area ratio:   40.11
      Required ratio:    0.00 (Gate area) 
      Partial area ratio:  201.02
      Required ratio: 3193.60 (Side area) 
      Cumulative area ratio:  274.23
      Required ratio:    0.00 (Cumulative area) 
      Cumulative area ratio: 1376.00
      Required ratio:    0.00 (Cumulative side area) 

    Layer: met1
      Partial area ratio:   10.36
      Required ratio:    0.00 (Gate area) 
      Partial area ratio:   53.00
      Required ratio:  400.00 (Side area) 
      Cumulative area ratio:   10.36
      Required ratio:    0.00 (Cumulative area) 
      Cumulative area ratio:   53.00
      Required ratio:    0.00 (Cumulative side area) 

    Layer: li1
      Partial area ratio:    0.00
      Required ratio:    0.00 (Gate area) 
      Partial area ratio:    0.00
      Required ratio:   75.00 (Side area) 
      Cumulative area ratio:    0.00
      Required ratio:    0.00 (Cumulative area) 
      Cumulative area ratio:    0.00
      Required ratio:    0.00 (Cumulative side area) 

    Via: M1M2_PR
      Partial area ratio:    0.18
      Required ratio:    6.00 (Gate area) 
      Cumulative area ratio:    0.30
      Required ratio:    0.00 (Cumulative area) 

    Via: L1M1_PR
      Partial area ratio:    0.12
      Required ratio:    3.00 (Gate area) 
      Cumulative area ratio:    0.12
      Required ratio:    0.00 (Cumulative area) 

  Pin: _4397_/A (sky130_fd_sc_hd__nor2_1)
    Layer: met2
      Partial area ratio:   40.11
      Required ratio:    0.00 (Gate area) 
      Partial area ratio:  201.02
      Required ratio: 3193.60 (Side area) 
      Cumulative area ratio:  265.36
      Required ratio:    0.00 (Cumulative area) 
      Cumulative area ratio: 1331.26
      Required ratio:    0.00 (Cumulative side area) 

    Layer: met1
      Partial area ratio:    1.49
      Required ratio:    0.00 (Gate area) 
      Partial area ratio:    8.26
      Required ratio:  400.00 (Side area) 
      Cumulative area ratio:    1.49
      Required ratio:    0.00 (Cumulative area) 
      Cumulative area ratio:    8.26
      Required ratio:    0.00 (Cumulative side area) 

    Layer: li1
      Partial area ratio:    0.00
      Required ratio:    0.00 (Gate area) 
      Partial area ratio:    0.00
      Required ratio:   75.00 (Side area) 
      Cumulative area ratio:    0.00
      Required ratio:    0.00 (Cumulative area) 
      Cumulative area ratio:    0.00
      Required ratio:    0.00 (Cumulative side area) 

    Via: M1M2_PR
      Partial area ratio:    0.18
      Required ratio:    6.00 (Gate area) 
      Cumulative area ratio:    0.30
      Required ratio:    0.00 (Cumulative area) 

    Via: L1M1_PR
      Partial area ratio:    0.12
      Required ratio:    3.00 (Gate area) 
      Cumulative area ratio:    0.12
      Required ratio:    0.00 (Cumulative area) 

  Pin: _4469_/A (sky130_fd_sc_hd__nor2_1)
    Layer: met2
      Partial area ratio:   40.11
      Required ratio:    0.00 (Gate area) 
      Partial area ratio:  201.02
      Required ratio: 3193.60 (Side area) 
      Cumulative area ratio:  256.71
      Required ratio:    0.00 (Cumulative area) 
      Cumulative area ratio: 1285.61
      Required ratio:    0.00 (Cumulative side area) 

    Layer: met1
      Partial area ratio:  216.60
      Required ratio:    0.00 (Gate area) 
      Partial area ratio: 1084.59
      Required ratio:  400.00 (Side area) (VIOLATED)
      Cumulative area ratio:  216.60
      Required ratio:    0.00 (Cumulative area) 
      Cumulative area ratio: 1084.59
      Required ratio:    0.00 (Cumulative side area) 

    Layer: li1
      Partial area ratio:    0.00
      Required ratio:    0.00 (Gate area) 
      Partial area ratio:    0.00
      Required ratio:   75.00 (Side area) 
      Cumulative area ratio:    0.00
      Required ratio:    0.00 (Cumulative area) 
      Cumulative area ratio:    0.00
      Required ratio:    0.00 (Cumulative side area) 

    Via: M1M2_PR
      Partial area ratio:    0.27
      Required ratio:    6.00 (Gate area) 
      Cumulative area ratio:    0.39
      Required ratio:    0.00 (Cumulative area) 

    Via: L1M1_PR
      Partial area ratio:    0.12
      Required ratio:    3.00 (Gate area) 
      Cumulative area ratio:    0.12
      Required ratio:    0.00 (Cumulative area) 


Net: _1465_
  Pin: _4398_/A (sky130_fd_sc_hd__nor2_1)
    Layer: met2
      Partial area ratio:   35.21
      Required ratio:    0.00 (Gate area) 
      Partial area ratio:  176.43
      Required ratio: 3193.60 (Side area) 
      Cumulative area ratio:  361.18
      Required ratio:    0.00 (Cumulative area) 
      Cumulative area ratio: 1809.87
      Required ratio:    0.00 (Cumulative side area) 

    Layer: met1
      Partial area ratio:    1.95
      Required ratio:    0.00 (Gate area) 
      Partial area ratio:   10.52
      Required ratio:  400.00 (Side area) 
      Cumulative area ratio:    1.95
      Required ratio:    0.00 (Cumulative area) 
      Cumulative area ratio:   10.52
      Required ratio:    0.00 (Cumulative side area) 

    Layer: li1
      Partial area ratio:    0.00
      Required ratio:    0.00 (Gate area) 
      Partial area ratio:    0.00
      Required ratio:   75.00 (Side area) 
      Cumulative area ratio:    0.00
      Required ratio:    0.00 (Cumulative area) 
      Cumulative area ratio:    0.00
      Required ratio:    0.00 (Cumulative side area) 

    Via: M1M2_PR
      Partial area ratio:    0.18
      Required ratio:    6.00 (Gate area) 
      Cumulative area ratio:    0.30
      Required ratio:    0.00 (Cumulative area) 

    Via: L1M1_PR
      Partial area ratio:    0.12
      Required ratio:    3.00 (Gate area) 
      Cumulative area ratio:    0.12
      Required ratio:    0.00 (Cumulative area) 

  Pin: _4434_/A (sky130_fd_sc_hd__nor2_1)
    Layer: met2
      Partial area ratio:   35.21
      Required ratio:    0.00 (Gate area) 
      Partial area ratio:  176.43
      Required ratio: 3193.60 (Side area) 
      Cumulative area ratio:  370.24
      Required ratio:    0.00 (Cumulative area) 
      Cumulative area ratio: 1855.58
      Required ratio:    0.00 (Cumulative side area) 

    Layer: met1
      Partial area ratio:   11.01
      Required ratio:    0.00 (Gate area) 
      Partial area ratio:   56.23
      Required ratio:  400.00 (Side area) 
      Cumulative area ratio:   11.01
      Required ratio:    0.00 (Cumulative area) 
      Cumulative area ratio:   56.23
      Required ratio:    0.00 (Cumulative side area) 

    Layer: li1
      Partial area ratio:    0.00
      Required ratio:    0.00 (Gate area) 
      Partial area ratio:    0.00
      Required ratio:   75.00 (Side area) 
      Cumulative area ratio:    0.00
      Required ratio:    0.00 (Cumulative area) 
      Cumulative area ratio:    0.00
      Required ratio:    0.00 (Cumulative side area) 

    Via: M1M2_PR
      Partial area ratio:    0.18
      Required ratio:    6.00 (Gate area) 
      Cumulative area ratio:    0.30
      Required ratio:    0.00 (Cumulative area) 

    Via: L1M1_PR
      Partial area ratio:    0.12
      Required ratio:    3.00 (Gate area) 
      Cumulative area ratio:    0.12
      Required ratio:    0.00 (Cumulative area) 

  Pin: _4304_/A (sky130_fd_sc_hd__nor2_1)
    Layer: met2
      Partial area ratio:   35.21
      Required ratio:    0.00 (Gate area) 
      Partial area ratio:  176.43
      Required ratio: 3193.60 (Side area) 
      Cumulative area ratio:  359.24
      Required ratio:    0.00 (Cumulative area) 
      Cumulative area ratio: 1799.35
      Required ratio:    0.00 (Cumulative side area) 

    Layer: met1
      Partial area ratio:   17.25
      Required ratio:    0.00 (Gate area) 
      Partial area ratio:   87.45
      Required ratio:  400.00 (Side area) 
      Cumulative area ratio:   17.25
      Required ratio:    0.00 (Cumulative area) 
      Cumulative area ratio:   87.45
      Required ratio:    0.00 (Cumulative side area) 

    Layer: li1
      Partial area ratio:    0.00
      Required ratio:    0.00 (Gate area) 
      Partial area ratio:    0.00
      Required ratio:   75.00 (Side area) 
      Cumulative area ratio:    0.00
      Required ratio:    0.00 (Cumulative area) 
      Cumulative area ratio:    0.00
      Required ratio:    0.00 (Cumulative side area) 

    Via: M1M2_PR
      Partial area ratio:    0.27
      Required ratio:    6.00 (Gate area) 
      Cumulative area ratio:    0.39
      Required ratio:    0.00 (Cumulative area) 

    Via: L1M1_PR
      Partial area ratio:    0.12
      Required ratio:    3.00 (Gate area) 
      Cumulative area ratio:    0.12
      Required ratio:    0.00 (Cumulative area) 

  Pin: _4470_/A (sky130_fd_sc_hd__nor2_1)
    Layer: met2
      Partial area ratio:   35.21
      Required ratio:    0.00 (Gate area) 
      Partial area ratio:  176.43
      Required ratio: 3193.60 (Side area) 
      Cumulative area ratio:  341.98
      Required ratio:    0.00 (Cumulative area) 
      Cumulative area ratio: 1711.90
      Required ratio:    0.00 (Cumulative side area) 

    Layer: met1
      Partial area ratio:  306.78
      Required ratio:    0.00 (Gate area) 
      Partial area ratio: 1535.47
      Required ratio:  400.00 (Side area) (VIOLATED)
      Cumulative area ratio:  306.78
      Required ratio:    0.00 (Cumulative area) 
      Cumulative area ratio: 1535.47
      Required ratio:    0.00 (Cumulative side area) 

    Layer: li1
      Partial area ratio:    0.00
      Required ratio:    0.00 (Gate area) 
      Partial area ratio:    0.00
      Required ratio:   75.00 (Side area) 
      Cumulative area ratio:    0.00
      Required ratio:    0.00 (Cumulative area) 
      Cumulative area ratio:    0.00
      Required ratio:    0.00 (Cumulative side area) 

    Via: M1M2_PR
      Partial area ratio:    0.27
      Required ratio:    6.00 (Gate area) 
      Cumulative area ratio:    0.39
      Required ratio:    0.00 (Cumulative area) 

    Via: L1M1_PR
      Partial area ratio:    0.12
      Required ratio:    3.00 (Gate area) 
      Cumulative area ratio:    0.12
      Required ratio:    0.00 (Cumulative area) 


Net: _1469_
  Pin: _4400_/A (sky130_fd_sc_hd__nor2_1)
    Layer: met1
      Partial area ratio:    1.65
      Required ratio:    0.00 (Gate area) 
      Partial area ratio:    9.05
      Required ratio:  400.00 (Side area) 
      Cumulative area ratio:    1.65
      Required ratio:    0.00 (Cumulative area) 
      Cumulative area ratio:    9.05
      Required ratio:    0.00 (Cumulative side area) 

    Layer: li1
      Partial area ratio:    0.00
      Required ratio:    0.00 (Gate area) 
      Partial area ratio:    0.00
      Required ratio:   75.00 (Side area) 
      Cumulative area ratio:    0.00
      Required ratio:    0.00 (Cumulative area) 
      Cumulative area ratio:    0.00
      Required ratio:    0.00 (Cumulative side area) 

    Via: M1M2_PR
      Partial area ratio:    0.18
      Required ratio:    6.00 (Gate area) 
      Cumulative area ratio:    0.30
      Required ratio:    0.00 (Cumulative area) 

    Via: L1M1_PR
      Partial area ratio:    0.12
      Required ratio:    3.00 (Gate area) 
      Cumulative area ratio:    0.12
      Required ratio:    0.00 (Cumulative area) 

  Pin: _4310_/A (sky130_fd_sc_hd__nor2_1)
    Layer: met1
      Partial area ratio:    2.34
      Required ratio:    0.00 (Gate area) 
      Partial area ratio:   12.50
      Required ratio:  400.00 (Side area) 
      Cumulative area ratio:    2.34
      Required ratio:    0.00 (Cumulative area) 
      Cumulative area ratio:   12.50
      Required ratio:    0.00 (Cumulative side area) 

    Layer: li1
      Partial area ratio:    0.00
      Required ratio:    0.00 (Gate area) 
      Partial area ratio:    0.00
      Required ratio:   75.00 (Side area) 
      Cumulative area ratio:    0.00
      Required ratio:    0.00 (Cumulative area) 
      Cumulative area ratio:    0.00
      Required ratio:    0.00 (Cumulative side area) 

    Via: M1M2_PR
      Partial area ratio:    0.18
      Required ratio:    6.00 (Gate area) 
      Cumulative area ratio:    0.30
      Required ratio:    0.00 (Cumulative area) 

    Via: L1M1_PR
      Partial area ratio:    0.12
      Required ratio:    3.00 (Gate area) 
      Cumulative area ratio:    0.12
      Required ratio:    0.00 (Cumulative area) 

  Pin: _4472_/A (sky130_fd_sc_hd__nor2_1)
    Layer: met1
      Partial area ratio:  198.08
      Required ratio:    0.00 (Gate area) 
      Partial area ratio:  991.60
      Required ratio:  400.00 (Side area) (VIOLATED)
      Cumulative area ratio:  198.08
      Required ratio:    0.00 (Cumulative area) 
      Cumulative area ratio:  991.60
      Required ratio:    0.00 (Cumulative side area) 

    Layer: li1
      Partial area ratio:    0.00
      Required ratio:    0.00 (Gate area) 
      Partial area ratio:    0.00
      Required ratio:   75.00 (Side area) 
      Cumulative area ratio:    0.00
      Required ratio:    0.00 (Cumulative area) 
      Cumulative area ratio:    0.00
      Required ratio:    0.00 (Cumulative side area) 

    Via: M1M2_PR
      Partial area ratio:    0.27
      Required ratio:    6.00 (Gate area) 
      Cumulative area ratio:    0.39
      Required ratio:    0.00 (Cumulative area) 

    Via: L1M1_PR
      Partial area ratio:    0.12
      Required ratio:    3.00 (Gate area) 
      Cumulative area ratio:    0.12
      Required ratio:    0.00 (Cumulative area) 

  Pin: _4436_/A (sky130_fd_sc_hd__nor2_4)
    Layer: met1
      Partial area ratio:    2.77
      Required ratio:    0.00 (Gate area) 
      Partial area ratio:   14.24
      Required ratio:  400.00 (Side area) 
      Cumulative area ratio:    2.77
      Required ratio:    0.00 (Cumulative area) 
      Cumulative area ratio:   14.24
      Required ratio:    0.00 (Cumulative side area) 

    Layer: li1
      Partial area ratio:    0.00
      Required ratio:    0.00 (Gate area) 
      Partial area ratio:    0.00
      Required ratio:   75.00 (Side area) 
      Cumulative area ratio:    0.00
      Required ratio:    0.00 (Cumulative area) 
      Cumulative area ratio:    0.00
      Required ratio:    0.00 (Cumulative side area) 

    Via: M1M2_PR
      Partial area ratio:    0.05
      Required ratio:    6.00 (Gate area) 
      Cumulative area ratio:    0.07
      Required ratio:    0.00 (Cumulative area) 

    Via: L1M1_PR
      Partial area ratio:    0.03
      Required ratio:    3.00 (Gate area) 
      Cumulative area ratio:    0.03
      Required ratio:    0.00 (Cumulative area) 


Net: _1475_
  Pin: _4475_/A (sky130_fd_sc_hd__nor2_1)
    Layer: met1
      Partial area ratio:    5.96
      Required ratio:    0.00 (Gate area) 
      Partial area ratio:   31.37
      Required ratio:  400.00 (Side area) 
      Cumulative area ratio:    5.96
      Required ratio:    0.00 (Cumulative area) 
      Cumulative area ratio:   31.37
      Required ratio:    0.00 (Cumulative side area) 

    Layer: li1
      Partial area ratio:    0.00
      Required ratio:    0.00 (Gate area) 
      Partial area ratio:    0.00
      Required ratio:   75.00 (Side area) 
      Cumulative area ratio:    0.00
      Required ratio:    0.00 (Cumulative area) 
      Cumulative area ratio:    0.00
      Required ratio:    0.00 (Cumulative side area) 

    Via: M1M2_PR
      Partial area ratio:    0.14
      Required ratio:    6.00 (Gate area) 
      Cumulative area ratio:    0.25
      Required ratio:    0.00 (Cumulative area) 

    Via: L1M1_PR
      Partial area ratio:    0.12
      Required ratio:    3.00 (Gate area) 
      Cumulative area ratio:    0.12
      Required ratio:    0.00 (Cumulative area) 

  Pin: _4403_/A (sky130_fd_sc_hd__nor2_1)
    Layer: met1
      Partial area ratio:    5.96
      Required ratio:    0.00 (Gate area) 
      Partial area ratio:   31.37
      Required ratio:  400.00 (Side area) 
      Cumulative area ratio:    5.96
      Required ratio:    0.00 (Cumulative area) 
      Cumulative area ratio:   31.37
      Required ratio:    0.00 (Cumulative side area) 

    Layer: li1
      Partial area ratio:    0.00
      Required ratio:    0.00 (Gate area) 
      Partial area ratio:    0.00
      Required ratio:   75.00 (Side area) 
      Cumulative area ratio:    0.00
      Required ratio:    0.00 (Cumulative area) 
      Cumulative area ratio:    0.00
      Required ratio:    0.00 (Cumulative side area) 

    Via: M1M2_PR
      Partial area ratio:    0.14
      Required ratio:    6.00 (Gate area) 
      Cumulative area ratio:    0.25
      Required ratio:    0.00 (Cumulative area) 

    Via: L1M1_PR
      Partial area ratio:    0.12
      Required ratio:    3.00 (Gate area) 
      Cumulative area ratio:    0.12
      Required ratio:    0.00 (Cumulative area) 

  Pin: _4319_/A (sky130_fd_sc_hd__nor2_1)
    Layer: met1
      Partial area ratio:  213.93
      Required ratio:    0.00 (Gate area) 
      Partial area ratio: 1070.84
      Required ratio:  400.00 (Side area) (VIOLATED)
      Cumulative area ratio:  213.93
      Required ratio:    0.00 (Cumulative area) 
      Cumulative area ratio: 1070.84
      Required ratio:    0.00 (Cumulative side area) 

    Layer: li1
      Partial area ratio:    0.00
      Required ratio:    0.00 (Gate area) 
      Partial area ratio:    0.00
      Required ratio:   75.00 (Side area) 
      Cumulative area ratio:    0.00
      Required ratio:    0.00 (Cumulative area) 
      Cumulative area ratio:    0.00
      Required ratio:    0.00 (Cumulative side area) 

    Via: M1M2_PR
      Partial area ratio:    0.27
      Required ratio:    6.00 (Gate area) 
      Cumulative area ratio:    0.39
      Required ratio:    0.00 (Cumulative area) 

    Via: L1M1_PR
      Partial area ratio:    0.12
      Required ratio:    3.00 (Gate area) 
      Cumulative area ratio:    0.12
      Required ratio:    0.00 (Cumulative area) 

  Pin: _4439_/A (sky130_fd_sc_hd__nor2_4)
    Layer: met1
      Partial area ratio:    0.52
      Required ratio:    0.00 (Gate area) 
      Partial area ratio:    2.80
      Required ratio:  400.00 (Side area) 
      Cumulative area ratio:    0.52
      Required ratio:    0.00 (Cumulative area) 
      Cumulative area ratio:    2.80
      Required ratio:    0.00 (Cumulative side area) 

    Layer: li1
      Partial area ratio:    0.00
      Required ratio:    0.00 (Gate area) 
      Partial area ratio:    0.00
      Required ratio:   75.00 (Side area) 
      Cumulative area ratio:    0.00
      Required ratio:    0.00 (Cumulative area) 
      Cumulative area ratio:    0.00
      Required ratio:    0.00 (Cumulative side area) 

    Via: M1M2_PR
      Partial area ratio:    0.05
      Required ratio:    6.00 (Gate area) 
      Cumulative area ratio:    0.07
      Required ratio:    0.00 (Cumulative area) 

    Via: L1M1_PR
      Partial area ratio:    0.03
      Required ratio:    3.00 (Gate area) 
      Cumulative area ratio:    0.03
      Required ratio:    0.00 (Cumulative area) 


Net: _1477_
  Pin: _4404_/A (sky130_fd_sc_hd__nor2_1)
    Layer: met2
      Partial area ratio:   32.07
      Required ratio:    0.00 (Gate area) 
      Partial area ratio:  160.66
      Required ratio: 3193.60 (Side area) 
      Cumulative area ratio:  329.34
      Required ratio:    0.00 (Cumulative area) 
      Cumulative area ratio: 1649.01
      Required ratio:    0.00 (Cumulative side area) 

    Layer: met1
      Partial area ratio:    1.95
      Required ratio:    0.00 (Gate area) 
      Partial area ratio:   10.52
      Required ratio:  400.00 (Side area) 
      Cumulative area ratio:    1.95
      Required ratio:    0.00 (Cumulative area) 
      Cumulative area ratio:   10.52
      Required ratio:    0.00 (Cumulative side area) 

    Layer: li1
      Partial area ratio:    0.00
      Required ratio:    0.00 (Gate area) 
      Partial area ratio:    0.00
      Required ratio:   75.00 (Side area) 
      Cumulative area ratio:    0.00
      Required ratio:    0.00 (Cumulative area) 
      Cumulative area ratio:    0.00
      Required ratio:    0.00 (Cumulative side area) 

    Via: M1M2_PR
      Partial area ratio:    0.18
      Required ratio:    6.00 (Gate area) 
      Cumulative area ratio:    0.30
      Required ratio:    0.00 (Cumulative area) 

    Via: L1M1_PR
      Partial area ratio:    0.12
      Required ratio:    3.00 (Gate area) 
      Cumulative area ratio:    0.12
      Required ratio:    0.00 (Cumulative area) 

  Pin: _4476_/A (sky130_fd_sc_hd__nor2_1)
    Layer: met2
      Partial area ratio:   32.07
      Required ratio:    0.00 (Gate area) 
      Partial area ratio:  160.66
      Required ratio: 3193.60 (Side area) 
      Cumulative area ratio:  329.99
      Required ratio:    0.00 (Cumulative area) 
      Cumulative area ratio: 1652.24
      Required ratio:    0.00 (Cumulative side area) 

    Layer: met1
      Partial area ratio:    2.59
      Required ratio:    0.00 (Gate area) 
      Partial area ratio:   13.75
      Required ratio:  400.00 (Side area) 
      Cumulative area ratio:    2.59
      Required ratio:    0.00 (Cumulative area) 
      Cumulative area ratio:   13.75
      Required ratio:    0.00 (Cumulative side area) 

    Layer: li1
      Partial area ratio:    0.00
      Required ratio:    0.00 (Gate area) 
      Partial area ratio:    0.00
      Required ratio:   75.00 (Side area) 
      Cumulative area ratio:    0.00
      Required ratio:    0.00 (Cumulative area) 
      Cumulative area ratio:    0.00
      Required ratio:    0.00 (Cumulative side area) 

    Via: M1M2_PR
      Partial area ratio:    0.18
      Required ratio:    6.00 (Gate area) 
      Cumulative area ratio:    0.30
      Required ratio:    0.00 (Cumulative area) 

    Via: L1M1_PR
      Partial area ratio:    0.12
      Required ratio:    3.00 (Gate area) 
      Cumulative area ratio:    0.12
      Required ratio:    0.00 (Cumulative area) 

  Pin: _4322_/A (sky130_fd_sc_hd__nor2_1)
    Layer: met2
      Partial area ratio:   32.07
      Required ratio:    0.00 (Gate area) 
      Partial area ratio:  160.66
      Required ratio: 3193.60 (Side area) 
      Cumulative area ratio:  327.40
      Required ratio:    0.00 (Cumulative area) 
      Cumulative area ratio: 1638.49
      Required ratio:    0.00 (Cumulative side area) 

    Layer: met1
      Partial area ratio:  295.33
      Required ratio:    0.00 (Gate area) 
      Partial area ratio: 1477.83
      Required ratio:  400.00 (Side area) (VIOLATED)
      Cumulative area ratio:  295.33
      Required ratio:    0.00 (Cumulative area) 
      Cumulative area ratio: 1477.83
      Required ratio:    0.00 (Cumulative side area) 

    Layer: li1
      Partial area ratio:    0.00
      Required ratio:    0.00 (Gate area) 
      Partial area ratio:    0.00
      Required ratio:   75.00 (Side area) 
      Cumulative area ratio:    0.00
      Required ratio:    0.00 (Cumulative area) 
      Cumulative area ratio:    0.00
      Required ratio:    0.00 (Cumulative side area) 

    Via: M1M2_PR
      Partial area ratio:    0.27
      Required ratio:    6.00 (Gate area) 
      Cumulative area ratio:    0.39
      Required ratio:    0.00 (Cumulative area) 

    Via: L1M1_PR
      Partial area ratio:    0.12
      Required ratio:    3.00 (Gate area) 
      Cumulative area ratio:    0.12
      Required ratio:    0.00 (Cumulative area) 

  Pin: _4440_/A (sky130_fd_sc_hd__nor2_2)
    Layer: met2
      Partial area ratio:   32.07
      Required ratio:    0.00 (Gate area) 
      Partial area ratio:  160.66
      Required ratio: 3193.60 (Side area) 
      Cumulative area ratio:   35.10
      Required ratio:    0.00 (Cumulative area) 
      Cumulative area ratio:  176.62
      Required ratio:    0.00 (Cumulative side area) 

    Layer: met1
      Partial area ratio:    3.03
      Required ratio:    0.00 (Gate area) 
      Partial area ratio:   15.96
      Required ratio:  400.00 (Side area) 
      Cumulative area ratio:    3.03
      Required ratio:    0.00 (Cumulative area) 
      Cumulative area ratio:   15.96
      Required ratio:    0.00 (Cumulative side area) 

    Layer: li1
      Partial area ratio:    0.00
      Required ratio:    0.00 (Gate area) 
      Partial area ratio:    0.00
      Required ratio:   75.00 (Side area) 
      Cumulative area ratio:    0.00
      Required ratio:    0.00 (Cumulative area) 
      Cumulative area ratio:    0.00
      Required ratio:    0.00 (Cumulative side area) 

    Via: M1M2_PR
      Partial area ratio:    0.09
      Required ratio:    6.00 (Gate area) 
      Cumulative area ratio:    0.15
      Required ratio:    0.00 (Cumulative area) 

    Via: L1M1_PR
      Partial area ratio:    0.06
      Required ratio:    3.00 (Gate area) 
      Cumulative area ratio:    0.06
      Required ratio:    0.00 (Cumulative area) 


Net: _1480_
  Pin: _4478_/A (sky130_fd_sc_hd__nor2_1)
    Layer: met1
      Partial area ratio:  160.85
      Required ratio:    0.00 (Gate area) 
      Partial area ratio:  805.44
      Required ratio:  400.00 (Side area) (VIOLATED)
      Cumulative area ratio:  160.85
      Required ratio:    0.00 (Cumulative area) 
      Cumulative area ratio:  805.44
      Required ratio:    0.00 (Cumulative side area) 

    Layer: li1
      Partial area ratio:    0.00
      Required ratio:    0.00 (Gate area) 
      Partial area ratio:    0.00
      Required ratio:   75.00 (Side area) 
      Cumulative area ratio:    0.00
      Required ratio:    0.00 (Cumulative area) 
      Cumulative area ratio:    0.00
      Required ratio:    0.00 (Cumulative side area) 

    Via: M1M2_PR
      Partial area ratio:    0.27
      Required ratio:    6.00 (Gate area) 
      Cumulative area ratio:    0.39
      Required ratio:    0.00 (Cumulative area) 

    Via: L1M1_PR
      Partial area ratio:    0.12
      Required ratio:    3.00 (Gate area) 
      Cumulative area ratio:    0.12
      Required ratio:    0.00 (Cumulative area) 

  Pin: _4442_/A (sky130_fd_sc_hd__nor2_1)
    Layer: met1
      Partial area ratio:    1.87
      Required ratio:    0.00 (Gate area) 
      Partial area ratio:   10.13
      Required ratio:  400.00 (Side area) 
      Cumulative area ratio:    1.87
      Required ratio:    0.00 (Cumulative area) 
      Cumulative area ratio:   10.13
      Required ratio:    0.00 (Cumulative side area) 

    Layer: li1
      Partial area ratio:    0.00
      Required ratio:    0.00 (Gate area) 
      Partial area ratio:    0.00
      Required ratio:   75.00 (Side area) 
      Cumulative area ratio:    0.00
      Required ratio:    0.00 (Cumulative area) 
      Cumulative area ratio:    0.00
      Required ratio:    0.00 (Cumulative side area) 

    Via: M1M2_PR
      Partial area ratio:    0.18
      Required ratio:    6.00 (Gate area) 
      Cumulative area ratio:    0.30
      Required ratio:    0.00 (Cumulative area) 

    Via: L1M1_PR
      Partial area ratio:    0.12
      Required ratio:    3.00 (Gate area) 
      Cumulative area ratio:    0.12
      Required ratio:    0.00 (Cumulative area) 

  Pin: _4327_/A (sky130_fd_sc_hd__nor2_1)
    Layer: met1
      Partial area ratio:    1.13
      Required ratio:    0.00 (Gate area) 
      Partial area ratio:    6.82
      Required ratio:  400.00 (Side area) 
      Cumulative area ratio:    1.13
      Required ratio:    0.00 (Cumulative area) 
      Cumulative area ratio:    6.82
      Required ratio:    0.00 (Cumulative side area) 

    Layer: li1
      Partial area ratio:    0.00
      Required ratio:    0.00 (Gate area) 
      Partial area ratio:    0.00
      Required ratio:   75.00 (Side area) 
      Cumulative area ratio:    0.00
      Required ratio:    0.00 (Cumulative area) 
      Cumulative area ratio:    0.00
      Required ratio:    0.00 (Cumulative side area) 

    Via: M1M2_PR
      Partial area ratio:    0.27
      Required ratio:    6.00 (Gate area) 
      Cumulative area ratio:    0.39
      Required ratio:    0.00 (Cumulative area) 

    Via: L1M1_PR
      Partial area ratio:    0.12
      Required ratio:    3.00 (Gate area) 
      Cumulative area ratio:    0.12
      Required ratio:    0.00 (Cumulative area) 

  Pin: _4406_/A (sky130_fd_sc_hd__nor2_1)
    Layer: li1
      Partial area ratio:    0.00
      Required ratio:    0.00 (Gate area) 
      Partial area ratio:    0.00
      Required ratio:   75.00 (Side area) 
      Cumulative area ratio:    0.00
      Required ratio:    0.00 (Cumulative area) 
      Cumulative area ratio:    0.00
      Required ratio:    0.00 (Cumulative side area) 

    Layer: met1
      Partial area ratio:    0.94
      Required ratio:    0.00 (Gate area) 
      Partial area ratio:    5.12
      Required ratio:  400.00 (Side area) 
      Cumulative area ratio:    0.94
      Required ratio:    0.00 (Cumulative area) 
      Cumulative area ratio:    5.12
      Required ratio:    0.00 (Cumulative side area) 

    Via: L1M1_PR
      Partial area ratio:    0.12
      Required ratio:    3.00 (Gate area) 
      Cumulative area ratio:    0.12
      Required ratio:    0.00 (Cumulative area) 


Net: _1483_
  Pin: _4443_/A (sky130_fd_sc_hd__nor2_1)
    Layer: met2
      Partial area ratio:   39.19
      Required ratio:    0.00 (Gate area) 
      Partial area ratio:  196.74
      Required ratio: 3193.60 (Side area) 
      Cumulative area ratio:  142.39
      Required ratio:    0.00 (Cumulative area) 
      Cumulative area ratio:  713.92
      Required ratio:    0.00 (Cumulative side area) 

    Layer: met1
      Partial area ratio:  103.20
      Required ratio:    0.00 (Gate area) 
      Partial area ratio:  517.18
      Required ratio:  400.00 (Side area) (VIOLATED)
      Cumulative area ratio:  103.20
      Required ratio:    0.00 (Cumulative area) 
      Cumulative area ratio:  517.18
      Required ratio:    0.00 (Cumulative side area) 

    Layer: li1
      Partial area ratio:    0.00
      Required ratio:    0.00 (Gate area) 
      Partial area ratio:    0.00
      Required ratio:   75.00 (Side area) 
      Cumulative area ratio:    0.00
      Required ratio:    0.00 (Cumulative area) 
      Cumulative area ratio:    0.00
      Required ratio:    0.00 (Cumulative side area) 

    Layer: met3
      Partial area ratio:    0.00
      Required ratio:    0.00 (Gate area) 
      Partial area ratio:    0.00
      Required ratio: 3193.60 (Side area) 
      Cumulative area ratio:  142.39
      Required ratio:    0.00 (Cumulative area) 
      Cumulative area ratio:  713.92
      Required ratio:    0.00 (Cumulative side area) 

    Layer: met4
      Partial area ratio:   14.73
      Required ratio:    0.00 (Gate area) 
      Partial area ratio:   79.03
      Required ratio: 3193.60 (Side area) 
      Cumulative area ratio:  157.11
      Required ratio:    0.00 (Cumulative area) 
      Cumulative area ratio:  792.95
      Required ratio:    0.00 (Cumulative side area) 

    Via: M2M3_PR
      Partial area ratio:    0.16
      Required ratio:    6.00 (Gate area) 
      Cumulative area ratio:    0.55
      Required ratio:    0.00 (Cumulative area) 

    Via: M1M2_PR
      Partial area ratio:    0.27
      Required ratio:    6.00 (Gate area) 
      Cumulative area ratio:    0.39
      Required ratio:    0.00 (Cumulative area) 

    Via: L1M1_PR
      Partial area ratio:    0.12
      Required ratio:    3.00 (Gate area) 
      Cumulative area ratio:    0.12
      Required ratio:    0.00 (Cumulative area) 

    Via: M3M4_PR
      Partial area ratio:    0.16
      Required ratio:    6.00 (Gate area) 
      Cumulative area ratio:    0.71
      Required ratio:    0.00 (Cumulative area) 

  Pin: _4479_/A (sky130_fd_sc_hd__nor2_1)
    Layer: met4
      Partial area ratio:   14.73
      Required ratio:    0.00 (Gate area) 
      Partial area ratio:   79.03
      Required ratio: 3193.60 (Side area) 
      Cumulative area ratio:   54.44
      Required ratio:    0.00 (Cumulative area) 
      Cumulative area ratio:  280.25
      Required ratio:    0.00 (Cumulative side area) 

    Layer: met3
      Partial area ratio:    0.00
      Required ratio:    0.00 (Gate area) 
      Partial area ratio:    0.00
      Required ratio:  400.00 (Side area) 
      Cumulative area ratio:   39.72
      Required ratio:    0.00 (Cumulative area) 
      Cumulative area ratio:  201.22
      Required ratio:    0.00 (Cumulative side area) 

    Layer: met2
      Partial area ratio:   29.98
      Required ratio:    0.00 (Gate area) 
      Partial area ratio:  150.14
      Required ratio:  400.00 (Side area) 
      Cumulative area ratio:   39.72
      Required ratio:    0.00 (Cumulative area) 
      Cumulative area ratio:  201.22
      Required ratio:    0.00 (Cumulative side area) 

    Layer: met1
      Partial area ratio:    4.96
      Required ratio:    0.00 (Gate area) 
      Partial area ratio:   25.96
      Required ratio:  400.00 (Side area) 
      Cumulative area ratio:    4.96
      Required ratio:    0.00 (Cumulative area) 
      Cumulative area ratio:   25.96
      Required ratio:    0.00 (Cumulative side area) 

    Layer: li1
      Partial area ratio:    0.00
      Required ratio:    0.00 (Gate area) 
      Partial area ratio:    0.00
      Required ratio:   75.00 (Side area) 
      Cumulative area ratio:    0.00
      Required ratio:    0.00 (Cumulative area) 
      Cumulative area ratio:    0.00
      Required ratio:    0.00 (Cumulative side area) 

    Via: M3M4_PR
      Partial area ratio:    0.05
      Required ratio:    6.00 (Gate area) 
      Cumulative area ratio:    0.77
      Required ratio:    0.00 (Cumulative area) 

    Via: M2M3_PR
      Partial area ratio:    0.05
      Required ratio:    6.00 (Gate area) 
      Cumulative area ratio:    0.72
      Required ratio:    0.00 (Cumulative area) 

    Via: M1M2_PR
      Partial area ratio:    0.27
      Required ratio:    6.00 (Gate area) 
      Cumulative area ratio:    0.39
      Required ratio:    0.00 (Cumulative area) 

    Via: L1M1_PR
      Partial area ratio:    0.12
      Required ratio:    3.00 (Gate area) 
      Cumulative area ratio:    0.12
      Required ratio:    0.00 (Cumulative area) 

  Pin: _4407_/A (sky130_fd_sc_hd__nor2_1)
    Layer: met4
      Partial area ratio:   14.73
      Required ratio:    0.00 (Gate area) 
      Partial area ratio:   79.03
      Required ratio: 3193.60 (Side area) 
      Cumulative area ratio:   54.72
      Required ratio:    0.00 (Cumulative area) 
      Cumulative area ratio:  282.40
      Required ratio:    0.00 (Cumulative side area) 

    Layer: met3
      Partial area ratio:    0.00
      Required ratio:    0.00 (Gate area) 
      Partial area ratio:    0.00
      Required ratio:  400.00 (Side area) 
      Cumulative area ratio:   39.99
      Required ratio:    0.00 (Cumulative area) 
      Cumulative area ratio:  203.37
      Required ratio:    0.00 (Cumulative side area) 

    Layer: met2
      Partial area ratio:   29.98
      Required ratio:    0.00 (Gate area) 
      Partial area ratio:  150.14
      Required ratio:  400.00 (Side area) 
      Cumulative area ratio:   39.99
      Required ratio:    0.00 (Cumulative area) 
      Cumulative area ratio:  203.37
      Required ratio:    0.00 (Cumulative side area) 

    Layer: met1
      Partial area ratio:    0.27
      Required ratio:    0.00 (Gate area) 
      Partial area ratio:    2.15
      Required ratio:  400.00 (Side area) 
      Cumulative area ratio:    0.27
      Required ratio:    0.00 (Cumulative area) 
      Cumulative area ratio:    2.15
      Required ratio:    0.00 (Cumulative side area) 

    Layer: li1
      Partial area ratio:    0.00
      Required ratio:    0.00 (Gate area) 
      Partial area ratio:    0.00
      Required ratio:   75.00 (Side area) 
      Cumulative area ratio:    0.00
      Required ratio:    0.00 (Cumulative area) 
      Cumulative area ratio:    0.00
      Required ratio:    0.00 (Cumulative side area) 

    Via: M3M4_PR
      Partial area ratio:    0.05
      Required ratio:    6.00 (Gate area) 
      Cumulative area ratio:    0.95
      Required ratio:    0.00 (Cumulative area) 

    Via: M2M3_PR
      Partial area ratio:    0.05
      Required ratio:    6.00 (Gate area) 
      Cumulative area ratio:    0.90
      Required ratio:    0.00 (Cumulative area) 

    Via: M1M2_PR
      Partial area ratio:    0.18
      Required ratio:    6.00 (Gate area) 
      Cumulative area ratio:    0.30
      Required ratio:    0.00 (Cumulative area) 

    Via: L1M1_PR
      Partial area ratio:    0.12
      Required ratio:    3.00 (Gate area) 
      Cumulative area ratio:    0.12
      Required ratio:    0.00 (Cumulative area) 

  Pin: _4330_/A (sky130_fd_sc_hd__nor2_1)
    Layer: met4
      Partial area ratio:   14.73
      Required ratio:    0.00 (Gate area) 
      Partial area ratio:   79.03
      Required ratio: 3193.60 (Side area) 
      Cumulative area ratio:   49.49
      Required ratio:    0.00 (Cumulative area) 
      Cumulative area ratio:  254.29
      Required ratio:    0.00 (Cumulative side area) 

    Layer: met3
      Partial area ratio:    0.00
      Required ratio:    0.00 (Gate area) 
      Partial area ratio:    0.00
      Required ratio:  400.00 (Side area) 
      Cumulative area ratio:   34.76
      Required ratio:    0.00 (Cumulative area) 
      Cumulative area ratio:  175.26
      Required ratio:    0.00 (Cumulative side area) 

    Layer: met2
      Partial area ratio:   29.98
      Required ratio:    0.00 (Gate area) 
      Partial area ratio:  150.14
      Required ratio:  400.00 (Side area) 
      Cumulative area ratio:   34.76
      Required ratio:    0.00 (Cumulative area) 
      Cumulative area ratio:  175.26
      Required ratio:    0.00 (Cumulative side area) 

    Layer: met1
      Partial area ratio:    4.79
      Required ratio:    0.00 (Gate area) 
      Partial area ratio:   25.12
      Required ratio:  400.00 (Side area) 
      Cumulative area ratio:    4.79
      Required ratio:    0.00 (Cumulative area) 
      Cumulative area ratio:   25.12
      Required ratio:    0.00 (Cumulative side area) 

    Layer: li1
      Partial area ratio:    0.00
      Required ratio:    0.00 (Gate area) 
      Partial area ratio:    0.00
      Required ratio:   75.00 (Side area) 
      Cumulative area ratio:    0.00
      Required ratio:    0.00 (Cumulative area) 
      Cumulative area ratio:    0.00
      Required ratio:    0.00 (Cumulative side area) 

    Via: M3M4_PR
      Partial area ratio:    0.05
      Required ratio:    6.00 (Gate area) 
      Cumulative area ratio:    0.50
      Required ratio:    0.00 (Cumulative area) 

    Via: M2M3_PR
      Partial area ratio:    0.05
      Required ratio:    6.00 (Gate area) 
      Cumulative area ratio:    0.44
      Required ratio:    0.00 (Cumulative area) 

    Via: M1M2_PR
      Partial area ratio:    0.27
      Required ratio:    6.00 (Gate area) 
      Cumulative area ratio:    0.39
      Required ratio:    0.00 (Cumulative area) 

    Via: L1M1_PR
      Partial area ratio:    0.12
      Required ratio:    3.00 (Gate area) 
      Cumulative area ratio:    0.12
      Required ratio:    0.00 (Cumulative area) 


Net: _1499_
  Pin: _4451_/A (sky130_fd_sc_hd__nor2_4)
    Layer: met1
      Partial area ratio:    0.27
      Required ratio:    0.00 (Gate area) 
      Partial area ratio:    1.54
      Required ratio:  400.00 (Side area) 
      Cumulative area ratio:    0.27
      Required ratio:    0.00 (Cumulative area) 
      Cumulative area ratio:    1.54
      Required ratio:    0.00 (Cumulative side area) 

    Layer: li1
      Partial area ratio:    0.00
      Required ratio:    0.00 (Gate area) 
      Partial area ratio:    0.00
      Required ratio:   75.00 (Side area) 
      Cumulative area ratio:    0.00
      Required ratio:    0.00 (Cumulative area) 
      Cumulative area ratio:    0.00
      Required ratio:    0.00 (Cumulative side area) 

    Layer: met3
      Partial area ratio:    0.00
      Required ratio:    0.00 (Gate area) 
      Partial area ratio:    0.00
      Required ratio: 3193.60 (Side area) 
      Cumulative area ratio:    0.27
      Required ratio:    0.00 (Cumulative area) 
      Cumulative area ratio:    1.54
      Required ratio:    0.00 (Cumulative side area) 

    Layer: met4
      Partial area ratio:    3.64
      Required ratio:    0.00 (Gate area) 
      Partial area ratio:   19.67
      Required ratio: 3193.60 (Side area) 
      Cumulative area ratio:    3.91
      Required ratio:    0.00 (Cumulative area) 
      Cumulative area ratio:   21.22
      Required ratio:    0.00 (Cumulative side area) 

    Via: M2M3_PR
      Partial area ratio:    0.03
      Required ratio:    6.00 (Gate area) 
      Cumulative area ratio:    0.10
      Required ratio:    0.00 (Cumulative area) 

    Via: M1M2_PR
      Partial area ratio:    0.05
      Required ratio:    6.00 (Gate area) 
      Cumulative area ratio:    0.07
      Required ratio:    0.00 (Cumulative area) 

    Via: L1M1_PR
      Partial area ratio:    0.03
      Required ratio:    3.00 (Gate area) 
      Cumulative area ratio:    0.03
      Required ratio:    0.00 (Cumulative area) 

    Via: M3M4_PR
      Partial area ratio:    0.03
      Required ratio:    6.00 (Gate area) 
      Cumulative area ratio:    0.13
      Required ratio:    0.00 (Cumulative area) 

  Pin: _4487_/A (sky130_fd_sc_hd__nor2_1)
    Layer: met1
      Partial area ratio:    5.31
      Required ratio:    0.00 (Gate area) 
      Partial area ratio:   27.72
      Required ratio:  400.00 (Side area) 
      Cumulative area ratio:    5.31
      Required ratio:    0.00 (Cumulative area) 
      Cumulative area ratio:   27.72
      Required ratio:    0.00 (Cumulative side area) 

    Layer: li1
      Partial area ratio:    0.00
      Required ratio:    0.00 (Gate area) 
      Partial area ratio:    0.00
      Required ratio:   75.00 (Side area) 
      Cumulative area ratio:    0.00
      Required ratio:    0.00 (Cumulative area) 
      Cumulative area ratio:    0.00
      Required ratio:    0.00 (Cumulative side area) 

    Layer: met3
      Partial area ratio:    0.00
      Required ratio:    0.00 (Gate area) 
      Partial area ratio:    0.00
      Required ratio: 3193.60 (Side area) 
      Cumulative area ratio:  217.42
      Required ratio:    0.00 (Cumulative area) 
      Cumulative area ratio: 1089.85
      Required ratio:    0.00 (Cumulative side area) 

    Layer: met4
      Partial area ratio:    3.64
      Required ratio:    0.00 (Gate area) 
      Partial area ratio:   19.67
      Required ratio: 3193.60 (Side area) 
      Cumulative area ratio:  221.05
      Required ratio:    0.00 (Cumulative area) 
      Cumulative area ratio: 1109.52
      Required ratio:    0.00 (Cumulative side area) 

    Via: M2M3_PR
      Partial area ratio:    0.03
      Required ratio:    6.00 (Gate area) 
      Cumulative area ratio:    0.69
      Required ratio:    0.00 (Cumulative area) 

    Via: M1M2_PR
      Partial area ratio:    0.27
      Required ratio:    6.00 (Gate area) 
      Cumulative area ratio:    0.39
      Required ratio:    0.00 (Cumulative area) 

    Via: L1M1_PR
      Partial area ratio:    0.12
      Required ratio:    3.00 (Gate area) 
      Cumulative area ratio:    0.12
      Required ratio:    0.00 (Cumulative area) 

    Via: M3M4_PR
      Partial area ratio:    0.03
      Required ratio:    6.00 (Gate area) 
      Cumulative area ratio:    0.72
      Required ratio:    0.00 (Cumulative area) 

  Pin: _4415_/A (sky130_fd_sc_hd__nor2_1)
    Layer: met4
      Partial area ratio:    3.64
      Required ratio:    0.00 (Gate area) 
      Partial area ratio:   19.67
      Required ratio: 3193.60 (Side area) 
      Cumulative area ratio:    5.14
      Required ratio:    0.00 (Cumulative area) 
      Cumulative area ratio:   27.99
      Required ratio:    0.00 (Cumulative side area) 

    Layer: met3
      Partial area ratio:    0.00
      Required ratio:    0.00 (Gate area) 
      Partial area ratio:    0.00
      Required ratio:  400.00 (Side area) 
      Cumulative area ratio:    1.50
      Required ratio:    0.00 (Cumulative area) 
      Cumulative area ratio:    8.32
      Required ratio:    0.00 (Cumulative side area) 

    Layer: met2
      Partial area ratio:    0.00
      Required ratio:    0.00 (Gate area) 
      Partial area ratio:    0.00
      Required ratio:  400.00 (Side area) 
      Cumulative area ratio:    1.50
      Required ratio:    0.00 (Cumulative area) 
      Cumulative area ratio:    8.32
      Required ratio:    0.00 (Cumulative side area) 

    Layer: met1
      Partial area ratio:    1.50
      Required ratio:    0.00 (Gate area) 
      Partial area ratio:    8.32
      Required ratio:  400.00 (Side area) 
      Cumulative area ratio:    1.50
      Required ratio:    0.00 (Cumulative area) 
      Cumulative area ratio:    8.32
      Required ratio:    0.00 (Cumulative side area) 

    Layer: li1
      Partial area ratio:    0.00
      Required ratio:    0.00 (Gate area) 
      Partial area ratio:    0.00
      Required ratio:   75.00 (Side area) 
      Cumulative area ratio:    0.00
      Required ratio:    0.00 (Cumulative area) 
      Cumulative area ratio:    0.00
      Required ratio:    0.00 (Cumulative side area) 

    Via: M3M4_PR
      Partial area ratio:    0.16
      Required ratio:    6.00 (Gate area) 
      Cumulative area ratio:    0.62
      Required ratio:    0.00 (Cumulative area) 

    Via: M2M3_PR
      Partial area ratio:    0.16
      Required ratio:    6.00 (Gate area) 
      Cumulative area ratio:    0.46
      Required ratio:    0.00 (Cumulative area) 

    Via: M1M2_PR
      Partial area ratio:    0.18
      Required ratio:    6.00 (Gate area) 
      Cumulative area ratio:    0.30
      Required ratio:    0.00 (Cumulative area) 

    Via: L1M1_PR
      Partial area ratio:    0.12
      Required ratio:    3.00 (Gate area) 
      Cumulative area ratio:    0.12
      Required ratio:    0.00 (Cumulative area) 

  Pin: _4354_/A (sky130_fd_sc_hd__nor2_1)
    Layer: met1
      Partial area ratio:  212.11
      Required ratio:    0.00 (Gate area) 
      Partial area ratio: 1062.13
      Required ratio:  400.00 (Side area) (VIOLATED)
      Cumulative area ratio:  212.11
      Required ratio:    0.00 (Cumulative area) 
      Cumulative area ratio: 1062.13
      Required ratio:    0.00 (Cumulative side area) 

    Layer: met3
      Partial area ratio:    0.00
      Required ratio:    0.00 (Gate area) 
      Partial area ratio:    0.00
      Required ratio: 3193.60 (Side area) 
      Cumulative area ratio:  212.11
      Required ratio:    0.00 (Cumulative area) 
      Cumulative area ratio: 1062.13
      Required ratio:    0.00 (Cumulative side area) 

    Layer: met4
      Partial area ratio:    3.64
      Required ratio:    0.00 (Gate area) 
      Partial area ratio:   19.67
      Required ratio: 3193.60 (Side area) 
      Cumulative area ratio:  215.75
      Required ratio:    0.00 (Cumulative area) 
      Cumulative area ratio: 1081.80
      Required ratio:    0.00 (Cumulative side area) 

    Layer: li1
      Partial area ratio:    0.00
      Required ratio:    0.00 (Gate area) 
      Partial area ratio:    0.00
      Required ratio:   75.00 (Side area) 
      Cumulative area ratio:    0.00
      Required ratio:    0.00 (Cumulative area) 
      Cumulative area ratio:    0.00
      Required ratio:    0.00 (Cumulative side area) 

    Via: M2M3_PR
      Partial area ratio:    0.03
      Required ratio:    6.00 (Gate area) 
      Cumulative area ratio:    0.42
      Required ratio:    0.00 (Cumulative area) 

    Via: M1M2_PR
      Partial area ratio:    0.27
      Required ratio:    6.00 (Gate area) 
      Cumulative area ratio:    0.39
      Required ratio:    0.00 (Cumulative area) 

    Via: M3M4_PR
      Partial area ratio:    0.03
      Required ratio:    6.00 (Gate area) 
      Cumulative area ratio:    0.44
      Required ratio:    0.00 (Cumulative area) 

    Via: L1M1_PR
      Partial area ratio:    0.12
      Required ratio:    3.00 (Gate area) 
      Cumulative area ratio:    0.12
      Required ratio:    0.00 (Cumulative area) 


Net: _1511_
  Pin: _4371_/A (sky130_fd_sc_hd__nor2_2)
    Layer: met4
      Partial area ratio:   55.27
      Required ratio:    0.00 (Gate area) 
      Partial area ratio:  295.18
      Required ratio: 3193.60 (Side area) 
      Cumulative area ratio:   86.70
      Required ratio:    0.00 (Cumulative area) 
      Cumulative area ratio:  452.90
      Required ratio:    0.00 (Cumulative side area) 

    Layer: met3
      Partial area ratio:    0.00
      Required ratio:    0.00 (Gate area) 
      Partial area ratio:    0.00
      Required ratio:  400.00 (Side area) 
      Cumulative area ratio:   31.43
      Required ratio:    0.00 (Cumulative area) 
      Cumulative area ratio:  157.73
      Required ratio:    0.00 (Cumulative side area) 

    Layer: met2
      Partial area ratio:   30.29
      Required ratio:    0.00 (Gate area) 
      Partial area ratio:  151.64
      Required ratio:  400.00 (Side area) 
      Cumulative area ratio:   31.43
      Required ratio:    0.00 (Cumulative area) 
      Cumulative area ratio:  157.73
      Required ratio:    0.00 (Cumulative side area) 

    Layer: met1
      Partial area ratio:    1.14
      Required ratio:    0.00 (Gate area) 
      Partial area ratio:    6.09
      Required ratio:  400.00 (Side area) 
      Cumulative area ratio:    1.14
      Required ratio:    0.00 (Cumulative area) 
      Cumulative area ratio:    6.09
      Required ratio:    0.00 (Cumulative side area) 

    Layer: li1
      Partial area ratio:    0.00
      Required ratio:    0.00 (Gate area) 
      Partial area ratio:    0.00
      Required ratio:   75.00 (Side area) 
      Cumulative area ratio:    0.00
      Required ratio:    0.00 (Cumulative area) 
      Cumulative area ratio:    0.00
      Required ratio:    0.00 (Cumulative side area) 

    Via: M3M4_PR
      Partial area ratio:    0.04
      Required ratio:    6.00 (Gate area) 
      Cumulative area ratio:    0.23
      Required ratio:    0.00 (Cumulative area) 

    Via: M2M3_PR
      Partial area ratio:    0.04
      Required ratio:    6.00 (Gate area) 
      Cumulative area ratio:    0.19
      Required ratio:    0.00 (Cumulative area) 

    Via: M1M2_PR
      Partial area ratio:    0.09
      Required ratio:    6.00 (Gate area) 
      Cumulative area ratio:    0.15
      Required ratio:    0.00 (Cumulative area) 

    Via: L1M1_PR
      Partial area ratio:    0.06
      Required ratio:    3.00 (Gate area) 
      Cumulative area ratio:    0.06
      Required ratio:    0.00 (Cumulative area) 

  Pin: _4421_/A (sky130_fd_sc_hd__nor2_1)
    Layer: met4
      Partial area ratio:   55.27
      Required ratio:    0.00 (Gate area) 
      Partial area ratio:  295.18
      Required ratio: 3193.60 (Side area) 
      Cumulative area ratio:   86.68
      Required ratio:    0.00 (Cumulative area) 
      Cumulative area ratio:  453.21
      Required ratio:    0.00 (Cumulative side area) 

    Layer: met3
      Partial area ratio:    0.00
      Required ratio:    0.00 (Gate area) 
      Partial area ratio:    0.00
      Required ratio:  400.00 (Side area) 
      Cumulative area ratio:   31.41
      Required ratio:    0.00 (Cumulative area) 
      Cumulative area ratio:  158.03
      Required ratio:    0.00 (Cumulative side area) 

    Layer: met2
      Partial area ratio:   30.29
      Required ratio:    0.00 (Gate area) 
      Partial area ratio:  151.64
      Required ratio:  400.00 (Side area) 
      Cumulative area ratio:   31.41
      Required ratio:    0.00 (Cumulative area) 
      Cumulative area ratio:  158.03
      Required ratio:    0.00 (Cumulative side area) 

    Layer: met1
      Partial area ratio:    1.12
      Required ratio:    0.00 (Gate area) 
      Partial area ratio:    6.39
      Required ratio:  400.00 (Side area) 
      Cumulative area ratio:    1.12
      Required ratio:    0.00 (Cumulative area) 
      Cumulative area ratio:    6.39
      Required ratio:    0.00 (Cumulative side area) 

    Layer: li1
      Partial area ratio:    0.00
      Required ratio:    0.00 (Gate area) 
      Partial area ratio:    0.00
      Required ratio:   75.00 (Side area) 
      Cumulative area ratio:    0.00
      Required ratio:    0.00 (Cumulative area) 
      Cumulative area ratio:    0.00
      Required ratio:    0.00 (Cumulative side area) 

    Via: M3M4_PR
      Partial area ratio:    0.04
      Required ratio:    6.00 (Gate area) 
      Cumulative area ratio:    0.38
      Required ratio:    0.00 (Cumulative area) 

    Via: M2M3_PR
      Partial area ratio:    0.04
      Required ratio:    6.00 (Gate area) 
      Cumulative area ratio:    0.34
      Required ratio:    0.00 (Cumulative area) 

    Via: M1M2_PR
      Partial area ratio:    0.18
      Required ratio:    6.00 (Gate area) 
      Cumulative area ratio:    0.30
      Required ratio:    0.00 (Cumulative area) 

    Via: L1M1_PR
      Partial area ratio:    0.12
      Required ratio:    3.00 (Gate area) 
      Cumulative area ratio:    0.12
      Required ratio:    0.00 (Cumulative area) 

  Pin: _4493_/A (sky130_fd_sc_hd__nor2_1)
    Layer: met4
      Partial area ratio:   55.27
      Required ratio:    0.00 (Gate area) 
      Partial area ratio:  295.18
      Required ratio: 3193.60 (Side area) 
      Cumulative area ratio:   92.51
      Required ratio:    0.00 (Cumulative area) 
      Cumulative area ratio:  483.13
      Required ratio:    0.00 (Cumulative side area) 

    Layer: met3
      Partial area ratio:    0.00
      Required ratio:    0.00 (Gate area) 
      Partial area ratio:    0.00
      Required ratio:  400.00 (Side area) 
      Cumulative area ratio:   37.23
      Required ratio:    0.00 (Cumulative area) 
      Cumulative area ratio:  187.95
      Required ratio:    0.00 (Cumulative side area) 

    Layer: met2
      Partial area ratio:   30.29
      Required ratio:    0.00 (Gate area) 
      Partial area ratio:  151.64
      Required ratio:  400.00 (Side area) 
      Cumulative area ratio:   37.23
      Required ratio:    0.00 (Cumulative area) 
      Cumulative area ratio:  187.95
      Required ratio:    0.00 (Cumulative side area) 

    Layer: met1
      Partial area ratio:    6.95
      Required ratio:    0.00 (Gate area) 
      Partial area ratio:   36.32
      Required ratio:  400.00 (Side area) 
      Cumulative area ratio:    6.95
      Required ratio:    0.00 (Cumulative area) 
      Cumulative area ratio:   36.32
      Required ratio:    0.00 (Cumulative side area) 

    Layer: li1
      Partial area ratio:    0.00
      Required ratio:    0.00 (Gate area) 
      Partial area ratio:    0.00
      Required ratio:   75.00 (Side area) 
      Cumulative area ratio:    0.00
      Required ratio:    0.00 (Cumulative area) 
      Cumulative area ratio:    0.00
      Required ratio:    0.00 (Cumulative side area) 

    Via: M3M4_PR
      Partial area ratio:    0.04
      Required ratio:    6.00 (Gate area) 
      Cumulative area ratio:    0.38
      Required ratio:    0.00 (Cumulative area) 

    Via: M2M3_PR
      Partial area ratio:    0.04
      Required ratio:    6.00 (Gate area) 
      Cumulative area ratio:    0.34
      Required ratio:    0.00 (Cumulative area) 

    Via: M1M2_PR
      Partial area ratio:    0.18
      Required ratio:    6.00 (Gate area) 
      Cumulative area ratio:    0.30
      Required ratio:    0.00 (Cumulative area) 

    Via: L1M1_PR
      Partial area ratio:    0.12
      Required ratio:    3.00 (Gate area) 
      Cumulative area ratio:    0.12
      Required ratio:    0.00 (Cumulative area) 

  Pin: _4457_/A (sky130_fd_sc_hd__nor2_1)
    Layer: met2
      Partial area ratio:   82.04
      Required ratio:    0.00 (Gate area) 
      Partial area ratio:  410.61
      Required ratio: 3193.60 (Side area) 
      Cumulative area ratio:  345.27
      Required ratio:    0.00 (Cumulative area) 
      Cumulative area ratio: 1727.91
      Required ratio:    0.00 (Cumulative side area) 

    Layer: met1
      Partial area ratio:  263.22
      Required ratio:    0.00 (Gate area) 
      Partial area ratio: 1317.30
      Required ratio:  400.00 (Side area) (VIOLATED)
      Cumulative area ratio:  263.22
      Required ratio:    0.00 (Cumulative area) 
      Cumulative area ratio: 1317.30
      Required ratio:    0.00 (Cumulative side area) 

    Layer: met3
      Partial area ratio:    0.00
      Required ratio:    0.00 (Gate area) 
      Partial area ratio:    0.00
      Required ratio: 3193.60 (Side area) 
      Cumulative area ratio:  345.27
      Required ratio:    0.00 (Cumulative area) 
      Cumulative area ratio: 1727.91
      Required ratio:    0.00 (Cumulative side area) 

    Layer: met4
      Partial area ratio:   55.27
      Required ratio:    0.00 (Gate area) 
      Partial area ratio:  295.18
      Required ratio: 3193.60 (Side area) 
      Cumulative area ratio:  400.54
      Required ratio:    0.00 (Cumulative area) 
      Cumulative area ratio: 2023.09
      Required ratio:    0.00 (Cumulative side area) 

    Layer: li1
      Partial area ratio:    0.00
      Required ratio:    0.00 (Gate area) 
      Partial area ratio:    0.00
      Required ratio:   75.00 (Side area) 
      Cumulative area ratio:    0.00
      Required ratio:    0.00 (Cumulative area) 
      Cumulative area ratio:    0.00
      Required ratio:    0.00 (Cumulative side area) 

    Via: M2M3_PR
      Partial area ratio:    0.16
      Required ratio:    6.00 (Gate area) 
      Cumulative area ratio:    0.55
      Required ratio:    0.00 (Cumulative area) 

    Via: M1M2_PR
      Partial area ratio:    0.27
      Required ratio:    6.00 (Gate area) 
      Cumulative area ratio:    0.39
      Required ratio:    0.00 (Cumulative area) 

    Via: M3M4_PR
      Partial area ratio:    0.16
      Required ratio:    6.00 (Gate area) 
      Cumulative area ratio:    0.71
      Required ratio:    0.00 (Cumulative area) 

    Via: L1M1_PR
      Partial area ratio:    0.12
      Required ratio:    3.00 (Gate area) 
      Cumulative area ratio:    0.12
      Required ratio:    0.00 (Cumulative area) 


Net: _1513_
  Pin: _4494_/A (sky130_fd_sc_hd__nor2_1)
    Layer: met4
      Partial area ratio:  186.18
      Required ratio:    0.00 (Gate area) 
      Partial area ratio:  993.45
      Required ratio: 3193.60 (Side area) 
      Cumulative area ratio:  203.22
      Required ratio:    0.00 (Cumulative area) 
      Cumulative area ratio: 1079.68
      Required ratio:    0.00 (Cumulative side area) 

    Layer: met3
      Partial area ratio:    0.00
      Required ratio:    0.00 (Gate area) 
      Partial area ratio:    0.00
      Required ratio:  400.00 (Side area) 
      Cumulative area ratio:   17.03
      Required ratio:    0.00 (Cumulative area) 
      Cumulative area ratio:   86.22
      Required ratio:    0.00 (Cumulative side area) 

    Layer: met2
      Partial area ratio:   15.66
      Required ratio:    0.00 (Gate area) 
      Partial area ratio:   78.59
      Required ratio:  400.00 (Side area) 
      Cumulative area ratio:   17.03
      Required ratio:    0.00 (Cumulative area) 
      Cumulative area ratio:   86.22
      Required ratio:    0.00 (Cumulative side area) 

    Layer: met1
      Partial area ratio:    1.37
      Required ratio:    0.00 (Gate area) 
      Partial area ratio:    7.64
      Required ratio:  400.00 (Side area) 
      Cumulative area ratio:    1.37
      Required ratio:    0.00 (Cumulative area) 
      Cumulative area ratio:    7.64
      Required ratio:    0.00 (Cumulative side area) 

    Layer: li1
      Partial area ratio:    0.00
      Required ratio:    0.00 (Gate area) 
      Partial area ratio:    0.00
      Required ratio:   75.00 (Side area) 
      Cumulative area ratio:    0.00
      Required ratio:    0.00 (Cumulative area) 
      Cumulative area ratio:    0.00
      Required ratio:    0.00 (Cumulative side area) 

    Via: M3M4_PR
      Partial area ratio:    0.05
      Required ratio:    6.00 (Gate area) 
      Cumulative area ratio:    0.41
      Required ratio:    0.00 (Cumulative area) 

    Via: M2M3_PR
      Partial area ratio:    0.05
      Required ratio:    6.00 (Gate area) 
      Cumulative area ratio:    0.35
      Required ratio:    0.00 (Cumulative area) 

    Via: M1M2_PR
      Partial area ratio:    0.18
      Required ratio:    6.00 (Gate area) 
      Cumulative area ratio:    0.30
      Required ratio:    0.00 (Cumulative area) 

    Via: L1M1_PR
      Partial area ratio:    0.12
      Required ratio:    3.00 (Gate area) 
      Cumulative area ratio:    0.12
      Required ratio:    0.00 (Cumulative area) 

  Pin: _4422_/A (sky130_fd_sc_hd__nor2_1)
    Layer: met4
      Partial area ratio:  186.18
      Required ratio:    0.00 (Gate area) 
      Partial area ratio:  993.45
      Required ratio: 3193.60 (Side area) 
      Cumulative area ratio:  204.49
      Required ratio:    0.00 (Cumulative area) 
      Cumulative area ratio: 1086.07
      Required ratio:    0.00 (Cumulative side area) 

    Layer: met3
      Partial area ratio:    0.00
      Required ratio:    0.00 (Gate area) 
      Partial area ratio:    0.00
      Required ratio:  400.00 (Side area) 
      Cumulative area ratio:   18.31
      Required ratio:    0.00 (Cumulative area) 
      Cumulative area ratio:   92.62
      Required ratio:    0.00 (Cumulative side area) 

    Layer: met2
      Partial area ratio:   15.66
      Required ratio:    0.00 (Gate area) 
      Partial area ratio:   78.59
      Required ratio:  400.00 (Side area) 
      Cumulative area ratio:   18.31
      Required ratio:    0.00 (Cumulative area) 
      Cumulative area ratio:   92.62
      Required ratio:    0.00 (Cumulative side area) 

    Layer: met1
      Partial area ratio:    2.65
      Required ratio:    0.00 (Gate area) 
      Partial area ratio:   14.03
      Required ratio:  400.00 (Side area) 
      Cumulative area ratio:    2.65
      Required ratio:    0.00 (Cumulative area) 
      Cumulative area ratio:   14.03
      Required ratio:    0.00 (Cumulative side area) 

    Layer: li1
      Partial area ratio:    0.00
      Required ratio:    0.00 (Gate area) 
      Partial area ratio:    0.00
      Required ratio:   75.00 (Side area) 
      Cumulative area ratio:    0.00
      Required ratio:    0.00 (Cumulative area) 
      Cumulative area ratio:    0.00
      Required ratio:    0.00 (Cumulative side area) 

    Via: M3M4_PR
      Partial area ratio:    0.05
      Required ratio:    6.00 (Gate area) 
      Cumulative area ratio:    0.41
      Required ratio:    0.00 (Cumulative area) 

    Via: M2M3_PR
      Partial area ratio:    0.05
      Required ratio:    6.00 (Gate area) 
      Cumulative area ratio:    0.35
      Required ratio:    0.00 (Cumulative area) 

    Via: M1M2_PR
      Partial area ratio:    0.18
      Required ratio:    6.00 (Gate area) 
      Cumulative area ratio:    0.30
      Required ratio:    0.00 (Cumulative area) 

    Via: L1M1_PR
      Partial area ratio:    0.12
      Required ratio:    3.00 (Gate area) 
      Cumulative area ratio:    0.12
      Required ratio:    0.00 (Cumulative area) 

  Pin: _4374_/A (sky130_fd_sc_hd__nor2_1)
    Layer: met4
      Partial area ratio:  186.18
      Required ratio:    0.00 (Gate area) 
      Partial area ratio:  993.45
      Required ratio: 3193.60 (Side area) 
      Cumulative area ratio:  203.59
      Required ratio:    0.00 (Cumulative area) 
      Cumulative area ratio: 1081.55
      Required ratio:    0.00 (Cumulative side area) 

    Layer: met3
      Partial area ratio:    0.00
      Required ratio:    0.00 (Gate area) 
      Partial area ratio:    0.00
      Required ratio:  400.00 (Side area) 
      Cumulative area ratio:   17.41
      Required ratio:    0.00 (Cumulative area) 
      Cumulative area ratio:   88.09
      Required ratio:    0.00 (Cumulative side area) 

    Layer: met2
      Partial area ratio:   15.66
      Required ratio:    0.00 (Gate area) 
      Partial area ratio:   78.59
      Required ratio:  400.00 (Side area) 
      Cumulative area ratio:   17.41
      Required ratio:    0.00 (Cumulative area) 
      Cumulative area ratio:   88.09
      Required ratio:    0.00 (Cumulative side area) 

    Layer: met1
      Partial area ratio:    1.74
      Required ratio:    0.00 (Gate area) 
      Partial area ratio:    9.50
      Required ratio:  400.00 (Side area) 
      Cumulative area ratio:    1.74
      Required ratio:    0.00 (Cumulative area) 
      Cumulative area ratio:    9.50
      Required ratio:    0.00 (Cumulative side area) 

    Layer: li1
      Partial area ratio:    0.00
      Required ratio:    0.00 (Gate area) 
      Partial area ratio:    0.00
      Required ratio:   75.00 (Side area) 
      Cumulative area ratio:    0.00
      Required ratio:    0.00 (Cumulative area) 
      Cumulative area ratio:    0.00
      Required ratio:    0.00 (Cumulative side area) 

    Via: M3M4_PR
      Partial area ratio:    0.05
      Required ratio:    6.00 (Gate area) 
      Cumulative area ratio:    0.41
      Required ratio:    0.00 (Cumulative area) 

    Via: M2M3_PR
      Partial area ratio:    0.05
      Required ratio:    6.00 (Gate area) 
      Cumulative area ratio:    0.35
      Required ratio:    0.00 (Cumulative area) 

    Via: M1M2_PR
      Partial area ratio:    0.18
      Required ratio:    6.00 (Gate area) 
      Cumulative area ratio:    0.30
      Required ratio:    0.00 (Cumulative area) 

    Via: L1M1_PR
      Partial area ratio:    0.12
      Required ratio:    3.00 (Gate area) 
      Cumulative area ratio:    0.12
      Required ratio:    0.00 (Cumulative area) 

  Pin: _4458_/A (sky130_fd_sc_hd__nor2_1)
    Layer: met2
      Partial area ratio:   97.65
      Required ratio:    0.00 (Gate area) 
      Partial area ratio:  488.67
      Required ratio: 3193.60 (Side area) 
      Cumulative area ratio:  309.89
      Required ratio:    0.00 (Cumulative area) 
      Cumulative area ratio: 1551.03
      Required ratio:    0.00 (Cumulative side area) 

    Layer: met1
      Partial area ratio:  212.23
      Required ratio:    0.00 (Gate area) 
      Partial area ratio: 1062.36
      Required ratio:  400.00 (Side area) (VIOLATED)
      Cumulative area ratio:  212.23
      Required ratio:    0.00 (Cumulative area) 
      Cumulative area ratio: 1062.36
      Required ratio:    0.00 (Cumulative side area) 

    Layer: met3
      Partial area ratio:    0.00
      Required ratio:    0.00 (Gate area) 
      Partial area ratio:    0.00
      Required ratio: 3193.60 (Side area) 
      Cumulative area ratio:  309.89
      Required ratio:    0.00 (Cumulative area) 
      Cumulative area ratio: 1551.03
      Required ratio:    0.00 (Cumulative side area) 

    Layer: met4
      Partial area ratio:  186.18
      Required ratio:    0.00 (Gate area) 
      Partial area ratio:  993.45
      Required ratio: 3193.60 (Side area) 
      Cumulative area ratio:  496.07
      Required ratio:    0.00 (Cumulative area) 
      Cumulative area ratio: 2544.48
      Required ratio:    0.00 (Cumulative side area) 

    Layer: li1
      Partial area ratio:    0.00
      Required ratio:    0.00 (Gate area) 
      Partial area ratio:    0.00
      Required ratio:   75.00 (Side area) 
      Cumulative area ratio:    0.00
      Required ratio:    0.00 (Cumulative area) 
      Cumulative area ratio:    0.00
      Required ratio:    0.00 (Cumulative side area) 

    Via: M2M3_PR
      Partial area ratio:    0.16
      Required ratio:    6.00 (Gate area) 
      Cumulative area ratio:    0.55
      Required ratio:    0.00 (Cumulative area) 

    Via: M1M2_PR
      Partial area ratio:    0.27
      Required ratio:    6.00 (Gate area) 
      Cumulative area ratio:    0.39
      Required ratio:    0.00 (Cumulative area) 

    Via: M3M4_PR
      Partial area ratio:    0.16
      Required ratio:    6.00 (Gate area) 
      Cumulative area ratio:    0.71
      Required ratio:    0.00 (Cumulative area) 

    Via: L1M1_PR
      Partial area ratio:    0.12
      Required ratio:    3.00 (Gate area) 
      Cumulative area ratio:    0.12
      Required ratio:    0.00 (Cumulative area) 


Net: _1515_
  Pin: _4423_/A (sky130_fd_sc_hd__nor2_1)
    Layer: met2
      Partial area ratio:   90.84
      Required ratio:    0.00 (Gate area) 
      Partial area ratio:  454.72
      Required ratio: 3193.60 (Side area) 
      Cumulative area ratio:  291.04
      Required ratio:    0.00 (Cumulative area) 
      Cumulative area ratio: 1457.68
      Required ratio:    0.00 (Cumulative side area) 

    Layer: met1
      Partial area ratio:    1.98
      Required ratio:    0.00 (Gate area) 
      Partial area ratio:   10.69
      Required ratio:  400.00 (Side area) 
      Cumulative area ratio:    1.98
      Required ratio:    0.00 (Cumulative area) 
      Cumulative area ratio:   10.69
      Required ratio:    0.00 (Cumulative side area) 

    Layer: li1
      Partial area ratio:    0.00
      Required ratio:    0.00 (Gate area) 
      Partial area ratio:    0.00
      Required ratio:   75.00 (Side area) 
      Cumulative area ratio:    0.00
      Required ratio:    0.00 (Cumulative area) 
      Cumulative area ratio:    0.00
      Required ratio:    0.00 (Cumulative side area) 

    Via: M1M2_PR
      Partial area ratio:    0.18
      Required ratio:    6.00 (Gate area) 
      Cumulative area ratio:    0.30
      Required ratio:    0.00 (Cumulative area) 

    Via: L1M1_PR
      Partial area ratio:    0.12
      Required ratio:    3.00 (Gate area) 
      Cumulative area ratio:    0.12
      Required ratio:    0.00 (Cumulative area) 

  Pin: _4495_/A (sky130_fd_sc_hd__nor2_1)
    Layer: met2
      Partial area ratio:   90.84
      Required ratio:    0.00 (Gate area) 
      Partial area ratio:  454.72
      Required ratio: 3193.60 (Side area) 
      Cumulative area ratio:  291.54
      Required ratio:    0.00 (Cumulative area) 
      Cumulative area ratio: 1460.17
      Required ratio:    0.00 (Cumulative side area) 

    Layer: met1
      Partial area ratio:    2.48
      Required ratio:    0.00 (Gate area) 
      Partial area ratio:   13.18
      Required ratio:  400.00 (Side area) 
      Cumulative area ratio:    2.48
      Required ratio:    0.00 (Cumulative area) 
      Cumulative area ratio:   13.18
      Required ratio:    0.00 (Cumulative side area) 

    Layer: li1
      Partial area ratio:    0.00
      Required ratio:    0.00 (Gate area) 
      Partial area ratio:    0.00
      Required ratio:   75.00 (Side area) 
      Cumulative area ratio:    0.00
      Required ratio:    0.00 (Cumulative area) 
      Cumulative area ratio:    0.00
      Required ratio:    0.00 (Cumulative side area) 

    Via: M1M2_PR
      Partial area ratio:    0.18
      Required ratio:    6.00 (Gate area) 
      Cumulative area ratio:    0.30
      Required ratio:    0.00 (Cumulative area) 

    Via: L1M1_PR
      Partial area ratio:    0.12
      Required ratio:    3.00 (Gate area) 
      Cumulative area ratio:    0.12
      Required ratio:    0.00 (Cumulative area) 

  Pin: _4377_/A (sky130_fd_sc_hd__nor2_1)
    Layer: met2
      Partial area ratio:   90.84
      Required ratio:    0.00 (Gate area) 
      Partial area ratio:  454.72
      Required ratio: 3193.60 (Side area) 
      Cumulative area ratio:  289.97
      Required ratio:    0.00 (Cumulative area) 
      Cumulative area ratio: 1452.31
      Required ratio:    0.00 (Cumulative side area) 

    Layer: met1
      Partial area ratio:    0.91
      Required ratio:    0.00 (Gate area) 
      Partial area ratio:    5.32
      Required ratio:  400.00 (Side area) 
      Cumulative area ratio:    0.91
      Required ratio:    0.00 (Cumulative area) 
      Cumulative area ratio:    5.32
      Required ratio:    0.00 (Cumulative side area) 

    Layer: li1
      Partial area ratio:    0.00
      Required ratio:    0.00 (Gate area) 
      Partial area ratio:    0.00
      Required ratio:   75.00 (Side area) 
      Cumulative area ratio:    0.00
      Required ratio:    0.00 (Cumulative area) 
      Cumulative area ratio:    0.00
      Required ratio:    0.00 (Cumulative side area) 

    Via: M1M2_PR
      Partial area ratio:    0.18
      Required ratio:    6.00 (Gate area) 
      Cumulative area ratio:    0.30
      Required ratio:    0.00 (Cumulative area) 

    Via: L1M1_PR
      Partial area ratio:    0.12
      Required ratio:    3.00 (Gate area) 
      Cumulative area ratio:    0.12
      Required ratio:    0.00 (Cumulative area) 

  Pin: _4459_/A (sky130_fd_sc_hd__nor2_1)
    Layer: met2
      Partial area ratio:   90.84
      Required ratio:    0.00 (Gate area) 
      Partial area ratio:  454.72
      Required ratio: 3193.60 (Side area) 
      Cumulative area ratio:  289.06
      Required ratio:    0.00 (Cumulative area) 
      Cumulative area ratio: 1446.99
      Required ratio:    0.00 (Cumulative side area) 

    Layer: met1
      Partial area ratio:  198.22
      Required ratio:    0.00 (Gate area) 
      Partial area ratio:  992.27
      Required ratio:  400.00 (Side area) (VIOLATED)
      Cumulative area ratio:  198.22
      Required ratio:    0.00 (Cumulative area) 
      Cumulative area ratio:  992.27
      Required ratio:    0.00 (Cumulative side area) 

    Layer: li1
      Partial area ratio:    0.00
      Required ratio:    0.00 (Gate area) 
      Partial area ratio:    0.00
      Required ratio:   75.00 (Side area) 
      Cumulative area ratio:    0.00
      Required ratio:    0.00 (Cumulative area) 
      Cumulative area ratio:    0.00
      Required ratio:    0.00 (Cumulative side area) 

    Via: M1M2_PR
      Partial area ratio:    0.27
      Required ratio:    6.00 (Gate area) 
      Cumulative area ratio:    0.39
      Required ratio:    0.00 (Cumulative area) 

    Via: L1M1_PR
      Partial area ratio:    0.12
      Required ratio:    3.00 (Gate area) 
      Cumulative area ratio:    0.12
      Required ratio:    0.00 (Cumulative area) 


Net: _1517_
  Pin: _4380_/A (sky130_fd_sc_hd__nor2_1)
    Layer: met2
      Partial area ratio:   71.31
      Required ratio:    0.00 (Gate area) 
      Partial area ratio:  356.94
      Required ratio: 3193.60 (Side area) 
      Cumulative area ratio:  352.37
      Required ratio:    0.00 (Cumulative area) 
      Cumulative area ratio: 1764.24
      Required ratio:    0.00 (Cumulative side area) 

    Layer: met1
      Partial area ratio:    2.40
      Required ratio:    0.00 (Gate area) 
      Partial area ratio:   12.78
      Required ratio:  400.00 (Side area) 
      Cumulative area ratio:    2.40
      Required ratio:    0.00 (Cumulative area) 
      Cumulative area ratio:   12.78
      Required ratio:    0.00 (Cumulative side area) 

    Layer: li1
      Partial area ratio:    0.00
      Required ratio:    0.00 (Gate area) 
      Partial area ratio:    0.00
      Required ratio:   75.00 (Side area) 
      Cumulative area ratio:    0.00
      Required ratio:    0.00 (Cumulative area) 
      Cumulative area ratio:    0.00
      Required ratio:    0.00 (Cumulative side area) 

    Via: M1M2_PR
      Partial area ratio:    0.18
      Required ratio:    6.00 (Gate area) 
      Cumulative area ratio:    0.30
      Required ratio:    0.00 (Cumulative area) 

    Via: L1M1_PR
      Partial area ratio:    0.12
      Required ratio:    3.00 (Gate area) 
      Cumulative area ratio:    0.12
      Required ratio:    0.00 (Cumulative area) 

  Pin: _4496_/A (sky130_fd_sc_hd__nor2_1)
    Layer: met2
      Partial area ratio:   71.31
      Required ratio:    0.00 (Gate area) 
      Partial area ratio:  356.94
      Required ratio: 3193.60 (Side area) 
      Cumulative area ratio:  352.15
      Required ratio:    0.00 (Cumulative area) 
      Cumulative area ratio: 1763.11
      Required ratio:    0.00 (Cumulative side area) 

    Layer: met1
      Partial area ratio:    2.17
      Required ratio:    0.00 (Gate area) 
      Partial area ratio:   11.65
      Required ratio:  400.00 (Side area) 
      Cumulative area ratio:    2.17
      Required ratio:    0.00 (Cumulative area) 
      Cumulative area ratio:   11.65
      Required ratio:    0.00 (Cumulative side area) 

    Layer: li1
      Partial area ratio:    0.00
      Required ratio:    0.00 (Gate area) 
      Partial area ratio:    0.00
      Required ratio:   75.00 (Side area) 
      Cumulative area ratio:    0.00
      Required ratio:    0.00 (Cumulative area) 
      Cumulative area ratio:    0.00
      Required ratio:    0.00 (Cumulative side area) 

    Via: M1M2_PR
      Partial area ratio:    0.18
      Required ratio:    6.00 (Gate area) 
      Cumulative area ratio:    0.30
      Required ratio:    0.00 (Cumulative area) 

    Via: L1M1_PR
      Partial area ratio:    0.12
      Required ratio:    3.00 (Gate area) 
      Cumulative area ratio:    0.12
      Required ratio:    0.00 (Cumulative area) 

  Pin: _4424_/A (sky130_fd_sc_hd__nor2_1)
    Layer: met2
      Partial area ratio:   71.31
      Required ratio:    0.00 (Gate area) 
      Partial area ratio:  356.94
      Required ratio: 3193.60 (Side area) 
      Cumulative area ratio:  351.89
      Required ratio:    0.00 (Cumulative area) 
      Cumulative area ratio: 1761.81
      Required ratio:    0.00 (Cumulative side area) 

    Layer: met1
      Partial area ratio:    1.91
      Required ratio:    0.00 (Gate area) 
      Partial area ratio:   10.35
      Required ratio:  400.00 (Side area) 
      Cumulative area ratio:    1.91
      Required ratio:    0.00 (Cumulative area) 
      Cumulative area ratio:   10.35
      Required ratio:    0.00 (Cumulative side area) 

    Layer: li1
      Partial area ratio:    0.00
      Required ratio:    0.00 (Gate area) 
      Partial area ratio:    0.00
      Required ratio:   75.00 (Side area) 
      Cumulative area ratio:    0.00
      Required ratio:    0.00 (Cumulative area) 
      Cumulative area ratio:    0.00
      Required ratio:    0.00 (Cumulative side area) 

    Via: M1M2_PR
      Partial area ratio:    0.18
      Required ratio:    6.00 (Gate area) 
      Cumulative area ratio:    0.30
      Required ratio:    0.00 (Cumulative area) 

    Via: L1M1_PR
      Partial area ratio:    0.12
      Required ratio:    3.00 (Gate area) 
      Cumulative area ratio:    0.12
      Required ratio:    0.00 (Cumulative area) 

  Pin: _4460_/A (sky130_fd_sc_hd__nor2_1)
    Layer: met2
      Partial area ratio:   71.31
      Required ratio:    0.00 (Gate area) 
      Partial area ratio:  356.94
      Required ratio: 3193.60 (Side area) 
      Cumulative area ratio:  349.97
      Required ratio:    0.00 (Cumulative area) 
      Cumulative area ratio: 1751.46
      Required ratio:    0.00 (Cumulative side area) 

    Layer: met1
      Partial area ratio:  278.67
      Required ratio:    0.00 (Gate area) 
      Partial area ratio: 1394.51
      Required ratio:  400.00 (Side area) (VIOLATED)
      Cumulative area ratio:  278.67
      Required ratio:    0.00 (Cumulative area) 
      Cumulative area ratio: 1394.51
      Required ratio:    0.00 (Cumulative side area) 

    Layer: li1
      Partial area ratio:    0.00
      Required ratio:    0.00 (Gate area) 
      Partial area ratio:    0.00
      Required ratio:   75.00 (Side area) 
      Cumulative area ratio:    0.00
      Required ratio:    0.00 (Cumulative area) 
      Cumulative area ratio:    0.00
      Required ratio:    0.00 (Cumulative side area) 

    Via: M1M2_PR
      Partial area ratio:    0.27
      Required ratio:    6.00 (Gate area) 
      Cumulative area ratio:    0.39
      Required ratio:    0.00 (Cumulative area) 

    Via: L1M1_PR
      Partial area ratio:    0.12
      Required ratio:    3.00 (Gate area) 
      Cumulative area ratio:    0.12
      Required ratio:    0.00 (Cumulative area) 


Net: _1525_
  Pin: _4428_/A (sky130_fd_sc_hd__nor2_1)
    Layer: met2
      Partial area ratio:   49.84
      Required ratio:    0.00 (Gate area) 
      Partial area ratio:  249.61
      Required ratio: 3193.60 (Side area) 
      Cumulative area ratio:  346.71
      Required ratio:    0.00 (Cumulative area) 
      Cumulative area ratio: 1735.93
      Required ratio:    0.00 (Cumulative side area) 

    Layer: met1
      Partial area ratio:    1.80
      Required ratio:    0.00 (Gate area) 
      Partial area ratio:    9.79
      Required ratio:  400.00 (Side area) 
      Cumulative area ratio:    1.80
      Required ratio:    0.00 (Cumulative area) 
      Cumulative area ratio:    9.79
      Required ratio:    0.00 (Cumulative side area) 

    Layer: li1
      Partial area ratio:    0.00
      Required ratio:    0.00 (Gate area) 
      Partial area ratio:    0.00
      Required ratio:   75.00 (Side area) 
      Cumulative area ratio:    0.00
      Required ratio:    0.00 (Cumulative area) 
      Cumulative area ratio:    0.00
      Required ratio:    0.00 (Cumulative side area) 

    Via: M1M2_PR
      Partial area ratio:    0.18
      Required ratio:    6.00 (Gate area) 
      Cumulative area ratio:    0.30
      Required ratio:    0.00 (Cumulative area) 

    Via: L1M1_PR
      Partial area ratio:    0.12
      Required ratio:    3.00 (Gate area) 
      Cumulative area ratio:    0.12
      Required ratio:    0.00 (Cumulative area) 

  Pin: _4500_/A (sky130_fd_sc_hd__nor2_1)
    Layer: met2
      Partial area ratio:   49.84
      Required ratio:    0.00 (Gate area) 
      Partial area ratio:  249.61
      Required ratio: 3193.60 (Side area) 
      Cumulative area ratio:  348.09
      Required ratio:    0.00 (Cumulative area) 
      Cumulative area ratio: 1742.83
      Required ratio:    0.00 (Cumulative side area) 

    Layer: met1
      Partial area ratio:    3.18
      Required ratio:    0.00 (Gate area) 
      Partial area ratio:   16.69
      Required ratio:  400.00 (Side area) 
      Cumulative area ratio:    3.18
      Required ratio:    0.00 (Cumulative area) 
      Cumulative area ratio:   16.69
      Required ratio:    0.00 (Cumulative side area) 

    Layer: li1
      Partial area ratio:    0.00
      Required ratio:    0.00 (Gate area) 
      Partial area ratio:    0.00
      Required ratio:   75.00 (Side area) 
      Cumulative area ratio:    0.00
      Required ratio:    0.00 (Cumulative area) 
      Cumulative area ratio:    0.00
      Required ratio:    0.00 (Cumulative side area) 

    Via: M1M2_PR
      Partial area ratio:    0.18
      Required ratio:    6.00 (Gate area) 
      Cumulative area ratio:    0.30
      Required ratio:    0.00 (Cumulative area) 

    Via: L1M1_PR
      Partial area ratio:    0.12
      Required ratio:    3.00 (Gate area) 
      Cumulative area ratio:    0.12
      Required ratio:    0.00 (Cumulative area) 

  Pin: _4392_/A (sky130_fd_sc_hd__nor2_1)
    Layer: met2
      Partial area ratio:   49.84
      Required ratio:    0.00 (Gate area) 
      Partial area ratio:  249.61
      Required ratio: 3193.60 (Side area) 
      Cumulative area ratio:  347.08
      Required ratio:    0.00 (Cumulative area) 
      Cumulative area ratio: 1737.80
      Required ratio:    0.00 (Cumulative side area) 

    Layer: met1
      Partial area ratio:    2.17
      Required ratio:    0.00 (Gate area) 
      Partial area ratio:   11.65
      Required ratio:  400.00 (Side area) 
      Cumulative area ratio:    2.17
      Required ratio:    0.00 (Cumulative area) 
      Cumulative area ratio:   11.65
      Required ratio:    0.00 (Cumulative side area) 

    Layer: li1
      Partial area ratio:    0.00
      Required ratio:    0.00 (Gate area) 
      Partial area ratio:    0.00
      Required ratio:   75.00 (Side area) 
      Cumulative area ratio:    0.00
      Required ratio:    0.00 (Cumulative area) 
      Cumulative area ratio:    0.00
      Required ratio:    0.00 (Cumulative side area) 

    Via: M1M2_PR
      Partial area ratio:    0.18
      Required ratio:    6.00 (Gate area) 
      Cumulative area ratio:    0.30
      Required ratio:    0.00 (Cumulative area) 

    Via: L1M1_PR
      Partial area ratio:    0.12
      Required ratio:    3.00 (Gate area) 
      Cumulative area ratio:    0.12
      Required ratio:    0.00 (Cumulative area) 

  Pin: _4464_/A (sky130_fd_sc_hd__nor2_1)
    Layer: met2
      Partial area ratio:   49.84
      Required ratio:    0.00 (Gate area) 
      Partial area ratio:  249.61
      Required ratio: 3193.60 (Side area) 
      Cumulative area ratio:  344.91
      Required ratio:    0.00 (Cumulative area) 
      Cumulative area ratio: 1726.14
      Required ratio:    0.00 (Cumulative side area) 

    Layer: met1
      Partial area ratio:  295.07
      Required ratio:    0.00 (Gate area) 
      Partial area ratio: 1476.53
      Required ratio:  400.00 (Side area) (VIOLATED)
      Cumulative area ratio:  295.07
      Required ratio:    0.00 (Cumulative area) 
      Cumulative area ratio: 1476.53
      Required ratio:    0.00 (Cumulative side area) 

    Layer: li1
      Partial area ratio:    0.00
      Required ratio:    0.00 (Gate area) 
      Partial area ratio:    0.00
      Required ratio:   75.00 (Side area) 
      Cumulative area ratio:    0.00
      Required ratio:    0.00 (Cumulative area) 
      Cumulative area ratio:    0.00
      Required ratio:    0.00 (Cumulative side area) 

    Via: M1M2_PR
      Partial area ratio:    0.27
      Required ratio:    6.00 (Gate area) 
      Cumulative area ratio:    0.39
      Required ratio:    0.00 (Cumulative area) 

    Via: L1M1_PR
      Partial area ratio:    0.12
      Required ratio:    3.00 (Gate area) 
      Cumulative area ratio:    0.12
      Required ratio:    0.00 (Cumulative area) 


Net: _1864_
  Pin: _4944_/B (sky130_fd_sc_hd__or2_1)
    Layer: met2
      Partial area ratio:   43.80
      Required ratio:    0.00 (Gate area) 
      Partial area ratio:  219.44
      Required ratio: 3134.60 (Side area) 
      Cumulative area ratio:  127.86
      Required ratio:    0.00 (Cumulative area) 
      Cumulative area ratio:  642.61
      Required ratio:    0.00 (Cumulative side area) 

    Layer: met1
      Partial area ratio:   84.06
      Required ratio:    0.00 (Gate area) 
      Partial area ratio:  423.17
      Required ratio:  400.00 (Side area) (VIOLATED)
      Cumulative area ratio:   84.06
      Required ratio:    0.00 (Cumulative area) 
      Cumulative area ratio:  423.17
      Required ratio:    0.00 (Cumulative side area) 

    Layer: li1
      Partial area ratio:    0.00
      Required ratio:    0.00 (Gate area) 
      Partial area ratio:    0.00
      Required ratio:   75.00 (Side area) 
      Cumulative area ratio:    0.00
      Required ratio:    0.00 (Cumulative area) 
      Cumulative area ratio:    0.00
      Required ratio:    0.00 (Cumulative side area) 

    Via: M1M2_PR
      Partial area ratio:    0.36
      Required ratio:    6.00 (Gate area) 
      Cumulative area ratio:    0.59
      Required ratio:    0.00 (Cumulative area) 

    Via: L1M1_PR
      Partial area ratio:    0.23
      Required ratio:    3.00 (Gate area) 
      Cumulative area ratio:    0.23
      Required ratio:    0.00 (Cumulative area) 

  Pin: _4923_/B (sky130_fd_sc_hd__or2_1)
    Layer: met2
      Partial area ratio:   43.80
      Required ratio:    0.00 (Gate area) 
      Partial area ratio:  219.44
      Required ratio: 3134.60 (Side area) 
      Cumulative area ratio:  127.86
      Required ratio:    0.00 (Cumulative area) 
      Cumulative area ratio:  642.61
      Required ratio:    0.00 (Cumulative side area) 

    Layer: met1
      Partial area ratio:   84.06
      Required ratio:    0.00 (Gate area) 
      Partial area ratio:  423.17
      Required ratio:  400.00 (Side area) (VIOLATED)
      Cumulative area ratio:   84.06
      Required ratio:    0.00 (Cumulative area) 
      Cumulative area ratio:  423.17
      Required ratio:    0.00 (Cumulative side area) 

    Layer: li1
      Partial area ratio:    0.00
      Required ratio:    0.00 (Gate area) 
      Partial area ratio:    0.00
      Required ratio:   75.00 (Side area) 
      Cumulative area ratio:    0.00
      Required ratio:    0.00 (Cumulative area) 
      Cumulative area ratio:    0.00
      Required ratio:    0.00 (Cumulative side area) 

    Via: M1M2_PR
      Partial area ratio:    0.36
      Required ratio:    6.00 (Gate area) 
      Cumulative area ratio:    0.59
      Required ratio:    0.00 (Cumulative area) 

    Via: L1M1_PR
      Partial area ratio:    0.23
      Required ratio:    3.00 (Gate area) 
      Cumulative area ratio:    0.23
      Required ratio:    0.00 (Cumulative area) 

  Pin: _4899_/B (sky130_fd_sc_hd__or2_1)
    Layer: met2
      Partial area ratio:   43.80
      Required ratio:    0.00 (Gate area) 
      Partial area ratio:  219.44
      Required ratio: 3134.60 (Side area) 
      Cumulative area ratio:  127.86
      Required ratio:    0.00 (Cumulative area) 
      Cumulative area ratio:  642.61
      Required ratio:    0.00 (Cumulative side area) 

    Layer: met1
      Partial area ratio:   84.06
      Required ratio:    0.00 (Gate area) 
      Partial area ratio:  423.17
      Required ratio:  400.00 (Side area) (VIOLATED)
      Cumulative area ratio:   84.06
      Required ratio:    0.00 (Cumulative area) 
      Cumulative area ratio:  423.17
      Required ratio:    0.00 (Cumulative side area) 

    Layer: li1
      Partial area ratio:    0.00
      Required ratio:    0.00 (Gate area) 
      Partial area ratio:    0.00
      Required ratio:   75.00 (Side area) 
      Cumulative area ratio:    0.00
      Required ratio:    0.00 (Cumulative area) 
      Cumulative area ratio:    0.00
      Required ratio:    0.00 (Cumulative side area) 

    Via: M1M2_PR
      Partial area ratio:    0.36
      Required ratio:    6.00 (Gate area) 
      Cumulative area ratio:    0.59
      Required ratio:    0.00 (Cumulative area) 

    Via: L1M1_PR
      Partial area ratio:    0.23
      Required ratio:    3.00 (Gate area) 
      Cumulative area ratio:    0.23
      Required ratio:    0.00 (Cumulative area) 

  Pin: _4908_/B (sky130_fd_sc_hd__or2_1)
    Layer: met2
      Partial area ratio:   43.80
      Required ratio:    0.00 (Gate area) 
      Partial area ratio:  219.44
      Required ratio: 3134.60 (Side area) 
      Cumulative area ratio:  130.82
      Required ratio:    0.00 (Cumulative area) 
      Cumulative area ratio:  658.95
      Required ratio:    0.00 (Cumulative side area) 

    Layer: met1
      Partial area ratio:    2.96
      Required ratio:    0.00 (Gate area) 
      Partial area ratio:   16.34
      Required ratio:  400.00 (Side area) 
      Cumulative area ratio:    2.96
      Required ratio:    0.00 (Cumulative area) 
      Cumulative area ratio:   16.34
      Required ratio:    0.00 (Cumulative side area) 

    Layer: li1
      Partial area ratio:    0.00
      Required ratio:    0.00 (Gate area) 
      Partial area ratio:    0.00
      Required ratio:   75.00 (Side area) 
      Cumulative area ratio:    0.00
      Required ratio:    0.00 (Cumulative area) 
      Cumulative area ratio:    0.00
      Required ratio:    0.00 (Cumulative side area) 

    Via: M1M2_PR
      Partial area ratio:    0.36
      Required ratio:    6.00 (Gate area) 
      Cumulative area ratio:    0.59
      Required ratio:    0.00 (Cumulative area) 

    Via: L1M1_PR
      Partial area ratio:    0.23
      Required ratio:    3.00 (Gate area) 
      Cumulative area ratio:    0.23
      Required ratio:    0.00 (Cumulative area) 

  Pin: _4860_/B (sky130_fd_sc_hd__or2_1)
    Layer: met2
      Partial area ratio:   43.80
      Required ratio:    0.00 (Gate area) 
      Partial area ratio:  219.44
      Required ratio: 3134.60 (Side area) 
      Cumulative area ratio:  132.71
      Required ratio:    0.00 (Cumulative area) 
      Cumulative area ratio:  668.43
      Required ratio:    0.00 (Cumulative side area) 

    Layer: met1
      Partial area ratio:    4.85
      Required ratio:    0.00 (Gate area) 
      Partial area ratio:   25.82
      Required ratio:  400.00 (Side area) 
      Cumulative area ratio:    4.85
      Required ratio:    0.00 (Cumulative area) 
      Cumulative area ratio:   25.82
      Required ratio:    0.00 (Cumulative side area) 

    Layer: li1
      Partial area ratio:    0.00
      Required ratio:    0.00 (Gate area) 
      Partial area ratio:    0.00
      Required ratio:   75.00 (Side area) 
      Cumulative area ratio:    0.00
      Required ratio:    0.00 (Cumulative area) 
      Cumulative area ratio:    0.00
      Required ratio:    0.00 (Cumulative side area) 

    Via: M1M2_PR
      Partial area ratio:    0.36
      Required ratio:    6.00 (Gate area) 
      Cumulative area ratio:    0.59
      Required ratio:    0.00 (Cumulative area) 

    Via: L1M1_PR
      Partial area ratio:    0.23
      Required ratio:    3.00 (Gate area) 
      Cumulative area ratio:    0.23
      Required ratio:    0.00 (Cumulative area) 

  Pin: _5020_/A (sky130_fd_sc_hd__buf_6)
    Layer: met2
      Partial area ratio:   43.80
      Required ratio:    0.00 (Gate area) 
      Partial area ratio:  219.44
      Required ratio: 3134.60 (Side area) 
      Cumulative area ratio:  155.23
      Required ratio:    0.00 (Cumulative area) 
      Cumulative area ratio:  786.45
      Required ratio:    0.00 (Cumulative side area) 

    Layer: met1
      Partial area ratio:    5.08
      Required ratio:    0.00 (Gate area) 
      Partial area ratio:   26.21
      Required ratio:  400.00 (Side area) 
      Cumulative area ratio:    5.08
      Required ratio:    0.00 (Cumulative area) 
      Cumulative area ratio:   26.21
      Required ratio:    0.00 (Cumulative side area) 

    Layer: li1
      Partial area ratio:    0.00
      Required ratio:    0.00 (Gate area) 
      Partial area ratio:    0.00
      Required ratio:   75.00 (Side area) 
      Cumulative area ratio:    0.00
      Required ratio:    0.00 (Cumulative area) 
      Cumulative area ratio:    0.00
      Required ratio:    0.00 (Cumulative side area) 

    Via: M1M2_PR
      Partial area ratio:    0.09
      Required ratio:    6.00 (Gate area) 
      Cumulative area ratio:    0.15
      Required ratio:    0.00 (Cumulative area) 

    Via: L1M1_PR
      Partial area ratio:    0.06
      Required ratio:    3.00 (Gate area) 
      Cumulative area ratio:    0.06
      Required ratio:    0.00 (Cumulative area) 

  Pin: _5014_/B (sky130_fd_sc_hd__or2_1)
    Layer: met2
      Partial area ratio:   43.80
      Required ratio:    0.00 (Gate area) 
      Partial area ratio:  219.44
      Required ratio: 3134.60 (Side area) 
      Cumulative area ratio:  353.39
      Required ratio:    0.00 (Cumulative area) 
      Cumulative area ratio: 1781.13
      Required ratio:    0.00 (Cumulative side area) 

    Layer: met1
      Partial area ratio:  203.24
      Required ratio:    0.00 (Gate area) 
      Partial area ratio: 1020.89
      Required ratio:  400.00 (Side area) (VIOLATED)
      Cumulative area ratio:  203.24
      Required ratio:    0.00 (Cumulative area) 
      Cumulative area ratio: 1020.89
      Required ratio:    0.00 (Cumulative side area) 

    Layer: li1
      Partial area ratio:    0.00
      Required ratio:    0.00 (Gate area) 
      Partial area ratio:    0.00
      Required ratio:   75.00 (Side area) 
      Cumulative area ratio:    0.00
      Required ratio:    0.00 (Cumulative area) 
      Cumulative area ratio:    0.00
      Required ratio:    0.00 (Cumulative side area) 

    Via: M1M2_PR
      Partial area ratio:    0.54
      Required ratio:    6.00 (Gate area) 
      Cumulative area ratio:    0.77
      Required ratio:    0.00 (Cumulative area) 

    Via: L1M1_PR
      Partial area ratio:    0.23
      Required ratio:    3.00 (Gate area) 
      Cumulative area ratio:    0.23
      Required ratio:    0.00 (Cumulative area) 

  Pin: _5049_/B (sky130_fd_sc_hd__or2_1)
    Layer: met2
      Partial area ratio:   43.80
      Required ratio:    0.00 (Gate area) 
      Partial area ratio:  219.44
      Required ratio: 3134.60 (Side area) 
      Cumulative area ratio:  150.14
      Required ratio:    0.00 (Cumulative area) 
      Cumulative area ratio:  760.24
      Required ratio:    0.00 (Cumulative side area) 

    Layer: met1
      Partial area ratio:   12.21
      Required ratio:    0.00 (Gate area) 
      Partial area ratio:   64.15
      Required ratio:  400.00 (Side area) 
      Cumulative area ratio:   12.21
      Required ratio:    0.00 (Cumulative area) 
      Cumulative area ratio:   64.15
      Required ratio:    0.00 (Cumulative side area) 

    Layer: li1
      Partial area ratio:    0.00
      Required ratio:    0.00 (Gate area) 
      Partial area ratio:    0.00
      Required ratio:   75.00 (Side area) 
      Cumulative area ratio:    0.00
      Required ratio:    0.00 (Cumulative area) 
      Cumulative area ratio:    0.00
      Required ratio:    0.00 (Cumulative side area) 

    Via: M1M2_PR
      Partial area ratio:    0.54
      Required ratio:    6.00 (Gate area) 
      Cumulative area ratio:    0.77
      Required ratio:    0.00 (Cumulative area) 

    Via: L1M1_PR
      Partial area ratio:    0.23
      Required ratio:    3.00 (Gate area) 
      Cumulative area ratio:    0.23
      Required ratio:    0.00 (Cumulative area) 

  Pin: _5055_/B (sky130_fd_sc_hd__or2_1)
    Layer: met2
      Partial area ratio:   43.80
      Required ratio:    0.00 (Gate area) 
      Partial area ratio:  219.44
      Required ratio: 3134.60 (Side area) 
      Cumulative area ratio:  137.93
      Required ratio:    0.00 (Cumulative area) 
      Cumulative area ratio:  696.09
      Required ratio:    0.00 (Cumulative side area) 

    Layer: met1
      Partial area ratio:   10.07
      Required ratio:    0.00 (Gate area) 
      Partial area ratio:   53.48
      Required ratio:  400.00 (Side area) 
      Cumulative area ratio:   10.07
      Required ratio:    0.00 (Cumulative area) 
      Cumulative area ratio:   53.48
      Required ratio:    0.00 (Cumulative side area) 

    Layer: li1
      Partial area ratio:    0.00
      Required ratio:    0.00 (Gate area) 
      Partial area ratio:    0.00
      Required ratio:   75.00 (Side area) 
      Cumulative area ratio:    0.00
      Required ratio:    0.00 (Cumulative area) 
      Cumulative area ratio:    0.00
      Required ratio:    0.00 (Cumulative side area) 

    Via: M1M2_PR
      Partial area ratio:    0.54
      Required ratio:    6.00 (Gate area) 
      Cumulative area ratio:    0.77
      Required ratio:    0.00 (Cumulative area) 

    Via: L1M1_PR
      Partial area ratio:    0.23
      Required ratio:    3.00 (Gate area) 
      Cumulative area ratio:    0.23
      Required ratio:    0.00 (Cumulative area) 

  Pin: _4997_/B (sky130_fd_sc_hd__or2_1)
    Layer: li1
      Partial area ratio:    0.00
      Required ratio:    0.00 (Gate area) 
      Partial area ratio:    0.00
      Required ratio:   75.00 (Side area) 
      Cumulative area ratio:    0.00
      Required ratio:    0.00 (Cumulative area) 
      Cumulative area ratio:    0.00
      Required ratio:    0.00 (Cumulative side area) 

    Layer: met1
      Partial area ratio:    3.76
      Required ratio:    0.00 (Gate area) 
      Partial area ratio:   19.58
      Required ratio:  400.00 (Side area) 
      Cumulative area ratio:    3.76
      Required ratio:    0.00 (Cumulative area) 
      Cumulative area ratio:   19.58
      Required ratio:    0.00 (Cumulative side area) 

    Via: L1M1_PR
      Partial area ratio:    0.23
      Required ratio:    3.00 (Gate area) 
      Cumulative area ratio:    0.23
      Required ratio:    0.00 (Cumulative area) 


Net: _1878_
  Pin: _5135_/B (sky130_fd_sc_hd__or2_1)
    Layer: met1
      Partial area ratio:  143.79
      Required ratio:    0.00 (Gate area) 
      Partial area ratio:  723.22
      Required ratio: 3872.32 (Side area) 
      Cumulative area ratio:  143.79
      Required ratio:    0.00 (Cumulative area) 
      Cumulative area ratio:  723.22
      Required ratio:    0.00 (Cumulative side area) 

    Layer: met2
      Partial area ratio:   40.05
      Required ratio:    0.00 (Gate area) 
      Partial area ratio:  200.58
      Required ratio: 3872.32 (Side area) 
      Cumulative area ratio:  183.84
      Required ratio:    0.00 (Cumulative area) 
      Cumulative area ratio:  923.79
      Required ratio:    0.00 (Cumulative side area) 

    Layer: li1
      Partial area ratio:    0.00
      Required ratio:    0.00 (Gate area) 
      Partial area ratio:    0.00
      Required ratio:   75.00 (Side area) 
      Cumulative area ratio:    0.00
      Required ratio:    0.00 (Cumulative area) 
      Cumulative area ratio:    0.00
      Required ratio:    0.00 (Cumulative side area) 

    Layer: met2
      Partial area ratio:   40.05
      Required ratio:    0.00 (Gate area) 
      Partial area ratio:  200.58
      Required ratio: 3872.32 (Side area) 
      Cumulative area ratio:  183.84
      Required ratio:    0.00 (Cumulative area) 
      Cumulative area ratio:  923.79
      Required ratio:    0.00 (Cumulative side area) 

    Layer: met2
      Partial area ratio:   40.05
      Required ratio:    0.00 (Gate area) 
      Partial area ratio:  200.58
      Required ratio: 3872.32 (Side area) 
      Cumulative area ratio:  183.84
      Required ratio:    0.00 (Cumulative area) 
      Cumulative area ratio:  923.79
      Required ratio:    0.00 (Cumulative side area) 

    Via: M1M2_PR
      Partial area ratio:    0.54
      Required ratio:    6.00 (Gate area) 
      Cumulative area ratio:    0.77
      Required ratio:    0.00 (Cumulative area) 

    Via: L1M1_PR
      Partial area ratio:    0.23
      Required ratio:    3.00 (Gate area) 
      Cumulative area ratio:    0.23
      Required ratio:    0.00 (Cumulative area) 

  Pin: _5099_/B (sky130_fd_sc_hd__or2_1)
    Layer: met1
      Partial area ratio:    4.43
      Required ratio:    0.00 (Gate area) 
      Partial area ratio:   23.71
      Required ratio:  400.00 (Side area) 
      Cumulative area ratio:    4.43
      Required ratio:    0.00 (Cumulative area) 
      Cumulative area ratio:   23.71
      Required ratio:    0.00 (Cumulative side area) 

    Layer: li1
      Partial area ratio:    0.00
      Required ratio:    0.00 (Gate area) 
      Partial area ratio:    0.00
      Required ratio:   75.00 (Side area) 
      Cumulative area ratio:    0.00
      Required ratio:    0.00 (Cumulative area) 
      Cumulative area ratio:    0.00
      Required ratio:    0.00 (Cumulative side area) 

    Via: M1M2_PR
      Partial area ratio:    0.36
      Required ratio:    6.00 (Gate area) 
      Cumulative area ratio:    0.59
      Required ratio:    0.00 (Cumulative area) 

    Via: L1M1_PR
      Partial area ratio:    0.23
      Required ratio:    3.00 (Gate area) 
      Cumulative area ratio:    0.23
      Required ratio:    0.00 (Cumulative area) 

  Pin: _5141_/B (sky130_fd_sc_hd__or2_1)
    Layer: met1
      Partial area ratio:  143.79
      Required ratio:    0.00 (Gate area) 
      Partial area ratio:  723.22
      Required ratio: 3872.32 (Side area) 
      Cumulative area ratio:  143.79
      Required ratio:    0.00 (Cumulative area) 
      Cumulative area ratio:  723.22
      Required ratio:    0.00 (Cumulative side area) 

    Layer: met2
      Partial area ratio:   40.05
      Required ratio:    0.00 (Gate area) 
      Partial area ratio:  200.58
      Required ratio: 3872.32 (Side area) 
      Cumulative area ratio:  183.84
      Required ratio:    0.00 (Cumulative area) 
      Cumulative area ratio:  923.79
      Required ratio:    0.00 (Cumulative side area) 

    Layer: met2
      Partial area ratio:   40.05
      Required ratio:    0.00 (Gate area) 
      Partial area ratio:  200.58
      Required ratio: 3872.32 (Side area) 
      Cumulative area ratio:  183.84
      Required ratio:    0.00 (Cumulative area) 
      Cumulative area ratio:  923.79
      Required ratio:    0.00 (Cumulative side area) 

    Layer: li1
      Partial area ratio:    0.00
      Required ratio:    0.00 (Gate area) 
      Partial area ratio:    0.00
      Required ratio:   75.00 (Side area) 
      Cumulative area ratio:    0.00
      Required ratio:    0.00 (Cumulative area) 
      Cumulative area ratio:    0.00
      Required ratio:    0.00 (Cumulative side area) 

    Layer: met2
      Partial area ratio:   40.05
      Required ratio:    0.00 (Gate area) 
      Partial area ratio:  200.58
      Required ratio: 3872.32 (Side area) 
      Cumulative area ratio:  183.84
      Required ratio:    0.00 (Cumulative area) 
      Cumulative area ratio:  923.79
      Required ratio:    0.00 (Cumulative side area) 

    Via: M1M2_PR
      Partial area ratio:    0.54
      Required ratio:    6.00 (Gate area) 
      Cumulative area ratio:    0.77
      Required ratio:    0.00 (Cumulative area) 

    Via: L1M1_PR
      Partial area ratio:    0.23
      Required ratio:    3.00 (Gate area) 
      Cumulative area ratio:    0.23
      Required ratio:    0.00 (Cumulative area) 

  Pin: _5167_/A (sky130_fd_sc_hd__buf_8)
    Layer: met1
      Partial area ratio:    0.78
      Required ratio:    0.00 (Gate area) 
      Partial area ratio:    4.18
      Required ratio:  400.00 (Side area) 
      Cumulative area ratio:    0.78
      Required ratio:    0.00 (Cumulative area) 
      Cumulative area ratio:    4.18
      Required ratio:    0.00 (Cumulative side area) 

    Layer: li1
      Partial area ratio:    0.00
      Required ratio:    0.00 (Gate area) 
      Partial area ratio:    0.00
      Required ratio:   75.00 (Side area) 
      Cumulative area ratio:    0.00
      Required ratio:    0.00 (Cumulative area) 
      Cumulative area ratio:    0.00
      Required ratio:    0.00 (Cumulative side area) 

    Via: M1M2_PR
      Partial area ratio:    0.06
      Required ratio:    6.00 (Gate area) 
      Cumulative area ratio:    0.10
      Required ratio:    0.00 (Cumulative area) 

    Via: L1M1_PR
      Partial area ratio:    0.04
      Required ratio:    3.00 (Gate area) 
      Cumulative area ratio:    0.04
      Required ratio:    0.00 (Cumulative area) 

  Pin: _5154_/B (sky130_fd_sc_hd__or2_1)
    Layer: met1
      Partial area ratio:  253.26
      Required ratio:    0.00 (Gate area) 
      Partial area ratio: 1270.18
      Required ratio:  400.00 (Side area) (VIOLATED)
      Cumulative area ratio:  253.26
      Required ratio:    0.00 (Cumulative area) 
      Cumulative area ratio: 1270.18
      Required ratio:    0.00 (Cumulative side area) 

    Layer: li1
      Partial area ratio:    0.00
      Required ratio:    0.00 (Gate area) 
      Partial area ratio:    0.00
      Required ratio:   75.00 (Side area) 
      Cumulative area ratio:    0.00
      Required ratio:    0.00 (Cumulative area) 
      Cumulative area ratio:    0.00
      Required ratio:    0.00 (Cumulative side area) 

    Via: M1M2_PR
      Partial area ratio:    0.54
      Required ratio:    6.00 (Gate area) 
      Cumulative area ratio:    0.77
      Required ratio:    0.00 (Cumulative area) 

    Via: L1M1_PR
      Partial area ratio:    0.23
      Required ratio:    3.00 (Gate area) 
      Cumulative area ratio:    0.23
      Required ratio:    0.00 (Cumulative area) 

  Pin: _5067_/A (sky130_fd_sc_hd__buf_6)
    Layer: met1
      Partial area ratio:    5.27
      Required ratio:    0.00 (Gate area) 
      Partial area ratio:   26.94
      Required ratio:  400.00 (Side area) 
      Cumulative area ratio:    5.27
      Required ratio:    0.00 (Cumulative area) 
      Cumulative area ratio:   26.94
      Required ratio:    0.00 (Cumulative side area) 

    Layer: li1
      Partial area ratio:    0.00
      Required ratio:    0.00 (Gate area) 
      Partial area ratio:    0.00
      Required ratio:   75.00 (Side area) 
      Cumulative area ratio:    0.00
      Required ratio:    0.00 (Cumulative area) 
      Cumulative area ratio:    0.00
      Required ratio:    0.00 (Cumulative side area) 

    Via: M1M2_PR
      Partial area ratio:    0.14
      Required ratio:    6.00 (Gate area) 
      Cumulative area ratio:    0.19
      Required ratio:    0.00 (Cumulative area) 

    Via: L1M1_PR
      Partial area ratio:    0.06
      Required ratio:    3.00 (Gate area) 
      Cumulative area ratio:    0.06
      Required ratio:    0.00 (Cumulative area) 

  Pin: _5086_/B (sky130_fd_sc_hd__or2_1)
    Layer: met1
      Partial area ratio:    3.99
      Required ratio:    0.00 (Gate area) 
      Partial area ratio:   21.52
      Required ratio:  400.00 (Side area) 
      Cumulative area ratio:    3.99
      Required ratio:    0.00 (Cumulative area) 
      Cumulative area ratio:   21.52
      Required ratio:    0.00 (Cumulative side area) 

    Layer: li1
      Partial area ratio:    0.00
      Required ratio:    0.00 (Gate area) 
      Partial area ratio:    0.00
      Required ratio:   75.00 (Side area) 
      Cumulative area ratio:    0.00
      Required ratio:    0.00 (Cumulative area) 
      Cumulative area ratio:    0.00
      Required ratio:    0.00 (Cumulative side area) 

    Via: M1M2_PR
      Partial area ratio:    0.36
      Required ratio:    6.00 (Gate area) 
      Cumulative area ratio:    0.59
      Required ratio:    0.00 (Cumulative area) 

    Via: L1M1_PR
      Partial area ratio:    0.23
      Required ratio:    3.00 (Gate area) 
      Cumulative area ratio:    0.23
      Required ratio:    0.00 (Cumulative area) 

  Pin: _4875_/A (sky130_fd_sc_hd__clkbuf_8)
    Layer: met1
      Partial area ratio:    8.27
      Required ratio:    0.00 (Gate area) 
      Partial area ratio:   42.06
      Required ratio:  400.00 (Side area) 
      Cumulative area ratio:    8.27
      Required ratio:    0.00 (Cumulative area) 
      Cumulative area ratio:   42.06
      Required ratio:    0.00 (Cumulative side area) 

    Layer: li1
      Partial area ratio:    0.00
      Required ratio:    0.00 (Gate area) 
      Partial area ratio:    0.00
      Required ratio:   75.00 (Side area) 
      Cumulative area ratio:    0.00
      Required ratio:    0.00 (Cumulative area) 
      Cumulative area ratio:    0.00
      Required ratio:    0.00 (Cumulative side area) 

    Via: M1M2_PR
      Partial area ratio:    0.11
      Required ratio:    6.00 (Gate area) 
      Cumulative area ratio:    0.17
      Required ratio:    0.00 (Cumulative area) 

    Via: L1M1_PR
      Partial area ratio:    0.07
      Required ratio:    3.00 (Gate area) 
      Cumulative area ratio:    0.07
      Required ratio:    0.00 (Cumulative area) 

  Pin: _4963_/A (sky130_fd_sc_hd__clkbuf_4)
    Layer: met1
      Partial area ratio:    2.71
      Required ratio:    0.00 (Gate area) 
      Partial area ratio:   14.46
      Required ratio:  400.00 (Side area) 
      Cumulative area ratio:    2.71
      Required ratio:    0.00 (Cumulative area) 
      Cumulative area ratio:   14.46
      Required ratio:    0.00 (Cumulative side area) 

    Layer: li1
      Partial area ratio:    0.00
      Required ratio:    0.00 (Gate area) 
      Partial area ratio:    0.00
      Required ratio:   75.00 (Side area) 
      Cumulative area ratio:    0.00
      Required ratio:    0.00 (Cumulative area) 
      Cumulative area ratio:    0.00
      Required ratio:    0.00 (Cumulative side area) 

    Via: M1M2_PR
      Partial area ratio:    0.21
      Required ratio:    6.00 (Gate area) 
      Cumulative area ratio:    0.35
      Required ratio:    0.00 (Cumulative area) 

    Via: L1M1_PR
      Partial area ratio:    0.14
      Required ratio:    3.00 (Gate area) 
      Cumulative area ratio:    0.14
      Required ratio:    0.00 (Cumulative area) 

  Pin: _5471_/A (sky130_fd_sc_hd__nand2_1)
    Layer: met1
      Partial area ratio:    1.55
      Required ratio:    0.00 (Gate area) 
      Partial area ratio:    8.56
      Required ratio:  400.00 (Side area) 
      Cumulative area ratio:    1.55
      Required ratio:    0.00 (Cumulative area) 
      Cumulative area ratio:    8.56
      Required ratio:    0.00 (Cumulative side area) 

    Layer: li1
      Partial area ratio:    0.00
      Required ratio:    0.00 (Gate area) 
      Partial area ratio:    0.00
      Required ratio:   75.00 (Side area) 
      Cumulative area ratio:    0.00
      Required ratio:    0.00 (Cumulative area) 
      Cumulative area ratio:    0.00
      Required ratio:    0.00 (Cumulative side area) 

    Via: M1M2_PR
      Partial area ratio:    0.18
      Required ratio:    6.00 (Gate area) 
      Cumulative area ratio:    0.30
      Required ratio:    0.00 (Cumulative area) 

    Via: L1M1_PR
      Partial area ratio:    0.12
      Required ratio:    3.00 (Gate area) 
      Cumulative area ratio:    0.12
      Required ratio:    0.00 (Cumulative area) 


Net: _1882_
  Pin: _5147_/B (sky130_fd_sc_hd__or2_1)
    Layer: met1
      Partial area ratio:   85.38
      Required ratio:    0.00 (Gate area) 
      Partial area ratio:  430.02
      Required ratio:  400.00 (Side area) (VIOLATED)
      Cumulative area ratio:   85.38
      Required ratio:    0.00 (Cumulative area) 
      Cumulative area ratio:  430.02
      Required ratio:    0.00 (Cumulative side area) 

    Layer: li1
      Partial area ratio:    0.00
      Required ratio:    0.00 (Gate area) 
      Partial area ratio:    0.00
      Required ratio:   75.00 (Side area) 
      Cumulative area ratio:    0.00
      Required ratio:    0.00 (Cumulative area) 
      Cumulative area ratio:    0.00
      Required ratio:    0.00 (Cumulative side area) 

    Via: M1M2_PR
      Partial area ratio:    0.71
      Required ratio:    6.00 (Gate area) 
      Cumulative area ratio:    0.94
      Required ratio:    0.00 (Cumulative area) 

    Via: L1M1_PR
      Partial area ratio:    0.23
      Required ratio:    3.00 (Gate area) 
      Cumulative area ratio:    0.23
      Required ratio:    0.00 (Cumulative area) 

  Pin: _5160_/B (sky130_fd_sc_hd__or2_1)
    Layer: met1
      Partial area ratio:    5.51
      Required ratio:    0.00 (Gate area) 
      Partial area ratio:   29.13
      Required ratio:  400.00 (Side area) 
      Cumulative area ratio:    5.51
      Required ratio:    0.00 (Cumulative area) 
      Cumulative area ratio:   29.13
      Required ratio:    0.00 (Cumulative side area) 

    Layer: li1
      Partial area ratio:    0.00
      Required ratio:    0.00 (Gate area) 
      Partial area ratio:    0.00
      Required ratio:   75.00 (Side area) 
      Cumulative area ratio:    0.00
      Required ratio:    0.00 (Cumulative area) 
      Cumulative area ratio:    0.00
      Required ratio:    0.00 (Cumulative side area) 

    Via: M1M2_PR
      Partial area ratio:    0.36
      Required ratio:    6.00 (Gate area) 
      Cumulative area ratio:    0.59
      Required ratio:    0.00 (Cumulative area) 

    Via: L1M1_PR
      Partial area ratio:    0.23
      Required ratio:    3.00 (Gate area) 
      Cumulative area ratio:    0.23
      Required ratio:    0.00 (Cumulative area) 

  Pin: _5114_/B (sky130_fd_sc_hd__or2_1)
    Layer: met1
      Partial area ratio:   11.94
      Required ratio:    0.00 (Gate area) 
      Partial area ratio:   62.02
      Required ratio:  400.00 (Side area) 
      Cumulative area ratio:   11.94
      Required ratio:    0.00 (Cumulative area) 
      Cumulative area ratio:   62.02
      Required ratio:    0.00 (Cumulative side area) 

    Layer: li1
      Partial area ratio:    0.00
      Required ratio:    0.00 (Gate area) 
      Partial area ratio:    0.00
      Required ratio:   75.00 (Side area) 
      Cumulative area ratio:    0.00
      Required ratio:    0.00 (Cumulative area) 
      Cumulative area ratio:    0.00
      Required ratio:    0.00 (Cumulative side area) 

    Via: M1M2_PR
      Partial area ratio:    0.36
      Required ratio:    6.00 (Gate area) 
      Cumulative area ratio:    0.59
      Required ratio:    0.00 (Cumulative area) 

    Via: L1M1_PR
      Partial area ratio:    0.23
      Required ratio:    3.00 (Gate area) 
      Cumulative area ratio:    0.23
      Required ratio:    0.00 (Cumulative area) 

  Pin: _5128_/B (sky130_fd_sc_hd__or2_1)
    Layer: met1
      Partial area ratio:   17.94
      Required ratio:    0.00 (Gate area) 
      Partial area ratio:   92.79
      Required ratio:  400.00 (Side area) 
      Cumulative area ratio:   17.94
      Required ratio:    0.00 (Cumulative area) 
      Cumulative area ratio:   92.79
      Required ratio:    0.00 (Cumulative side area) 

    Layer: li1
      Partial area ratio:    0.00
      Required ratio:    0.00 (Gate area) 
      Partial area ratio:    0.00
      Required ratio:   75.00 (Side area) 
      Cumulative area ratio:    0.00
      Required ratio:    0.00 (Cumulative area) 
      Cumulative area ratio:    0.00
      Required ratio:    0.00 (Cumulative side area) 

    Via: M1M2_PR
      Partial area ratio:    0.36
      Required ratio:    6.00 (Gate area) 
      Cumulative area ratio:    0.59
      Required ratio:    0.00 (Cumulative area) 

    Via: L1M1_PR
      Partial area ratio:    0.23
      Required ratio:    3.00 (Gate area) 
      Cumulative area ratio:    0.23
      Required ratio:    0.00 (Cumulative area) 

  Pin: _5121_/B (sky130_fd_sc_hd__or2_1)
    Layer: met1
      Partial area ratio:   17.94
      Required ratio:    0.00 (Gate area) 
      Partial area ratio:   92.79
      Required ratio:  400.00 (Side area) 
      Cumulative area ratio:   17.94
      Required ratio:    0.00 (Cumulative area) 
      Cumulative area ratio:   92.79
      Required ratio:    0.00 (Cumulative side area) 

    Layer: li1
      Partial area ratio:    0.00
      Required ratio:    0.00 (Gate area) 
      Partial area ratio:    0.00
      Required ratio:   75.00 (Side area) 
      Cumulative area ratio:    0.00
      Required ratio:    0.00 (Cumulative area) 
      Cumulative area ratio:    0.00
      Required ratio:    0.00 (Cumulative side area) 

    Via: M1M2_PR
      Partial area ratio:    0.36
      Required ratio:    6.00 (Gate area) 
      Cumulative area ratio:    0.59
      Required ratio:    0.00 (Cumulative area) 

    Via: L1M1_PR
      Partial area ratio:    0.23
      Required ratio:    3.00 (Gate area) 
      Cumulative area ratio:    0.23
      Required ratio:    0.00 (Cumulative area) 

  Pin: _4934_/B (sky130_fd_sc_hd__or2_1)
    Layer: met1
      Partial area ratio:    4.16
      Required ratio:    0.00 (Gate area) 
      Partial area ratio:   22.38
      Required ratio:  400.00 (Side area) 
      Cumulative area ratio:    4.16
      Required ratio:    0.00 (Cumulative area) 
      Cumulative area ratio:   22.38
      Required ratio:    0.00 (Cumulative side area) 

    Layer: li1
      Partial area ratio:    0.00
      Required ratio:    0.00 (Gate area) 
      Partial area ratio:    0.00
      Required ratio:   75.00 (Side area) 
      Cumulative area ratio:    0.00
      Required ratio:    0.00 (Cumulative area) 
      Cumulative area ratio:    0.00
      Required ratio:    0.00 (Cumulative side area) 

    Via: M1M2_PR
      Partial area ratio:    0.36
      Required ratio:    6.00 (Gate area) 
      Cumulative area ratio:    0.59
      Required ratio:    0.00 (Cumulative area) 

    Via: L1M1_PR
      Partial area ratio:    0.23
      Required ratio:    3.00 (Gate area) 
      Cumulative area ratio:    0.23
      Required ratio:    0.00 (Cumulative area) 

  Pin: _4912_/B (sky130_fd_sc_hd__or2_1)
    Layer: met1
      Partial area ratio:    3.98
      Required ratio:    0.00 (Gate area) 
      Partial area ratio:   21.46
      Required ratio:  400.00 (Side area) 
      Cumulative area ratio:    3.98
      Required ratio:    0.00 (Cumulative area) 
      Cumulative area ratio:   21.46
      Required ratio:    0.00 (Cumulative side area) 

    Layer: li1
      Partial area ratio:    0.00
      Required ratio:    0.00 (Gate area) 
      Partial area ratio:    0.00
      Required ratio:   75.00 (Side area) 
      Cumulative area ratio:    0.00
      Required ratio:    0.00 (Cumulative area) 
      Cumulative area ratio:    0.00
      Required ratio:    0.00 (Cumulative side area) 

    Via: M1M2_PR
      Partial area ratio:    0.36
      Required ratio:    6.00 (Gate area) 
      Cumulative area ratio:    0.59
      Required ratio:    0.00 (Cumulative area) 

    Via: L1M1_PR
      Partial area ratio:    0.23
      Required ratio:    3.00 (Gate area) 
      Cumulative area ratio:    0.23
      Required ratio:    0.00 (Cumulative area) 

  Pin: _4948_/B (sky130_fd_sc_hd__or2_1)
    Layer: met1
      Partial area ratio:   38.93
      Required ratio:    0.00 (Gate area) 
      Partial area ratio:  196.96
      Required ratio:  400.00 (Side area) 
      Cumulative area ratio:   38.93
      Required ratio:    0.00 (Cumulative area) 
      Cumulative area ratio:  196.96
      Required ratio:    0.00 (Cumulative side area) 

    Layer: li1
      Partial area ratio:    0.00
      Required ratio:    0.00 (Gate area) 
      Partial area ratio:    0.00
      Required ratio:   75.00 (Side area) 
      Cumulative area ratio:    0.00
      Required ratio:    0.00 (Cumulative area) 
      Cumulative area ratio:    0.00
      Required ratio:    0.00 (Cumulative side area) 

    Via: M1M2_PR
      Partial area ratio:    0.36
      Required ratio:    6.00 (Gate area) 
      Cumulative area ratio:    0.59
      Required ratio:    0.00 (Cumulative area) 

    Via: L1M1_PR
      Partial area ratio:    0.23
      Required ratio:    3.00 (Gate area) 
      Cumulative area ratio:    0.23
      Required ratio:    0.00 (Cumulative area) 

  Pin: _4879_/B (sky130_fd_sc_hd__or2_1)
    Layer: met1
      Partial area ratio:   20.00
      Required ratio:    0.00 (Gate area) 
      Partial area ratio:  103.09
      Required ratio:  400.00 (Side area) 
      Cumulative area ratio:   20.00
      Required ratio:    0.00 (Cumulative area) 
      Cumulative area ratio:  103.09
      Required ratio:    0.00 (Cumulative side area) 

    Layer: li1
      Partial area ratio:    0.00
      Required ratio:    0.00 (Gate area) 
      Partial area ratio:    0.00
      Required ratio:   75.00 (Side area) 
      Cumulative area ratio:    0.00
      Required ratio:    0.00 (Cumulative area) 
      Cumulative area ratio:    0.00
      Required ratio:    0.00 (Cumulative side area) 

    Via: M1M2_PR
      Partial area ratio:    0.36
      Required ratio:    6.00 (Gate area) 
      Cumulative area ratio:    0.59
      Required ratio:    0.00 (Cumulative area) 

    Via: L1M1_PR
      Partial area ratio:    0.23
      Required ratio:    3.00 (Gate area) 
      Cumulative area ratio:    0.23
      Required ratio:    0.00 (Cumulative area) 

  Pin: _4927_/B (sky130_fd_sc_hd__or2_1)
    Layer: met1
      Partial area ratio:   38.93
      Required ratio:    0.00 (Gate area) 
      Partial area ratio:  196.96
      Required ratio:  400.00 (Side area) 
      Cumulative area ratio:   38.93
      Required ratio:    0.00 (Cumulative area) 
      Cumulative area ratio:  196.96
      Required ratio:    0.00 (Cumulative side area) 

    Layer: li1
      Partial area ratio:    0.00
      Required ratio:    0.00 (Gate area) 
      Partial area ratio:    0.00
      Required ratio:   75.00 (Side area) 
      Cumulative area ratio:    0.00
      Required ratio:    0.00 (Cumulative area) 
      Cumulative area ratio:    0.00
      Required ratio:    0.00 (Cumulative side area) 

    Via: M1M2_PR
      Partial area ratio:    0.36
      Required ratio:    6.00 (Gate area) 
      Cumulative area ratio:    0.59
      Required ratio:    0.00 (Cumulative area) 

    Via: L1M1_PR
      Partial area ratio:    0.23
      Required ratio:    3.00 (Gate area) 
      Cumulative area ratio:    0.23
      Required ratio:    0.00 (Cumulative area) 


Net: _1886_
  Pin: _5153_/A2 (sky130_fd_sc_hd__o211a_2)
    Layer: met1
      Partial area ratio:   49.10
      Required ratio:    0.00 (Gate area) 
      Partial area ratio:  247.27
      Required ratio:  400.00 (Side area) 
      Cumulative area ratio:   49.10
      Required ratio:    0.00 (Cumulative area) 
      Cumulative area ratio:  247.27
      Required ratio:    0.00 (Cumulative side area) 

    Layer: li1
      Partial area ratio:    0.00
      Required ratio:    0.00 (Gate area) 
      Partial area ratio:    0.00
      Required ratio:   75.00 (Side area) 
      Cumulative area ratio:    0.00
      Required ratio:    0.00 (Cumulative area) 
      Cumulative area ratio:    0.00
      Required ratio:    0.00 (Cumulative side area) 

    Via: M1M2_PR
      Partial area ratio:    0.23
      Required ratio:    6.00 (Gate area) 
      Cumulative area ratio:    0.34
      Required ratio:    0.00 (Cumulative area) 

    Via: L1M1_PR
      Partial area ratio:    0.12
      Required ratio:    3.00 (Gate area) 
      Cumulative area ratio:    0.12
      Required ratio:    0.00 (Cumulative area) 

  Pin: _5098_/A2 (sky130_fd_sc_hd__o211a_1)
    Layer: met1
      Partial area ratio:    3.91
      Required ratio:    0.00 (Gate area) 
      Partial area ratio:   20.36
      Required ratio:  400.00 (Side area) 
      Cumulative area ratio:    3.91
      Required ratio:    0.00 (Cumulative area) 
      Cumulative area ratio:   20.36
      Required ratio:    0.00 (Cumulative side area) 

    Layer: li1
      Partial area ratio:    0.00
      Required ratio:    0.00 (Gate area) 
      Partial area ratio:    0.00
      Required ratio:   75.00 (Side area) 
      Cumulative area ratio:    0.00
      Required ratio:    0.00 (Cumulative area) 
      Cumulative area ratio:    0.00
      Required ratio:    0.00 (Cumulative side area) 

    Via: M1M2_PR
      Partial area ratio:    0.18
      Required ratio:    6.00 (Gate area) 
      Cumulative area ratio:    0.30
      Required ratio:    0.00 (Cumulative area) 

    Via: L1M1_PR
      Partial area ratio:    0.12
      Required ratio:    3.00 (Gate area) 
      Cumulative area ratio:    0.12
      Required ratio:    0.00 (Cumulative area) 

  Pin: _5134_/A2 (sky130_fd_sc_hd__o211a_1)
    Layer: met1
      Partial area ratio:    2.52
      Required ratio:    0.00 (Gate area) 
      Partial area ratio:   13.41
      Required ratio:  400.00 (Side area) 
      Cumulative area ratio:    2.52
      Required ratio:    0.00 (Cumulative area) 
      Cumulative area ratio:   13.41
      Required ratio:    0.00 (Cumulative side area) 

    Layer: li1
      Partial area ratio:    0.00
      Required ratio:    0.00 (Gate area) 
      Partial area ratio:    0.00
      Required ratio:   75.00 (Side area) 
      Cumulative area ratio:    0.00
      Required ratio:    0.00 (Cumulative area) 
      Cumulative area ratio:    0.00
      Required ratio:    0.00 (Cumulative side area) 

    Via: M1M2_PR
      Partial area ratio:    0.18
      Required ratio:    6.00 (Gate area) 
      Cumulative area ratio:    0.30
      Required ratio:    0.00 (Cumulative area) 

    Via: L1M1_PR
      Partial area ratio:    0.12
      Required ratio:    3.00 (Gate area) 
      Cumulative area ratio:    0.12
      Required ratio:    0.00 (Cumulative area) 

  Pin: _5140_/A2 (sky130_fd_sc_hd__o211a_1)
    Layer: met1
      Partial area ratio:   49.10
      Required ratio:    0.00 (Gate area) 
      Partial area ratio:  247.27
      Required ratio:  400.00 (Side area) 
      Cumulative area ratio:   49.10
      Required ratio:    0.00 (Cumulative area) 
      Cumulative area ratio:  247.27
      Required ratio:    0.00 (Cumulative side area) 

    Layer: li1
      Partial area ratio:    0.00
      Required ratio:    0.00 (Gate area) 
      Partial area ratio:    0.00
      Required ratio:   75.00 (Side area) 
      Cumulative area ratio:    0.00
      Required ratio:    0.00 (Cumulative area) 
      Cumulative area ratio:    0.00
      Required ratio:    0.00 (Cumulative side area) 

    Via: M1M2_PR
      Partial area ratio:    0.23
      Required ratio:    6.00 (Gate area) 
      Cumulative area ratio:    0.34
      Required ratio:    0.00 (Cumulative area) 

    Via: L1M1_PR
      Partial area ratio:    0.12
      Required ratio:    3.00 (Gate area) 
      Cumulative area ratio:    0.12
      Required ratio:    0.00 (Cumulative area) 

  Pin: _4996_/A2 (sky130_fd_sc_hd__o211a_1)
    Layer: met1
      Partial area ratio:    2.00
      Required ratio:    0.00 (Gate area) 
      Partial area ratio:   10.80
      Required ratio:  400.00 (Side area) 
      Cumulative area ratio:    2.00
      Required ratio:    0.00 (Cumulative area) 
      Cumulative area ratio:   10.80
      Required ratio:    0.00 (Cumulative side area) 

    Layer: li1
      Partial area ratio:    0.00
      Required ratio:    0.00 (Gate area) 
      Partial area ratio:    0.00
      Required ratio:   75.00 (Side area) 
      Cumulative area ratio:    0.00
      Required ratio:    0.00 (Cumulative area) 
      Cumulative area ratio:    0.00
      Required ratio:    0.00 (Cumulative side area) 

    Via: M1M2_PR
      Partial area ratio:    0.18
      Required ratio:    6.00 (Gate area) 
      Cumulative area ratio:    0.30
      Required ratio:    0.00 (Cumulative area) 

    Via: L1M1_PR
      Partial area ratio:    0.12
      Required ratio:    3.00 (Gate area) 
      Cumulative area ratio:    0.12
      Required ratio:    0.00 (Cumulative area) 

  Pin: _5054_/A2 (sky130_fd_sc_hd__o211a_2)
    Layer: met1
      Partial area ratio:    8.38
      Required ratio:    0.00 (Gate area) 
      Partial area ratio:   43.38
      Required ratio:  400.00 (Side area) 
      Cumulative area ratio:    8.38
      Required ratio:    0.00 (Cumulative area) 
      Cumulative area ratio:   43.38
      Required ratio:    0.00 (Cumulative side area) 

    Layer: li1
      Partial area ratio:    0.00
      Required ratio:    0.00 (Gate area) 
      Partial area ratio:    0.00
      Required ratio:   75.00 (Side area) 
      Cumulative area ratio:    0.00
      Required ratio:    0.00 (Cumulative area) 
      Cumulative area ratio:    0.00
      Required ratio:    0.00 (Cumulative side area) 

    Via: M1M2_PR
      Partial area ratio:    0.11
      Required ratio:    6.00 (Gate area) 
      Cumulative area ratio:    0.23
      Required ratio:    0.00 (Cumulative area) 

    Via: L1M1_PR
      Partial area ratio:    0.12
      Required ratio:    3.00 (Gate area) 
      Cumulative area ratio:    0.12
      Required ratio:    0.00 (Cumulative area) 

  Pin: _5048_/A2 (sky130_fd_sc_hd__o211a_2)
    Layer: met1
      Partial area ratio:    8.38
      Required ratio:    0.00 (Gate area) 
      Partial area ratio:   43.38
      Required ratio:  400.00 (Side area) 
      Cumulative area ratio:    8.38
      Required ratio:    0.00 (Cumulative area) 
      Cumulative area ratio:   43.38
      Required ratio:    0.00 (Cumulative side area) 

    Layer: li1
      Partial area ratio:    0.00
      Required ratio:    0.00 (Gate area) 
      Partial area ratio:    0.00
      Required ratio:   75.00 (Side area) 
      Cumulative area ratio:    0.00
      Required ratio:    0.00 (Cumulative area) 
      Cumulative area ratio:    0.00
      Required ratio:    0.00 (Cumulative side area) 

    Via: M1M2_PR
      Partial area ratio:    0.11
      Required ratio:    6.00 (Gate area) 
      Cumulative area ratio:    0.23
      Required ratio:    0.00 (Cumulative area) 

    Via: L1M1_PR
      Partial area ratio:    0.12
      Required ratio:    3.00 (Gate area) 
      Cumulative area ratio:    0.12
      Required ratio:    0.00 (Cumulative area) 

  Pin: _5013_/A2 (sky130_fd_sc_hd__o211a_2)
    Layer: met1
      Partial area ratio:    8.38
      Required ratio:    0.00 (Gate area) 
      Partial area ratio:   43.38
      Required ratio:  400.00 (Side area) 
      Cumulative area ratio:    8.38
      Required ratio:    0.00 (Cumulative area) 
      Cumulative area ratio:   43.38
      Required ratio:    0.00 (Cumulative side area) 

    Layer: li1
      Partial area ratio:    0.00
      Required ratio:    0.00 (Gate area) 
      Partial area ratio:    0.00
      Required ratio:   75.00 (Side area) 
      Cumulative area ratio:    0.00
      Required ratio:    0.00 (Cumulative area) 
      Cumulative area ratio:    0.00
      Required ratio:    0.00 (Cumulative side area) 

    Via: M1M2_PR
      Partial area ratio:    0.11
      Required ratio:    6.00 (Gate area) 
      Cumulative area ratio:    0.23
      Required ratio:    0.00 (Cumulative area) 

    Via: L1M1_PR
      Partial area ratio:    0.12
      Required ratio:    3.00 (Gate area) 
      Cumulative area ratio:    0.12
      Required ratio:    0.00 (Cumulative area) 

  Pin: _5085_/A2 (sky130_fd_sc_hd__o211a_2)
    Layer: met1
      Partial area ratio:    8.38
      Required ratio:    0.00 (Gate area) 
      Partial area ratio:   43.38
      Required ratio:  400.00 (Side area) 
      Cumulative area ratio:    8.38
      Required ratio:    0.00 (Cumulative area) 
      Cumulative area ratio:   43.38
      Required ratio:    0.00 (Cumulative side area) 

    Layer: li1
      Partial area ratio:    0.00
      Required ratio:    0.00 (Gate area) 
      Partial area ratio:    0.00
      Required ratio:   75.00 (Side area) 
      Cumulative area ratio:    0.00
      Required ratio:    0.00 (Cumulative area) 
      Cumulative area ratio:    0.00
      Required ratio:    0.00 (Cumulative side area) 

    Via: M1M2_PR
      Partial area ratio:    0.11
      Required ratio:    6.00 (Gate area) 
      Cumulative area ratio:    0.23
      Required ratio:    0.00 (Cumulative area) 

    Via: L1M1_PR
      Partial area ratio:    0.12
      Required ratio:    3.00 (Gate area) 
      Cumulative area ratio:    0.12
      Required ratio:    0.00 (Cumulative area) 

  Pin: _4885_/A2 (sky130_fd_sc_hd__o211a_1)
    Layer: met1
      Partial area ratio:   84.17
      Required ratio:    0.00 (Gate area) 
      Partial area ratio:  422.04
      Required ratio:  400.00 (Side area) (VIOLATED)
      Cumulative area ratio:   84.17
      Required ratio:    0.00 (Cumulative area) 
      Cumulative area ratio:  422.04
      Required ratio:    0.00 (Cumulative side area) 

    Layer: li1
      Partial area ratio:    0.00
      Required ratio:    0.00 (Gate area) 
      Partial area ratio:    0.00
      Required ratio:   75.00 (Side area) 
      Cumulative area ratio:    0.00
      Required ratio:    0.00 (Cumulative area) 
      Cumulative area ratio:    0.00
      Required ratio:    0.00 (Cumulative side area) 

    Via: M1M2_PR
      Partial area ratio:    0.27
      Required ratio:    6.00 (Gate area) 
      Cumulative area ratio:    0.39
      Required ratio:    0.00 (Cumulative area) 

    Via: L1M1_PR
      Partial area ratio:    0.12
      Required ratio:    3.00 (Gate area) 
      Cumulative area ratio:    0.12
      Required ratio:    0.00 (Cumulative area) 


Net: _1895_
  Pin: _5416_/A (sky130_fd_sc_hd__nand2_1)
    Layer: met1
      Partial area ratio:    4.77
      Required ratio:    0.00 (Gate area) 
      Partial area ratio:   25.23
      Required ratio:  400.00 (Side area) 
      Cumulative area ratio:    4.77
      Required ratio:    0.00 (Cumulative area) 
      Cumulative area ratio:   25.23
      Required ratio:    0.00 (Cumulative side area) 

    Layer: li1
      Partial area ratio:    0.00
      Required ratio:    0.00 (Gate area) 
      Partial area ratio:    0.00
      Required ratio:   75.00 (Side area) 
      Cumulative area ratio:    0.00
      Required ratio:    0.00 (Cumulative area) 
      Cumulative area ratio:    0.00
      Required ratio:    0.00 (Cumulative side area) 

    Via: M1M2_PR
      Partial area ratio:    0.14
      Required ratio:    6.00 (Gate area) 
      Cumulative area ratio:    0.25
      Required ratio:    0.00 (Cumulative area) 

    Via: L1M1_PR
      Partial area ratio:    0.12
      Required ratio:    3.00 (Gate area) 
      Cumulative area ratio:    0.12
      Required ratio:    0.00 (Cumulative area) 

  Pin: _5407_/A (sky130_fd_sc_hd__nand2_1)
    Layer: met1
      Partial area ratio:    4.77
      Required ratio:    0.00 (Gate area) 
      Partial area ratio:   25.23
      Required ratio:  400.00 (Side area) 
      Cumulative area ratio:    4.77
      Required ratio:    0.00 (Cumulative area) 
      Cumulative area ratio:   25.23
      Required ratio:    0.00 (Cumulative side area) 

    Layer: li1
      Partial area ratio:    0.00
      Required ratio:    0.00 (Gate area) 
      Partial area ratio:    0.00
      Required ratio:   75.00 (Side area) 
      Cumulative area ratio:    0.00
      Required ratio:    0.00 (Cumulative area) 
      Cumulative area ratio:    0.00
      Required ratio:    0.00 (Cumulative side area) 

    Via: M1M2_PR
      Partial area ratio:    0.14
      Required ratio:    6.00 (Gate area) 
      Cumulative area ratio:    0.25
      Required ratio:    0.00 (Cumulative area) 

    Via: L1M1_PR
      Partial area ratio:    0.12
      Required ratio:    3.00 (Gate area) 
      Cumulative area ratio:    0.12
      Required ratio:    0.00 (Cumulative area) 

  Pin: _5521_/A (sky130_fd_sc_hd__nand2_1)
    Layer: met1
      Partial area ratio:   80.00
      Required ratio:    0.00 (Gate area) 
      Partial area ratio:  401.19
      Required ratio:  400.00 (Side area) (VIOLATED)
      Cumulative area ratio:   80.00
      Required ratio:    0.00 (Cumulative area) 
      Cumulative area ratio:  401.19
      Required ratio:    0.00 (Cumulative side area) 

    Layer: li1
      Partial area ratio:    0.00
      Required ratio:    0.00 (Gate area) 
      Partial area ratio:    0.00
      Required ratio:   75.00 (Side area) 
      Cumulative area ratio:    0.00
      Required ratio:    0.00 (Cumulative area) 
      Cumulative area ratio:    0.00
      Required ratio:    0.00 (Cumulative side area) 

    Via: M1M2_PR
      Partial area ratio:    0.18
      Required ratio:    6.00 (Gate area) 
      Cumulative area ratio:    0.30
      Required ratio:    0.00 (Cumulative area) 

    Via: L1M1_PR
      Partial area ratio:    0.12
      Required ratio:    3.00 (Gate area) 
      Cumulative area ratio:    0.12
      Required ratio:    0.00 (Cumulative area) 

  Pin: _4939_/A (sky130_fd_sc_hd__nand2_1)
    Layer: met1
      Partial area ratio:   94.34
      Required ratio:    0.00 (Gate area) 
      Partial area ratio:  472.87
      Required ratio:  400.00 (Side area) (VIOLATED)
      Cumulative area ratio:   94.34
      Required ratio:    0.00 (Cumulative area) 
      Cumulative area ratio:  472.87
      Required ratio:    0.00 (Cumulative side area) 

    Layer: li1
      Partial area ratio:    0.00
      Required ratio:    0.00 (Gate area) 
      Partial area ratio:    0.00
      Required ratio:   75.00 (Side area) 
      Cumulative area ratio:    0.00
      Required ratio:    0.00 (Cumulative area) 
      Cumulative area ratio:    0.00
      Required ratio:    0.00 (Cumulative side area) 

    Via: M1M2_PR
      Partial area ratio:    0.27
      Required ratio:    6.00 (Gate area) 
      Cumulative area ratio:    0.39
      Required ratio:    0.00 (Cumulative area) 

    Via: L1M1_PR
      Partial area ratio:    0.12
      Required ratio:    3.00 (Gate area) 
      Cumulative area ratio:    0.12
      Required ratio:    0.00 (Cumulative area) 

  Pin: _4918_/A (sky130_fd_sc_hd__nand2_1)
    Layer: met1
      Partial area ratio:    2.48
      Required ratio:    0.00 (Gate area) 
      Partial area ratio:   13.22
      Required ratio:  400.00 (Side area) 
      Cumulative area ratio:    2.48
      Required ratio:    0.00 (Cumulative area) 
      Cumulative area ratio:   13.22
      Required ratio:    0.00 (Cumulative side area) 

    Layer: li1
      Partial area ratio:    0.00
      Required ratio:    0.00 (Gate area) 
      Partial area ratio:    0.00
      Required ratio:   75.00 (Side area) 
      Cumulative area ratio:    0.00
      Required ratio:    0.00 (Cumulative area) 
      Cumulative area ratio:    0.00
      Required ratio:    0.00 (Cumulative side area) 

    Via: M1M2_PR
      Partial area ratio:    0.18
      Required ratio:    6.00 (Gate area) 
      Cumulative area ratio:    0.30
      Required ratio:    0.00 (Cumulative area) 

    Via: L1M1_PR
      Partial area ratio:    0.12
      Required ratio:    3.00 (Gate area) 
      Cumulative area ratio:    0.12
      Required ratio:    0.00 (Cumulative area) 

  Pin: _4932_/A (sky130_fd_sc_hd__nand2_1)
    Layer: met1
      Partial area ratio:    2.16
      Required ratio:    0.00 (Gate area) 
      Partial area ratio:   11.62
      Required ratio:  400.00 (Side area) 
      Cumulative area ratio:    2.16
      Required ratio:    0.00 (Cumulative area) 
      Cumulative area ratio:   11.62
      Required ratio:    0.00 (Cumulative side area) 

    Layer: li1
      Partial area ratio:    0.00
      Required ratio:    0.00 (Gate area) 
      Partial area ratio:    0.00
      Required ratio:   75.00 (Side area) 
      Cumulative area ratio:    0.00
      Required ratio:    0.00 (Cumulative area) 
      Cumulative area ratio:    0.00
      Required ratio:    0.00 (Cumulative side area) 

    Via: M1M2_PR
      Partial area ratio:    0.18
      Required ratio:    6.00 (Gate area) 
      Cumulative area ratio:    0.30
      Required ratio:    0.00 (Cumulative area) 

    Via: L1M1_PR
      Partial area ratio:    0.12
      Required ratio:    3.00 (Gate area) 
      Cumulative area ratio:    0.12
      Required ratio:    0.00 (Cumulative area) 

  Pin: _4892_/A (sky130_fd_sc_hd__nand2_1)
    Layer: met1
      Partial area ratio:    3.75
      Required ratio:    0.00 (Gate area) 
      Partial area ratio:   19.55
      Required ratio:  400.00 (Side area) 
      Cumulative area ratio:    3.75
      Required ratio:    0.00 (Cumulative area) 
      Cumulative area ratio:   19.55
      Required ratio:    0.00 (Cumulative side area) 

    Layer: li1
      Partial area ratio:    0.00
      Required ratio:    0.00 (Gate area) 
      Partial area ratio:    0.00
      Required ratio:   75.00 (Side area) 
      Cumulative area ratio:    0.00
      Required ratio:    0.00 (Cumulative area) 
      Cumulative area ratio:    0.00
      Required ratio:    0.00 (Cumulative side area) 

    Via: M1M2_PR
      Partial area ratio:    0.18
      Required ratio:    6.00 (Gate area) 
      Cumulative area ratio:    0.30
      Required ratio:    0.00 (Cumulative area) 

    Via: L1M1_PR
      Partial area ratio:    0.12
      Required ratio:    3.00 (Gate area) 
      Cumulative area ratio:    0.12
      Required ratio:    0.00 (Cumulative area) 

  Pin: _4953_/A (sky130_fd_sc_hd__nand2_1)
    Layer: met1
      Partial area ratio:    3.15
      Required ratio:    0.00 (Gate area) 
      Partial area ratio:   16.55
      Required ratio:  400.00 (Side area) 
      Cumulative area ratio:    3.15
      Required ratio:    0.00 (Cumulative area) 
      Cumulative area ratio:   16.55
      Required ratio:    0.00 (Cumulative side area) 

    Layer: li1
      Partial area ratio:    0.00
      Required ratio:    0.00 (Gate area) 
      Partial area ratio:    0.00
      Required ratio:   75.00 (Side area) 
      Cumulative area ratio:    0.00
      Required ratio:    0.00 (Cumulative area) 
      Cumulative area ratio:    0.00
      Required ratio:    0.00 (Cumulative side area) 

    Via: M1M2_PR
      Partial area ratio:    0.18
      Required ratio:    6.00 (Gate area) 
      Cumulative area ratio:    0.30
      Required ratio:    0.00 (Cumulative area) 

    Via: L1M1_PR
      Partial area ratio:    0.12
      Required ratio:    3.00 (Gate area) 
      Cumulative area ratio:    0.12
      Required ratio:    0.00 (Cumulative area) 

  Pin: _4961_/A (sky130_fd_sc_hd__nand2_1)
    Layer: met1
      Partial area ratio:    1.41
      Required ratio:    0.00 (Gate area) 
      Partial area ratio:    7.84
      Required ratio:  400.00 (Side area) 
      Cumulative area ratio:    1.41
      Required ratio:    0.00 (Cumulative area) 
      Cumulative area ratio:    7.84
      Required ratio:    0.00 (Cumulative side area) 

    Layer: li1
      Partial area ratio:    0.00
      Required ratio:    0.00 (Gate area) 
      Partial area ratio:    0.00
      Required ratio:   75.00 (Side area) 
      Cumulative area ratio:    0.00
      Required ratio:    0.00 (Cumulative area) 
      Cumulative area ratio:    0.00
      Required ratio:    0.00 (Cumulative side area) 

    Via: M1M2_PR
      Partial area ratio:    0.18
      Required ratio:    6.00 (Gate area) 
      Cumulative area ratio:    0.30
      Required ratio:    0.00 (Cumulative area) 

    Via: L1M1_PR
      Partial area ratio:    0.12
      Required ratio:    3.00 (Gate area) 
      Cumulative area ratio:    0.12
      Required ratio:    0.00 (Cumulative area) 

  Pin: _4969_/A (sky130_fd_sc_hd__nand2_1)
    Layer: met1
      Partial area ratio:    1.17
      Required ratio:    0.00 (Gate area) 
      Partial area ratio:    6.64
      Required ratio:  400.00 (Side area) 
      Cumulative area ratio:    1.17
      Required ratio:    0.00 (Cumulative area) 
      Cumulative area ratio:    6.64
      Required ratio:    0.00 (Cumulative side area) 

    Layer: li1
      Partial area ratio:    0.00
      Required ratio:    0.00 (Gate area) 
      Partial area ratio:    0.00
      Required ratio:   75.00 (Side area) 
      Cumulative area ratio:    0.00
      Required ratio:    0.00 (Cumulative area) 
      Cumulative area ratio:    0.00
      Required ratio:    0.00 (Cumulative side area) 

    Via: M1M2_PR
      Partial area ratio:    0.18
      Required ratio:    6.00 (Gate area) 
      Cumulative area ratio:    0.30
      Required ratio:    0.00 (Cumulative area) 

    Via: L1M1_PR
      Partial area ratio:    0.12
      Required ratio:    3.00 (Gate area) 
      Cumulative area ratio:    0.12
      Required ratio:    0.00 (Cumulative area) 


Net: _2131_
  Pin: _5257_/A2 (sky130_fd_sc_hd__a21o_1)
    Layer: met2
      Partial area ratio:   37.87
      Required ratio:    0.00 (Gate area) 
      Partial area ratio:  190.02
      Required ratio: 3236.16 (Side area) 
      Cumulative area ratio:   40.44
      Required ratio:    0.00 (Cumulative area) 
      Cumulative area ratio:  203.64
      Required ratio:    0.00 (Cumulative side area) 

    Layer: met1
      Partial area ratio:    2.57
      Required ratio:    0.00 (Gate area) 
      Partial area ratio:   13.62
      Required ratio:  400.00 (Side area) 
      Cumulative area ratio:    2.57
      Required ratio:    0.00 (Cumulative area) 
      Cumulative area ratio:   13.62
      Required ratio:    0.00 (Cumulative side area) 

    Layer: li1
      Partial area ratio:    0.00
      Required ratio:    0.00 (Gate area) 
      Partial area ratio:    0.00
      Required ratio:   75.00 (Side area) 
      Cumulative area ratio:    0.00
      Required ratio:    0.00 (Cumulative area) 
      Cumulative area ratio:    0.00
      Required ratio:    0.00 (Cumulative side area) 

    Layer: met3
      Partial area ratio:    6.77
      Required ratio:    0.00 (Gate area) 
      Partial area ratio:   36.72
      Required ratio: 3236.16 (Side area) 
      Cumulative area ratio:   47.21
      Required ratio:    0.00 (Cumulative area) 
      Cumulative area ratio:  240.36
      Required ratio:    0.00 (Cumulative side area) 

    Layer: met3
      Partial area ratio:    6.77
      Required ratio:    0.00 (Gate area) 
      Partial area ratio:   36.72
      Required ratio: 3236.16 (Side area) 
      Cumulative area ratio:   47.21
      Required ratio:    0.00 (Cumulative area) 
      Cumulative area ratio:  240.36
      Required ratio:    0.00 (Cumulative side area) 

    Layer: met4
      Partial area ratio:    6.21
      Required ratio:    0.00 (Gate area) 
      Partial area ratio:   33.40
      Required ratio: 3236.16 (Side area) 
      Cumulative area ratio:   53.41
      Required ratio:    0.00 (Cumulative area) 
      Cumulative area ratio:  273.76
      Required ratio:    0.00 (Cumulative side area) 

    Via: M2M3_PR
      Partial area ratio:    0.07
      Required ratio:    6.00 (Gate area) 
      Cumulative area ratio:    0.37
      Required ratio:    0.00 (Cumulative area) 

    Via: M1M2_PR
      Partial area ratio:    0.18
      Required ratio:    6.00 (Gate area) 
      Cumulative area ratio:    0.30
      Required ratio:    0.00 (Cumulative area) 

    Via: L1M1_PR
      Partial area ratio:    0.12
      Required ratio:    3.00 (Gate area) 
      Cumulative area ratio:    0.12
      Required ratio:    0.00 (Cumulative area) 

    Via: M3M4_PR
      Partial area ratio:    0.03
      Required ratio:    6.00 (Gate area) 
      Cumulative area ratio:    0.39
      Required ratio:    0.00 (Cumulative area) 

  Pin: _5245_/A (sky130_fd_sc_hd__and2_1)
    Layer: met3
      Partial area ratio:    6.77
      Required ratio:    0.00 (Gate area) 
      Partial area ratio:   36.72
      Required ratio: 3236.16 (Side area) 
      Cumulative area ratio:   21.37
      Required ratio:    0.00 (Cumulative area) 
      Cumulative area ratio:  112.04
      Required ratio:    0.00 (Cumulative side area) 

    Layer: met2
      Partial area ratio:    7.82
      Required ratio:    0.00 (Gate area) 
      Partial area ratio:   39.89
      Required ratio:  400.00 (Side area) 
      Cumulative area ratio:   14.60
      Required ratio:    0.00 (Cumulative area) 
      Cumulative area ratio:   75.32
      Required ratio:    0.00 (Cumulative side area) 

    Layer: met1
      Partial area ratio:    6.78
      Required ratio:    0.00 (Gate area) 
      Partial area ratio:   35.43
      Required ratio:  400.00 (Side area) 
      Cumulative area ratio:    6.78
      Required ratio:    0.00 (Cumulative area) 
      Cumulative area ratio:   35.43
      Required ratio:    0.00 (Cumulative side area) 

    Layer: li1
      Partial area ratio:    0.00
      Required ratio:    0.00 (Gate area) 
      Partial area ratio:    0.00
      Required ratio:   75.00 (Side area) 
      Cumulative area ratio:    0.00
      Required ratio:    0.00 (Cumulative area) 
      Cumulative area ratio:    0.00
      Required ratio:    0.00 (Cumulative side area) 

    Via: M2M3_PR
      Partial area ratio:    0.16
      Required ratio:    6.00 (Gate area) 
      Cumulative area ratio:    0.75
      Required ratio:    0.00 (Cumulative area) 

    Via: M1M2_PR
      Partial area ratio:    0.36
      Required ratio:    6.00 (Gate area) 
      Cumulative area ratio:    0.59
      Required ratio:    0.00 (Cumulative area) 

    Via: L1M1_PR
      Partial area ratio:    0.23
      Required ratio:    3.00 (Gate area) 
      Cumulative area ratio:    0.23
      Required ratio:    0.00 (Cumulative area) 

  Pin: _5193_/A (sky130_fd_sc_hd__and2_1)
    Layer: met3
      Partial area ratio:    6.77
      Required ratio:    0.00 (Gate area) 
      Partial area ratio:   36.72
      Required ratio: 3236.16 (Side area) 
      Cumulative area ratio:   18.08
      Required ratio:    0.00 (Cumulative area) 
      Cumulative area ratio:   95.60
      Required ratio:    0.00 (Cumulative side area) 

    Layer: met2
      Partial area ratio:    7.82
      Required ratio:    0.00 (Gate area) 
      Partial area ratio:   39.89
      Required ratio:  400.00 (Side area) 
      Cumulative area ratio:   11.31
      Required ratio:    0.00 (Cumulative area) 
      Cumulative area ratio:   58.88
      Required ratio:    0.00 (Cumulative side area) 

    Layer: met1
      Partial area ratio:    3.49
      Required ratio:    0.00 (Gate area) 
      Partial area ratio:   18.99
      Required ratio:  400.00 (Side area) 
      Cumulative area ratio:    3.49
      Required ratio:    0.00 (Cumulative area) 
      Cumulative area ratio:   18.99
      Required ratio:    0.00 (Cumulative side area) 

    Layer: li1
      Partial area ratio:    0.00
      Required ratio:    0.00 (Gate area) 
      Partial area ratio:    0.00
      Required ratio:   75.00 (Side area) 
      Cumulative area ratio:    0.00
      Required ratio:    0.00 (Cumulative area) 
      Cumulative area ratio:    0.00
      Required ratio:    0.00 (Cumulative side area) 

    Via: M2M3_PR
      Partial area ratio:    0.16
      Required ratio:    6.00 (Gate area) 
      Cumulative area ratio:    0.75
      Required ratio:    0.00 (Cumulative area) 

    Via: M1M2_PR
      Partial area ratio:    0.36
      Required ratio:    6.00 (Gate area) 
      Cumulative area ratio:    0.59
      Required ratio:    0.00 (Cumulative area) 

    Via: L1M1_PR
      Partial area ratio:    0.23
      Required ratio:    3.00 (Gate area) 
      Cumulative area ratio:    0.23
      Required ratio:    0.00 (Cumulative area) 

  Pin: _5222_/A (sky130_fd_sc_hd__and2_1)
    Layer: met3
      Partial area ratio:    6.77
      Required ratio:    0.00 (Gate area) 
      Partial area ratio:   36.72
      Required ratio: 3236.16 (Side area) 
      Cumulative area ratio:   13.59
      Required ratio:    0.00 (Cumulative area) 
      Cumulative area ratio:   72.40
      Required ratio:    0.00 (Cumulative side area) 

    Layer: met2
      Partial area ratio:    0.00
      Required ratio:    0.00 (Gate area) 
      Partial area ratio:    0.00
      Required ratio:  400.00 (Side area) 
      Cumulative area ratio:    6.82
      Required ratio:    0.00 (Cumulative area) 
      Cumulative area ratio:   35.68
      Required ratio:    0.00 (Cumulative side area) 

    Layer: met1
      Partial area ratio:    6.82
      Required ratio:    0.00 (Gate area) 
      Partial area ratio:   35.68
      Required ratio:  400.00 (Side area) 
      Cumulative area ratio:    6.82
      Required ratio:    0.00 (Cumulative area) 
      Cumulative area ratio:   35.68
      Required ratio:    0.00 (Cumulative side area) 

    Layer: li1
      Partial area ratio:    0.00
      Required ratio:    0.00 (Gate area) 
      Partial area ratio:    0.00
      Required ratio:   75.00 (Side area) 
      Cumulative area ratio:    0.00
      Required ratio:    0.00 (Cumulative area) 
      Cumulative area ratio:    0.00
      Required ratio:    0.00 (Cumulative side area) 

    Via: M2M3_PR
      Partial area ratio:    0.32
      Required ratio:    6.00 (Gate area) 
      Cumulative area ratio:    0.90
      Required ratio:    0.00 (Cumulative area) 

    Via: M1M2_PR
      Partial area ratio:    0.36
      Required ratio:    6.00 (Gate area) 
      Cumulative area ratio:    0.59
      Required ratio:    0.00 (Cumulative area) 

    Via: L1M1_PR
      Partial area ratio:    0.23
      Required ratio:    3.00 (Gate area) 
      Cumulative area ratio:    0.23
      Required ratio:    0.00 (Cumulative area) 

  Pin: _5217_/A (sky130_fd_sc_hd__and2_1)
    Layer: met2
      Partial area ratio:   37.87
      Required ratio:    0.00 (Gate area) 
      Partial area ratio:  190.02
      Required ratio: 3236.16 (Side area) 
      Cumulative area ratio:   63.61
      Required ratio:    0.00 (Cumulative area) 
      Cumulative area ratio:  321.81
      Required ratio:    0.00 (Cumulative side area) 

    Layer: met1
      Partial area ratio:   25.74
      Required ratio:    0.00 (Gate area) 
      Partial area ratio:  131.79
      Required ratio:  400.00 (Side area) 
      Cumulative area ratio:   25.74
      Required ratio:    0.00 (Cumulative area) 
      Cumulative area ratio:  131.79
      Required ratio:    0.00 (Cumulative side area) 

    Layer: met3
      Partial area ratio:    6.77
      Required ratio:    0.00 (Gate area) 
      Partial area ratio:   36.72
      Required ratio: 3236.16 (Side area) 
      Cumulative area ratio:   70.38
      Required ratio:    0.00 (Cumulative area) 
      Cumulative area ratio:  358.53
      Required ratio:    0.00 (Cumulative side area) 

    Layer: li1
      Partial area ratio:    0.00
      Required ratio:    0.00 (Gate area) 
      Partial area ratio:    0.00
      Required ratio:   75.00 (Side area) 
      Cumulative area ratio:    0.00
      Required ratio:    0.00 (Cumulative area) 
      Cumulative area ratio:    0.00
      Required ratio:    0.00 (Cumulative side area) 

    Layer: met3
      Partial area ratio:    6.77
      Required ratio:    0.00 (Gate area) 
      Partial area ratio:   36.72
      Required ratio: 3236.16 (Side area) 
      Cumulative area ratio:   70.38
      Required ratio:    0.00 (Cumulative area) 
      Cumulative area ratio:  358.53
      Required ratio:    0.00 (Cumulative side area) 

    Layer: met4
      Partial area ratio:    6.21
      Required ratio:    0.00 (Gate area) 
      Partial area ratio:   33.40
      Required ratio: 3236.16 (Side area) 
      Cumulative area ratio:   76.58
      Required ratio:    0.00 (Cumulative area) 
      Cumulative area ratio:  391.93
      Required ratio:    0.00 (Cumulative side area) 

    Via: M2M3_PR
      Partial area ratio:    0.07
      Required ratio:    6.00 (Gate area) 
      Cumulative area ratio:    0.83
      Required ratio:    0.00 (Cumulative area) 

    Via: M1M2_PR
      Partial area ratio:    0.54
      Required ratio:    6.00 (Gate area) 
      Cumulative area ratio:    0.77
      Required ratio:    0.00 (Cumulative area) 

    Via: L1M1_PR
      Partial area ratio:    0.23
      Required ratio:    3.00 (Gate area) 
      Cumulative area ratio:    0.23
      Required ratio:    0.00 (Cumulative area) 

    Via: M3M4_PR
      Partial area ratio:    0.03
      Required ratio:    6.00 (Gate area) 
      Cumulative area ratio:    0.86
      Required ratio:    0.00 (Cumulative area) 

  Pin: _5166_/A (sky130_fd_sc_hd__clkbuf_8)
    Layer: met2
      Partial area ratio:   37.87
      Required ratio:    0.00 (Gate area) 
      Partial area ratio:  190.02
      Required ratio: 3236.16 (Side area) 
      Cumulative area ratio:   38.54
      Required ratio:    0.00 (Cumulative area) 
      Cumulative area ratio:  193.84
      Required ratio:    0.00 (Cumulative side area) 

    Layer: met3
      Partial area ratio:    6.77
      Required ratio:    0.00 (Gate area) 
      Partial area ratio:   36.72
      Required ratio: 3236.16 (Side area) 
      Cumulative area ratio:   45.31
      Required ratio:    0.00 (Cumulative area) 
      Cumulative area ratio:  230.56
      Required ratio:    0.00 (Cumulative side area) 

    Layer: met1
      Partial area ratio:    0.67
      Required ratio:    0.00 (Gate area) 
      Partial area ratio:    3.82
      Required ratio:  400.00 (Side area) 
      Cumulative area ratio:    0.67
      Required ratio:    0.00 (Cumulative area) 
      Cumulative area ratio:    3.82
      Required ratio:    0.00 (Cumulative side area) 

    Layer: li1
      Partial area ratio:    0.00
      Required ratio:    0.00 (Gate area) 
      Partial area ratio:    0.00
      Required ratio:   75.00 (Side area) 
      Cumulative area ratio:    0.00
      Required ratio:    0.00 (Cumulative area) 
      Cumulative area ratio:    0.00
      Required ratio:    0.00 (Cumulative side area) 

    Layer: met3
      Partial area ratio:    6.77
      Required ratio:    0.00 (Gate area) 
      Partial area ratio:   36.72
      Required ratio: 3236.16 (Side area) 
      Cumulative area ratio:   45.31
      Required ratio:    0.00 (Cumulative area) 
      Cumulative area ratio:  230.56
      Required ratio:    0.00 (Cumulative side area) 

    Layer: met4
      Partial area ratio:    6.21
      Required ratio:    0.00 (Gate area) 
      Partial area ratio:   33.40
      Required ratio: 3236.16 (Side area) 
      Cumulative area ratio:   51.52
      Required ratio:    0.00 (Cumulative area) 
      Cumulative area ratio:  263.96
      Required ratio:    0.00 (Cumulative side area) 

    Via: M2M3_PR
      Partial area ratio:    0.07
      Required ratio:    6.00 (Gate area) 
      Cumulative area ratio:    0.24
      Required ratio:    0.00 (Cumulative area) 

    Via: M1M2_PR
      Partial area ratio:    0.11
      Required ratio:    6.00 (Gate area) 
      Cumulative area ratio:    0.17
      Required ratio:    0.00 (Cumulative area) 

    Via: L1M1_PR
      Partial area ratio:    0.07
      Required ratio:    3.00 (Gate area) 
      Cumulative area ratio:    0.07
      Required ratio:    0.00 (Cumulative area) 

    Via: M3M4_PR
      Partial area ratio:    0.03
      Required ratio:    6.00 (Gate area) 
      Cumulative area ratio:    0.27
      Required ratio:    0.00 (Cumulative area) 

  Pin: _5177_/A (sky130_fd_sc_hd__and2_1)
    Layer: met2
      Partial area ratio:   37.87
      Required ratio:    0.00 (Gate area) 
      Partial area ratio:  190.02
      Required ratio: 3236.16 (Side area) 
      Cumulative area ratio:   49.56
      Required ratio:    0.00 (Cumulative area) 
      Cumulative area ratio:  250.79
      Required ratio:    0.00 (Cumulative side area) 

    Layer: met3
      Partial area ratio:    6.77
      Required ratio:    0.00 (Gate area) 
      Partial area ratio:   36.72
      Required ratio: 3236.16 (Side area) 
      Cumulative area ratio:   56.33
      Required ratio:    0.00 (Cumulative area) 
      Cumulative area ratio:  287.51
      Required ratio:    0.00 (Cumulative side area) 

    Layer: met1
      Partial area ratio:   11.69
      Required ratio:    0.00 (Gate area) 
      Partial area ratio:   60.77
      Required ratio:  400.00 (Side area) 
      Cumulative area ratio:   11.69
      Required ratio:    0.00 (Cumulative area) 
      Cumulative area ratio:   60.77
      Required ratio:    0.00 (Cumulative side area) 

    Layer: li1
      Partial area ratio:    0.00
      Required ratio:    0.00 (Gate area) 
      Partial area ratio:    0.00
      Required ratio:   75.00 (Side area) 
      Cumulative area ratio:    0.00
      Required ratio:    0.00 (Cumulative area) 
      Cumulative area ratio:    0.00
      Required ratio:    0.00 (Cumulative side area) 

    Layer: met3
      Partial area ratio:    6.77
      Required ratio:    0.00 (Gate area) 
      Partial area ratio:   36.72
      Required ratio: 3236.16 (Side area) 
      Cumulative area ratio:   56.33
      Required ratio:    0.00 (Cumulative area) 
      Cumulative area ratio:  287.51
      Required ratio:    0.00 (Cumulative side area) 

    Layer: met4
      Partial area ratio:    6.21
      Required ratio:    0.00 (Gate area) 
      Partial area ratio:   33.40
      Required ratio: 3236.16 (Side area) 
      Cumulative area ratio:   62.54
      Required ratio:    0.00 (Cumulative area) 
      Cumulative area ratio:  320.91
      Required ratio:    0.00 (Cumulative side area) 

    Via: M2M3_PR
      Partial area ratio:    0.07
      Required ratio:    6.00 (Gate area) 
      Cumulative area ratio:    0.83
      Required ratio:    0.00 (Cumulative area) 

    Via: M1M2_PR
      Partial area ratio:    0.54
      Required ratio:    6.00 (Gate area) 
      Cumulative area ratio:    0.77
      Required ratio:    0.00 (Cumulative area) 

    Via: L1M1_PR
      Partial area ratio:    0.23
      Required ratio:    3.00 (Gate area) 
      Cumulative area ratio:    0.23
      Required ratio:    0.00 (Cumulative area) 

    Via: M3M4_PR
      Partial area ratio:    0.03
      Required ratio:    6.00 (Gate area) 
      Cumulative area ratio:    0.86
      Required ratio:    0.00 (Cumulative area) 

  Pin: _5188_/A (sky130_fd_sc_hd__and2_1)
    Layer: met4
      Partial area ratio:    6.21
      Required ratio:    0.00 (Gate area) 
      Partial area ratio:   33.40
      Required ratio: 3236.16 (Side area) 
      Cumulative area ratio:    9.48
      Required ratio:    0.00 (Cumulative area) 
      Cumulative area ratio:   51.30
      Required ratio:    0.00 (Cumulative side area) 

    Layer: met3
      Partial area ratio:    0.00
      Required ratio:    0.00 (Gate area) 
      Partial area ratio:    0.00
      Required ratio:  400.00 (Side area) 
      Cumulative area ratio:    3.27
      Required ratio:    0.00 (Cumulative area) 
      Cumulative area ratio:   17.91
      Required ratio:    0.00 (Cumulative side area) 

    Layer: met2
      Partial area ratio:    0.00
      Required ratio:    0.00 (Gate area) 
      Partial area ratio:    0.00
      Required ratio:  400.00 (Side area) 
      Cumulative area ratio:    3.27
      Required ratio:    0.00 (Cumulative area) 
      Cumulative area ratio:   17.91
      Required ratio:    0.00 (Cumulative side area) 

    Layer: met1
      Partial area ratio:    3.27
      Required ratio:    0.00 (Gate area) 
      Partial area ratio:   17.91
      Required ratio:  400.00 (Side area) 
      Cumulative area ratio:    3.27
      Required ratio:    0.00 (Cumulative area) 
      Cumulative area ratio:   17.91
      Required ratio:    0.00 (Cumulative side area) 

    Layer: li1
      Partial area ratio:    0.00
      Required ratio:    0.00 (Gate area) 
      Partial area ratio:    0.00
      Required ratio:   75.00 (Side area) 
      Cumulative area ratio:    0.00
      Required ratio:    0.00 (Cumulative area) 
      Cumulative area ratio:    0.00
      Required ratio:    0.00 (Cumulative side area) 

    Via: M3M4_PR
      Partial area ratio:    0.32
      Required ratio:    6.00 (Gate area) 
      Cumulative area ratio:    1.22
      Required ratio:    0.00 (Cumulative area) 

    Via: M2M3_PR
      Partial area ratio:    0.32
      Required ratio:    6.00 (Gate area) 
      Cumulative area ratio:    0.90
      Required ratio:    0.00 (Cumulative area) 

    Via: M1M2_PR
      Partial area ratio:    0.36
      Required ratio:    6.00 (Gate area) 
      Cumulative area ratio:    0.59
      Required ratio:    0.00 (Cumulative area) 

    Via: L1M1_PR
      Partial area ratio:    0.23
      Required ratio:    3.00 (Gate area) 
      Cumulative area ratio:    0.23
      Required ratio:    0.00 (Cumulative area) 

  Pin: _5190_/A (sky130_fd_sc_hd__and2_1)
    Layer: met2
      Partial area ratio:   37.87
      Required ratio:    0.00 (Gate area) 
      Partial area ratio:  190.02
      Required ratio: 3236.16 (Side area) 
      Cumulative area ratio:  202.64
      Required ratio:    0.00 (Cumulative area) 
      Cumulative area ratio: 1022.42
      Required ratio:    0.00 (Cumulative side area) 

    Layer: met3
      Partial area ratio:    6.77
      Required ratio:    0.00 (Gate area) 
      Partial area ratio:   36.72
      Required ratio: 3236.16 (Side area) 
      Cumulative area ratio:  209.41
      Required ratio:    0.00 (Cumulative area) 
      Cumulative area ratio: 1059.14
      Required ratio:    0.00 (Cumulative side area) 

    Layer: met1
      Partial area ratio:   12.37
      Required ratio:    0.00 (Gate area) 
      Partial area ratio:   64.98
      Required ratio:  400.00 (Side area) 
      Cumulative area ratio:   12.37
      Required ratio:    0.00 (Cumulative area) 
      Cumulative area ratio:   64.98
      Required ratio:    0.00 (Cumulative side area) 

    Layer: met3
      Partial area ratio:    6.77
      Required ratio:    0.00 (Gate area) 
      Partial area ratio:   36.72
      Required ratio: 3236.16 (Side area) 
      Cumulative area ratio:  209.41
      Required ratio:    0.00 (Cumulative area) 
      Cumulative area ratio: 1059.14
      Required ratio:    0.00 (Cumulative side area) 

    Layer: met4
      Partial area ratio:    6.21
      Required ratio:    0.00 (Gate area) 
      Partial area ratio:   33.40
      Required ratio: 3236.16 (Side area) 
      Cumulative area ratio:  215.62
      Required ratio:    0.00 (Cumulative area) 
      Cumulative area ratio: 1092.54
      Required ratio:    0.00 (Cumulative side area) 

    Layer: li1
      Partial area ratio:    0.00
      Required ratio:    0.00 (Gate area) 
      Partial area ratio:    0.00
      Required ratio:   75.00 (Side area) 
      Cumulative area ratio:    0.00
      Required ratio:    0.00 (Cumulative area) 
      Cumulative area ratio:    0.00
      Required ratio:    0.00 (Cumulative side area) 

    Via: M2M3_PR
      Partial area ratio:    0.07
      Required ratio:    6.00 (Gate area) 
      Cumulative area ratio:    1.90
      Required ratio:    0.00 (Cumulative area) 

    Via: M1M2_PR
      Partial area ratio:    0.54
      Required ratio:    6.00 (Gate area) 
      Cumulative area ratio:    0.77
      Required ratio:    0.00 (Cumulative area) 

    Via: M3M4_PR
      Partial area ratio:    0.03
      Required ratio:    6.00 (Gate area) 
      Cumulative area ratio:    1.93
      Required ratio:    0.00 (Cumulative area) 

    Via: L1M1_PR
      Partial area ratio:    0.23
      Required ratio:    3.00 (Gate area) 
      Cumulative area ratio:    0.23
      Required ratio:    0.00 (Cumulative area) 

  Pin: _5179_/A (sky130_fd_sc_hd__and2_1)
    Layer: met2
      Partial area ratio:   37.87
      Required ratio:    0.00 (Gate area) 
      Partial area ratio:  190.02
      Required ratio: 3236.16 (Side area) 
      Cumulative area ratio:  190.27
      Required ratio:    0.00 (Cumulative area) 
      Cumulative area ratio:  957.44
      Required ratio:    0.00 (Cumulative side area) 

    Layer: met3
      Partial area ratio:    6.77
      Required ratio:    0.00 (Gate area) 
      Partial area ratio:   36.72
      Required ratio: 3236.16 (Side area) 
      Cumulative area ratio:  197.03
      Required ratio:    0.00 (Cumulative area) 
      Cumulative area ratio:  994.16
      Required ratio:    0.00 (Cumulative side area) 

    Layer: met1
      Partial area ratio:  140.71
      Required ratio:    0.00 (Gate area) 
      Partial area ratio:  706.65
      Required ratio:  400.00 (Side area) (VIOLATED)
      Cumulative area ratio:  140.71
      Required ratio:    0.00 (Cumulative area) 
      Cumulative area ratio:  706.65
      Required ratio:    0.00 (Cumulative side area) 

    Layer: met3
      Partial area ratio:    6.77
      Required ratio:    0.00 (Gate area) 
      Partial area ratio:   36.72
      Required ratio: 3236.16 (Side area) 
      Cumulative area ratio:  197.03
      Required ratio:    0.00 (Cumulative area) 
      Cumulative area ratio:  994.16
      Required ratio:    0.00 (Cumulative side area) 

    Layer: met4
      Partial area ratio:    6.21
      Required ratio:    0.00 (Gate area) 
      Partial area ratio:   33.40
      Required ratio: 3236.16 (Side area) 
      Cumulative area ratio:  203.24
      Required ratio:    0.00 (Cumulative area) 
      Cumulative area ratio: 1027.56
      Required ratio:    0.00 (Cumulative side area) 

    Layer: li1
      Partial area ratio:    0.00
      Required ratio:    0.00 (Gate area) 
      Partial area ratio:    0.00
      Required ratio:   75.00 (Side area) 
      Cumulative area ratio:    0.00
      Required ratio:    0.00 (Cumulative area) 
      Cumulative area ratio:    0.00
      Required ratio:    0.00 (Cumulative side area) 

    Via: M2M3_PR
      Partial area ratio:    0.07
      Required ratio:    6.00 (Gate area) 
      Cumulative area ratio:    1.37
      Required ratio:    0.00 (Cumulative area) 

    Via: M1M2_PR
      Partial area ratio:    0.54
      Required ratio:    6.00 (Gate area) 
      Cumulative area ratio:    0.77
      Required ratio:    0.00 (Cumulative area) 

    Via: M3M4_PR
      Partial area ratio:    0.03
      Required ratio:    6.00 (Gate area) 
      Cumulative area ratio:    1.39
      Required ratio:    0.00 (Cumulative area) 

    Via: L1M1_PR
      Partial area ratio:    0.23
      Required ratio:    3.00 (Gate area) 
      Cumulative area ratio:    0.23
      Required ratio:    0.00 (Cumulative area) 


Net: _2643_
  Pin: _5849_/S (sky130_fd_sc_hd__mux2_1)
    Layer: met2
      Partial area ratio:   43.93
      Required ratio:    0.00 (Gate area) 
      Partial area ratio:  219.96
      Required ratio: 3872.32 (Side area) 
      Cumulative area ratio:  144.23
      Required ratio:    0.00 (Cumulative area) 
      Cumulative area ratio:  723.81
      Required ratio:    0.00 (Cumulative side area) 

    Layer: met1
      Partial area ratio:    2.21
      Required ratio:    0.00 (Gate area) 
      Partial area ratio:   11.81
      Required ratio:  400.00 (Side area) 
      Cumulative area ratio:    2.21
      Required ratio:    0.00 (Cumulative area) 
      Cumulative area ratio:   11.81
      Required ratio:    0.00 (Cumulative side area) 

    Layer: li1
      Partial area ratio:    0.00
      Required ratio:    0.00 (Gate area) 
      Partial area ratio:    0.00
      Required ratio:   75.00 (Side area) 
      Cumulative area ratio:    0.00
      Required ratio:    0.00 (Cumulative area) 
      Cumulative area ratio:    0.00
      Required ratio:    0.00 (Cumulative side area) 

    Layer: met3
      Partial area ratio:    2.50
      Required ratio:    0.00 (Gate area) 
      Partial area ratio:   13.52
      Required ratio: 3872.32 (Side area) 
      Cumulative area ratio:  146.73
      Required ratio:    0.00 (Cumulative area) 
      Cumulative area ratio:  737.33
      Required ratio:    0.00 (Cumulative side area) 

    Via: M2M3_PR
      Partial area ratio:    0.02
      Required ratio:    6.00 (Gate area) 
      Cumulative area ratio:    0.58
      Required ratio:    0.00 (Cumulative area) 

    Via: M1M2_PR
      Partial area ratio:    0.18
      Required ratio:    6.00 (Gate area) 
      Cumulative area ratio:    0.29
      Required ratio:    0.00 (Cumulative area) 

    Via: L1M1_PR
      Partial area ratio:    0.11
      Required ratio:    3.00 (Gate area) 
      Cumulative area ratio:    0.11
      Required ratio:    0.00 (Cumulative area) 

  Pin: _5859_/S (sky130_fd_sc_hd__mux2_1)
    Layer: met2
      Partial area ratio:   43.93
      Required ratio:    0.00 (Gate area) 
      Partial area ratio:  219.96
      Required ratio: 3872.32 (Side area) 
      Cumulative area ratio:  142.03
      Required ratio:    0.00 (Cumulative area) 
      Cumulative area ratio:  711.99
      Required ratio:    0.00 (Cumulative side area) 

    Layer: met1
      Partial area ratio:   98.10
      Required ratio:    0.00 (Gate area) 
      Partial area ratio:  492.04
      Required ratio:  400.00 (Side area) (VIOLATED)
      Cumulative area ratio:   98.10
      Required ratio:    0.00 (Cumulative area) 
      Cumulative area ratio:  492.04
      Required ratio:    0.00 (Cumulative side area) 

    Layer: li1
      Partial area ratio:    0.00
      Required ratio:    0.00 (Gate area) 
      Partial area ratio:    0.00
      Required ratio:   75.00 (Side area) 
      Cumulative area ratio:    0.00
      Required ratio:    0.00 (Cumulative area) 
      Cumulative area ratio:    0.00
      Required ratio:    0.00 (Cumulative side area) 

    Layer: met3
      Partial area ratio:    2.50
      Required ratio:    0.00 (Gate area) 
      Partial area ratio:   13.52
      Required ratio: 3872.32 (Side area) 
      Cumulative area ratio:  144.53
      Required ratio:    0.00 (Cumulative area) 
      Cumulative area ratio:  725.52
      Required ratio:    0.00 (Cumulative side area) 

    Via: M2M3_PR
      Partial area ratio:    0.02
      Required ratio:    6.00 (Gate area) 
      Cumulative area ratio:    0.40
      Required ratio:    0.00 (Cumulative area) 

    Via: M1M2_PR
      Partial area ratio:    0.27
      Required ratio:    6.00 (Gate area) 
      Cumulative area ratio:    0.38
      Required ratio:    0.00 (Cumulative area) 

    Via: L1M1_PR
      Partial area ratio:    0.11
      Required ratio:    3.00 (Gate area) 
      Cumulative area ratio:    0.11
      Required ratio:    0.00 (Cumulative area) 

  Pin: _5863_/S (sky130_fd_sc_hd__mux2_1)
    Layer: met2
      Partial area ratio:   43.93
      Required ratio:    0.00 (Gate area) 
      Partial area ratio:  219.96
      Required ratio: 3872.32 (Side area) 
      Cumulative area ratio:   54.00
      Required ratio:    0.00 (Cumulative area) 
      Cumulative area ratio:  271.87
      Required ratio:    0.00 (Cumulative side area) 

    Layer: met1
      Partial area ratio:   10.07
      Required ratio:    0.00 (Gate area) 
      Partial area ratio:   51.91
      Required ratio:  400.00 (Side area) 
      Cumulative area ratio:   10.07
      Required ratio:    0.00 (Cumulative area) 
      Cumulative area ratio:   51.91
      Required ratio:    0.00 (Cumulative side area) 

    Layer: li1
      Partial area ratio:    0.00
      Required ratio:    0.00 (Gate area) 
      Partial area ratio:    0.00
      Required ratio:   75.00 (Side area) 
      Cumulative area ratio:    0.00
      Required ratio:    0.00 (Cumulative area) 
      Cumulative area ratio:    0.00
      Required ratio:    0.00 (Cumulative side area) 

    Layer: met3
      Partial area ratio:    2.50
      Required ratio:    0.00 (Gate area) 
      Partial area ratio:   13.52
      Required ratio: 3872.32 (Side area) 
      Cumulative area ratio:   56.50
      Required ratio:    0.00 (Cumulative area) 
      Cumulative area ratio:  285.39
      Required ratio:    0.00 (Cumulative side area) 

    Via: M2M3_PR
      Partial area ratio:    0.02
      Required ratio:    6.00 (Gate area) 
      Cumulative area ratio:    0.31
      Required ratio:    0.00 (Cumulative area) 

    Via: M1M2_PR
      Partial area ratio:    0.18
      Required ratio:    6.00 (Gate area) 
      Cumulative area ratio:    0.29
      Required ratio:    0.00 (Cumulative area) 

    Via: L1M1_PR
      Partial area ratio:    0.11
      Required ratio:    3.00 (Gate area) 
      Cumulative area ratio:    0.11
      Required ratio:    0.00 (Cumulative area) 

  Pin: _5855_/S (sky130_fd_sc_hd__mux2_1)
    Layer: met2
      Partial area ratio:   43.93
      Required ratio:    0.00 (Gate area) 
      Partial area ratio:  219.96
      Required ratio: 3872.32 (Side area) 
      Cumulative area ratio:   47.85
      Required ratio:    0.00 (Cumulative area) 
      Cumulative area ratio:  240.33
      Required ratio:    0.00 (Cumulative side area) 

    Layer: met1
      Partial area ratio:    3.92
      Required ratio:    0.00 (Gate area) 
      Partial area ratio:   20.37
      Required ratio:  400.00 (Side area) 
      Cumulative area ratio:    3.92
      Required ratio:    0.00 (Cumulative area) 
      Cumulative area ratio:   20.37
      Required ratio:    0.00 (Cumulative side area) 

    Layer: li1
      Partial area ratio:    0.00
      Required ratio:    0.00 (Gate area) 
      Partial area ratio:    0.00
      Required ratio:   75.00 (Side area) 
      Cumulative area ratio:    0.00
      Required ratio:    0.00 (Cumulative area) 
      Cumulative area ratio:    0.00
      Required ratio:    0.00 (Cumulative side area) 

    Layer: met3
      Partial area ratio:    2.50
      Required ratio:    0.00 (Gate area) 
      Partial area ratio:   13.52
      Required ratio: 3872.32 (Side area) 
      Cumulative area ratio:   50.35
      Required ratio:    0.00 (Cumulative area) 
      Cumulative area ratio:  253.85
      Required ratio:    0.00 (Cumulative side area) 

    Via: M2M3_PR
      Partial area ratio:    0.02
      Required ratio:    6.00 (Gate area) 
      Cumulative area ratio:    0.31
      Required ratio:    0.00 (Cumulative area) 

    Via: M1M2_PR
      Partial area ratio:    0.18
      Required ratio:    6.00 (Gate area) 
      Cumulative area ratio:    0.29
      Required ratio:    0.00 (Cumulative area) 

    Via: L1M1_PR
      Partial area ratio:    0.11
      Required ratio:    3.00 (Gate area) 
      Cumulative area ratio:    0.11
      Required ratio:    0.00 (Cumulative area) 

  Pin: _5865_/S (sky130_fd_sc_hd__mux2_1)
    Layer: met2
      Partial area ratio:   43.93
      Required ratio:    0.00 (Gate area) 
      Partial area ratio:  219.96
      Required ratio: 3872.32 (Side area) 
      Cumulative area ratio:   85.90
      Required ratio:    0.00 (Cumulative area) 
      Cumulative area ratio:  431.57
      Required ratio:    0.00 (Cumulative side area) 

    Layer: met1
      Partial area ratio:   41.97
      Required ratio:    0.00 (Gate area) 
      Partial area ratio:  211.61
      Required ratio:  400.00 (Side area) 
      Cumulative area ratio:   41.97
      Required ratio:    0.00 (Cumulative area) 
      Cumulative area ratio:  211.61
      Required ratio:    0.00 (Cumulative side area) 

    Layer: li1
      Partial area ratio:    0.00
      Required ratio:    0.00 (Gate area) 
      Partial area ratio:    0.00
      Required ratio:   75.00 (Side area) 
      Cumulative area ratio:    0.00
      Required ratio:    0.00 (Cumulative area) 
      Cumulative area ratio:    0.00
      Required ratio:    0.00 (Cumulative side area) 

    Layer: met3
      Partial area ratio:    2.50
      Required ratio:    0.00 (Gate area) 
      Partial area ratio:   13.52
      Required ratio: 3872.32 (Side area) 
      Cumulative area ratio:   88.40
      Required ratio:    0.00 (Cumulative area) 
      Cumulative area ratio:  445.09
      Required ratio:    0.00 (Cumulative side area) 

    Via: M2M3_PR
      Partial area ratio:    0.02
      Required ratio:    6.00 (Gate area) 
      Cumulative area ratio:    0.31
      Required ratio:    0.00 (Cumulative area) 

    Via: M1M2_PR
      Partial area ratio:    0.18
      Required ratio:    6.00 (Gate area) 
      Cumulative area ratio:    0.29
      Required ratio:    0.00 (Cumulative area) 

    Via: L1M1_PR
      Partial area ratio:    0.11
      Required ratio:    3.00 (Gate area) 
      Cumulative area ratio:    0.11
      Required ratio:    0.00 (Cumulative area) 

  Pin: _5851_/S (sky130_fd_sc_hd__mux2_1)
    Layer: met2
      Partial area ratio:   43.93
      Required ratio:    0.00 (Gate area) 
      Partial area ratio:  219.96
      Required ratio: 3872.32 (Side area) 
      Cumulative area ratio:   90.31
      Required ratio:    0.00 (Cumulative area) 
      Cumulative area ratio:  454.77
      Required ratio:    0.00 (Cumulative side area) 

    Layer: met1
      Partial area ratio:    4.41
      Required ratio:    0.00 (Gate area) 
      Partial area ratio:   23.20
      Required ratio:  400.00 (Side area) 
      Cumulative area ratio:    4.41
      Required ratio:    0.00 (Cumulative area) 
      Cumulative area ratio:   23.20
      Required ratio:    0.00 (Cumulative side area) 

    Layer: li1
      Partial area ratio:    0.00
      Required ratio:    0.00 (Gate area) 
      Partial area ratio:    0.00
      Required ratio:   75.00 (Side area) 
      Cumulative area ratio:    0.00
      Required ratio:    0.00 (Cumulative area) 
      Cumulative area ratio:    0.00
      Required ratio:    0.00 (Cumulative side area) 

    Layer: met3
      Partial area ratio:    2.50
      Required ratio:    0.00 (Gate area) 
      Partial area ratio:   13.52
      Required ratio: 3872.32 (Side area) 
      Cumulative area ratio:   92.81
      Required ratio:    0.00 (Cumulative area) 
      Cumulative area ratio:  468.29
      Required ratio:    0.00 (Cumulative side area) 

    Via: M2M3_PR
      Partial area ratio:    0.02
      Required ratio:    6.00 (Gate area) 
      Cumulative area ratio:    0.44
      Required ratio:    0.00 (Cumulative area) 

    Via: M1M2_PR
      Partial area ratio:    0.13
      Required ratio:    6.00 (Gate area) 
      Cumulative area ratio:    0.25
      Required ratio:    0.00 (Cumulative area) 

    Via: L1M1_PR
      Partial area ratio:    0.11
      Required ratio:    3.00 (Gate area) 
      Cumulative area ratio:    0.11
      Required ratio:    0.00 (Cumulative area) 

  Pin: _5853_/S (sky130_fd_sc_hd__mux2_1)
    Layer: met2
      Partial area ratio:   43.93
      Required ratio:    0.00 (Gate area) 
      Partial area ratio:  219.96
      Required ratio: 3872.32 (Side area) 
      Cumulative area ratio:   90.31
      Required ratio:    0.00 (Cumulative area) 
      Cumulative area ratio:  454.77
      Required ratio:    0.00 (Cumulative side area) 

    Layer: met1
      Partial area ratio:    4.41
      Required ratio:    0.00 (Gate area) 
      Partial area ratio:   23.20
      Required ratio:  400.00 (Side area) 
      Cumulative area ratio:    4.41
      Required ratio:    0.00 (Cumulative area) 
      Cumulative area ratio:   23.20
      Required ratio:    0.00 (Cumulative side area) 

    Layer: li1
      Partial area ratio:    0.00
      Required ratio:    0.00 (Gate area) 
      Partial area ratio:    0.00
      Required ratio:   75.00 (Side area) 
      Cumulative area ratio:    0.00
      Required ratio:    0.00 (Cumulative area) 
      Cumulative area ratio:    0.00
      Required ratio:    0.00 (Cumulative side area) 

    Layer: met3
      Partial area ratio:    2.50
      Required ratio:    0.00 (Gate area) 
      Partial area ratio:   13.52
      Required ratio: 3872.32 (Side area) 
      Cumulative area ratio:   92.81
      Required ratio:    0.00 (Cumulative area) 
      Cumulative area ratio:  468.29
      Required ratio:    0.00 (Cumulative side area) 

    Via: M2M3_PR
      Partial area ratio:    0.02
      Required ratio:    6.00 (Gate area) 
      Cumulative area ratio:    0.44
      Required ratio:    0.00 (Cumulative area) 

    Via: M1M2_PR
      Partial area ratio:    0.13
      Required ratio:    6.00 (Gate area) 
      Cumulative area ratio:    0.25
      Required ratio:    0.00 (Cumulative area) 

    Via: L1M1_PR
      Partial area ratio:    0.11
      Required ratio:    3.00 (Gate area) 
      Cumulative area ratio:    0.11
      Required ratio:    0.00 (Cumulative area) 

  Pin: _5857_/S (sky130_fd_sc_hd__mux2_1)
    Layer: met2
      Partial area ratio:   43.93
      Required ratio:    0.00 (Gate area) 
      Partial area ratio:  219.96
      Required ratio: 3872.32 (Side area) 
      Cumulative area ratio:   85.90
      Required ratio:    0.00 (Cumulative area) 
      Cumulative area ratio:  431.57
      Required ratio:    0.00 (Cumulative side area) 

    Layer: met1
      Partial area ratio:   41.97
      Required ratio:    0.00 (Gate area) 
      Partial area ratio:  211.61
      Required ratio:  400.00 (Side area) 
      Cumulative area ratio:   41.97
      Required ratio:    0.00 (Cumulative area) 
      Cumulative area ratio:  211.61
      Required ratio:    0.00 (Cumulative side area) 

    Layer: li1
      Partial area ratio:    0.00
      Required ratio:    0.00 (Gate area) 
      Partial area ratio:    0.00
      Required ratio:   75.00 (Side area) 
      Cumulative area ratio:    0.00
      Required ratio:    0.00 (Cumulative area) 
      Cumulative area ratio:    0.00
      Required ratio:    0.00 (Cumulative side area) 

    Layer: met3
      Partial area ratio:    2.50
      Required ratio:    0.00 (Gate area) 
      Partial area ratio:   13.52
      Required ratio: 3872.32 (Side area) 
      Cumulative area ratio:   88.40
      Required ratio:    0.00 (Cumulative area) 
      Cumulative area ratio:  445.09
      Required ratio:    0.00 (Cumulative side area) 

    Via: M2M3_PR
      Partial area ratio:    0.02
      Required ratio:    6.00 (Gate area) 
      Cumulative area ratio:    0.31
      Required ratio:    0.00 (Cumulative area) 

    Via: M1M2_PR
      Partial area ratio:    0.18
      Required ratio:    6.00 (Gate area) 
      Cumulative area ratio:    0.29
      Required ratio:    0.00 (Cumulative area) 

    Via: L1M1_PR
      Partial area ratio:    0.11
      Required ratio:    3.00 (Gate area) 
      Cumulative area ratio:    0.11
      Required ratio:    0.00 (Cumulative area) 

  Pin: _5861_/S (sky130_fd_sc_hd__mux2_1)
    Layer: met3
      Partial area ratio:    2.50
      Required ratio:    0.00 (Gate area) 
      Partial area ratio:   13.52
      Required ratio: 3872.32 (Side area) 
      Cumulative area ratio:    3.93
      Required ratio:    0.00 (Cumulative area) 
      Cumulative area ratio:   21.45
      Required ratio:    0.00 (Cumulative side area) 

    Layer: met2
      Partial area ratio:    0.00
      Required ratio:    0.00 (Gate area) 
      Partial area ratio:    0.00
      Required ratio:  400.00 (Side area) 
      Cumulative area ratio:    1.43
      Required ratio:    0.00 (Cumulative area) 
      Cumulative area ratio:    7.93
      Required ratio:    0.00 (Cumulative side area) 

    Layer: met1
      Partial area ratio:    1.43
      Required ratio:    0.00 (Gate area) 
      Partial area ratio:    7.93
      Required ratio:  400.00 (Side area) 
      Cumulative area ratio:    1.43
      Required ratio:    0.00 (Cumulative area) 
      Cumulative area ratio:    7.93
      Required ratio:    0.00 (Cumulative side area) 

    Layer: li1
      Partial area ratio:    0.00
      Required ratio:    0.00 (Gate area) 
      Partial area ratio:    0.00
      Required ratio:   75.00 (Side area) 
      Cumulative area ratio:    0.00
      Required ratio:    0.00 (Cumulative area) 
      Cumulative area ratio:    0.00
      Required ratio:    0.00 (Cumulative side area) 

    Via: M2M3_PR
      Partial area ratio:    0.16
      Required ratio:    6.00 (Gate area) 
      Cumulative area ratio:    0.45
      Required ratio:    0.00 (Cumulative area) 

    Via: M1M2_PR
      Partial area ratio:    0.18
      Required ratio:    6.00 (Gate area) 
      Cumulative area ratio:    0.29
      Required ratio:    0.00 (Cumulative area) 

    Via: L1M1_PR
      Partial area ratio:    0.11
      Required ratio:    3.00 (Gate area) 
      Cumulative area ratio:    0.11
      Required ratio:    0.00 (Cumulative area) 

  Pin: _5847_/S (sky130_fd_sc_hd__mux2_1)
    Layer: met1
      Partial area ratio:   97.64
      Required ratio:    0.00 (Gate area) 
      Partial area ratio:  490.54
      Required ratio: 3872.32 (Side area) 
      Cumulative area ratio:   97.64
      Required ratio:    0.00 (Cumulative area) 
      Cumulative area ratio:  490.54
      Required ratio:    0.00 (Cumulative side area) 

    Layer: met2
      Partial area ratio:   43.93
      Required ratio:    0.00 (Gate area) 
      Partial area ratio:  219.96
      Required ratio: 3872.32 (Side area) 
      Cumulative area ratio:  141.57
      Required ratio:    0.00 (Cumulative area) 
      Cumulative area ratio:  710.49
      Required ratio:    0.00 (Cumulative side area) 

    Layer: met3
      Partial area ratio:    2.50
      Required ratio:    0.00 (Gate area) 
      Partial area ratio:   13.52
      Required ratio: 3872.32 (Side area) 
      Cumulative area ratio:  144.07
      Required ratio:    0.00 (Cumulative area) 
      Cumulative area ratio:  724.02
      Required ratio:    0.00 (Cumulative side area) 

    Layer: met2
      Partial area ratio:   43.93
      Required ratio:    0.00 (Gate area) 
      Partial area ratio:  219.96
      Required ratio: 3872.32 (Side area) 
      Cumulative area ratio:  141.57
      Required ratio:    0.00 (Cumulative area) 
      Cumulative area ratio:  710.49
      Required ratio:    0.00 (Cumulative side area) 

    Layer: met2
      Partial area ratio:   43.93
      Required ratio:    0.00 (Gate area) 
      Partial area ratio:  219.96
      Required ratio: 3872.32 (Side area) 
      Cumulative area ratio:  141.57
      Required ratio:    0.00 (Cumulative area) 
      Cumulative area ratio:  710.49
      Required ratio:    0.00 (Cumulative side area) 

    Layer: li1
      Partial area ratio:    0.00
      Required ratio:    0.00 (Gate area) 
      Partial area ratio:    0.00
      Required ratio:   75.00 (Side area) 
      Cumulative area ratio:    0.00
      Required ratio:    0.00 (Cumulative area) 
      Cumulative area ratio:    0.00
      Required ratio:    0.00 (Cumulative side area) 

    Via: M1M2_PR
      Partial area ratio:    0.27
      Required ratio:    6.00 (Gate area) 
      Cumulative area ratio:    0.38
      Required ratio:    0.00 (Cumulative area) 

    Via: M2M3_PR
      Partial area ratio:    0.02
      Required ratio:    6.00 (Gate area) 
      Cumulative area ratio:    0.40
      Required ratio:    0.00 (Cumulative area) 

    Via: L1M1_PR
      Partial area ratio:    0.11
      Required ratio:    3.00 (Gate area) 
      Cumulative area ratio:    0.11
      Required ratio:    0.00 (Cumulative area) 


Net: aclk
  Pin: clkbuf_0_aclk/A (sky130_fd_sc_hd__clkbuf_16)
    Layer: met3
      Partial area ratio:   85.62
      Required ratio:    0.00 (Gate area) 
      Partial area ratio:  458.33
      Required ratio:  400.00 (Side area) (VIOLATED)
      Cumulative area ratio:  158.61
      Required ratio:    0.00 (Cumulative area) 
      Cumulative area ratio:  823.72
      Required ratio:    0.00 (Cumulative side area) 

    Layer: met2
      Partial area ratio:   72.61
      Required ratio:    0.00 (Gate area) 
      Partial area ratio:  363.28
      Required ratio:  400.00 (Side area) 
      Cumulative area ratio:   72.99
      Required ratio:    0.00 (Cumulative area) 
      Cumulative area ratio:  365.39
      Required ratio:    0.00 (Cumulative side area) 

    Layer: met1
      Partial area ratio:    0.38
      Required ratio:    0.00 (Gate area) 
      Partial area ratio:    2.11
      Required ratio:  400.00 (Side area) 
      Cumulative area ratio:    0.38
      Required ratio:    0.00 (Cumulative area) 
      Cumulative area ratio:    2.11
      Required ratio:    0.00 (Cumulative side area) 

    Layer: li1
      Partial area ratio:    0.00
      Required ratio:    0.00 (Gate area) 
      Partial area ratio:    0.00
      Required ratio:   75.00 (Side area) 
      Cumulative area ratio:    0.00
      Required ratio:    0.00 (Cumulative area) 
      Cumulative area ratio:    0.00
      Required ratio:    0.00 (Cumulative side area) 

    Via: M2M3_PR
      Partial area ratio:    0.05
      Required ratio:    6.00 (Gate area) 
      Cumulative area ratio:    0.13
      Required ratio:    0.00 (Cumulative area) 

    Via: M1M2_PR
      Partial area ratio:    0.05
      Required ratio:    6.00 (Gate area) 
      Cumulative area ratio:    0.09
      Required ratio:    0.00 (Cumulative area) 

    Via: L1M1_PR
      Partial area ratio:    0.03
      Required ratio:    3.00 (Gate area) 
      Cumulative area ratio:    0.03
      Required ratio:    0.00 (Cumulative area) 


Net: u_read_arbiter.r_target_slave\[1\]
  Pin: _6664_/B (sky130_fd_sc_hd__nand2_1)
    Layer: met2
      Partial area ratio:    4.84
      Required ratio:    0.00 (Gate area) 
      Partial area ratio:   24.27
      Required ratio: 2956.40 (Side area) 
      Cumulative area ratio:    7.24
      Required ratio:    0.00 (Cumulative area) 
      Cumulative area ratio:   37.08
      Required ratio:    0.00 (Cumulative side area) 

    Layer: met1
      Partial area ratio:    2.40
      Required ratio:    0.00 (Gate area) 
      Partial area ratio:   12.81
      Required ratio:  400.00 (Side area) 
      Cumulative area ratio:    2.40
      Required ratio:    0.00 (Cumulative area) 
      Cumulative area ratio:   12.81
      Required ratio:    0.00 (Cumulative side area) 

    Layer: li1
      Partial area ratio:    0.00
      Required ratio:    0.00 (Gate area) 
      Partial area ratio:    0.00
      Required ratio:   75.00 (Side area) 
      Cumulative area ratio:    0.00
      Required ratio:    0.00 (Cumulative area) 
      Cumulative area ratio:    0.00
      Required ratio:    0.00 (Cumulative side area) 

    Via: M1M2_PR
      Partial area ratio:    0.18
      Required ratio:    6.00 (Gate area) 
      Cumulative area ratio:    0.30
      Required ratio:    0.00 (Cumulative area) 

    Via: L1M1_PR
      Partial area ratio:    0.12
      Required ratio:    3.00 (Gate area) 
      Cumulative area ratio:    0.12
      Required ratio:    0.00 (Cumulative area) 

  Pin: _4501_/A1 (sky130_fd_sc_hd__a21o_1)
    Layer: met2
      Partial area ratio:    4.84
      Required ratio:    0.00 (Gate area) 
      Partial area ratio:   24.27
      Required ratio: 2956.40 (Side area) 
      Cumulative area ratio:    7.11
      Required ratio:    0.00 (Cumulative area) 
      Cumulative area ratio:   36.66
      Required ratio:    0.00 (Cumulative side area) 

    Layer: met1
      Partial area ratio:    2.27
      Required ratio:    0.00 (Gate area) 
      Partial area ratio:   12.39
      Required ratio:  400.00 (Side area) 
      Cumulative area ratio:    2.27
      Required ratio:    0.00 (Cumulative area) 
      Cumulative area ratio:   12.39
      Required ratio:    0.00 (Cumulative side area) 

    Layer: li1
      Partial area ratio:    0.00
      Required ratio:    0.00 (Gate area) 
      Partial area ratio:    0.00
      Required ratio:   75.00 (Side area) 
      Cumulative area ratio:    0.00
      Required ratio:    0.00 (Cumulative area) 
      Cumulative area ratio:    0.00
      Required ratio:    0.00 (Cumulative side area) 

    Via: M1M2_PR
      Partial area ratio:    0.12
      Required ratio:    6.00 (Gate area) 
      Cumulative area ratio:    0.24
      Required ratio:    0.00 (Cumulative area) 

    Via: L1M1_PR
      Partial area ratio:    0.12
      Required ratio:    3.00 (Gate area) 
      Cumulative area ratio:    0.12
      Required ratio:    0.00 (Cumulative area) 

  Pin: _4507_/A1 (sky130_fd_sc_hd__a21o_1)
    Layer: met2
      Partial area ratio:    4.84
      Required ratio:    0.00 (Gate area) 
      Partial area ratio:   24.27
      Required ratio: 2956.40 (Side area) 
      Cumulative area ratio:    7.11
      Required ratio:    0.00 (Cumulative area) 
      Cumulative area ratio:   36.66
      Required ratio:    0.00 (Cumulative side area) 

    Layer: met1
      Partial area ratio:    2.27
      Required ratio:    0.00 (Gate area) 
      Partial area ratio:   12.39
      Required ratio:  400.00 (Side area) 
      Cumulative area ratio:    2.27
      Required ratio:    0.00 (Cumulative area) 
      Cumulative area ratio:   12.39
      Required ratio:    0.00 (Cumulative side area) 

    Layer: li1
      Partial area ratio:    0.00
      Required ratio:    0.00 (Gate area) 
      Partial area ratio:    0.00
      Required ratio:   75.00 (Side area) 
      Cumulative area ratio:    0.00
      Required ratio:    0.00 (Cumulative area) 
      Cumulative area ratio:    0.00
      Required ratio:    0.00 (Cumulative side area) 

    Via: M1M2_PR
      Partial area ratio:    0.12
      Required ratio:    6.00 (Gate area) 
      Cumulative area ratio:    0.24
      Required ratio:    0.00 (Cumulative area) 

    Via: L1M1_PR
      Partial area ratio:    0.12
      Required ratio:    3.00 (Gate area) 
      Cumulative area ratio:    0.12
      Required ratio:    0.00 (Cumulative area) 

  Pin: _4533_/A1 (sky130_fd_sc_hd__a21o_1)
    Layer: met2
      Partial area ratio:    4.84
      Required ratio:    0.00 (Gate area) 
      Partial area ratio:   24.27
      Required ratio: 2956.40 (Side area) 
      Cumulative area ratio:    7.11
      Required ratio:    0.00 (Cumulative area) 
      Cumulative area ratio:   36.66
      Required ratio:    0.00 (Cumulative side area) 

    Layer: met1
      Partial area ratio:    2.27
      Required ratio:    0.00 (Gate area) 
      Partial area ratio:   12.39
      Required ratio:  400.00 (Side area) 
      Cumulative area ratio:    2.27
      Required ratio:    0.00 (Cumulative area) 
      Cumulative area ratio:   12.39
      Required ratio:    0.00 (Cumulative side area) 

    Layer: li1
      Partial area ratio:    0.00
      Required ratio:    0.00 (Gate area) 
      Partial area ratio:    0.00
      Required ratio:   75.00 (Side area) 
      Cumulative area ratio:    0.00
      Required ratio:    0.00 (Cumulative area) 
      Cumulative area ratio:    0.00
      Required ratio:    0.00 (Cumulative side area) 

    Via: M1M2_PR
      Partial area ratio:    0.12
      Required ratio:    6.00 (Gate area) 
      Cumulative area ratio:    0.24
      Required ratio:    0.00 (Cumulative area) 

    Via: L1M1_PR
      Partial area ratio:    0.12
      Required ratio:    3.00 (Gate area) 
      Cumulative area ratio:    0.12
      Required ratio:    0.00 (Cumulative area) 

  Pin: _4343_/A1 (sky130_fd_sc_hd__a21o_1)
    Layer: met2
      Partial area ratio:    4.84
      Required ratio:    0.00 (Gate area) 
      Partial area ratio:   24.27
      Required ratio: 2956.40 (Side area) 
      Cumulative area ratio:  343.00
      Required ratio:    0.00 (Cumulative area) 
      Cumulative area ratio: 1719.71
      Required ratio:    0.00 (Cumulative side area) 

    Layer: met1
      Partial area ratio:    1.03
      Required ratio:    0.00 (Gate area) 
      Partial area ratio:    5.95
      Required ratio:  400.00 (Side area) 
      Cumulative area ratio:    1.03
      Required ratio:    0.00 (Cumulative area) 
      Cumulative area ratio:    5.95
      Required ratio:    0.00 (Cumulative side area) 

    Layer: li1
      Partial area ratio:    0.00
      Required ratio:    0.00 (Gate area) 
      Partial area ratio:    0.00
      Required ratio:   75.00 (Side area) 
      Cumulative area ratio:    0.00
      Required ratio:    0.00 (Cumulative area) 
      Cumulative area ratio:    0.00
      Required ratio:    0.00 (Cumulative side area) 

    Via: M1M2_PR
      Partial area ratio:    0.14
      Required ratio:    6.00 (Gate area) 
      Cumulative area ratio:    0.25
      Required ratio:    0.00 (Cumulative area) 

    Via: L1M1_PR
      Partial area ratio:    0.12
      Required ratio:    3.00 (Gate area) 
      Cumulative area ratio:    0.12
      Required ratio:    0.00 (Cumulative area) 

  Pin: _4299_/A1 (sky130_fd_sc_hd__a21o_1)
    Layer: met2
      Partial area ratio:    4.84
      Required ratio:    0.00 (Gate area) 
      Partial area ratio:   24.27
      Required ratio: 2956.40 (Side area) 
      Cumulative area ratio:  343.00
      Required ratio:    0.00 (Cumulative area) 
      Cumulative area ratio: 1719.71
      Required ratio:    0.00 (Cumulative side area) 

    Layer: met1
      Partial area ratio:    1.03
      Required ratio:    0.00 (Gate area) 
      Partial area ratio:    5.95
      Required ratio:  400.00 (Side area) 
      Cumulative area ratio:    1.03
      Required ratio:    0.00 (Cumulative area) 
      Cumulative area ratio:    5.95
      Required ratio:    0.00 (Cumulative side area) 

    Layer: li1
      Partial area ratio:    0.00
      Required ratio:    0.00 (Gate area) 
      Partial area ratio:    0.00
      Required ratio:   75.00 (Side area) 
      Cumulative area ratio:    0.00
      Required ratio:    0.00 (Cumulative area) 
      Cumulative area ratio:    0.00
      Required ratio:    0.00 (Cumulative side area) 

    Via: M1M2_PR
      Partial area ratio:    0.14
      Required ratio:    6.00 (Gate area) 
      Cumulative area ratio:    0.25
      Required ratio:    0.00 (Cumulative area) 

    Via: L1M1_PR
      Partial area ratio:    0.12
      Required ratio:    3.00 (Gate area) 
      Cumulative area ratio:    0.12
      Required ratio:    0.00 (Cumulative area) 

  Pin: _4314_/A1 (sky130_fd_sc_hd__a21o_1)
    Layer: met2
      Partial area ratio:    4.84
      Required ratio:    0.00 (Gate area) 
      Partial area ratio:   24.27
      Required ratio: 2956.40 (Side area) 
      Cumulative area ratio:  341.97
      Required ratio:    0.00 (Cumulative area) 
      Cumulative area ratio: 1713.76
      Required ratio:    0.00 (Cumulative side area) 

    Layer: met1
      Partial area ratio:    6.99
      Required ratio:    0.00 (Gate area) 
      Partial area ratio:   36.49
      Required ratio:  400.00 (Side area) 
      Cumulative area ratio:    6.99
      Required ratio:    0.00 (Cumulative area) 
      Cumulative area ratio:   36.49
      Required ratio:    0.00 (Cumulative side area) 

    Layer: li1
      Partial area ratio:    0.00
      Required ratio:    0.00 (Gate area) 
      Partial area ratio:    0.00
      Required ratio:   75.00 (Side area) 
      Cumulative area ratio:    0.00
      Required ratio:    0.00 (Cumulative area) 
      Cumulative area ratio:    0.00
      Required ratio:    0.00 (Cumulative side area) 

    Via: M1M2_PR
      Partial area ratio:    0.11
      Required ratio:    6.00 (Gate area) 
      Cumulative area ratio:    0.22
      Required ratio:    0.00 (Cumulative area) 

    Via: L1M1_PR
      Partial area ratio:    0.12
      Required ratio:    3.00 (Gate area) 
      Cumulative area ratio:    0.12
      Required ratio:    0.00 (Cumulative area) 

  Pin: _4390_/A1 (sky130_fd_sc_hd__a21o_1)
    Layer: met2
      Partial area ratio:    4.84
      Required ratio:    0.00 (Gate area) 
      Partial area ratio:   24.27
      Required ratio: 2956.40 (Side area) 
      Cumulative area ratio:  341.97
      Required ratio:    0.00 (Cumulative area) 
      Cumulative area ratio: 1713.76
      Required ratio:    0.00 (Cumulative side area) 

    Layer: met1
      Partial area ratio:    6.99
      Required ratio:    0.00 (Gate area) 
      Partial area ratio:   36.49
      Required ratio:  400.00 (Side area) 
      Cumulative area ratio:    6.99
      Required ratio:    0.00 (Cumulative area) 
      Cumulative area ratio:   36.49
      Required ratio:    0.00 (Cumulative side area) 

    Layer: li1
      Partial area ratio:    0.00
      Required ratio:    0.00 (Gate area) 
      Partial area ratio:    0.00
      Required ratio:   75.00 (Side area) 
      Cumulative area ratio:    0.00
      Required ratio:    0.00 (Cumulative area) 
      Cumulative area ratio:    0.00
      Required ratio:    0.00 (Cumulative side area) 

    Via: M1M2_PR
      Partial area ratio:    0.11
      Required ratio:    6.00 (Gate area) 
      Cumulative area ratio:    0.22
      Required ratio:    0.00 (Cumulative area) 

    Via: L1M1_PR
      Partial area ratio:    0.12
      Required ratio:    3.00 (Gate area) 
      Cumulative area ratio:    0.12
      Required ratio:    0.00 (Cumulative area) 

  Pin: _4302_/A1 (sky130_fd_sc_hd__a21o_1)
    Layer: met2
      Partial area ratio:    4.84
      Required ratio:    0.00 (Gate area) 
      Partial area ratio:   24.27
      Required ratio: 2956.40 (Side area) 
      Cumulative area ratio:  341.97
      Required ratio:    0.00 (Cumulative area) 
      Cumulative area ratio: 1713.76
      Required ratio:    0.00 (Cumulative side area) 

    Layer: met1
      Partial area ratio:    6.99
      Required ratio:    0.00 (Gate area) 
      Partial area ratio:   36.49
      Required ratio:  400.00 (Side area) 
      Cumulative area ratio:    6.99
      Required ratio:    0.00 (Cumulative area) 
      Cumulative area ratio:   36.49
      Required ratio:    0.00 (Cumulative side area) 

    Layer: li1
      Partial area ratio:    0.00
      Required ratio:    0.00 (Gate area) 
      Partial area ratio:    0.00
      Required ratio:   75.00 (Side area) 
      Cumulative area ratio:    0.00
      Required ratio:    0.00 (Cumulative area) 
      Cumulative area ratio:    0.00
      Required ratio:    0.00 (Cumulative side area) 

    Via: M1M2_PR
      Partial area ratio:    0.11
      Required ratio:    6.00 (Gate area) 
      Cumulative area ratio:    0.22
      Required ratio:    0.00 (Cumulative area) 

    Via: L1M1_PR
      Partial area ratio:    0.12
      Required ratio:    3.00 (Gate area) 
      Cumulative area ratio:    0.12
      Required ratio:    0.00 (Cumulative area) 

  Pin: _4311_/A1 (sky130_fd_sc_hd__a21o_1)
    Layer: met2
      Partial area ratio:    4.84
      Required ratio:    0.00 (Gate area) 
      Partial area ratio:   24.27
      Required ratio: 2956.40 (Side area) 
      Cumulative area ratio:  341.97
      Required ratio:    0.00 (Cumulative area) 
      Cumulative area ratio: 1713.76
      Required ratio:    0.00 (Cumulative side area) 

    Layer: met1
      Partial area ratio:    6.99
      Required ratio:    0.00 (Gate area) 
      Partial area ratio:   36.49
      Required ratio:  400.00 (Side area) 
      Cumulative area ratio:    6.99
      Required ratio:    0.00 (Cumulative area) 
      Cumulative area ratio:   36.49
      Required ratio:    0.00 (Cumulative side area) 

    Layer: li1
      Partial area ratio:    0.00
      Required ratio:    0.00 (Gate area) 
      Partial area ratio:    0.00
      Required ratio:   75.00 (Side area) 
      Cumulative area ratio:    0.00
      Required ratio:    0.00 (Cumulative area) 
      Cumulative area ratio:    0.00
      Required ratio:    0.00 (Cumulative side area) 

    Via: M1M2_PR
      Partial area ratio:    0.11
      Required ratio:    6.00 (Gate area) 
      Cumulative area ratio:    0.22
      Required ratio:    0.00 (Cumulative area) 

    Via: L1M1_PR
      Partial area ratio:    0.12
      Required ratio:    3.00 (Gate area) 
      Cumulative area ratio:    0.12
      Required ratio:    0.00 (Cumulative area) 

  Pin: _4337_/A1 (sky130_fd_sc_hd__a21o_1)
    Layer: met2
      Partial area ratio:    4.84
      Required ratio:    0.00 (Gate area) 
      Partial area ratio:   24.27
      Required ratio: 2956.40 (Side area) 
      Cumulative area ratio:  341.97
      Required ratio:    0.00 (Cumulative area) 
      Cumulative area ratio: 1713.76
      Required ratio:    0.00 (Cumulative side area) 

    Layer: met1
      Partial area ratio:    6.99
      Required ratio:    0.00 (Gate area) 
      Partial area ratio:   36.49
      Required ratio:  400.00 (Side area) 
      Cumulative area ratio:    6.99
      Required ratio:    0.00 (Cumulative area) 
      Cumulative area ratio:   36.49
      Required ratio:    0.00 (Cumulative side area) 

    Layer: li1
      Partial area ratio:    0.00
      Required ratio:    0.00 (Gate area) 
      Partial area ratio:    0.00
      Required ratio:   75.00 (Side area) 
      Cumulative area ratio:    0.00
      Required ratio:    0.00 (Cumulative area) 
      Cumulative area ratio:    0.00
      Required ratio:    0.00 (Cumulative side area) 

    Via: M1M2_PR
      Partial area ratio:    0.11
      Required ratio:    6.00 (Gate area) 
      Cumulative area ratio:    0.22
      Required ratio:    0.00 (Cumulative area) 

    Via: L1M1_PR
      Partial area ratio:    0.12
      Required ratio:    3.00 (Gate area) 
      Cumulative area ratio:    0.12
      Required ratio:    0.00 (Cumulative area) 

  Pin: _4346_/A1 (sky130_fd_sc_hd__a21o_1)
    Layer: met2
      Partial area ratio:    4.84
      Required ratio:    0.00 (Gate area) 
      Partial area ratio:   24.27
      Required ratio: 2956.40 (Side area) 
      Cumulative area ratio:  341.97
      Required ratio:    0.00 (Cumulative area) 
      Cumulative area ratio: 1713.76
      Required ratio:    0.00 (Cumulative side area) 

    Layer: met1
      Partial area ratio:    6.99
      Required ratio:    0.00 (Gate area) 
      Partial area ratio:   36.49
      Required ratio:  400.00 (Side area) 
      Cumulative area ratio:    6.99
      Required ratio:    0.00 (Cumulative area) 
      Cumulative area ratio:   36.49
      Required ratio:    0.00 (Cumulative side area) 

    Layer: li1
      Partial area ratio:    0.00
      Required ratio:    0.00 (Gate area) 
      Partial area ratio:    0.00
      Required ratio:   75.00 (Side area) 
      Cumulative area ratio:    0.00
      Required ratio:    0.00 (Cumulative area) 
      Cumulative area ratio:    0.00
      Required ratio:    0.00 (Cumulative side area) 

    Via: M1M2_PR
      Partial area ratio:    0.11
      Required ratio:    6.00 (Gate area) 
      Cumulative area ratio:    0.22
      Required ratio:    0.00 (Cumulative area) 

    Via: L1M1_PR
      Partial area ratio:    0.12
      Required ratio:    3.00 (Gate area) 
      Cumulative area ratio:    0.12
      Required ratio:    0.00 (Cumulative area) 

  Pin: _4381_/A1 (sky130_fd_sc_hd__a21o_1)
    Layer: met2
      Partial area ratio:    4.84
      Required ratio:    0.00 (Gate area) 
      Partial area ratio:   24.27
      Required ratio: 2956.40 (Side area) 
      Cumulative area ratio:  341.97
      Required ratio:    0.00 (Cumulative area) 
      Cumulative area ratio: 1713.76
      Required ratio:    0.00 (Cumulative side area) 

    Layer: met1
      Partial area ratio:    6.99
      Required ratio:    0.00 (Gate area) 
      Partial area ratio:   36.49
      Required ratio:  400.00 (Side area) 
      Cumulative area ratio:    6.99
      Required ratio:    0.00 (Cumulative area) 
      Cumulative area ratio:   36.49
      Required ratio:    0.00 (Cumulative side area) 

    Layer: li1
      Partial area ratio:    0.00
      Required ratio:    0.00 (Gate area) 
      Partial area ratio:    0.00
      Required ratio:   75.00 (Side area) 
      Cumulative area ratio:    0.00
      Required ratio:    0.00 (Cumulative area) 
      Cumulative area ratio:    0.00
      Required ratio:    0.00 (Cumulative side area) 

    Via: M1M2_PR
      Partial area ratio:    0.11
      Required ratio:    6.00 (Gate area) 
      Cumulative area ratio:    0.22
      Required ratio:    0.00 (Cumulative area) 

    Via: L1M1_PR
      Partial area ratio:    0.12
      Required ratio:    3.00 (Gate area) 
      Cumulative area ratio:    0.12
      Required ratio:    0.00 (Cumulative area) 

  Pin: _4387_/A1 (sky130_fd_sc_hd__a21o_1)
    Layer: met2
      Partial area ratio:    4.84
      Required ratio:    0.00 (Gate area) 
      Partial area ratio:   24.27
      Required ratio: 2956.40 (Side area) 
      Cumulative area ratio:  341.97
      Required ratio:    0.00 (Cumulative area) 
      Cumulative area ratio: 1713.76
      Required ratio:    0.00 (Cumulative side area) 

    Layer: met1
      Partial area ratio:    6.99
      Required ratio:    0.00 (Gate area) 
      Partial area ratio:   36.49
      Required ratio:  400.00 (Side area) 
      Cumulative area ratio:    6.99
      Required ratio:    0.00 (Cumulative area) 
      Cumulative area ratio:   36.49
      Required ratio:    0.00 (Cumulative side area) 

    Layer: li1
      Partial area ratio:    0.00
      Required ratio:    0.00 (Gate area) 
      Partial area ratio:    0.00
      Required ratio:   75.00 (Side area) 
      Cumulative area ratio:    0.00
      Required ratio:    0.00 (Cumulative area) 
      Cumulative area ratio:    0.00
      Required ratio:    0.00 (Cumulative side area) 

    Via: M1M2_PR
      Partial area ratio:    0.11
      Required ratio:    6.00 (Gate area) 
      Cumulative area ratio:    0.22
      Required ratio:    0.00 (Cumulative area) 

    Via: L1M1_PR
      Partial area ratio:    0.12
      Required ratio:    3.00 (Gate area) 
      Cumulative area ratio:    0.12
      Required ratio:    0.00 (Cumulative area) 

  Pin: _4320_/A1 (sky130_fd_sc_hd__a21o_1)
    Layer: met2
      Partial area ratio:    4.84
      Required ratio:    0.00 (Gate area) 
      Partial area ratio:   24.27
      Required ratio: 2956.40 (Side area) 
      Cumulative area ratio:  343.26
      Required ratio:    0.00 (Cumulative area) 
      Cumulative area ratio: 1721.02
      Required ratio:    0.00 (Cumulative side area) 

    Layer: met1
      Partial area ratio:    1.29
      Required ratio:    0.00 (Gate area) 
      Partial area ratio:    7.25
      Required ratio:  400.00 (Side area) 
      Cumulative area ratio:    1.29
      Required ratio:    0.00 (Cumulative area) 
      Cumulative area ratio:    7.25
      Required ratio:    0.00 (Cumulative side area) 

    Layer: li1
      Partial area ratio:    0.00
      Required ratio:    0.00 (Gate area) 
      Partial area ratio:    0.00
      Required ratio:   75.00 (Side area) 
      Cumulative area ratio:    0.00
      Required ratio:    0.00 (Cumulative area) 
      Cumulative area ratio:    0.00
      Required ratio:    0.00 (Cumulative side area) 

    Via: M1M2_PR
      Partial area ratio:    0.18
      Required ratio:    6.00 (Gate area) 
      Cumulative area ratio:    0.30
      Required ratio:    0.00 (Cumulative area) 

    Via: L1M1_PR
      Partial area ratio:    0.12
      Required ratio:    3.00 (Gate area) 
      Cumulative area ratio:    0.12
      Required ratio:    0.00 (Cumulative area) 

  Pin: _4324_/A1 (sky130_fd_sc_hd__a21o_1)
    Layer: met2
      Partial area ratio:    4.84
      Required ratio:    0.00 (Gate area) 
      Partial area ratio:   24.27
      Required ratio: 2956.40 (Side area) 
      Cumulative area ratio:  341.97
      Required ratio:    0.00 (Cumulative area) 
      Cumulative area ratio: 1713.76
      Required ratio:    0.00 (Cumulative side area) 

    Layer: met1
      Partial area ratio:    6.99
      Required ratio:    0.00 (Gate area) 
      Partial area ratio:   36.49
      Required ratio:  400.00 (Side area) 
      Cumulative area ratio:    6.99
      Required ratio:    0.00 (Cumulative area) 
      Cumulative area ratio:   36.49
      Required ratio:    0.00 (Cumulative side area) 

    Layer: li1
      Partial area ratio:    0.00
      Required ratio:    0.00 (Gate area) 
      Partial area ratio:    0.00
      Required ratio:   75.00 (Side area) 
      Cumulative area ratio:    0.00
      Required ratio:    0.00 (Cumulative area) 
      Cumulative area ratio:    0.00
      Required ratio:    0.00 (Cumulative side area) 

    Via: M1M2_PR
      Partial area ratio:    0.11
      Required ratio:    6.00 (Gate area) 
      Cumulative area ratio:    0.22
      Required ratio:    0.00 (Cumulative area) 

    Via: L1M1_PR
      Partial area ratio:    0.12
      Required ratio:    3.00 (Gate area) 
      Cumulative area ratio:    0.12
      Required ratio:    0.00 (Cumulative area) 

  Pin: _4352_/A1 (sky130_fd_sc_hd__a21o_1)
    Layer: met2
      Partial area ratio:    4.84
      Required ratio:    0.00 (Gate area) 
      Partial area ratio:   24.27
      Required ratio: 2956.40 (Side area) 
      Cumulative area ratio:  341.97
      Required ratio:    0.00 (Cumulative area) 
      Cumulative area ratio: 1713.76
      Required ratio:    0.00 (Cumulative side area) 

    Layer: met1
      Partial area ratio:    6.99
      Required ratio:    0.00 (Gate area) 
      Partial area ratio:   36.49
      Required ratio:  400.00 (Side area) 
      Cumulative area ratio:    6.99
      Required ratio:    0.00 (Cumulative area) 
      Cumulative area ratio:   36.49
      Required ratio:    0.00 (Cumulative side area) 

    Layer: li1
      Partial area ratio:    0.00
      Required ratio:    0.00 (Gate area) 
      Partial area ratio:    0.00
      Required ratio:   75.00 (Side area) 
      Cumulative area ratio:    0.00
      Required ratio:    0.00 (Cumulative area) 
      Cumulative area ratio:    0.00
      Required ratio:    0.00 (Cumulative side area) 

    Via: M1M2_PR
      Partial area ratio:    0.11
      Required ratio:    6.00 (Gate area) 
      Cumulative area ratio:    0.22
      Required ratio:    0.00 (Cumulative area) 

    Via: L1M1_PR
      Partial area ratio:    0.12
      Required ratio:    3.00 (Gate area) 
      Cumulative area ratio:    0.12
      Required ratio:    0.00 (Cumulative area) 

  Pin: _4334_/A1 (sky130_fd_sc_hd__a21o_1)
    Layer: met2
      Partial area ratio:    4.84
      Required ratio:    0.00 (Gate area) 
      Partial area ratio:   24.27
      Required ratio: 2956.40 (Side area) 
      Cumulative area ratio:  341.97
      Required ratio:    0.00 (Cumulative area) 
      Cumulative area ratio: 1713.76
      Required ratio:    0.00 (Cumulative side area) 

    Layer: met1
      Partial area ratio:    6.99
      Required ratio:    0.00 (Gate area) 
      Partial area ratio:   36.49
      Required ratio:  400.00 (Side area) 
      Cumulative area ratio:    6.99
      Required ratio:    0.00 (Cumulative area) 
      Cumulative area ratio:   36.49
      Required ratio:    0.00 (Cumulative side area) 

    Layer: li1
      Partial area ratio:    0.00
      Required ratio:    0.00 (Gate area) 
      Partial area ratio:    0.00
      Required ratio:   75.00 (Side area) 
      Cumulative area ratio:    0.00
      Required ratio:    0.00 (Cumulative area) 
      Cumulative area ratio:    0.00
      Required ratio:    0.00 (Cumulative side area) 

    Via: M1M2_PR
      Partial area ratio:    0.11
      Required ratio:    6.00 (Gate area) 
      Cumulative area ratio:    0.22
      Required ratio:    0.00 (Cumulative area) 

    Via: L1M1_PR
      Partial area ratio:    0.12
      Required ratio:    3.00 (Gate area) 
      Cumulative area ratio:    0.12
      Required ratio:    0.00 (Cumulative area) 

  Pin: _4378_/A1 (sky130_fd_sc_hd__a21o_1)
    Layer: met2
      Partial area ratio:    4.84
      Required ratio:    0.00 (Gate area) 
      Partial area ratio:   24.27
      Required ratio: 2956.40 (Side area) 
      Cumulative area ratio:  341.97
      Required ratio:    0.00 (Cumulative area) 
      Cumulative area ratio: 1713.76
      Required ratio:    0.00 (Cumulative side area) 

    Layer: met1
      Partial area ratio:    6.99
      Required ratio:    0.00 (Gate area) 
      Partial area ratio:   36.49
      Required ratio:  400.00 (Side area) 
      Cumulative area ratio:    6.99
      Required ratio:    0.00 (Cumulative area) 
      Cumulative area ratio:   36.49
      Required ratio:    0.00 (Cumulative side area) 

    Layer: li1
      Partial area ratio:    0.00
      Required ratio:    0.00 (Gate area) 
      Partial area ratio:    0.00
      Required ratio:   75.00 (Side area) 
      Cumulative area ratio:    0.00
      Required ratio:    0.00 (Cumulative area) 
      Cumulative area ratio:    0.00
      Required ratio:    0.00 (Cumulative side area) 

    Via: M1M2_PR
      Partial area ratio:    0.11
      Required ratio:    6.00 (Gate area) 
      Cumulative area ratio:    0.22
      Required ratio:    0.00 (Cumulative area) 

    Via: L1M1_PR
      Partial area ratio:    0.12
      Required ratio:    3.00 (Gate area) 
      Cumulative area ratio:    0.12
      Required ratio:    0.00 (Cumulative area) 

  Pin: _4363_/A1 (sky130_fd_sc_hd__a21o_1)
    Layer: met2
      Partial area ratio:    4.84
      Required ratio:    0.00 (Gate area) 
      Partial area ratio:   24.27
      Required ratio: 2956.40 (Side area) 
      Cumulative area ratio:  341.97
      Required ratio:    0.00 (Cumulative area) 
      Cumulative area ratio: 1713.76
      Required ratio:    0.00 (Cumulative side area) 

    Layer: met1
      Partial area ratio:    6.99
      Required ratio:    0.00 (Gate area) 
      Partial area ratio:   36.49
      Required ratio:  400.00 (Side area) 
      Cumulative area ratio:    6.99
      Required ratio:    0.00 (Cumulative area) 
      Cumulative area ratio:   36.49
      Required ratio:    0.00 (Cumulative side area) 

    Layer: li1
      Partial area ratio:    0.00
      Required ratio:    0.00 (Gate area) 
      Partial area ratio:    0.00
      Required ratio:   75.00 (Side area) 
      Cumulative area ratio:    0.00
      Required ratio:    0.00 (Cumulative area) 
      Cumulative area ratio:    0.00
      Required ratio:    0.00 (Cumulative side area) 

    Via: M1M2_PR
      Partial area ratio:    0.11
      Required ratio:    6.00 (Gate area) 
      Cumulative area ratio:    0.22
      Required ratio:    0.00 (Cumulative area) 

    Via: L1M1_PR
      Partial area ratio:    0.12
      Required ratio:    3.00 (Gate area) 
      Cumulative area ratio:    0.12
      Required ratio:    0.00 (Cumulative area) 

  Pin: _4369_/A1 (sky130_fd_sc_hd__a21o_1)
    Layer: met2
      Partial area ratio:    4.84
      Required ratio:    0.00 (Gate area) 
      Partial area ratio:   24.27
      Required ratio: 2956.40 (Side area) 
      Cumulative area ratio:  341.97
      Required ratio:    0.00 (Cumulative area) 
      Cumulative area ratio: 1713.76
      Required ratio:    0.00 (Cumulative side area) 

    Layer: met1
      Partial area ratio:    6.99
      Required ratio:    0.00 (Gate area) 
      Partial area ratio:   36.49
      Required ratio:  400.00 (Side area) 
      Cumulative area ratio:    6.99
      Required ratio:    0.00 (Cumulative area) 
      Cumulative area ratio:   36.49
      Required ratio:    0.00 (Cumulative side area) 

    Layer: li1
      Partial area ratio:    0.00
      Required ratio:    0.00 (Gate area) 
      Partial area ratio:    0.00
      Required ratio:   75.00 (Side area) 
      Cumulative area ratio:    0.00
      Required ratio:    0.00 (Cumulative area) 
      Cumulative area ratio:    0.00
      Required ratio:    0.00 (Cumulative side area) 

    Via: M1M2_PR
      Partial area ratio:    0.11
      Required ratio:    6.00 (Gate area) 
      Cumulative area ratio:    0.22
      Required ratio:    0.00 (Cumulative area) 

    Via: L1M1_PR
      Partial area ratio:    0.12
      Required ratio:    3.00 (Gate area) 
      Cumulative area ratio:    0.12
      Required ratio:    0.00 (Cumulative area) 

  Pin: _4291_/A1 (sky130_fd_sc_hd__a21o_1)
    Layer: met2
      Partial area ratio:    4.84
      Required ratio:    0.00 (Gate area) 
      Partial area ratio:   24.27
      Required ratio: 2956.40 (Side area) 
      Cumulative area ratio:  341.97
      Required ratio:    0.00 (Cumulative area) 
      Cumulative area ratio: 1713.76
      Required ratio:    0.00 (Cumulative side area) 

    Layer: met1
      Partial area ratio:    6.99
      Required ratio:    0.00 (Gate area) 
      Partial area ratio:   36.49
      Required ratio:  400.00 (Side area) 
      Cumulative area ratio:    6.99
      Required ratio:    0.00 (Cumulative area) 
      Cumulative area ratio:   36.49
      Required ratio:    0.00 (Cumulative side area) 

    Layer: li1
      Partial area ratio:    0.00
      Required ratio:    0.00 (Gate area) 
      Partial area ratio:    0.00
      Required ratio:   75.00 (Side area) 
      Cumulative area ratio:    0.00
      Required ratio:    0.00 (Cumulative area) 
      Cumulative area ratio:    0.00
      Required ratio:    0.00 (Cumulative side area) 

    Via: M1M2_PR
      Partial area ratio:    0.11
      Required ratio:    6.00 (Gate area) 
      Cumulative area ratio:    0.22
      Required ratio:    0.00 (Cumulative area) 

    Via: L1M1_PR
      Partial area ratio:    0.12
      Required ratio:    3.00 (Gate area) 
      Cumulative area ratio:    0.12
      Required ratio:    0.00 (Cumulative area) 

  Pin: _4328_/A1 (sky130_fd_sc_hd__a21o_1)
    Layer: met2
      Partial area ratio:    4.84
      Required ratio:    0.00 (Gate area) 
      Partial area ratio:   24.27
      Required ratio: 2956.40 (Side area) 
      Cumulative area ratio:  341.97
      Required ratio:    0.00 (Cumulative area) 
      Cumulative area ratio: 1713.76
      Required ratio:    0.00 (Cumulative side area) 

    Layer: met1
      Partial area ratio:    6.99
      Required ratio:    0.00 (Gate area) 
      Partial area ratio:   36.49
      Required ratio:  400.00 (Side area) 
      Cumulative area ratio:    6.99
      Required ratio:    0.00 (Cumulative area) 
      Cumulative area ratio:   36.49
      Required ratio:    0.00 (Cumulative side area) 

    Layer: li1
      Partial area ratio:    0.00
      Required ratio:    0.00 (Gate area) 
      Partial area ratio:    0.00
      Required ratio:   75.00 (Side area) 
      Cumulative area ratio:    0.00
      Required ratio:    0.00 (Cumulative area) 
      Cumulative area ratio:    0.00
      Required ratio:    0.00 (Cumulative side area) 

    Via: M1M2_PR
      Partial area ratio:    0.11
      Required ratio:    6.00 (Gate area) 
      Cumulative area ratio:    0.22
      Required ratio:    0.00 (Cumulative area) 

    Via: L1M1_PR
      Partial area ratio:    0.12
      Required ratio:    3.00 (Gate area) 
      Cumulative area ratio:    0.12
      Required ratio:    0.00 (Cumulative area) 

  Pin: _4349_/A1 (sky130_fd_sc_hd__a21o_1)
    Layer: met2
      Partial area ratio:    4.84
      Required ratio:    0.00 (Gate area) 
      Partial area ratio:   24.27
      Required ratio: 2956.40 (Side area) 
      Cumulative area ratio:  341.97
      Required ratio:    0.00 (Cumulative area) 
      Cumulative area ratio: 1713.76
      Required ratio:    0.00 (Cumulative side area) 

    Layer: met1
      Partial area ratio:    6.99
      Required ratio:    0.00 (Gate area) 
      Partial area ratio:   36.49
      Required ratio:  400.00 (Side area) 
      Cumulative area ratio:    6.99
      Required ratio:    0.00 (Cumulative area) 
      Cumulative area ratio:   36.49
      Required ratio:    0.00 (Cumulative side area) 

    Layer: li1
      Partial area ratio:    0.00
      Required ratio:    0.00 (Gate area) 
      Partial area ratio:    0.00
      Required ratio:   75.00 (Side area) 
      Cumulative area ratio:    0.00
      Required ratio:    0.00 (Cumulative area) 
      Cumulative area ratio:    0.00
      Required ratio:    0.00 (Cumulative side area) 

    Via: M1M2_PR
      Partial area ratio:    0.11
      Required ratio:    6.00 (Gate area) 
      Cumulative area ratio:    0.22
      Required ratio:    0.00 (Cumulative area) 

    Via: L1M1_PR
      Partial area ratio:    0.12
      Required ratio:    3.00 (Gate area) 
      Cumulative area ratio:    0.12
      Required ratio:    0.00 (Cumulative area) 

  Pin: _4331_/A1 (sky130_fd_sc_hd__a21o_1)
    Layer: met2
      Partial area ratio:    4.84
      Required ratio:    0.00 (Gate area) 
      Partial area ratio:   24.27
      Required ratio: 2956.40 (Side area) 
      Cumulative area ratio:  341.97
      Required ratio:    0.00 (Cumulative area) 
      Cumulative area ratio: 1713.76
      Required ratio:    0.00 (Cumulative side area) 

    Layer: met1
      Partial area ratio:    6.99
      Required ratio:    0.00 (Gate area) 
      Partial area ratio:   36.49
      Required ratio:  400.00 (Side area) 
      Cumulative area ratio:    6.99
      Required ratio:    0.00 (Cumulative area) 
      Cumulative area ratio:   36.49
      Required ratio:    0.00 (Cumulative side area) 

    Layer: li1
      Partial area ratio:    0.00
      Required ratio:    0.00 (Gate area) 
      Partial area ratio:    0.00
      Required ratio:   75.00 (Side area) 
      Cumulative area ratio:    0.00
      Required ratio:    0.00 (Cumulative area) 
      Cumulative area ratio:    0.00
      Required ratio:    0.00 (Cumulative side area) 

    Via: M1M2_PR
      Partial area ratio:    0.11
      Required ratio:    6.00 (Gate area) 
      Cumulative area ratio:    0.22
      Required ratio:    0.00 (Cumulative area) 

    Via: L1M1_PR
      Partial area ratio:    0.12
      Required ratio:    3.00 (Gate area) 
      Cumulative area ratio:    0.12
      Required ratio:    0.00 (Cumulative area) 

  Pin: _4384_/A1 (sky130_fd_sc_hd__a21o_1)
    Layer: met2
      Partial area ratio:    4.84
      Required ratio:    0.00 (Gate area) 
      Partial area ratio:   24.27
      Required ratio: 2956.40 (Side area) 
      Cumulative area ratio:  341.97
      Required ratio:    0.00 (Cumulative area) 
      Cumulative area ratio: 1713.76
      Required ratio:    0.00 (Cumulative side area) 

    Layer: met1
      Partial area ratio:    6.99
      Required ratio:    0.00 (Gate area) 
      Partial area ratio:   36.49
      Required ratio:  400.00 (Side area) 
      Cumulative area ratio:    6.99
      Required ratio:    0.00 (Cumulative area) 
      Cumulative area ratio:   36.49
      Required ratio:    0.00 (Cumulative side area) 

    Layer: li1
      Partial area ratio:    0.00
      Required ratio:    0.00 (Gate area) 
      Partial area ratio:    0.00
      Required ratio:   75.00 (Side area) 
      Cumulative area ratio:    0.00
      Required ratio:    0.00 (Cumulative area) 
      Cumulative area ratio:    0.00
      Required ratio:    0.00 (Cumulative side area) 

    Via: M1M2_PR
      Partial area ratio:    0.11
      Required ratio:    6.00 (Gate area) 
      Cumulative area ratio:    0.22
      Required ratio:    0.00 (Cumulative area) 

    Via: L1M1_PR
      Partial area ratio:    0.12
      Required ratio:    3.00 (Gate area) 
      Cumulative area ratio:    0.12
      Required ratio:    0.00 (Cumulative area) 

  Pin: _4356_/A1 (sky130_fd_sc_hd__a21o_1)
    Layer: met2
      Partial area ratio:    4.84
      Required ratio:    0.00 (Gate area) 
      Partial area ratio:   24.27
      Required ratio: 2956.40 (Side area) 
      Cumulative area ratio:  341.97
      Required ratio:    0.00 (Cumulative area) 
      Cumulative area ratio: 1713.76
      Required ratio:    0.00 (Cumulative side area) 

    Layer: met1
      Partial area ratio:    6.99
      Required ratio:    0.00 (Gate area) 
      Partial area ratio:   36.49
      Required ratio:  400.00 (Side area) 
      Cumulative area ratio:    6.99
      Required ratio:    0.00 (Cumulative area) 
      Cumulative area ratio:   36.49
      Required ratio:    0.00 (Cumulative side area) 

    Layer: li1
      Partial area ratio:    0.00
      Required ratio:    0.00 (Gate area) 
      Partial area ratio:    0.00
      Required ratio:   75.00 (Side area) 
      Cumulative area ratio:    0.00
      Required ratio:    0.00 (Cumulative area) 
      Cumulative area ratio:    0.00
      Required ratio:    0.00 (Cumulative side area) 

    Via: M1M2_PR
      Partial area ratio:    0.11
      Required ratio:    6.00 (Gate area) 
      Cumulative area ratio:    0.22
      Required ratio:    0.00 (Cumulative area) 

    Via: L1M1_PR
      Partial area ratio:    0.12
      Required ratio:    3.00 (Gate area) 
      Cumulative area ratio:    0.12
      Required ratio:    0.00 (Cumulative area) 

  Pin: _4271_/A (sky130_fd_sc_hd__nand2_1)
    Layer: met2
      Partial area ratio:    4.84
      Required ratio:    0.00 (Gate area) 
      Partial area ratio:   24.27
      Required ratio: 2956.40 (Side area) 
      Cumulative area ratio:  341.97
      Required ratio:    0.00 (Cumulative area) 
      Cumulative area ratio: 1713.76
      Required ratio:    0.00 (Cumulative side area) 

    Layer: met1
      Partial area ratio:    6.99
      Required ratio:    0.00 (Gate area) 
      Partial area ratio:   36.49
      Required ratio:  400.00 (Side area) 
      Cumulative area ratio:    6.99
      Required ratio:    0.00 (Cumulative area) 
      Cumulative area ratio:   36.49
      Required ratio:    0.00 (Cumulative side area) 

    Layer: li1
      Partial area ratio:    0.00
      Required ratio:    0.00 (Gate area) 
      Partial area ratio:    0.00
      Required ratio:   75.00 (Side area) 
      Cumulative area ratio:    0.00
      Required ratio:    0.00 (Cumulative area) 
      Cumulative area ratio:    0.00
      Required ratio:    0.00 (Cumulative side area) 

    Via: M1M2_PR
      Partial area ratio:    0.11
      Required ratio:    6.00 (Gate area) 
      Cumulative area ratio:    0.22
      Required ratio:    0.00 (Cumulative area) 

    Via: L1M1_PR
      Partial area ratio:    0.12
      Required ratio:    3.00 (Gate area) 
      Cumulative area ratio:    0.12
      Required ratio:    0.00 (Cumulative area) 

  Pin: _4372_/A1 (sky130_fd_sc_hd__a21o_1)
    Layer: met2
      Partial area ratio:    4.84
      Required ratio:    0.00 (Gate area) 
      Partial area ratio:   24.27
      Required ratio: 2956.40 (Side area) 
      Cumulative area ratio:  341.97
      Required ratio:    0.00 (Cumulative area) 
      Cumulative area ratio: 1713.76
      Required ratio:    0.00 (Cumulative side area) 

    Layer: met1
      Partial area ratio:    6.99
      Required ratio:    0.00 (Gate area) 
      Partial area ratio:   36.49
      Required ratio:  400.00 (Side area) 
      Cumulative area ratio:    6.99
      Required ratio:    0.00 (Cumulative area) 
      Cumulative area ratio:   36.49
      Required ratio:    0.00 (Cumulative side area) 

    Layer: li1
      Partial area ratio:    0.00
      Required ratio:    0.00 (Gate area) 
      Partial area ratio:    0.00
      Required ratio:   75.00 (Side area) 
      Cumulative area ratio:    0.00
      Required ratio:    0.00 (Cumulative area) 
      Cumulative area ratio:    0.00
      Required ratio:    0.00 (Cumulative side area) 

    Via: M1M2_PR
      Partial area ratio:    0.11
      Required ratio:    6.00 (Gate area) 
      Cumulative area ratio:    0.22
      Required ratio:    0.00 (Cumulative area) 

    Via: L1M1_PR
      Partial area ratio:    0.12
      Required ratio:    3.00 (Gate area) 
      Cumulative area ratio:    0.12
      Required ratio:    0.00 (Cumulative area) 

  Pin: _4317_/A1 (sky130_fd_sc_hd__a21o_1)
    Layer: met2
      Partial area ratio:    4.84
      Required ratio:    0.00 (Gate area) 
      Partial area ratio:   24.27
      Required ratio: 2956.40 (Side area) 
      Cumulative area ratio:  341.97
      Required ratio:    0.00 (Cumulative area) 
      Cumulative area ratio: 1713.76
      Required ratio:    0.00 (Cumulative side area) 

    Layer: met1
      Partial area ratio:    6.99
      Required ratio:    0.00 (Gate area) 
      Partial area ratio:   36.49
      Required ratio:  400.00 (Side area) 
      Cumulative area ratio:    6.99
      Required ratio:    0.00 (Cumulative area) 
      Cumulative area ratio:   36.49
      Required ratio:    0.00 (Cumulative side area) 

    Layer: li1
      Partial area ratio:    0.00
      Required ratio:    0.00 (Gate area) 
      Partial area ratio:    0.00
      Required ratio:   75.00 (Side area) 
      Cumulative area ratio:    0.00
      Required ratio:    0.00 (Cumulative area) 
      Cumulative area ratio:    0.00
      Required ratio:    0.00 (Cumulative side area) 

    Via: M1M2_PR
      Partial area ratio:    0.11
      Required ratio:    6.00 (Gate area) 
      Cumulative area ratio:    0.22
      Required ratio:    0.00 (Cumulative area) 

    Via: L1M1_PR
      Partial area ratio:    0.12
      Required ratio:    3.00 (Gate area) 
      Cumulative area ratio:    0.12
      Required ratio:    0.00 (Cumulative area) 

  Pin: _4375_/A1 (sky130_fd_sc_hd__a21o_1)
    Layer: met2
      Partial area ratio:    4.84
      Required ratio:    0.00 (Gate area) 
      Partial area ratio:   24.27
      Required ratio: 2956.40 (Side area) 
      Cumulative area ratio:  341.97
      Required ratio:    0.00 (Cumulative area) 
      Cumulative area ratio: 1713.76
      Required ratio:    0.00 (Cumulative side area) 

    Layer: met1
      Partial area ratio:    6.99
      Required ratio:    0.00 (Gate area) 
      Partial area ratio:   36.49
      Required ratio:  400.00 (Side area) 
      Cumulative area ratio:    6.99
      Required ratio:    0.00 (Cumulative area) 
      Cumulative area ratio:   36.49
      Required ratio:    0.00 (Cumulative side area) 

    Layer: li1
      Partial area ratio:    0.00
      Required ratio:    0.00 (Gate area) 
      Partial area ratio:    0.00
      Required ratio:   75.00 (Side area) 
      Cumulative area ratio:    0.00
      Required ratio:    0.00 (Cumulative area) 
      Cumulative area ratio:    0.00
      Required ratio:    0.00 (Cumulative side area) 

    Via: M1M2_PR
      Partial area ratio:    0.11
      Required ratio:    6.00 (Gate area) 
      Cumulative area ratio:    0.22
      Required ratio:    0.00 (Cumulative area) 

    Via: L1M1_PR
      Partial area ratio:    0.12
      Required ratio:    3.00 (Gate area) 
      Cumulative area ratio:    0.12
      Required ratio:    0.00 (Cumulative area) 

  Pin: _4340_/A1 (sky130_fd_sc_hd__a21o_1)
    Layer: met2
      Partial area ratio:    4.84
      Required ratio:    0.00 (Gate area) 
      Partial area ratio:   24.27
      Required ratio: 2956.40 (Side area) 
      Cumulative area ratio:  349.18
      Required ratio:    0.00 (Cumulative area) 
      Cumulative area ratio: 1751.13
      Required ratio:    0.00 (Cumulative side area) 

    Layer: met1
      Partial area ratio:    7.21
      Required ratio:    0.00 (Gate area) 
      Partial area ratio:   37.37
      Required ratio:  400.00 (Side area) 
      Cumulative area ratio:    7.21
      Required ratio:    0.00 (Cumulative area) 
      Cumulative area ratio:   37.37
      Required ratio:    0.00 (Cumulative side area) 

    Layer: li1
      Partial area ratio:    0.00
      Required ratio:    0.00 (Gate area) 
      Partial area ratio:    0.00
      Required ratio:   75.00 (Side area) 
      Cumulative area ratio:    0.00
      Required ratio:    0.00 (Cumulative area) 
      Cumulative area ratio:    0.00
      Required ratio:    0.00 (Cumulative side area) 

    Via: M1M2_PR
      Partial area ratio:    0.12
      Required ratio:    6.00 (Gate area) 
      Cumulative area ratio:    0.24
      Required ratio:    0.00 (Cumulative area) 

    Via: L1M1_PR
      Partial area ratio:    0.12
      Required ratio:    3.00 (Gate area) 
      Cumulative area ratio:    0.12
      Required ratio:    0.00 (Cumulative area) 

  Pin: _4366_/A1 (sky130_fd_sc_hd__a21o_1)
    Layer: met2
      Partial area ratio:    4.84
      Required ratio:    0.00 (Gate area) 
      Partial area ratio:   24.27
      Required ratio: 2956.40 (Side area) 
      Cumulative area ratio:  349.18
      Required ratio:    0.00 (Cumulative area) 
      Cumulative area ratio: 1751.13
      Required ratio:    0.00 (Cumulative side area) 

    Layer: met1
      Partial area ratio:    7.21
      Required ratio:    0.00 (Gate area) 
      Partial area ratio:   37.37
      Required ratio:  400.00 (Side area) 
      Cumulative area ratio:    7.21
      Required ratio:    0.00 (Cumulative area) 
      Cumulative area ratio:   37.37
      Required ratio:    0.00 (Cumulative side area) 

    Layer: li1
      Partial area ratio:    0.00
      Required ratio:    0.00 (Gate area) 
      Partial area ratio:    0.00
      Required ratio:   75.00 (Side area) 
      Cumulative area ratio:    0.00
      Required ratio:    0.00 (Cumulative area) 
      Cumulative area ratio:    0.00
      Required ratio:    0.00 (Cumulative side area) 

    Via: M1M2_PR
      Partial area ratio:    0.12
      Required ratio:    6.00 (Gate area) 
      Cumulative area ratio:    0.24
      Required ratio:    0.00 (Cumulative area) 

    Via: L1M1_PR
      Partial area ratio:    0.12
      Required ratio:    3.00 (Gate area) 
      Cumulative area ratio:    0.12
      Required ratio:    0.00 (Cumulative area) 

  Pin: _4360_/A1 (sky130_fd_sc_hd__a21o_1)
    Layer: met2
      Partial area ratio:    4.84
      Required ratio:    0.00 (Gate area) 
      Partial area ratio:   24.27
      Required ratio: 2956.40 (Side area) 
      Cumulative area ratio:  349.18
      Required ratio:    0.00 (Cumulative area) 
      Cumulative area ratio: 1751.13
      Required ratio:    0.00 (Cumulative side area) 

    Layer: met1
      Partial area ratio:    7.21
      Required ratio:    0.00 (Gate area) 
      Partial area ratio:   37.37
      Required ratio:  400.00 (Side area) 
      Cumulative area ratio:    7.21
      Required ratio:    0.00 (Cumulative area) 
      Cumulative area ratio:   37.37
      Required ratio:    0.00 (Cumulative side area) 

    Layer: li1
      Partial area ratio:    0.00
      Required ratio:    0.00 (Gate area) 
      Partial area ratio:    0.00
      Required ratio:   75.00 (Side area) 
      Cumulative area ratio:    0.00
      Required ratio:    0.00 (Cumulative area) 
      Cumulative area ratio:    0.00
      Required ratio:    0.00 (Cumulative side area) 

    Via: M1M2_PR
      Partial area ratio:    0.12
      Required ratio:    6.00 (Gate area) 
      Cumulative area ratio:    0.24
      Required ratio:    0.00 (Cumulative area) 

    Via: L1M1_PR
      Partial area ratio:    0.12
      Required ratio:    3.00 (Gate area) 
      Cumulative area ratio:    0.12
      Required ratio:    0.00 (Cumulative area) 

  Pin: _4296_/A1 (sky130_fd_sc_hd__a21o_1)
    Layer: met2
      Partial area ratio:    4.84
      Required ratio:    0.00 (Gate area) 
      Partial area ratio:   24.27
      Required ratio: 2956.40 (Side area) 
      Cumulative area ratio:  341.97
      Required ratio:    0.00 (Cumulative area) 
      Cumulative area ratio: 1713.76
      Required ratio:    0.00 (Cumulative side area) 

    Layer: met1
      Partial area ratio:    6.99
      Required ratio:    0.00 (Gate area) 
      Partial area ratio:   36.49
      Required ratio:  400.00 (Side area) 
      Cumulative area ratio:    6.99
      Required ratio:    0.00 (Cumulative area) 
      Cumulative area ratio:   36.49
      Required ratio:    0.00 (Cumulative side area) 

    Layer: li1
      Partial area ratio:    0.00
      Required ratio:    0.00 (Gate area) 
      Partial area ratio:    0.00
      Required ratio:   75.00 (Side area) 
      Cumulative area ratio:    0.00
      Required ratio:    0.00 (Cumulative area) 
      Cumulative area ratio:    0.00
      Required ratio:    0.00 (Cumulative side area) 

    Via: M1M2_PR
      Partial area ratio:    0.11
      Required ratio:    6.00 (Gate area) 
      Cumulative area ratio:    0.22
      Required ratio:    0.00 (Cumulative area) 

    Via: L1M1_PR
      Partial area ratio:    0.12
      Required ratio:    3.00 (Gate area) 
      Cumulative area ratio:    0.12
      Required ratio:    0.00 (Cumulative area) 

  Pin: _4308_/A1 (sky130_fd_sc_hd__a21o_1)
    Layer: met2
      Partial area ratio:    4.84
      Required ratio:    0.00 (Gate area) 
      Partial area ratio:   24.27
      Required ratio: 2956.40 (Side area) 
      Cumulative area ratio:  341.97
      Required ratio:    0.00 (Cumulative area) 
      Cumulative area ratio: 1713.76
      Required ratio:    0.00 (Cumulative side area) 

    Layer: met1
      Partial area ratio:    6.99
      Required ratio:    0.00 (Gate area) 
      Partial area ratio:   36.49
      Required ratio:  400.00 (Side area) 
      Cumulative area ratio:    6.99
      Required ratio:    0.00 (Cumulative area) 
      Cumulative area ratio:   36.49
      Required ratio:    0.00 (Cumulative side area) 

    Layer: li1
      Partial area ratio:    0.00
      Required ratio:    0.00 (Gate area) 
      Partial area ratio:    0.00
      Required ratio:   75.00 (Side area) 
      Cumulative area ratio:    0.00
      Required ratio:    0.00 (Cumulative area) 
      Cumulative area ratio:    0.00
      Required ratio:    0.00 (Cumulative side area) 

    Via: M1M2_PR
      Partial area ratio:    0.11
      Required ratio:    6.00 (Gate area) 
      Cumulative area ratio:    0.22
      Required ratio:    0.00 (Cumulative area) 

    Via: L1M1_PR
      Partial area ratio:    0.12
      Required ratio:    3.00 (Gate area) 
      Cumulative area ratio:    0.12
      Required ratio:    0.00 (Cumulative area) 

  Pin: _4305_/A1 (sky130_fd_sc_hd__a21o_1)
    Layer: met2
      Partial area ratio:    4.84
      Required ratio:    0.00 (Gate area) 
      Partial area ratio:   24.27
      Required ratio: 2956.40 (Side area) 
      Cumulative area ratio:  341.97
      Required ratio:    0.00 (Cumulative area) 
      Cumulative area ratio: 1713.76
      Required ratio:    0.00 (Cumulative side area) 

    Layer: met1
      Partial area ratio:    6.99
      Required ratio:    0.00 (Gate area) 
      Partial area ratio:   36.49
      Required ratio:  400.00 (Side area) 
      Cumulative area ratio:    6.99
      Required ratio:    0.00 (Cumulative area) 
      Cumulative area ratio:   36.49
      Required ratio:    0.00 (Cumulative side area) 

    Layer: li1
      Partial area ratio:    0.00
      Required ratio:    0.00 (Gate area) 
      Partial area ratio:    0.00
      Required ratio:   75.00 (Side area) 
      Cumulative area ratio:    0.00
      Required ratio:    0.00 (Cumulative area) 
      Cumulative area ratio:    0.00
      Required ratio:    0.00 (Cumulative side area) 

    Via: M1M2_PR
      Partial area ratio:    0.11
      Required ratio:    6.00 (Gate area) 
      Cumulative area ratio:    0.22
      Required ratio:    0.00 (Cumulative area) 

    Via: L1M1_PR
      Partial area ratio:    0.12
      Required ratio:    3.00 (Gate area) 
      Cumulative area ratio:    0.12
      Required ratio:    0.00 (Cumulative area) 

  Pin: _4603_/C (sky130_fd_sc_hd__and3_1)
    Layer: met2
      Partial area ratio:    4.84
      Required ratio:    0.00 (Gate area) 
      Partial area ratio:   24.27
      Required ratio: 2956.40 (Side area) 
      Cumulative area ratio:  341.97
      Required ratio:    0.00 (Cumulative area) 
      Cumulative area ratio: 1713.76
      Required ratio:    0.00 (Cumulative side area) 

    Layer: met1
      Partial area ratio:    6.99
      Required ratio:    0.00 (Gate area) 
      Partial area ratio:   36.49
      Required ratio:  400.00 (Side area) 
      Cumulative area ratio:    6.99
      Required ratio:    0.00 (Cumulative area) 
      Cumulative area ratio:   36.49
      Required ratio:    0.00 (Cumulative side area) 

    Layer: li1
      Partial area ratio:    0.00
      Required ratio:    0.00 (Gate area) 
      Partial area ratio:    0.00
      Required ratio:   75.00 (Side area) 
      Cumulative area ratio:    0.00
      Required ratio:    0.00 (Cumulative area) 
      Cumulative area ratio:    0.00
      Required ratio:    0.00 (Cumulative side area) 

    Via: M1M2_PR
      Partial area ratio:    0.11
      Required ratio:    6.00 (Gate area) 
      Cumulative area ratio:    0.34
      Required ratio:    0.00 (Cumulative area) 

    Via: L1M1_PR
      Partial area ratio:    0.23
      Required ratio:    3.00 (Gate area) 
      Cumulative area ratio:    0.23
      Required ratio:    0.00 (Cumulative area) 

  Pin: _3379_/B (sky130_fd_sc_hd__and3_1)
    Layer: met2
      Partial area ratio:    4.84
      Required ratio:    0.00 (Gate area) 
      Partial area ratio:   24.27
      Required ratio: 2956.40 (Side area) 
      Cumulative area ratio:  334.97
      Required ratio:    0.00 (Cumulative area) 
      Cumulative area ratio: 1677.27
      Required ratio:    0.00 (Cumulative side area) 

    Layer: met1
      Partial area ratio:  330.13
      Required ratio:    0.00 (Gate area) 
      Partial area ratio: 1653.00
      Required ratio:  400.00 (Side area) (VIOLATED)
      Cumulative area ratio:  330.13
      Required ratio:    0.00 (Cumulative area) 
      Cumulative area ratio: 1653.00
      Required ratio:    0.00 (Cumulative side area) 

    Layer: li1
      Partial area ratio:    0.00
      Required ratio:    0.00 (Gate area) 
      Partial area ratio:    0.00
      Required ratio:   75.00 (Side area) 
      Cumulative area ratio:    0.00
      Required ratio:    0.00 (Cumulative area) 
      Cumulative area ratio:    0.00
      Required ratio:    0.00 (Cumulative side area) 

    Via: M1M2_PR
      Partial area ratio:    0.54
      Required ratio:    6.00 (Gate area) 
      Cumulative area ratio:    0.77
      Required ratio:    0.00 (Cumulative area) 

    Via: L1M1_PR
      Partial area ratio:    0.23
      Required ratio:    3.00 (Gate area) 
      Cumulative area ratio:    0.23
      Required ratio:    0.00 (Cumulative area) 


Net: net107
  Pin: _4501_/A2 (sky130_fd_sc_hd__a21o_1)
    Layer: met2
      Partial area ratio:   46.92
      Required ratio:    0.00 (Gate area) 
      Partial area ratio:  234.97
      Required ratio: 2778.20 (Side area) 
      Cumulative area ratio:  222.42
      Required ratio:    0.00 (Cumulative area) 
      Cumulative area ratio: 1113.68
      Required ratio:    0.00 (Cumulative side area) 

    Layer: met1
      Partial area ratio:  175.50
      Required ratio:    0.00 (Gate area) 
      Partial area ratio:  878.71
      Required ratio:  400.00 (Side area) (VIOLATED)
      Cumulative area ratio:  175.50
      Required ratio:    0.00 (Cumulative area) 
      Cumulative area ratio:  878.71
      Required ratio:    0.00 (Cumulative side area) 

    Layer: li1
      Partial area ratio:    0.00
      Required ratio:    0.00 (Gate area) 
      Partial area ratio:    0.00
      Required ratio:   75.00 (Side area) 
      Cumulative area ratio:    0.00
      Required ratio:    0.00 (Cumulative area) 
      Cumulative area ratio:    0.00
      Required ratio:    0.00 (Cumulative side area) 

    Via: M1M2_PR
      Partial area ratio:    0.18
      Required ratio:    6.00 (Gate area) 
      Cumulative area ratio:    0.30
      Required ratio:    0.00 (Cumulative area) 

    Via: L1M1_PR
      Partial area ratio:    0.12
      Required ratio:    3.00 (Gate area) 
      Cumulative area ratio:    0.12
      Required ratio:    0.00 (Cumulative area) 


Net: net108
  Pin: _4507_/A2 (sky130_fd_sc_hd__a21o_1)
    Layer: met1
      Partial area ratio:  193.38
      Required ratio:    0.00 (Gate area) 
      Partial area ratio:  968.08
      Required ratio:  400.00 (Side area) (VIOLATED)
      Cumulative area ratio:  193.38
      Required ratio:    0.00 (Cumulative area) 
      Cumulative area ratio:  968.08
      Required ratio:    0.00 (Cumulative side area) 

    Layer: li1
      Partial area ratio:    0.00
      Required ratio:    0.00 (Gate area) 
      Partial area ratio:    0.00
      Required ratio:   75.00 (Side area) 
      Cumulative area ratio:    0.00
      Required ratio:    0.00 (Cumulative area) 
      Cumulative area ratio:    0.00
      Required ratio:    0.00 (Cumulative side area) 

    Via: M1M2_PR
      Partial area ratio:    0.18
      Required ratio:    6.00 (Gate area) 
      Cumulative area ratio:    0.30
      Required ratio:    0.00 (Cumulative area) 

    Via: L1M1_PR
      Partial area ratio:    0.12
      Required ratio:    3.00 (Gate area) 
      Cumulative area ratio:    0.12
      Required ratio:    0.00 (Cumulative area) 


Net: net162
  Pin: _6381_/A_N (sky130_fd_sc_hd__nand3b_1)
    Layer: met3
      Partial area ratio:  592.14
      Required ratio:    0.00 (Gate area) 
      Partial area ratio: 3161.90
      Required ratio: 2753.36 (Side area) (VIOLATED)
      Cumulative area ratio:  596.63
      Required ratio:    0.00 (Cumulative area) 
      Cumulative area ratio: 3185.90
      Required ratio:    0.00 (Cumulative side area) 

    Layer: met2
      Partial area ratio:    0.00
      Required ratio:    0.00 (Gate area) 
      Partial area ratio:    0.00
      Required ratio:  400.00 (Side area) 
      Cumulative area ratio:    4.49
      Required ratio:    0.00 (Cumulative area) 
      Cumulative area ratio:   24.00
      Required ratio:    0.00 (Cumulative side area) 

    Layer: met1
      Partial area ratio:    4.49
      Required ratio:    0.00 (Gate area) 
      Partial area ratio:   24.00
      Required ratio:  400.00 (Side area) 
      Cumulative area ratio:    4.49
      Required ratio:    0.00 (Cumulative area) 
      Cumulative area ratio:   24.00
      Required ratio:    0.00 (Cumulative side area) 

    Layer: li1
      Partial area ratio:    0.00
      Required ratio:    0.00 (Gate area) 
      Partial area ratio:    0.00
      Required ratio:   75.00 (Side area) 
      Cumulative area ratio:    0.00
      Required ratio:    0.00 (Cumulative area) 
      Cumulative area ratio:    0.00
      Required ratio:    0.00 (Cumulative side area) 

    Via: M2M3_PR
      Partial area ratio:    0.32
      Required ratio:    6.00 (Gate area) 
      Cumulative area ratio:    0.90
      Required ratio:    0.00 (Cumulative area) 

    Via: M1M2_PR
      Partial area ratio:    0.36
      Required ratio:    6.00 (Gate area) 
      Cumulative area ratio:    0.59
      Required ratio:    0.00 (Cumulative area) 

    Via: L1M1_PR
      Partial area ratio:    0.23
      Required ratio:    3.00 (Gate area) 
      Cumulative area ratio:    0.23
      Required ratio:    0.00 (Cumulative area) 


Net: net187
  Pin: _6373_/A_N (sky130_fd_sc_hd__nand3b_1)
    Layer: met3
      Partial area ratio:  789.29
      Required ratio:    0.00 (Gate area) 
      Partial area ratio: 4213.33
      Required ratio: 2778.20 (Side area) (VIOLATED)
      Cumulative area ratio:  810.60
      Required ratio:    0.00 (Cumulative area) 
      Cumulative area ratio: 4322.22
      Required ratio:    0.00 (Cumulative side area) 

    Layer: met2
      Partial area ratio:   15.49
      Required ratio:    0.00 (Gate area) 
      Partial area ratio:   78.22
      Required ratio:  400.00 (Side area) 
      Cumulative area ratio:   21.31
      Required ratio:    0.00 (Cumulative area) 
      Cumulative area ratio:  108.89
      Required ratio:    0.00 (Cumulative side area) 

    Layer: met1
      Partial area ratio:    5.82
      Required ratio:    0.00 (Gate area) 
      Partial area ratio:   30.67
      Required ratio:  400.00 (Side area) 
      Cumulative area ratio:    5.82
      Required ratio:    0.00 (Cumulative area) 
      Cumulative area ratio:   30.67
      Required ratio:    0.00 (Cumulative side area) 

    Layer: li1
      Partial area ratio:    0.00
      Required ratio:    0.00 (Gate area) 
      Partial area ratio:    0.00
      Required ratio:   75.00 (Side area) 
      Cumulative area ratio:    0.00
      Required ratio:    0.00 (Cumulative area) 
      Cumulative area ratio:    0.00
      Required ratio:    0.00 (Cumulative side area) 

    Via: M2M3_PR
      Partial area ratio:    0.32
      Required ratio:    6.00 (Gate area) 
      Cumulative area ratio:    0.90
      Required ratio:    0.00 (Cumulative area) 

    Via: M1M2_PR
      Partial area ratio:    0.36
      Required ratio:    6.00 (Gate area) 
      Cumulative area ratio:    0.59
      Required ratio:    0.00 (Cumulative area) 

    Via: L1M1_PR
      Partial area ratio:    0.23
      Required ratio:    3.00 (Gate area) 
      Cumulative area ratio:    0.23
      Required ratio:    0.00 (Cumulative area) 


Net: net242
  Pin: _6264_/A1 (sky130_fd_sc_hd__o21ai_1)
    Layer: met1
      Partial area ratio:  138.85
      Required ratio:    0.00 (Gate area) 
      Partial area ratio:  695.42
      Required ratio:  400.00 (Side area) (VIOLATED)
      Cumulative area ratio:  138.85
      Required ratio:    0.00 (Cumulative area) 
      Cumulative area ratio:  695.42
      Required ratio:    0.00 (Cumulative side area) 

    Layer: li1
      Partial area ratio:    0.00
      Required ratio:    0.00 (Gate area) 
      Partial area ratio:    0.00
      Required ratio:   75.00 (Side area) 
      Cumulative area ratio:    0.00
      Required ratio:    0.00 (Cumulative area) 
      Cumulative area ratio:    0.00
      Required ratio:    0.00 (Cumulative side area) 

    Via: M1M2_PR
      Partial area ratio:    0.18
      Required ratio:    6.00 (Gate area) 
      Cumulative area ratio:    0.30
      Required ratio:    0.00 (Cumulative area) 

    Via: L1M1_PR
      Partial area ratio:    0.12
      Required ratio:    3.00 (Gate area) 
      Cumulative area ratio:    0.12
      Required ratio:    0.00 (Cumulative area) 


Net: net264
  Pin: _5643_/A0 (sky130_fd_sc_hd__mux2_1)
    Layer: met1
      Partial area ratio:   99.43
      Required ratio:    0.00 (Gate area) 
      Partial area ratio:  499.48
      Required ratio:  400.00 (Side area) (VIOLATED)
      Cumulative area ratio:   99.43
      Required ratio:    0.00 (Cumulative area) 
      Cumulative area ratio:  499.48
      Required ratio:    0.00 (Cumulative side area) 

    Layer: li1
      Partial area ratio:    0.00
      Required ratio:    0.00 (Gate area) 
      Partial area ratio:    0.00
      Required ratio:   75.00 (Side area) 
      Cumulative area ratio:    0.00
      Required ratio:    0.00 (Cumulative area) 
      Cumulative area ratio:    0.00
      Required ratio:    0.00 (Cumulative side area) 

    Via: M1M2_PR
      Partial area ratio:    0.36
      Required ratio:    6.00 (Gate area) 
      Cumulative area ratio:    0.59
      Required ratio:    0.00 (Cumulative area) 

    Via: L1M1_PR
      Partial area ratio:    0.23
      Required ratio:    3.00 (Gate area) 
      Cumulative area ratio:    0.23
      Required ratio:    0.00 (Cumulative area) 


Net: net295
  Pin: _6158_/A0 (sky130_fd_sc_hd__mux2_1)
    Layer: met2
      Partial area ratio:   23.31
      Required ratio:    0.00 (Gate area) 
      Partial area ratio:  118.11
      Required ratio: 2736.24 (Side area) 
      Cumulative area ratio:  111.52
      Required ratio:    0.00 (Cumulative area) 
      Cumulative area ratio:  561.51
      Required ratio:    0.00 (Cumulative side area) 

    Layer: met1
      Partial area ratio:   88.21
      Required ratio:    0.00 (Gate area) 
      Partial area ratio:  443.40
      Required ratio:  400.00 (Side area) (VIOLATED)
      Cumulative area ratio:   88.21
      Required ratio:    0.00 (Cumulative area) 
      Cumulative area ratio:  443.40
      Required ratio:    0.00 (Cumulative side area) 

    Layer: li1
      Partial area ratio:    0.00
      Required ratio:    0.00 (Gate area) 
      Partial area ratio:    0.00
      Required ratio:   75.00 (Side area) 
      Cumulative area ratio:    0.00
      Required ratio:    0.00 (Cumulative area) 
      Cumulative area ratio:    0.00
      Required ratio:    0.00 (Cumulative side area) 

    Via: M1M2_PR
      Partial area ratio:    0.36
      Required ratio:    6.00 (Gate area) 
      Cumulative area ratio:    0.59
      Required ratio:    0.00 (Cumulative area) 

    Via: L1M1_PR
      Partial area ratio:    0.23
      Required ratio:    3.00 (Gate area) 
      Cumulative area ratio:    0.23
      Required ratio:    0.00 (Cumulative area) 


Net: net297
  Pin: _6160_/A0 (sky130_fd_sc_hd__mux2_1)
    Layer: met1
      Partial area ratio:   80.17
      Required ratio:    0.00 (Gate area) 
      Partial area ratio:  403.21
      Required ratio:  400.00 (Side area) (VIOLATED)
      Cumulative area ratio:   80.17
      Required ratio:    0.00 (Cumulative area) 
      Cumulative area ratio:  403.21
      Required ratio:    0.00 (Cumulative side area) 

    Layer: li1
      Partial area ratio:    0.00
      Required ratio:    0.00 (Gate area) 
      Partial area ratio:    0.00
      Required ratio:   75.00 (Side area) 
      Cumulative area ratio:    0.00
      Required ratio:    0.00 (Cumulative area) 
      Cumulative area ratio:    0.00
      Required ratio:    0.00 (Cumulative side area) 

    Via: M1M2_PR
      Partial area ratio:    0.36
      Required ratio:    6.00 (Gate area) 
      Cumulative area ratio:    0.59
      Required ratio:    0.00 (Cumulative area) 

    Via: L1M1_PR
      Partial area ratio:    0.23
      Required ratio:    3.00 (Gate area) 
      Cumulative area ratio:    0.23
      Required ratio:    0.00 (Cumulative area) 


Net: net301
  Pin: _6168_/A0 (sky130_fd_sc_hd__mux2_1)
    Layer: met1
      Partial area ratio:  265.56
      Required ratio:    0.00 (Gate area) 
      Partial area ratio: 1330.12
      Required ratio:  400.00 (Side area) (VIOLATED)
      Cumulative area ratio:  265.56
      Required ratio:    0.00 (Cumulative area) 
      Cumulative area ratio: 1330.12
      Required ratio:    0.00 (Cumulative side area) 

    Layer: li1
      Partial area ratio:    0.00
      Required ratio:    0.00 (Gate area) 
      Partial area ratio:    0.00
      Required ratio:   75.00 (Side area) 
      Cumulative area ratio:    0.00
      Required ratio:    0.00 (Cumulative area) 
      Cumulative area ratio:    0.00
      Required ratio:    0.00 (Cumulative side area) 

    Via: M1M2_PR
      Partial area ratio:    0.36
      Required ratio:    6.00 (Gate area) 
      Cumulative area ratio:    0.59
      Required ratio:    0.00 (Cumulative area) 

    Via: L1M1_PR
      Partial area ratio:    0.23
      Required ratio:    3.00 (Gate area) 
      Cumulative area ratio:    0.23
      Required ratio:    0.00 (Cumulative area) 


Net: net314
  Pin: _6060_/A0 (sky130_fd_sc_hd__mux2_1)
    Layer: met3
      Partial area ratio:  723.57
      Required ratio:    0.00 (Gate area) 
      Partial area ratio: 3862.86
      Required ratio: 2778.20 (Side area) (VIOLATED)
      Cumulative area ratio:  725.67
      Required ratio:    0.00 (Cumulative area) 
      Cumulative area ratio: 3874.92
      Required ratio:    0.00 (Cumulative side area) 

    Layer: met2
      Partial area ratio:    0.00
      Required ratio:    0.00 (Gate area) 
      Partial area ratio:    0.00
      Required ratio:  400.00 (Side area) 
      Cumulative area ratio:    2.10
      Required ratio:    0.00 (Cumulative area) 
      Cumulative area ratio:   12.07
      Required ratio:    0.00 (Cumulative side area) 

    Layer: met1
      Partial area ratio:    2.10
      Required ratio:    0.00 (Gate area) 
      Partial area ratio:   12.07
      Required ratio:  400.00 (Side area) 
      Cumulative area ratio:    2.10
      Required ratio:    0.00 (Cumulative area) 
      Cumulative area ratio:   12.07
      Required ratio:    0.00 (Cumulative side area) 

    Layer: li1
      Partial area ratio:    0.00
      Required ratio:    0.00 (Gate area) 
      Partial area ratio:    0.00
      Required ratio:   75.00 (Side area) 
      Cumulative area ratio:    0.00
      Required ratio:    0.00 (Cumulative area) 
      Cumulative area ratio:    0.00
      Required ratio:    0.00 (Cumulative side area) 

    Via: M2M3_PR
      Partial area ratio:    0.32
      Required ratio:    6.00 (Gate area) 
      Cumulative area ratio:    0.90
      Required ratio:    0.00 (Cumulative area) 

    Via: M1M2_PR
      Partial area ratio:    0.36
      Required ratio:    6.00 (Gate area) 
      Cumulative area ratio:    0.59
      Required ratio:    0.00 (Cumulative area) 

    Via: L1M1_PR
      Partial area ratio:    0.23
      Required ratio:    3.00 (Gate area) 
      Cumulative area ratio:    0.23
      Required ratio:    0.00 (Cumulative area) 


Net: net319
  Pin: _6069_/A0 (sky130_fd_sc_hd__mux2_1)
    Layer: met1
      Partial area ratio:  178.76
      Required ratio:    0.00 (Gate area) 
      Partial area ratio:  896.16
      Required ratio:  400.00 (Side area) (VIOLATED)
      Cumulative area ratio:  178.76
      Required ratio:    0.00 (Cumulative area) 
      Cumulative area ratio:  896.16
      Required ratio:    0.00 (Cumulative side area) 

    Layer: li1
      Partial area ratio:    0.00
      Required ratio:    0.00 (Gate area) 
      Partial area ratio:    0.00
      Required ratio:   75.00 (Side area) 
      Cumulative area ratio:    0.00
      Required ratio:    0.00 (Cumulative area) 
      Cumulative area ratio:    0.00
      Required ratio:    0.00 (Cumulative side area) 

    Via: M1M2_PR
      Partial area ratio:    0.36
      Required ratio:    6.00 (Gate area) 
      Cumulative area ratio:    0.59
      Required ratio:    0.00 (Cumulative area) 

    Via: L1M1_PR
      Partial area ratio:    0.23
      Required ratio:    3.00 (Gate area) 
      Cumulative area ratio:    0.23
      Required ratio:    0.00 (Cumulative area) 


Net: net413
  Pin: _5565_/A0 (sky130_fd_sc_hd__mux2_1)
    Layer: met1
      Partial area ratio:  103.17
      Required ratio:    0.00 (Gate area) 
      Partial area ratio:  518.18
      Required ratio:  400.00 (Side area) (VIOLATED)
      Cumulative area ratio:  103.17
      Required ratio:    0.00 (Cumulative area) 
      Cumulative area ratio:  518.18
      Required ratio:    0.00 (Cumulative side area) 

    Layer: li1
      Partial area ratio:    0.00
      Required ratio:    0.00 (Gate area) 
      Partial area ratio:    0.00
      Required ratio:   75.00 (Side area) 
      Cumulative area ratio:    0.00
      Required ratio:    0.00 (Cumulative area) 
      Cumulative area ratio:    0.00
      Required ratio:    0.00 (Cumulative side area) 

    Via: M1M2_PR
      Partial area ratio:    0.36
      Required ratio:    6.00 (Gate area) 
      Cumulative area ratio:    0.59
      Required ratio:    0.00 (Cumulative area) 

    Via: L1M1_PR
      Partial area ratio:    0.23
      Required ratio:    3.00 (Gate area) 
      Cumulative area ratio:    0.23
      Required ratio:    0.00 (Cumulative area) 


Net: net417
  Pin: _5573_/A0 (sky130_fd_sc_hd__mux2_1)
    Layer: met4
      Partial area ratio: 1150.71
      Required ratio:    0.00 (Gate area) 
      Partial area ratio: 6140.95
      Required ratio: 2956.40 (Side area) (VIOLATED)
      Cumulative area ratio: 1155.81
      Required ratio:    0.00 (Cumulative area) 
      Cumulative area ratio: 6167.99
      Required ratio:    0.00 (Cumulative side area) 

    Layer: met3
      Partial area ratio:    0.00
      Required ratio:    0.00 (Gate area) 
      Partial area ratio:    0.00
      Required ratio:  400.00 (Side area) 
      Cumulative area ratio:    5.10
      Required ratio:    0.00 (Cumulative area) 
      Cumulative area ratio:   27.04
      Required ratio:    0.00 (Cumulative side area) 

    Layer: met2
      Partial area ratio:    0.00
      Required ratio:    0.00 (Gate area) 
      Partial area ratio:    0.00
      Required ratio:  400.00 (Side area) 
      Cumulative area ratio:    5.10
      Required ratio:    0.00 (Cumulative area) 
      Cumulative area ratio:   27.04
      Required ratio:    0.00 (Cumulative side area) 

    Layer: met1
      Partial area ratio:    5.10
      Required ratio:    0.00 (Gate area) 
      Partial area ratio:   27.04
      Required ratio:  400.00 (Side area) 
      Cumulative area ratio:    5.10
      Required ratio:    0.00 (Cumulative area) 
      Cumulative area ratio:   27.04
      Required ratio:    0.00 (Cumulative side area) 

    Layer: li1
      Partial area ratio:    0.00
      Required ratio:    0.00 (Gate area) 
      Partial area ratio:    0.00
      Required ratio:   75.00 (Side area) 
      Cumulative area ratio:    0.00
      Required ratio:    0.00 (Cumulative area) 
      Cumulative area ratio:    0.00
      Required ratio:    0.00 (Cumulative side area) 

    Via: M3M4_PR
      Partial area ratio:    0.32
      Required ratio:    6.00 (Gate area) 
      Cumulative area ratio:    1.22
      Required ratio:    0.00 (Cumulative area) 

    Via: M2M3_PR
      Partial area ratio:    0.32
      Required ratio:    6.00 (Gate area) 
      Cumulative area ratio:    0.90
      Required ratio:    0.00 (Cumulative area) 

    Via: M1M2_PR
      Partial area ratio:    0.36
      Required ratio:    6.00 (Gate area) 
      Cumulative area ratio:    0.59
      Required ratio:    0.00 (Cumulative area) 

    Via: L1M1_PR
      Partial area ratio:    0.23
      Required ratio:    3.00 (Gate area) 
      Cumulative area ratio:    0.23
      Required ratio:    0.00 (Cumulative area) 


Net: net429
  Pin: _5596_/A0 (sky130_fd_sc_hd__mux2_1)
    Layer: met2
      Partial area ratio:   30.82
      Required ratio:    0.00 (Gate area) 
      Partial area ratio:  154.89
      Required ratio: 2736.24 (Side area) 
      Cumulative area ratio:  111.66
      Required ratio:    0.00 (Cumulative area) 
      Cumulative area ratio:  561.43
      Required ratio:    0.00 (Cumulative side area) 

    Layer: met1
      Partial area ratio:   80.84
      Required ratio:    0.00 (Gate area) 
      Partial area ratio:  406.54
      Required ratio:  400.00 (Side area) (VIOLATED)
      Cumulative area ratio:   80.84
      Required ratio:    0.00 (Cumulative area) 
      Cumulative area ratio:  406.54
      Required ratio:    0.00 (Cumulative side area) 

    Layer: li1
      Partial area ratio:    0.00
      Required ratio:    0.00 (Gate area) 
      Partial area ratio:    0.00
      Required ratio:   75.00 (Side area) 
      Cumulative area ratio:    0.00
      Required ratio:    0.00 (Cumulative area) 
      Cumulative area ratio:    0.00
      Required ratio:    0.00 (Cumulative side area) 

    Via: M1M2_PR
      Partial area ratio:    0.36
      Required ratio:    6.00 (Gate area) 
      Cumulative area ratio:    0.59
      Required ratio:    0.00 (Cumulative area) 

    Via: L1M1_PR
      Partial area ratio:    0.23
      Required ratio:    3.00 (Gate area) 
      Cumulative area ratio:    0.23
      Required ratio:    0.00 (Cumulative area) 


Net: net447
  Pin: _5942_/A0 (sky130_fd_sc_hd__mux2_1)
    Layer: met4
      Partial area ratio:  608.57
      Required ratio:    0.00 (Gate area) 
      Partial area ratio: 3249.52
      Required ratio: 2753.36 (Side area) (VIOLATED)
      Cumulative area ratio:  612.10
      Required ratio:    0.00 (Cumulative area) 
      Cumulative area ratio: 3268.70
      Required ratio:    0.00 (Cumulative side area) 

    Layer: met3
      Partial area ratio:    0.00
      Required ratio:    0.00 (Gate area) 
      Partial area ratio:    0.00
      Required ratio:  400.00 (Side area) 
      Cumulative area ratio:    3.52
      Required ratio:    0.00 (Cumulative area) 
      Cumulative area ratio:   19.18
      Required ratio:    0.00 (Cumulative side area) 

    Layer: met2
      Partial area ratio:    0.00
      Required ratio:    0.00 (Gate area) 
      Partial area ratio:    0.00
      Required ratio:  400.00 (Side area) 
      Cumulative area ratio:    3.52
      Required ratio:    0.00 (Cumulative area) 
      Cumulative area ratio:   19.18
      Required ratio:    0.00 (Cumulative side area) 

    Layer: met1
      Partial area ratio:    3.52
      Required ratio:    0.00 (Gate area) 
      Partial area ratio:   19.18
      Required ratio:  400.00 (Side area) 
      Cumulative area ratio:    3.52
      Required ratio:    0.00 (Cumulative area) 
      Cumulative area ratio:   19.18
      Required ratio:    0.00 (Cumulative side area) 

    Layer: li1
      Partial area ratio:    0.00
      Required ratio:    0.00 (Gate area) 
      Partial area ratio:    0.00
      Required ratio:   75.00 (Side area) 
      Cumulative area ratio:    0.00
      Required ratio:    0.00 (Cumulative area) 
      Cumulative area ratio:    0.00
      Required ratio:    0.00 (Cumulative side area) 

    Via: M3M4_PR
      Partial area ratio:    0.32
      Required ratio:    6.00 (Gate area) 
      Cumulative area ratio:    1.22
      Required ratio:    0.00 (Cumulative area) 

    Via: M2M3_PR
      Partial area ratio:    0.32
      Required ratio:    6.00 (Gate area) 
      Cumulative area ratio:    0.90
      Required ratio:    0.00 (Cumulative area) 

    Via: M1M2_PR
      Partial area ratio:    0.36
      Required ratio:    6.00 (Gate area) 
      Cumulative area ratio:    0.59
      Required ratio:    0.00 (Cumulative area) 

    Via: L1M1_PR
      Partial area ratio:    0.23
      Required ratio:    3.00 (Gate area) 
      Cumulative area ratio:    0.23
      Required ratio:    0.00 (Cumulative area) 


Net: net468
  Pin: _5849_/A0 (sky130_fd_sc_hd__mux2_1)
    Layer: met2
      Partial area ratio:  797.64
      Required ratio:    0.00 (Gate area) 
      Partial area ratio: 3989.78
      Required ratio: 3236.16 (Side area) (VIOLATED)
      Cumulative area ratio:  923.28
      Required ratio:    0.00 (Cumulative area) 
      Cumulative area ratio: 4620.27
      Required ratio:    0.00 (Cumulative side area) 

    Layer: met1
      Partial area ratio:  125.63
      Required ratio:    0.00 (Gate area) 
      Partial area ratio:  630.49
      Required ratio:  400.00 (Side area) (VIOLATED)
      Cumulative area ratio:  125.63
      Required ratio:    0.00 (Cumulative area) 
      Cumulative area ratio:  630.49
      Required ratio:    0.00 (Cumulative side area) 

    Layer: li1
      Partial area ratio:    0.00
      Required ratio:    0.00 (Gate area) 
      Partial area ratio:    0.00
      Required ratio:   75.00 (Side area) 
      Cumulative area ratio:    0.00
      Required ratio:    0.00 (Cumulative area) 
      Cumulative area ratio:    0.00
      Required ratio:    0.00 (Cumulative side area) 

    Via: M1M2_PR
      Partial area ratio:    0.36
      Required ratio:    6.00 (Gate area) 
      Cumulative area ratio:    0.59
      Required ratio:    0.00 (Cumulative area) 

    Via: L1M1_PR
      Partial area ratio:    0.23
      Required ratio:    3.00 (Gate area) 
      Cumulative area ratio:    0.23
      Required ratio:    0.00 (Cumulative area) 


Net: net470
  Pin: _5908_/A0 (sky130_fd_sc_hd__mux2_1)
    Layer: met1
      Partial area ratio:  273.74
      Required ratio:    0.00 (Gate area) 
      Partial area ratio: 1371.79
      Required ratio:  400.00 (Side area) (VIOLATED)
      Cumulative area ratio:  273.74
      Required ratio:    0.00 (Cumulative area) 
      Cumulative area ratio: 1371.79
      Required ratio:    0.00 (Cumulative side area) 

    Layer: li1
      Partial area ratio:    0.00
      Required ratio:    0.00 (Gate area) 
      Partial area ratio:    0.00
      Required ratio:   75.00 (Side area) 
      Cumulative area ratio:    0.00
      Required ratio:    0.00 (Cumulative area) 
      Cumulative area ratio:    0.00
      Required ratio:    0.00 (Cumulative side area) 

    Via: M1M2_PR
      Partial area ratio:    0.36
      Required ratio:    6.00 (Gate area) 
      Cumulative area ratio:    0.59
      Required ratio:    0.00 (Cumulative area) 

    Via: L1M1_PR
      Partial area ratio:    0.23
      Required ratio:    3.00 (Gate area) 
      Cumulative area ratio:    0.23
      Required ratio:    0.00 (Cumulative area) 


Net: net474
  Pin: _5859_/A0 (sky130_fd_sc_hd__mux2_1)
    Layer: met2
      Partial area ratio:  659.49
      Required ratio:    0.00 (Gate area) 
      Partial area ratio: 3298.22
      Required ratio: 2956.40 (Side area) (VIOLATED)
      Cumulative area ratio:  825.28
      Required ratio:    0.00 (Cumulative area) 
      Cumulative area ratio: 4130.29
      Required ratio:    0.00 (Cumulative side area) 

    Layer: met1
      Partial area ratio:  165.79
      Required ratio:    0.00 (Gate area) 
      Partial area ratio:  832.07
      Required ratio:  400.00 (Side area) (VIOLATED)
      Cumulative area ratio:  165.79
      Required ratio:    0.00 (Cumulative area) 
      Cumulative area ratio:  832.07
      Required ratio:    0.00 (Cumulative side area) 

    Layer: li1
      Partial area ratio:    0.00
      Required ratio:    0.00 (Gate area) 
      Partial area ratio:    0.00
      Required ratio:   75.00 (Side area) 
      Cumulative area ratio:    0.00
      Required ratio:    0.00 (Cumulative area) 
      Cumulative area ratio:    0.00
      Required ratio:    0.00 (Cumulative side area) 

    Via: M1M2_PR
      Partial area ratio:    0.36
      Required ratio:    6.00 (Gate area) 
      Cumulative area ratio:    0.59
      Required ratio:    0.00 (Cumulative area) 

    Via: L1M1_PR
      Partial area ratio:    0.23
      Required ratio:    3.00 (Gate area) 
      Cumulative area ratio:    0.23
      Required ratio:    0.00 (Cumulative area) 


Net: net487
  Pin: _5884_/A0 (sky130_fd_sc_hd__mux2_1)
    Layer: met2
      Partial area ratio:  659.49
      Required ratio:    0.00 (Gate area) 
      Partial area ratio: 3298.22
      Required ratio: 2956.40 (Side area) (VIOLATED)
      Cumulative area ratio:  663.01
      Required ratio:    0.00 (Cumulative area) 
      Cumulative area ratio: 3317.40
      Required ratio:    0.00 (Cumulative side area) 

    Layer: met1
      Partial area ratio:    3.52
      Required ratio:    0.00 (Gate area) 
      Partial area ratio:   19.18
      Required ratio:  400.00 (Side area) 
      Cumulative area ratio:    3.52
      Required ratio:    0.00 (Cumulative area) 
      Cumulative area ratio:   19.18
      Required ratio:    0.00 (Cumulative side area) 

    Layer: li1
      Partial area ratio:    0.00
      Required ratio:    0.00 (Gate area) 
      Partial area ratio:    0.00
      Required ratio:   75.00 (Side area) 
      Cumulative area ratio:    0.00
      Required ratio:    0.00 (Cumulative area) 
      Cumulative area ratio:    0.00
      Required ratio:    0.00 (Cumulative side area) 

    Via: M1M2_PR
      Partial area ratio:    0.36
      Required ratio:    6.00 (Gate area) 
      Cumulative area ratio:    0.59
      Required ratio:    0.00 (Cumulative area) 

    Via: L1M1_PR
      Partial area ratio:    0.23
      Required ratio:    3.00 (Gate area) 
      Cumulative area ratio:    0.23
      Required ratio:    0.00 (Cumulative area) 


Net: net505
  Pin: _5785_/A0 (sky130_fd_sc_hd__mux2_1)
    Layer: met1
      Partial area ratio:  126.61
      Required ratio:    0.00 (Gate area) 
      Partial area ratio:  636.18
      Required ratio:  400.00 (Side area) (VIOLATED)
      Cumulative area ratio:  126.61
      Required ratio:    0.00 (Cumulative area) 
      Cumulative area ratio:  636.18
      Required ratio:    0.00 (Cumulative side area) 

    Layer: li1
      Partial area ratio:    0.00
      Required ratio:    0.00 (Gate area) 
      Partial area ratio:    0.00
      Required ratio:   75.00 (Side area) 
      Cumulative area ratio:    0.00
      Required ratio:    0.00 (Cumulative area) 
      Cumulative area ratio:    0.00
      Required ratio:    0.00 (Cumulative side area) 

    Via: M1M2_PR
      Partial area ratio:    0.36
      Required ratio:    6.00 (Gate area) 
      Cumulative area ratio:    0.59
      Required ratio:    0.00 (Cumulative area) 

    Via: L1M1_PR
      Partial area ratio:    0.23
      Required ratio:    3.00 (Gate area) 
      Cumulative area ratio:    0.23
      Required ratio:    0.00 (Cumulative area) 


Net: net533
  Pin: _5552_/A0 (sky130_fd_sc_hd__mux2_1)
    Layer: met2
      Partial area ratio:  598.31
      Required ratio:    0.00 (Gate area) 
      Partial area ratio: 2993.11
      Required ratio: 2956.40 (Side area) (VIOLATED)
      Cumulative area ratio:  602.83
      Required ratio:    0.00 (Cumulative area) 
      Cumulative area ratio: 3017.27
      Required ratio:    0.00 (Cumulative side area) 

    Layer: met1
      Partial area ratio:    4.52
      Required ratio:    0.00 (Gate area) 
      Partial area ratio:   24.16
      Required ratio:  400.00 (Side area) 
      Cumulative area ratio:    4.52
      Required ratio:    0.00 (Cumulative area) 
      Cumulative area ratio:   24.16
      Required ratio:    0.00 (Cumulative side area) 

    Layer: li1
      Partial area ratio:    0.00
      Required ratio:    0.00 (Gate area) 
      Partial area ratio:    0.00
      Required ratio:   75.00 (Side area) 
      Cumulative area ratio:    0.00
      Required ratio:    0.00 (Cumulative area) 
      Cumulative area ratio:    0.00
      Required ratio:    0.00 (Cumulative side area) 

    Via: M1M2_PR
      Partial area ratio:    0.36
      Required ratio:    6.00 (Gate area) 
      Cumulative area ratio:    0.59
      Required ratio:    0.00 (Cumulative area) 

    Via: L1M1_PR
      Partial area ratio:    0.23
      Required ratio:    3.00 (Gate area) 
      Cumulative area ratio:    0.23
      Required ratio:    0.00 (Cumulative area) 


Net: net544
  Pin: _5764_/A0 (sky130_fd_sc_hd__mux2_1)
    Layer: met1
      Partial area ratio:  688.38
      Required ratio:    0.00 (Gate area) 
      Partial area ratio: 3444.21
      Required ratio:  400.00 (Side area) (VIOLATED)
      Cumulative area ratio:  688.38
      Required ratio:    0.00 (Cumulative area) 
      Cumulative area ratio: 3444.21
      Required ratio:    0.00 (Cumulative side area) 

    Layer: li1
      Partial area ratio:    0.00
      Required ratio:    0.00 (Gate area) 
      Partial area ratio:    0.00
      Required ratio:   75.00 (Side area) 
      Cumulative area ratio:    0.00
      Required ratio:    0.00 (Cumulative area) 
      Cumulative area ratio:    0.00
      Required ratio:    0.00 (Cumulative side area) 

    Via: M1M2_PR
      Partial area ratio:    0.36
      Required ratio:    6.00 (Gate area) 
      Cumulative area ratio:    0.59
      Required ratio:    0.00 (Cumulative area) 

    Via: L1M1_PR
      Partial area ratio:    0.23
      Required ratio:    3.00 (Gate area) 
      Cumulative area ratio:    0.23
      Required ratio:    0.00 (Cumulative area) 


Net: net552
  Pin: _5756_/A0 (sky130_fd_sc_hd__mux2_1)
    Layer: met4
      Partial area ratio:  772.86
      Required ratio:    0.00 (Gate area) 
      Partial area ratio: 4125.71
      Required ratio: 2778.20 (Side area) (VIOLATED)
      Cumulative area ratio:  794.85
      Required ratio:    0.00 (Cumulative area) 
      Cumulative area ratio: 4246.77
      Required ratio:    0.00 (Cumulative side area) 

    Layer: met3
      Partial area ratio:   17.14
      Required ratio:    0.00 (Gate area) 
      Partial area ratio:   95.24
      Required ratio:  400.00 (Side area) 
      Cumulative area ratio:   22.00
      Required ratio:    0.00 (Cumulative area) 
      Cumulative area ratio:  121.06
      Required ratio:    0.00 (Cumulative side area) 

    Layer: met2
      Partial area ratio:    0.00
      Required ratio:    0.00 (Gate area) 
      Partial area ratio:    0.00
      Required ratio:  400.00 (Side area) 
      Cumulative area ratio:    4.85
      Required ratio:    0.00 (Cumulative area) 
      Cumulative area ratio:   25.82
      Required ratio:    0.00 (Cumulative side area) 

    Layer: met1
      Partial area ratio:    4.85
      Required ratio:    0.00 (Gate area) 
      Partial area ratio:   25.82
      Required ratio:  400.00 (Side area) 
      Cumulative area ratio:    4.85
      Required ratio:    0.00 (Cumulative area) 
      Cumulative area ratio:   25.82
      Required ratio:    0.00 (Cumulative side area) 

    Layer: li1
      Partial area ratio:    0.00
      Required ratio:    0.00 (Gate area) 
      Partial area ratio:    0.00
      Required ratio:   75.00 (Side area) 
      Cumulative area ratio:    0.00
      Required ratio:    0.00 (Cumulative area) 
      Cumulative area ratio:    0.00
      Required ratio:    0.00 (Cumulative side area) 

    Via: M3M4_PR
      Partial area ratio:    0.32
      Required ratio:    6.00 (Gate area) 
      Cumulative area ratio:    1.22
      Required ratio:    0.00 (Cumulative area) 

    Via: M2M3_PR
      Partial area ratio:    0.32
      Required ratio:    6.00 (Gate area) 
      Cumulative area ratio:    0.90
      Required ratio:    0.00 (Cumulative area) 

    Via: M1M2_PR
      Partial area ratio:    0.36
      Required ratio:    6.00 (Gate area) 
      Cumulative area ratio:    0.59
      Required ratio:    0.00 (Cumulative area) 

    Via: L1M1_PR
      Partial area ratio:    0.23
      Required ratio:    3.00 (Gate area) 
      Cumulative area ratio:    0.23
      Required ratio:    0.00 (Cumulative area) 


Net: net584
  Pin: _6484_/B (sky130_fd_sc_hd__nand2_1)
    Layer: met2
      Partial area ratio:    3.98
      Required ratio:    0.00 (Gate area) 
      Partial area ratio:   20.31
      Required ratio: 2956.40 (Side area) 
      Cumulative area ratio:    5.96
      Required ratio:    0.00 (Cumulative area) 
      Cumulative area ratio:   30.98
      Required ratio:    0.00 (Cumulative side area) 

    Layer: met1
      Partial area ratio:    1.98
      Required ratio:    0.00 (Gate area) 
      Partial area ratio:   10.67
      Required ratio:  400.00 (Side area) 
      Cumulative area ratio:    1.98
      Required ratio:    0.00 (Cumulative area) 
      Cumulative area ratio:   10.67
      Required ratio:    0.00 (Cumulative side area) 

    Layer: li1
      Partial area ratio:    0.00
      Required ratio:    0.00 (Gate area) 
      Partial area ratio:    0.00
      Required ratio:   75.00 (Side area) 
      Cumulative area ratio:    0.00
      Required ratio:    0.00 (Cumulative area) 
      Cumulative area ratio:    0.00
      Required ratio:    0.00 (Cumulative side area) 

    Layer: met3
      Partial area ratio:  110.02
      Required ratio:    0.00 (Gate area) 
      Partial area ratio:  587.54
      Required ratio: 2956.40 (Side area) 
      Cumulative area ratio:  115.98
      Required ratio:    0.00 (Cumulative area) 
      Cumulative area ratio:  618.52
      Required ratio:    0.00 (Cumulative side area) 

    Via: M2M3_PR
      Partial area ratio:    0.16
      Required ratio:    6.00 (Gate area) 
      Cumulative area ratio:    0.46
      Required ratio:    0.00 (Cumulative area) 

    Via: M1M2_PR
      Partial area ratio:    0.18
      Required ratio:    6.00 (Gate area) 
      Cumulative area ratio:    0.30
      Required ratio:    0.00 (Cumulative area) 

    Via: L1M1_PR
      Partial area ratio:    0.12
      Required ratio:    3.00 (Gate area) 
      Cumulative area ratio:    0.12
      Required ratio:    0.00 (Cumulative area) 

  Pin: _7187_/A (sky130_fd_sc_hd__clkbuf_1)
    Layer: met3
      Partial area ratio:  110.02
      Required ratio:    0.00 (Gate area) 
      Partial area ratio:  587.54
      Required ratio: 2956.40 (Side area) 
      Cumulative area ratio:  114.00
      Required ratio:    0.00 (Cumulative area) 
      Cumulative area ratio:  608.67
      Required ratio:    0.00 (Cumulative side area) 

    Layer: met2
      Partial area ratio:    2.51
      Required ratio:    0.00 (Gate area) 
      Partial area ratio:   12.79
      Required ratio:  400.00 (Side area) 
      Cumulative area ratio:    3.98
      Required ratio:    0.00 (Cumulative area) 
      Cumulative area ratio:   21.12
      Required ratio:    0.00 (Cumulative side area) 

    Layer: met1
      Partial area ratio:    1.47
      Required ratio:    0.00 (Gate area) 
      Partial area ratio:    8.34
      Required ratio:  400.00 (Side area) 
      Cumulative area ratio:    1.47
      Required ratio:    0.00 (Cumulative area) 
      Cumulative area ratio:    8.34
      Required ratio:    0.00 (Cumulative side area) 

    Layer: li1
      Partial area ratio:    0.00
      Required ratio:    0.00 (Gate area) 
      Partial area ratio:    0.00
      Required ratio:   75.00 (Side area) 
      Cumulative area ratio:    0.00
      Required ratio:    0.00 (Cumulative area) 
      Cumulative area ratio:    0.00
      Required ratio:    0.00 (Cumulative side area) 

    Via: M2M3_PR
      Partial area ratio:    0.10
      Required ratio:    6.00 (Gate area) 
      Cumulative area ratio:    0.48
      Required ratio:    0.00 (Cumulative area) 

    Via: M1M2_PR
      Partial area ratio:    0.23
      Required ratio:    6.00 (Gate area) 
      Cumulative area ratio:    0.38
      Required ratio:    0.00 (Cumulative area) 

    Via: L1M1_PR
      Partial area ratio:    0.15
      Required ratio:    3.00 (Gate area) 
      Cumulative area ratio:    0.15
      Required ratio:    0.00 (Cumulative area) 

  Pin: output584/A (sky130_fd_sc_hd__buf_1)
    Layer: met3
      Partial area ratio:  110.02
      Required ratio:    0.00 (Gate area) 
      Partial area ratio:  587.54
      Required ratio: 2956.40 (Side area) 
      Cumulative area ratio:  243.43
      Required ratio:    0.00 (Cumulative area) 
      Cumulative area ratio: 1256.32
      Required ratio:    0.00 (Cumulative side area) 

    Layer: met2
      Partial area ratio:    2.51
      Required ratio:    0.00 (Gate area) 
      Partial area ratio:   12.79
      Required ratio:  400.00 (Side area) 
      Cumulative area ratio:  133.41
      Required ratio:    0.00 (Cumulative area) 
      Cumulative area ratio:  668.78
      Required ratio:    0.00 (Cumulative side area) 

    Layer: met1
      Partial area ratio:  130.90
      Required ratio:    0.00 (Gate area) 
      Partial area ratio:  655.99
      Required ratio:  400.00 (Side area) (VIOLATED)
      Cumulative area ratio:  130.90
      Required ratio:    0.00 (Cumulative area) 
      Cumulative area ratio:  655.99
      Required ratio:    0.00 (Cumulative side area) 

    Layer: li1
      Partial area ratio:    0.00
      Required ratio:    0.00 (Gate area) 
      Partial area ratio:    0.00
      Required ratio:   75.00 (Side area) 
      Cumulative area ratio:    0.00
      Required ratio:    0.00 (Cumulative area) 
      Cumulative area ratio:    0.00
      Required ratio:    0.00 (Cumulative side area) 

    Via: M2M3_PR
      Partial area ratio:    0.10
      Required ratio:    6.00 (Gate area) 
      Cumulative area ratio:    0.48
      Required ratio:    0.00 (Cumulative area) 

    Via: M1M2_PR
      Partial area ratio:    0.23
      Required ratio:    6.00 (Gate area) 
      Cumulative area ratio:    0.38
      Required ratio:    0.00 (Cumulative area) 

    Via: L1M1_PR
      Partial area ratio:    0.15
      Required ratio:    3.00 (Gate area) 
      Cumulative area ratio:    0.15
      Required ratio:    0.00 (Cumulative area) 


Net: net587
  Pin: _6506_/B (sky130_fd_sc_hd__nand2_1)
    Layer: met1
      Partial area ratio:    6.00
      Required ratio:    0.00 (Gate area) 
      Partial area ratio:   31.58
      Required ratio:  400.00 (Side area) 
      Cumulative area ratio:    6.00
      Required ratio:    0.00 (Cumulative area) 
      Cumulative area ratio:   31.58
      Required ratio:    0.00 (Cumulative side area) 

    Layer: li1
      Partial area ratio:    0.00
      Required ratio:    0.00 (Gate area) 
      Partial area ratio:    0.00
      Required ratio:   75.00 (Side area) 
      Cumulative area ratio:    0.00
      Required ratio:    0.00 (Cumulative area) 
      Cumulative area ratio:    0.00
      Required ratio:    0.00 (Cumulative side area) 

    Via: M1M2_PR
      Partial area ratio:    0.18
      Required ratio:    6.00 (Gate area) 
      Cumulative area ratio:    0.30
      Required ratio:    0.00 (Cumulative area) 

    Via: L1M1_PR
      Partial area ratio:    0.12
      Required ratio:    3.00 (Gate area) 
      Cumulative area ratio:    0.12
      Required ratio:    0.00 (Cumulative area) 

  Pin: _7190_/A (sky130_fd_sc_hd__clkbuf_1)
    Layer: met1
      Partial area ratio:    4.39
      Required ratio:    0.00 (Gate area) 
      Partial area ratio:   22.94
      Required ratio:  400.00 (Side area) 
      Cumulative area ratio:    4.39
      Required ratio:    0.00 (Cumulative area) 
      Cumulative area ratio:   22.94
      Required ratio:    0.00 (Cumulative side area) 

    Layer: li1
      Partial area ratio:    0.00
      Required ratio:    0.00 (Gate area) 
      Partial area ratio:    0.00
      Required ratio:   75.00 (Side area) 
      Cumulative area ratio:    0.00
      Required ratio:    0.00 (Cumulative area) 
      Cumulative area ratio:    0.00
      Required ratio:    0.00 (Cumulative side area) 

    Via: M1M2_PR
      Partial area ratio:    0.23
      Required ratio:    6.00 (Gate area) 
      Cumulative area ratio:    0.38
      Required ratio:    0.00 (Cumulative area) 

    Via: L1M1_PR
      Partial area ratio:    0.15
      Required ratio:    3.00 (Gate area) 
      Cumulative area ratio:    0.15
      Required ratio:    0.00 (Cumulative area) 

  Pin: output587/A (sky130_fd_sc_hd__buf_1)
    Layer: met1
      Partial area ratio:  105.70
      Required ratio:    0.00 (Gate area) 
      Partial area ratio:  530.49
      Required ratio:  400.00 (Side area) (VIOLATED)
      Cumulative area ratio:  105.70
      Required ratio:    0.00 (Cumulative area) 
      Cumulative area ratio:  530.49
      Required ratio:    0.00 (Cumulative side area) 

    Layer: li1
      Partial area ratio:    0.00
      Required ratio:    0.00 (Gate area) 
      Partial area ratio:    0.00
      Required ratio:   75.00 (Side area) 
      Cumulative area ratio:    0.00
      Required ratio:    0.00 (Cumulative area) 
      Cumulative area ratio:    0.00
      Required ratio:    0.00 (Cumulative side area) 

    Via: M1M2_PR
      Partial area ratio:    0.34
      Required ratio:    6.00 (Gate area) 
      Cumulative area ratio:    0.49
      Required ratio:    0.00 (Cumulative area) 

    Via: L1M1_PR
      Partial area ratio:    0.15
      Required ratio:    3.00 (Gate area) 
      Cumulative area ratio:    0.15
      Required ratio:    0.00 (Cumulative area) 


Net: net641
  Pin: output641/A (sky130_fd_sc_hd__buf_1)
    Layer: met2
      Partial area ratio:    5.02
      Required ratio:    0.00 (Gate area) 
      Partial area ratio:   25.58
      Required ratio: 2753.36 (Side area) 
      Cumulative area ratio:  149.12
      Required ratio:    0.00 (Cumulative area) 
      Cumulative area ratio:  747.61
      Required ratio:    0.00 (Cumulative side area) 

    Layer: met1
      Partial area ratio:  144.11
      Required ratio:    0.00 (Gate area) 
      Partial area ratio:  722.03
      Required ratio:  400.00 (Side area) (VIOLATED)
      Cumulative area ratio:  144.11
      Required ratio:    0.00 (Cumulative area) 
      Cumulative area ratio:  722.03
      Required ratio:    0.00 (Cumulative side area) 

    Layer: li1
      Partial area ratio:    0.00
      Required ratio:    0.00 (Gate area) 
      Partial area ratio:    0.00
      Required ratio:   75.00 (Side area) 
      Cumulative area ratio:    0.00
      Required ratio:    0.00 (Cumulative area) 
      Cumulative area ratio:    0.00
      Required ratio:    0.00 (Cumulative side area) 

    Via: M1M2_PR
      Partial area ratio:    0.23
      Required ratio:    6.00 (Gate area) 
      Cumulative area ratio:    0.38
      Required ratio:    0.00 (Cumulative area) 

    Via: L1M1_PR
      Partial area ratio:    0.15
      Required ratio:    3.00 (Gate area) 
      Cumulative area ratio:    0.15
      Required ratio:    0.00 (Cumulative area) 


Net: net647
  Pin: output647/A (sky130_fd_sc_hd__buf_1)
    Layer: met2
      Partial area ratio:   44.34
      Required ratio:    0.00 (Gate area) 
      Partial area ratio:  222.22
      Required ratio: 2778.20 (Side area) 
      Cumulative area ratio:  286.98
      Required ratio:    0.00 (Cumulative area) 
      Cumulative area ratio: 1437.39
      Required ratio:    0.00 (Cumulative side area) 

    Layer: met1
      Partial area ratio:  242.63
      Required ratio:    0.00 (Gate area) 
      Partial area ratio: 1215.17
      Required ratio:  400.00 (Side area) (VIOLATED)
      Cumulative area ratio:  242.63
      Required ratio:    0.00 (Cumulative area) 
      Cumulative area ratio: 1215.17
      Required ratio:    0.00 (Cumulative side area) 

    Layer: li1
      Partial area ratio:    0.00
      Required ratio:    0.00 (Gate area) 
      Partial area ratio:    0.00
      Required ratio:   75.00 (Side area) 
      Cumulative area ratio:    0.00
      Required ratio:    0.00 (Cumulative area) 
      Cumulative area ratio:    0.00
      Required ratio:    0.00 (Cumulative side area) 

    Via: M1M2_PR
      Partial area ratio:    0.23
      Required ratio:    6.00 (Gate area) 
      Cumulative area ratio:    0.38
      Required ratio:    0.00 (Cumulative area) 

    Via: L1M1_PR
      Partial area ratio:    0.15
      Required ratio:    3.00 (Gate area) 
      Cumulative area ratio:    0.15
      Required ratio:    0.00 (Cumulative area) 


Net: net674
  Pin: _5302_/A1 (sky130_fd_sc_hd__mux2_1)
    Layer: met1
      Partial area ratio:   14.98
      Required ratio:    0.00 (Gate area) 
      Partial area ratio:   79.54
      Required ratio: 2956.40 (Side area) 
      Cumulative area ratio:   14.98
      Required ratio:    0.00 (Cumulative area) 
      Cumulative area ratio:   79.54
      Required ratio:    0.00 (Cumulative side area) 

    Layer: li1
      Partial area ratio:    0.00
      Required ratio:    0.00 (Gate area) 
      Partial area ratio:    0.00
      Required ratio:   75.00 (Side area) 
      Cumulative area ratio:    0.00
      Required ratio:    0.00 (Cumulative area) 
      Cumulative area ratio:    0.00
      Required ratio:    0.00 (Cumulative side area) 

    Layer: met2
      Partial area ratio:    1.84
      Required ratio:    0.00 (Gate area) 
      Partial area ratio:    9.39
      Required ratio: 2956.40 (Side area) 
      Cumulative area ratio:   16.82
      Required ratio:    0.00 (Cumulative area) 
      Cumulative area ratio:   88.93
      Required ratio:    0.00 (Cumulative side area) 

    Layer: met2
      Partial area ratio:    1.84
      Required ratio:    0.00 (Gate area) 
      Partial area ratio:    9.39
      Required ratio: 2956.40 (Side area) 
      Cumulative area ratio:   16.82
      Required ratio:    0.00 (Cumulative area) 
      Cumulative area ratio:   88.93
      Required ratio:    0.00 (Cumulative side area) 

    Via: M1M2_PR
      Partial area ratio:    0.54
      Required ratio:    6.00 (Gate area) 
      Cumulative area ratio:    0.77
      Required ratio:    0.00 (Cumulative area) 

    Via: L1M1_PR
      Partial area ratio:    0.23
      Required ratio:    3.00 (Gate area) 
      Cumulative area ratio:    0.23
      Required ratio:    0.00 (Cumulative area) 

  Pin: _7238_/A (sky130_fd_sc_hd__clkbuf_2)
    Layer: met1
      Partial area ratio:  125.47
      Required ratio:    0.00 (Gate area) 
      Partial area ratio:  629.27
      Required ratio:  400.00 (Side area) (VIOLATED)
      Cumulative area ratio:  125.47
      Required ratio:    0.00 (Cumulative area) 
      Cumulative area ratio:  629.27
      Required ratio:    0.00 (Cumulative side area) 

    Layer: li1
      Partial area ratio:    0.00
      Required ratio:    0.00 (Gate area) 
      Partial area ratio:    0.00
      Required ratio:   75.00 (Side area) 
      Cumulative area ratio:    0.00
      Required ratio:    0.00 (Cumulative area) 
      Cumulative area ratio:    0.00
      Required ratio:    0.00 (Cumulative side area) 

    Via: M1M2_PR
      Partial area ratio:    0.16
      Required ratio:    6.00 (Gate area) 
      Cumulative area ratio:    0.30
      Required ratio:    0.00 (Cumulative area) 

    Via: L1M1_PR
      Partial area ratio:    0.14
      Required ratio:    3.00 (Gate area) 
      Cumulative area ratio:    0.14
      Required ratio:    0.00 (Cumulative area) 

  Pin: output674/A (sky130_fd_sc_hd__buf_1)
    Layer: met1
      Partial area ratio:  125.47
      Required ratio:    0.00 (Gate area) 
      Partial area ratio:  629.27
      Required ratio:  400.00 (Side area) (VIOLATED)
      Cumulative area ratio:  125.47
      Required ratio:    0.00 (Cumulative area) 
      Cumulative area ratio:  629.27
      Required ratio:    0.00 (Cumulative side area) 

    Layer: li1
      Partial area ratio:    0.00
      Required ratio:    0.00 (Gate area) 
      Partial area ratio:    0.00
      Required ratio:   75.00 (Side area) 
      Cumulative area ratio:    0.00
      Required ratio:    0.00 (Cumulative area) 
      Cumulative area ratio:    0.00
      Required ratio:    0.00 (Cumulative side area) 

    Via: M1M2_PR
      Partial area ratio:    0.16
      Required ratio:    6.00 (Gate area) 
      Cumulative area ratio:    0.31
      Required ratio:    0.00 (Cumulative area) 

    Via: L1M1_PR
      Partial area ratio:    0.15
      Required ratio:    3.00 (Gate area) 
      Cumulative area ratio:    0.15
      Required ratio:    0.00 (Cumulative area) 


Net: net704
  Pin: output704/A (sky130_fd_sc_hd__buf_1)
    Layer: met3
      Partial area ratio:  537.71
      Required ratio:    0.00 (Gate area) 
      Partial area ratio: 2870.23
      Required ratio: 2778.20 (Side area) (VIOLATED)
      Cumulative area ratio:  539.32
      Required ratio:    0.00 (Cumulative area) 
      Cumulative area ratio: 2879.26
      Required ratio:    0.00 (Cumulative side area) 

    Layer: met2
      Partial area ratio:    0.00
      Required ratio:    0.00 (Gate area) 
      Partial area ratio:    0.00
      Required ratio:  400.00 (Side area) 
      Cumulative area ratio:    1.61
      Required ratio:    0.00 (Cumulative area) 
      Cumulative area ratio:    9.03
      Required ratio:    0.00 (Cumulative side area) 

    Layer: met1
      Partial area ratio:    1.61
      Required ratio:    0.00 (Gate area) 
      Partial area ratio:    9.03
      Required ratio:  400.00 (Side area) 
      Cumulative area ratio:    1.61
      Required ratio:    0.00 (Cumulative area) 
      Cumulative area ratio:    9.03
      Required ratio:    0.00 (Cumulative side area) 

    Layer: li1
      Partial area ratio:    0.00
      Required ratio:    0.00 (Gate area) 
      Partial area ratio:    0.00
      Required ratio:   75.00 (Side area) 
      Cumulative area ratio:    0.00
      Required ratio:    0.00 (Cumulative area) 
      Cumulative area ratio:    0.00
      Required ratio:    0.00 (Cumulative side area) 

    Via: M2M3_PR
      Partial area ratio:    0.20
      Required ratio:    6.00 (Gate area) 
      Cumulative area ratio:    0.58
      Required ratio:    0.00 (Cumulative area) 

    Via: M1M2_PR
      Partial area ratio:    0.23
      Required ratio:    6.00 (Gate area) 
      Cumulative area ratio:    0.38
      Required ratio:    0.00 (Cumulative area) 

    Via: L1M1_PR
      Partial area ratio:    0.15
      Required ratio:    3.00 (Gate area) 
      Cumulative area ratio:    0.15
      Required ratio:    0.00 (Cumulative area) 


Net: net775
  Pin: output775/A (sky130_fd_sc_hd__buf_1)
    Layer: met4
      Partial area ratio:  116.63
      Required ratio:    0.00 (Gate area) 
      Partial area ratio:  623.51
      Required ratio: 2956.40 (Side area) 
      Cumulative area ratio:  372.13
      Required ratio:    0.00 (Cumulative area) 
      Cumulative area ratio: 1909.12
      Required ratio:    0.00 (Cumulative side area) 

    Layer: met3
      Partial area ratio:   10.99
      Required ratio:    0.00 (Gate area) 
      Partial area ratio:   61.07
      Required ratio:  400.00 (Side area) 
      Cumulative area ratio:  255.50
      Required ratio:    0.00 (Cumulative area) 
      Cumulative area ratio: 1285.61
      Required ratio:    0.00 (Cumulative side area) 

    Layer: met2
      Partial area ratio:  236.07
      Required ratio:    0.00 (Gate area) 
      Partial area ratio: 1180.84
      Required ratio:  400.00 (Side area) (VIOLATED)
      Cumulative area ratio:  244.51
      Required ratio:    0.00 (Cumulative area) 
      Cumulative area ratio: 1224.54
      Required ratio:    0.00 (Cumulative side area) 

    Layer: met1
      Partial area ratio:    8.44
      Required ratio:    0.00 (Gate area) 
      Partial area ratio:   43.69
      Required ratio:  400.00 (Side area) 
      Cumulative area ratio:    8.44
      Required ratio:    0.00 (Cumulative area) 
      Cumulative area ratio:   43.69
      Required ratio:    0.00 (Cumulative side area) 

    Layer: li1
      Partial area ratio:    0.00
      Required ratio:    0.00 (Gate area) 
      Partial area ratio:    0.00
      Required ratio:   75.00 (Side area) 
      Cumulative area ratio:    0.00
      Required ratio:    0.00 (Cumulative area) 
      Cumulative area ratio:    0.00
      Required ratio:    0.00 (Cumulative side area) 

    Via: M3M4_PR
      Partial area ratio:    0.41
      Required ratio:    6.00 (Gate area) 
      Cumulative area ratio:    1.30
      Required ratio:    0.00 (Cumulative area) 

    Via: M2M3_PR
      Partial area ratio:    0.41
      Required ratio:    6.00 (Gate area) 
      Cumulative area ratio:    0.90
      Required ratio:    0.00 (Cumulative area) 

    Via: M1M2_PR
      Partial area ratio:    0.34
      Required ratio:    6.00 (Gate area) 
      Cumulative area ratio:    0.49
      Required ratio:    0.00 (Cumulative area) 

    Via: L1M1_PR
      Partial area ratio:    0.15
      Required ratio:    3.00 (Gate area) 
      Cumulative area ratio:    0.15
      Required ratio:    0.00 (Cumulative area) 

  Pin: _7289_/A (sky130_fd_sc_hd__clkbuf_1)
    Layer: met4
      Partial area ratio:  116.63
      Required ratio:    0.00 (Gate area) 
      Partial area ratio:  623.51
      Required ratio: 2956.40 (Side area) 
      Cumulative area ratio:  388.16
      Required ratio:    0.00 (Cumulative area) 
      Cumulative area ratio: 1990.77
      Required ratio:    0.00 (Cumulative side area) 

    Layer: met3
      Partial area ratio:    0.00
      Required ratio:    0.00 (Gate area) 
      Partial area ratio:    0.00
      Required ratio:  400.00 (Side area) 
      Cumulative area ratio:   16.03
      Required ratio:    0.00 (Cumulative area) 
      Cumulative area ratio:   81.65
      Required ratio:    0.00 (Cumulative side area) 

    Layer: met2
      Partial area ratio:   14.85
      Required ratio:    0.00 (Gate area) 
      Partial area ratio:   74.74
      Required ratio:  400.00 (Side area) 
      Cumulative area ratio:   16.03
      Required ratio:    0.00 (Cumulative area) 
      Cumulative area ratio:   81.65
      Required ratio:    0.00 (Cumulative side area) 

    Layer: met1
      Partial area ratio:    1.18
      Required ratio:    0.00 (Gate area) 
      Partial area ratio:    6.91
      Required ratio:  400.00 (Side area) 
      Cumulative area ratio:    1.18
      Required ratio:    0.00 (Cumulative area) 
      Cumulative area ratio:    6.91
      Required ratio:    0.00 (Cumulative side area) 

    Layer: li1
      Partial area ratio:    0.00
      Required ratio:    0.00 (Gate area) 
      Partial area ratio:    0.00
      Required ratio:   75.00 (Side area) 
      Cumulative area ratio:    0.00
      Required ratio:    0.00 (Cumulative area) 
      Cumulative area ratio:    0.00
      Required ratio:    0.00 (Cumulative side area) 

    Via: M3M4_PR
      Partial area ratio:    0.20
      Required ratio:    6.00 (Gate area) 
      Cumulative area ratio:    0.78
      Required ratio:    0.00 (Cumulative area) 

    Via: M2M3_PR
      Partial area ratio:    0.20
      Required ratio:    6.00 (Gate area) 
      Cumulative area ratio:    0.58
      Required ratio:    0.00 (Cumulative area) 

    Via: M1M2_PR
      Partial area ratio:    0.23
      Required ratio:    6.00 (Gate area) 
      Cumulative area ratio:    0.38
      Required ratio:    0.00 (Cumulative area) 

    Via: L1M1_PR
      Partial area ratio:    0.15
      Required ratio:    3.00 (Gate area) 
      Cumulative area ratio:    0.15
      Required ratio:    0.00 (Cumulative area) 

  Pin: _4905_/A1 (sky130_fd_sc_hd__o22a_1)
    Layer: met1
      Partial area ratio:    7.19
      Required ratio:    0.00 (Gate area) 
      Partial area ratio:   38.31
      Required ratio: 2956.40 (Side area) 
      Cumulative area ratio:    7.19
      Required ratio:    0.00 (Cumulative area) 
      Cumulative area ratio:   38.31
      Required ratio:    0.00 (Cumulative side area) 

    Layer: met2
      Partial area ratio:    0.00
      Required ratio:    0.00 (Gate area) 
      Partial area ratio:    0.00
      Required ratio: 2956.40 (Side area) 
      Cumulative area ratio:    7.19
      Required ratio:    0.00 (Cumulative area) 
      Cumulative area ratio:   38.31
      Required ratio:    0.00 (Cumulative side area) 

    Layer: met3
      Partial area ratio:    0.00
      Required ratio:    0.00 (Gate area) 
      Partial area ratio:    0.00
      Required ratio: 2956.40 (Side area) 
      Cumulative area ratio:    7.19
      Required ratio:    0.00 (Cumulative area) 
      Cumulative area ratio:   38.31
      Required ratio:    0.00 (Cumulative side area) 

    Layer: met4
      Partial area ratio:  116.63
      Required ratio:    0.00 (Gate area) 
      Partial area ratio:  623.51
      Required ratio: 2956.40 (Side area) 
      Cumulative area ratio:  123.81
      Required ratio:    0.00 (Cumulative area) 
      Cumulative area ratio:  661.82
      Required ratio:    0.00 (Cumulative side area) 

    Layer: met2
      Partial area ratio:    0.00
      Required ratio:    0.00 (Gate area) 
      Partial area ratio:    0.00
      Required ratio: 2956.40 (Side area) 
      Cumulative area ratio:    7.19
      Required ratio:    0.00 (Cumulative area) 
      Cumulative area ratio:   38.31
      Required ratio:    0.00 (Cumulative side area) 

    Layer: met2
      Partial area ratio:    0.00
      Required ratio:    0.00 (Gate area) 
      Partial area ratio:    0.00
      Required ratio: 2956.40 (Side area) 
      Cumulative area ratio:    7.19
      Required ratio:    0.00 (Cumulative area) 
      Cumulative area ratio:   38.31
      Required ratio:    0.00 (Cumulative side area) 

    Layer: li1
      Partial area ratio:    0.00
      Required ratio:    0.00 (Gate area) 
      Partial area ratio:    0.00
      Required ratio:   75.00 (Side area) 
      Cumulative area ratio:    0.00
      Required ratio:    0.00 (Cumulative area) 
      Cumulative area ratio:    0.00
      Required ratio:    0.00 (Cumulative side area) 

    Via: M1M2_PR
      Partial area ratio:    0.27
      Required ratio:    6.00 (Gate area) 
      Cumulative area ratio:    0.39
      Required ratio:    0.00 (Cumulative area) 

    Via: M2M3_PR
      Partial area ratio:    0.16
      Required ratio:    6.00 (Gate area) 
      Cumulative area ratio:    0.55
      Required ratio:    0.00 (Cumulative area) 

    Via: M3M4_PR
      Partial area ratio:    0.16
      Required ratio:    6.00 (Gate area) 
      Cumulative area ratio:    0.71
      Required ratio:    0.00 (Cumulative area) 

    Via: L1M1_PR
      Partial area ratio:    0.12
      Required ratio:    3.00 (Gate area) 
      Cumulative area ratio:    0.12
      Required ratio:    0.00 (Cumulative area) 


Net: net892
  Pin: output892/A (sky130_fd_sc_hd__buf_1)
    Layer: met3
      Partial area ratio:  780.00
      Required ratio:    0.00 (Gate area) 
      Partial area ratio: 4162.44
      Required ratio: 3096.80 (Side area) (VIOLATED)
      Cumulative area ratio:  783.17
      Required ratio:    0.00 (Cumulative area) 
      Cumulative area ratio: 4179.27
      Required ratio:    0.00 (Cumulative side area) 

    Layer: met2
      Partial area ratio:    0.00
      Required ratio:    0.00 (Gate area) 
      Partial area ratio:    0.00
      Required ratio:  400.00 (Side area) 
      Cumulative area ratio:    3.17
      Required ratio:    0.00 (Cumulative area) 
      Cumulative area ratio:   16.83
      Required ratio:    0.00 (Cumulative side area) 

    Layer: met1
      Partial area ratio:    3.17
      Required ratio:    0.00 (Gate area) 
      Partial area ratio:   16.83
      Required ratio:  400.00 (Side area) 
      Cumulative area ratio:    3.17
      Required ratio:    0.00 (Cumulative area) 
      Cumulative area ratio:   16.83
      Required ratio:    0.00 (Cumulative side area) 

    Layer: li1
      Partial area ratio:    0.00
      Required ratio:    0.00 (Gate area) 
      Partial area ratio:    0.00
      Required ratio:   75.00 (Side area) 
      Cumulative area ratio:    0.00
      Required ratio:    0.00 (Cumulative area) 
      Cumulative area ratio:    0.00
      Required ratio:    0.00 (Cumulative side area) 

    Via: M2M3_PR
      Partial area ratio:    0.20
      Required ratio:    6.00 (Gate area) 
      Cumulative area ratio:    0.58
      Required ratio:    0.00 (Cumulative area) 

    Via: M1M2_PR
      Partial area ratio:    0.23
      Required ratio:    6.00 (Gate area) 
      Cumulative area ratio:    0.38
      Required ratio:    0.00 (Cumulative area) 

    Via: L1M1_PR
      Partial area ratio:    0.15
      Required ratio:    3.00 (Gate area) 
      Cumulative area ratio:    0.15
      Required ratio:    0.00 (Cumulative area) 


Net: net894
  Pin: output894/A (sky130_fd_sc_hd__buf_1)
    Layer: met2
      Partial area ratio:    5.02
      Required ratio:    0.00 (Gate area) 
      Partial area ratio:   25.58
      Required ratio: 2848.40 (Side area) 
      Cumulative area ratio:  115.16
      Required ratio:    0.00 (Cumulative area) 
      Cumulative area ratio:  578.29
      Required ratio:    0.00 (Cumulative side area) 

    Layer: met1
      Partial area ratio:  110.14
      Required ratio:    0.00 (Gate area) 
      Partial area ratio:  552.72
      Required ratio:  400.00 (Side area) (VIOLATED)
      Cumulative area ratio:  110.14
      Required ratio:    0.00 (Cumulative area) 
      Cumulative area ratio:  552.72
      Required ratio:    0.00 (Cumulative side area) 

    Layer: li1
      Partial area ratio:    0.00
      Required ratio:    0.00 (Gate area) 
      Partial area ratio:    0.00
      Required ratio:   75.00 (Side area) 
      Cumulative area ratio:    0.00
      Required ratio:    0.00 (Cumulative area) 
      Cumulative area ratio:    0.00
      Required ratio:    0.00 (Cumulative side area) 

    Via: M1M2_PR
      Partial area ratio:    0.23
      Required ratio:    6.00 (Gate area) 
      Cumulative area ratio:    0.38
      Required ratio:    0.00 (Cumulative area) 

    Via: L1M1_PR
      Partial area ratio:    0.15
      Required ratio:    3.00 (Gate area) 
      Cumulative area ratio:    0.15
      Required ratio:    0.00 (Cumulative area) 


Net: net896
  Pin: output896/A (sky130_fd_sc_hd__buf_1)
    Layer: met3
      Partial area ratio:  748.40
      Required ratio:    0.00 (Gate area) 
      Partial area ratio: 3993.89
      Required ratio: 3096.80 (Side area) (VIOLATED)
      Cumulative area ratio:  752.22
      Required ratio:    0.00 (Cumulative area) 
      Cumulative area ratio: 4014.00
      Required ratio:    0.00 (Cumulative side area) 

    Layer: met2
      Partial area ratio:    0.00
      Required ratio:    0.00 (Gate area) 
      Partial area ratio:    0.00
      Required ratio:  400.00 (Side area) 
      Cumulative area ratio:    3.82
      Required ratio:    0.00 (Cumulative area) 
      Cumulative area ratio:   20.11
      Required ratio:    0.00 (Cumulative side area) 

    Layer: met1
      Partial area ratio:    3.82
      Required ratio:    0.00 (Gate area) 
      Partial area ratio:   20.11
      Required ratio:  400.00 (Side area) 
      Cumulative area ratio:    3.82
      Required ratio:    0.00 (Cumulative area) 
      Cumulative area ratio:   20.11
      Required ratio:    0.00 (Cumulative side area) 

    Layer: li1
      Partial area ratio:    0.00
      Required ratio:    0.00 (Gate area) 
      Partial area ratio:    0.00
      Required ratio:   75.00 (Side area) 
      Cumulative area ratio:    0.00
      Required ratio:    0.00 (Cumulative area) 
      Cumulative area ratio:    0.00
      Required ratio:    0.00 (Cumulative side area) 

    Via: M2M3_PR
      Partial area ratio:    0.20
      Required ratio:    6.00 (Gate area) 
      Cumulative area ratio:    0.58
      Required ratio:    0.00 (Cumulative area) 

    Via: M1M2_PR
      Partial area ratio:    0.23
      Required ratio:    6.00 (Gate area) 
      Cumulative area ratio:    0.38
      Required ratio:    0.00 (Cumulative area) 

    Via: L1M1_PR
      Partial area ratio:    0.15
      Required ratio:    3.00 (Gate area) 
      Cumulative area ratio:    0.15
      Required ratio:    0.00 (Cumulative area) 


Net: net903
  Pin: output903/A (sky130_fd_sc_hd__buf_1)
    Layer: met2
      Partial area ratio:    5.02
      Required ratio:    0.00 (Gate area) 
      Partial area ratio:   25.58
      Required ratio: 3096.80 (Side area) 
      Cumulative area ratio:  342.42
      Required ratio:    0.00 (Cumulative area) 
      Cumulative area ratio: 1714.61
      Required ratio:    0.00 (Cumulative side area) 

    Layer: met1
      Partial area ratio:  337.41
      Required ratio:    0.00 (Gate area) 
      Partial area ratio: 1689.03
      Required ratio:  400.00 (Side area) (VIOLATED)
      Cumulative area ratio:  337.41
      Required ratio:    0.00 (Cumulative area) 
      Cumulative area ratio: 1689.03
      Required ratio:    0.00 (Cumulative side area) 

    Layer: li1
      Partial area ratio:    0.00
      Required ratio:    0.00 (Gate area) 
      Partial area ratio:    0.00
      Required ratio:   75.00 (Side area) 
      Cumulative area ratio:    0.00
      Required ratio:    0.00 (Cumulative area) 
      Cumulative area ratio:    0.00
      Required ratio:    0.00 (Cumulative side area) 

    Via: M1M2_PR
      Partial area ratio:    0.23
      Required ratio:    6.00 (Gate area) 
      Cumulative area ratio:    0.38
      Required ratio:    0.00 (Cumulative area) 

    Via: L1M1_PR
      Partial area ratio:    0.15
      Required ratio:    3.00 (Gate area) 
      Cumulative area ratio:    0.15
      Required ratio:    0.00 (Cumulative area) 


Net: net905
  Pin: output905/A (sky130_fd_sc_hd__buf_1)
    Layer: met2
      Partial area ratio:    9.93
      Required ratio:    0.00 (Gate area) 
      Partial area ratio:   50.16
      Required ratio: 3096.80 (Side area) 
      Cumulative area ratio:  416.01
      Required ratio:    0.00 (Cumulative area) 
      Cumulative area ratio: 2082.53
      Required ratio:    0.00 (Cumulative side area) 

    Layer: met1
      Partial area ratio:  406.07
      Required ratio:    0.00 (Gate area) 
      Partial area ratio: 2032.37
      Required ratio:  400.00 (Side area) (VIOLATED)
      Cumulative area ratio:  406.07
      Required ratio:    0.00 (Cumulative area) 
      Cumulative area ratio: 2032.37
      Required ratio:    0.00 (Cumulative side area) 

    Layer: li1
      Partial area ratio:    0.00
      Required ratio:    0.00 (Gate area) 
      Partial area ratio:    0.00
      Required ratio:   75.00 (Side area) 
      Cumulative area ratio:    0.00
      Required ratio:    0.00 (Cumulative area) 
      Cumulative area ratio:    0.00
      Required ratio:    0.00 (Cumulative side area) 

    Via: M1M2_PR
      Partial area ratio:    0.23
      Required ratio:    6.00 (Gate area) 
      Cumulative area ratio:    0.38
      Required ratio:    0.00 (Cumulative area) 

    Via: L1M1_PR
      Partial area ratio:    0.15
      Required ratio:    3.00 (Gate area) 
      Cumulative area ratio:    0.15
      Required ratio:    0.00 (Cumulative area) 


Net: net906
  Pin: output906/A (sky130_fd_sc_hd__buf_1)
    Layer: met2
      Partial area ratio:   49.26
      Required ratio:    0.00 (Gate area) 
      Partial area ratio:  246.80
      Required ratio: 3096.80 (Side area) 
      Cumulative area ratio:  429.70
      Required ratio:    0.00 (Cumulative area) 
      Cumulative area ratio: 2150.99
      Required ratio:    0.00 (Cumulative side area) 

    Layer: met1
      Partial area ratio:  380.44
      Required ratio:    0.00 (Gate area) 
      Partial area ratio: 1904.20
      Required ratio:  400.00 (Side area) (VIOLATED)
      Cumulative area ratio:  380.44
      Required ratio:    0.00 (Cumulative area) 
      Cumulative area ratio: 1904.20
      Required ratio:    0.00 (Cumulative side area) 

    Layer: li1
      Partial area ratio:    0.00
      Required ratio:    0.00 (Gate area) 
      Partial area ratio:    0.00
      Required ratio:   75.00 (Side area) 
      Cumulative area ratio:    0.00
      Required ratio:    0.00 (Cumulative area) 
      Cumulative area ratio:    0.00
      Required ratio:    0.00 (Cumulative side area) 

    Via: M1M2_PR
      Partial area ratio:    0.23
      Required ratio:    6.00 (Gate area) 
      Cumulative area ratio:    0.38
      Required ratio:    0.00 (Cumulative area) 

    Via: L1M1_PR
      Partial area ratio:    0.15
      Required ratio:    3.00 (Gate area) 
      Cumulative area ratio:    0.15
      Required ratio:    0.00 (Cumulative area) 


Net: net908
  Pin: output908/A (sky130_fd_sc_hd__buf_1)
    Layer: met2
      Partial area ratio:    5.02
      Required ratio:    0.00 (Gate area) 
      Partial area ratio:   25.58
      Required ratio: 3096.80 (Side area) 
      Cumulative area ratio:  377.41
      Required ratio:    0.00 (Cumulative area) 
      Cumulative area ratio: 1889.52
      Required ratio:    0.00 (Cumulative side area) 

    Layer: met1
      Partial area ratio:  372.39
      Required ratio:    0.00 (Gate area) 
      Partial area ratio: 1863.94
      Required ratio:  400.00 (Side area) (VIOLATED)
      Cumulative area ratio:  372.39
      Required ratio:    0.00 (Cumulative area) 
      Cumulative area ratio: 1863.94
      Required ratio:    0.00 (Cumulative side area) 

    Layer: li1
      Partial area ratio:    0.00
      Required ratio:    0.00 (Gate area) 
      Partial area ratio:    0.00
      Required ratio:   75.00 (Side area) 
      Cumulative area ratio:    0.00
      Required ratio:    0.00 (Cumulative area) 
      Cumulative area ratio:    0.00
      Required ratio:    0.00 (Cumulative side area) 

    Via: M1M2_PR
      Partial area ratio:    0.23
      Required ratio:    6.00 (Gate area) 
      Cumulative area ratio:    0.38
      Required ratio:    0.00 (Cumulative area) 

    Via: L1M1_PR
      Partial area ratio:    0.15
      Required ratio:    3.00 (Gate area) 
      Cumulative area ratio:    0.15
      Required ratio:    0.00 (Cumulative area) 


Net: net944
  Pin: _4383_/A (sky130_fd_sc_hd__nor2_1)
    Layer: met4
      Partial area ratio:  213.36
      Required ratio:    0.00 (Gate area) 
      Partial area ratio: 1138.42
      Required ratio: 3312.80 (Side area) 
      Cumulative area ratio:  224.41
      Required ratio:    0.00 (Cumulative area) 
      Cumulative area ratio: 1194.73
      Required ratio:    0.00 (Cumulative side area) 

    Layer: met3
      Partial area ratio:    0.00
      Required ratio:    0.00 (Gate area) 
      Partial area ratio:    0.00
      Required ratio:  400.00 (Side area) 
      Cumulative area ratio:   11.05
      Required ratio:    0.00 (Cumulative area) 
      Cumulative area ratio:   56.30
      Required ratio:    0.00 (Cumulative side area) 

    Layer: met2
      Partial area ratio:    9.16
      Required ratio:    0.00 (Gate area) 
      Partial area ratio:   46.06
      Required ratio:  400.00 (Side area) 
      Cumulative area ratio:   11.05
      Required ratio:    0.00 (Cumulative area) 
      Cumulative area ratio:   56.30
      Required ratio:    0.00 (Cumulative side area) 

    Layer: met1
      Partial area ratio:    1.89
      Required ratio:    0.00 (Gate area) 
      Partial area ratio:   10.24
      Required ratio:  400.00 (Side area) 
      Cumulative area ratio:    1.89
      Required ratio:    0.00 (Cumulative area) 
      Cumulative area ratio:   10.24
      Required ratio:    0.00 (Cumulative side area) 

    Layer: li1
      Partial area ratio:    0.00
      Required ratio:    0.00 (Gate area) 
      Partial area ratio:    0.00
      Required ratio:   75.00 (Side area) 
      Cumulative area ratio:    0.00
      Required ratio:    0.00 (Cumulative area) 
      Cumulative area ratio:    0.00
      Required ratio:    0.00 (Cumulative side area) 

    Via: M3M4_PR
      Partial area ratio:    0.05
      Required ratio:    6.00 (Gate area) 
      Cumulative area ratio:    0.41
      Required ratio:    0.00 (Cumulative area) 

    Via: M2M3_PR
      Partial area ratio:    0.05
      Required ratio:    6.00 (Gate area) 
      Cumulative area ratio:    0.35
      Required ratio:    0.00 (Cumulative area) 

    Via: M1M2_PR
      Partial area ratio:    0.18
      Required ratio:    6.00 (Gate area) 
      Cumulative area ratio:    0.30
      Required ratio:    0.00 (Cumulative area) 

    Via: L1M1_PR
      Partial area ratio:    0.12
      Required ratio:    3.00 (Gate area) 
      Cumulative area ratio:    0.12
      Required ratio:    0.00 (Cumulative area) 

  Pin: _4425_/A (sky130_fd_sc_hd__nor2_1)
    Layer: met4
      Partial area ratio:  213.36
      Required ratio:    0.00 (Gate area) 
      Partial area ratio: 1138.42
      Required ratio: 3312.80 (Side area) 
      Cumulative area ratio:  223.75
      Required ratio:    0.00 (Cumulative area) 
      Cumulative area ratio: 1191.39
      Required ratio:    0.00 (Cumulative side area) 

    Layer: met3
      Partial area ratio:    0.00
      Required ratio:    0.00 (Gate area) 
      Partial area ratio:    0.00
      Required ratio:  400.00 (Side area) 
      Cumulative area ratio:   10.38
      Required ratio:    0.00 (Cumulative area) 
      Cumulative area ratio:   52.96
      Required ratio:    0.00 (Cumulative side area) 

    Layer: met2
      Partial area ratio:    9.16
      Required ratio:    0.00 (Gate area) 
      Partial area ratio:   46.06
      Required ratio:  400.00 (Side area) 
      Cumulative area ratio:   10.38
      Required ratio:    0.00 (Cumulative area) 
      Cumulative area ratio:   52.96
      Required ratio:    0.00 (Cumulative side area) 

    Layer: met1
      Partial area ratio:    1.22
      Required ratio:    0.00 (Gate area) 
      Partial area ratio:    6.90
      Required ratio:  400.00 (Side area) 
      Cumulative area ratio:    1.22
      Required ratio:    0.00 (Cumulative area) 
      Cumulative area ratio:    6.90
      Required ratio:    0.00 (Cumulative side area) 

    Layer: li1
      Partial area ratio:    0.00
      Required ratio:    0.00 (Gate area) 
      Partial area ratio:    0.00
      Required ratio:   75.00 (Side area) 
      Cumulative area ratio:    0.00
      Required ratio:    0.00 (Cumulative area) 
      Cumulative area ratio:    0.00
      Required ratio:    0.00 (Cumulative side area) 

    Via: M3M4_PR
      Partial area ratio:    0.05
      Required ratio:    6.00 (Gate area) 
      Cumulative area ratio:    0.41
      Required ratio:    0.00 (Cumulative area) 

    Via: M2M3_PR
      Partial area ratio:    0.05
      Required ratio:    6.00 (Gate area) 
      Cumulative area ratio:    0.35
      Required ratio:    0.00 (Cumulative area) 

    Via: M1M2_PR
      Partial area ratio:    0.18
      Required ratio:    6.00 (Gate area) 
      Cumulative area ratio:    0.30
      Required ratio:    0.00 (Cumulative area) 

    Via: L1M1_PR
      Partial area ratio:    0.12
      Required ratio:    3.00 (Gate area) 
      Cumulative area ratio:    0.12
      Required ratio:    0.00 (Cumulative area) 

  Pin: _4497_/A (sky130_fd_sc_hd__nor2_1)
    Layer: met4
      Partial area ratio:  213.36
      Required ratio:    0.00 (Gate area) 
      Partial area ratio: 1138.42
      Required ratio: 3312.80 (Side area) 
      Cumulative area ratio:  224.04
      Required ratio:    0.00 (Cumulative area) 
      Cumulative area ratio: 1192.86
      Required ratio:    0.00 (Cumulative side area) 

    Layer: met3
      Partial area ratio:    0.00
      Required ratio:    0.00 (Gate area) 
      Partial area ratio:    0.00
      Required ratio:  400.00 (Side area) 
      Cumulative area ratio:   10.68
      Required ratio:    0.00 (Cumulative area) 
      Cumulative area ratio:   54.44
      Required ratio:    0.00 (Cumulative side area) 

    Layer: met2
      Partial area ratio:    9.16
      Required ratio:    0.00 (Gate area) 
      Partial area ratio:   46.06
      Required ratio:  400.00 (Side area) 
      Cumulative area ratio:   10.68
      Required ratio:    0.00 (Cumulative area) 
      Cumulative area ratio:   54.44
      Required ratio:    0.00 (Cumulative side area) 

    Layer: met1
      Partial area ratio:    1.52
      Required ratio:    0.00 (Gate area) 
      Partial area ratio:    8.37
      Required ratio:  400.00 (Side area) 
      Cumulative area ratio:    1.52
      Required ratio:    0.00 (Cumulative area) 
      Cumulative area ratio:    8.37
      Required ratio:    0.00 (Cumulative side area) 

    Layer: li1
      Partial area ratio:    0.00
      Required ratio:    0.00 (Gate area) 
      Partial area ratio:    0.00
      Required ratio:   75.00 (Side area) 
      Cumulative area ratio:    0.00
      Required ratio:    0.00 (Cumulative area) 
      Cumulative area ratio:    0.00
      Required ratio:    0.00 (Cumulative side area) 

    Via: M3M4_PR
      Partial area ratio:    0.05
      Required ratio:    6.00 (Gate area) 
      Cumulative area ratio:    0.41
      Required ratio:    0.00 (Cumulative area) 

    Via: M2M3_PR
      Partial area ratio:    0.05
      Required ratio:    6.00 (Gate area) 
      Cumulative area ratio:    0.35
      Required ratio:    0.00 (Cumulative area) 

    Via: M1M2_PR
      Partial area ratio:    0.18
      Required ratio:    6.00 (Gate area) 
      Cumulative area ratio:    0.30
      Required ratio:    0.00 (Cumulative area) 

    Via: L1M1_PR
      Partial area ratio:    0.12
      Required ratio:    3.00 (Gate area) 
      Cumulative area ratio:    0.12
      Required ratio:    0.00 (Cumulative area) 

  Pin: _4461_/A (sky130_fd_sc_hd__nor2_1)
    Layer: met2
      Partial area ratio:   50.90
      Required ratio:    0.00 (Gate area) 
      Partial area ratio:  255.28
      Required ratio: 3312.80 (Side area) 
      Cumulative area ratio:  274.93
      Required ratio:    0.00 (Cumulative area) 
      Cumulative area ratio: 1376.64
      Required ratio:    0.00 (Cumulative side area) 

    Layer: met1
      Partial area ratio:  224.03
      Required ratio:    0.00 (Gate area) 
      Partial area ratio: 1121.36
      Required ratio:  400.00 (Side area) (VIOLATED)
      Cumulative area ratio:  224.03
      Required ratio:    0.00 (Cumulative area) 
      Cumulative area ratio: 1121.36
      Required ratio:    0.00 (Cumulative side area) 

    Layer: met3
      Partial area ratio:    0.00
      Required ratio:    0.00 (Gate area) 
      Partial area ratio:    0.00
      Required ratio: 3312.80 (Side area) 
      Cumulative area ratio:  274.93
      Required ratio:    0.00 (Cumulative area) 
      Cumulative area ratio: 1376.64
      Required ratio:    0.00 (Cumulative side area) 

    Layer: met4
      Partial area ratio:  213.36
      Required ratio:    0.00 (Gate area) 
      Partial area ratio: 1138.42
      Required ratio: 3312.80 (Side area) 
      Cumulative area ratio:  488.30
      Required ratio:    0.00 (Cumulative area) 
      Cumulative area ratio: 2515.06
      Required ratio:    0.00 (Cumulative side area) 

    Layer: li1
      Partial area ratio:    0.00
      Required ratio:    0.00 (Gate area) 
      Partial area ratio:    0.00
      Required ratio:   75.00 (Side area) 
      Cumulative area ratio:    0.00
      Required ratio:    0.00 (Cumulative area) 
      Cumulative area ratio:    0.00
      Required ratio:    0.00 (Cumulative side area) 

    Via: M2M3_PR
      Partial area ratio:    0.16
      Required ratio:    6.00 (Gate area) 
      Cumulative area ratio:    0.55
      Required ratio:    0.00 (Cumulative area) 

    Via: M1M2_PR
      Partial area ratio:    0.27
      Required ratio:    6.00 (Gate area) 
      Cumulative area ratio:    0.39
      Required ratio:    0.00 (Cumulative area) 

    Via: M3M4_PR
      Partial area ratio:    0.16
      Required ratio:    6.00 (Gate area) 
      Cumulative area ratio:    0.71
      Required ratio:    0.00 (Cumulative area) 

    Via: L1M1_PR
      Partial area ratio:    0.12
      Required ratio:    3.00 (Gate area) 
      Cumulative area ratio:    0.12
      Required ratio:    0.00 (Cumulative area) 


Net: net945
  Pin: _4365_/A (sky130_fd_sc_hd__nor2_1)
    Layer: met4
      Partial area ratio:  215.45
      Required ratio:    0.00 (Gate area) 
      Partial area ratio: 1149.58
      Required ratio: 3312.80 (Side area) 
      Cumulative area ratio:  219.56
      Required ratio:    0.00 (Cumulative area) 
      Cumulative area ratio: 1171.54
      Required ratio:    0.00 (Cumulative side area) 

    Layer: met3
      Partial area ratio:    0.00
      Required ratio:    0.00 (Gate area) 
      Partial area ratio:    0.00
      Required ratio:  400.00 (Side area) 
      Cumulative area ratio:    4.10
      Required ratio:    0.00 (Cumulative area) 
      Cumulative area ratio:   21.97
      Required ratio:    0.00 (Cumulative side area) 

    Layer: met2
      Partial area ratio:    0.00
      Required ratio:    0.00 (Gate area) 
      Partial area ratio:    0.00
      Required ratio:  400.00 (Side area) 
      Cumulative area ratio:    4.10
      Required ratio:    0.00 (Cumulative area) 
      Cumulative area ratio:   21.97
      Required ratio:    0.00 (Cumulative side area) 

    Layer: met1
      Partial area ratio:    4.10
      Required ratio:    0.00 (Gate area) 
      Partial area ratio:   21.97
      Required ratio:  400.00 (Side area) 
      Cumulative area ratio:    4.10
      Required ratio:    0.00 (Cumulative area) 
      Cumulative area ratio:   21.97
      Required ratio:    0.00 (Cumulative side area) 

    Layer: li1
      Partial area ratio:    0.00
      Required ratio:    0.00 (Gate area) 
      Partial area ratio:    0.00
      Required ratio:   75.00 (Side area) 
      Cumulative area ratio:    0.00
      Required ratio:    0.00 (Cumulative area) 
      Cumulative area ratio:    0.00
      Required ratio:    0.00 (Cumulative side area) 

    Via: M3M4_PR
      Partial area ratio:    0.05
      Required ratio:    6.00 (Gate area) 
      Cumulative area ratio:    0.35
      Required ratio:    0.00 (Cumulative area) 

    Via: M2M3_PR
      Partial area ratio:    0.05
      Required ratio:    6.00 (Gate area) 
      Cumulative area ratio:    0.29
      Required ratio:    0.00 (Cumulative area) 

    Via: M1M2_PR
      Partial area ratio:    0.12
      Required ratio:    6.00 (Gate area) 
      Cumulative area ratio:    0.24
      Required ratio:    0.00 (Cumulative area) 

    Via: L1M1_PR
      Partial area ratio:    0.12
      Required ratio:    3.00 (Gate area) 
      Cumulative area ratio:    0.12
      Required ratio:    0.00 (Cumulative area) 

  Pin: _4419_/A (sky130_fd_sc_hd__nor2_1)
    Layer: met4
      Partial area ratio:  215.45
      Required ratio:    0.00 (Gate area) 
      Partial area ratio: 1149.58
      Required ratio: 3312.80 (Side area) 
      Cumulative area ratio:  219.56
      Required ratio:    0.00 (Cumulative area) 
      Cumulative area ratio: 1171.54
      Required ratio:    0.00 (Cumulative side area) 

    Layer: met3
      Partial area ratio:    0.00
      Required ratio:    0.00 (Gate area) 
      Partial area ratio:    0.00
      Required ratio:  400.00 (Side area) 
      Cumulative area ratio:    4.10
      Required ratio:    0.00 (Cumulative area) 
      Cumulative area ratio:   21.97
      Required ratio:    0.00 (Cumulative side area) 

    Layer: met2
      Partial area ratio:    0.00
      Required ratio:    0.00 (Gate area) 
      Partial area ratio:    0.00
      Required ratio:  400.00 (Side area) 
      Cumulative area ratio:    4.10
      Required ratio:    0.00 (Cumulative area) 
      Cumulative area ratio:   21.97
      Required ratio:    0.00 (Cumulative side area) 

    Layer: met1
      Partial area ratio:    4.10
      Required ratio:    0.00 (Gate area) 
      Partial area ratio:   21.97
      Required ratio:  400.00 (Side area) 
      Cumulative area ratio:    4.10
      Required ratio:    0.00 (Cumulative area) 
      Cumulative area ratio:   21.97
      Required ratio:    0.00 (Cumulative side area) 

    Layer: li1
      Partial area ratio:    0.00
      Required ratio:    0.00 (Gate area) 
      Partial area ratio:    0.00
      Required ratio:   75.00 (Side area) 
      Cumulative area ratio:    0.00
      Required ratio:    0.00 (Cumulative area) 
      Cumulative area ratio:    0.00
      Required ratio:    0.00 (Cumulative side area) 

    Via: M3M4_PR
      Partial area ratio:    0.05
      Required ratio:    6.00 (Gate area) 
      Cumulative area ratio:    0.35
      Required ratio:    0.00 (Cumulative area) 

    Via: M2M3_PR
      Partial area ratio:    0.05
      Required ratio:    6.00 (Gate area) 
      Cumulative area ratio:    0.29
      Required ratio:    0.00 (Cumulative area) 

    Via: M1M2_PR
      Partial area ratio:    0.12
      Required ratio:    6.00 (Gate area) 
      Cumulative area ratio:    0.24
      Required ratio:    0.00 (Cumulative area) 

    Via: L1M1_PR
      Partial area ratio:    0.12
      Required ratio:    3.00 (Gate area) 
      Cumulative area ratio:    0.12
      Required ratio:    0.00 (Cumulative area) 

  Pin: _4491_/A (sky130_fd_sc_hd__nor2_1)
    Layer: met4
      Partial area ratio:  215.45
      Required ratio:    0.00 (Gate area) 
      Partial area ratio: 1149.58
      Required ratio: 3312.80 (Side area) 
      Cumulative area ratio:  219.56
      Required ratio:    0.00 (Cumulative area) 
      Cumulative area ratio: 1171.54
      Required ratio:    0.00 (Cumulative side area) 

    Layer: met3
      Partial area ratio:    0.00
      Required ratio:    0.00 (Gate area) 
      Partial area ratio:    0.00
      Required ratio:  400.00 (Side area) 
      Cumulative area ratio:    4.10
      Required ratio:    0.00 (Cumulative area) 
      Cumulative area ratio:   21.97
      Required ratio:    0.00 (Cumulative side area) 

    Layer: met2
      Partial area ratio:    0.00
      Required ratio:    0.00 (Gate area) 
      Partial area ratio:    0.00
      Required ratio:  400.00 (Side area) 
      Cumulative area ratio:    4.10
      Required ratio:    0.00 (Cumulative area) 
      Cumulative area ratio:   21.97
      Required ratio:    0.00 (Cumulative side area) 

    Layer: met1
      Partial area ratio:    4.10
      Required ratio:    0.00 (Gate area) 
      Partial area ratio:   21.97
      Required ratio:  400.00 (Side area) 
      Cumulative area ratio:    4.10
      Required ratio:    0.00 (Cumulative area) 
      Cumulative area ratio:   21.97
      Required ratio:    0.00 (Cumulative side area) 

    Layer: li1
      Partial area ratio:    0.00
      Required ratio:    0.00 (Gate area) 
      Partial area ratio:    0.00
      Required ratio:   75.00 (Side area) 
      Cumulative area ratio:    0.00
      Required ratio:    0.00 (Cumulative area) 
      Cumulative area ratio:    0.00
      Required ratio:    0.00 (Cumulative side area) 

    Via: M3M4_PR
      Partial area ratio:    0.05
      Required ratio:    6.00 (Gate area) 
      Cumulative area ratio:    0.35
      Required ratio:    0.00 (Cumulative area) 

    Via: M2M3_PR
      Partial area ratio:    0.05
      Required ratio:    6.00 (Gate area) 
      Cumulative area ratio:    0.29
      Required ratio:    0.00 (Cumulative area) 

    Via: M1M2_PR
      Partial area ratio:    0.12
      Required ratio:    6.00 (Gate area) 
      Cumulative area ratio:    0.24
      Required ratio:    0.00 (Cumulative area) 

    Via: L1M1_PR
      Partial area ratio:    0.12
      Required ratio:    3.00 (Gate area) 
      Cumulative area ratio:    0.12
      Required ratio:    0.00 (Cumulative area) 

  Pin: _4455_/A (sky130_fd_sc_hd__nor2_1)
    Layer: met2
      Partial area ratio:   74.24
      Required ratio:    0.00 (Gate area) 
      Partial area ratio:  371.58
      Required ratio: 3312.80 (Side area) 
      Cumulative area ratio:  299.25
      Required ratio:    0.00 (Cumulative area) 
      Cumulative area ratio: 1497.86
      Required ratio:    0.00 (Cumulative side area) 

    Layer: met1
      Partial area ratio:  225.02
      Required ratio:    0.00 (Gate area) 
      Partial area ratio: 1126.28
      Required ratio:  400.00 (Side area) (VIOLATED)
      Cumulative area ratio:  225.02
      Required ratio:    0.00 (Cumulative area) 
      Cumulative area ratio: 1126.28
      Required ratio:    0.00 (Cumulative side area) 

    Layer: met3
      Partial area ratio:    0.00
      Required ratio:    0.00 (Gate area) 
      Partial area ratio:    0.00
      Required ratio: 3312.80 (Side area) 
      Cumulative area ratio:  299.25
      Required ratio:    0.00 (Cumulative area) 
      Cumulative area ratio: 1497.86
      Required ratio:    0.00 (Cumulative side area) 

    Layer: met4
      Partial area ratio:  215.45
      Required ratio:    0.00 (Gate area) 
      Partial area ratio: 1149.58
      Required ratio: 3312.80 (Side area) 
      Cumulative area ratio:  514.71
      Required ratio:    0.00 (Cumulative area) 
      Cumulative area ratio: 2647.43
      Required ratio:    0.00 (Cumulative side area) 

    Layer: li1
      Partial area ratio:    0.00
      Required ratio:    0.00 (Gate area) 
      Partial area ratio:    0.00
      Required ratio:   75.00 (Side area) 
      Cumulative area ratio:    0.00
      Required ratio:    0.00 (Cumulative area) 
      Cumulative area ratio:    0.00
      Required ratio:    0.00 (Cumulative side area) 

    Via: M2M3_PR
      Partial area ratio:    0.16
      Required ratio:    6.00 (Gate area) 
      Cumulative area ratio:    0.55
      Required ratio:    0.00 (Cumulative area) 

    Via: M1M2_PR
      Partial area ratio:    0.27
      Required ratio:    6.00 (Gate area) 
      Cumulative area ratio:    0.39
      Required ratio:    0.00 (Cumulative area) 

    Via: M3M4_PR
      Partial area ratio:    0.16
      Required ratio:    6.00 (Gate area) 
      Cumulative area ratio:    0.71
      Required ratio:    0.00 (Cumulative area) 

    Via: L1M1_PR
      Partial area ratio:    0.12
      Required ratio:    3.00 (Gate area) 
      Cumulative area ratio:    0.12
      Required ratio:    0.00 (Cumulative area) 


[INFO ANT-0002] Found 66 net violations.
[INFO ANT-0001] Found 72 pin violations.
%OL_END_REPORT
[INFO] Setting RC values…
Setting global connections for newly added cells…
[INFO] Setting global connections...
Writing OpenROAD database to '/work/openlane/runs/RUN_2026-08-28_23-34-40/36-openroad-globalrouting/axi4lite_arbiter_top.odb'…
Writing layout to '/work/openlane/runs/RUN_2026-08-28_23-34-40/36-openroad-globalrouting/axi4lite_arbiter_top.def'…
