
 /----------------------------------------------------------------------------\
 |                                                                            |
 |  yosys -- Yosys Open SYnthesis Suite                                       |
 |                                                                            |
 |  Copyright (C) 2012 - 2020  Claire Xenia Wolf <claire@yosyshq.com>         |
 |                                                                            |
 |  Permission to use, copy, modify, and/or distribute this software for any  |
 |  purpose with or without fee is hereby granted, provided that the above    |
 |  copyright notice and this permission notice appear in all copies.         |
 |                                                                            |
 |  THE SOFTWARE IS PROVIDED "AS IS" AND THE AUTHOR DISCLAIMS ALL WARRANTIES  |
 |  WITH REGARD TO THIS SOFTWARE INCLUDING ALL IMPLIED WARRANTIES OF          |
 |  MERCHANTABILITY AND FITNESS. IN NO EVENT SHALL THE AUTHOR BE LIABLE FOR   |
 |  ANY SPECIAL, DIRECT, INDIRECT, OR CONSEQUENTIAL DAMAGES OR ANY DAMAGES    |
 |  WHATSOEVER RESULTING FROM LOSS OF USE, DATA OR PROFITS, WHETHER IN AN     |
 |  ACTION OF CONTRACT, NEGLIGENCE OR OTHER TORTIOUS ACTION, ARISING OUT OF   |
 |  OR IN CONNECTION WITH THE USE OR PERFORMANCE OF THIS SOFTWARE.            |
 |                                                                            |
 \----------------------------------------------------------------------------/

 Yosys 0.38 (git sha1 543faed9c8c, clang++ 16.0.6 -fPIC -Os)

Loaded SDC plugin
[TCL: yosys -import] Command name collision: found pre-existing command `cd' -> skip.
[TCL: yosys -import] Command name collision: found pre-existing command `eval' -> skip.
[TCL: yosys -import] Command name collision: found pre-existing command `exec' -> skip.
[TCL: yosys -import] Command name collision: found pre-existing command `read' -> skip.
[TCL: yosys -import] Command name collision: found pre-existing command `trace' -> skip.

1. Executing Liberty frontend: /.volare/volare/sky130/versions/bdc9412b3e468c102d01b7cf6337be06ec6e9c9a/sky130A/libs.ref/sky130_fd_sc_hd/lib/sky130_fd_sc_hd__tt_025C_1v80.lib
Imported 428 cell types from liberty file.

2. Executing Verilog-2005 frontend: /work/openlane/axi4lite_arbiter_top_sv2v.v
Parsing SystemVerilog input from `/work/openlane/axi4lite_arbiter_top_sv2v.v' to AST representation.
Generating RTLIL representation for module `\axi4lite_address_decoder'.
Generating RTLIL representation for module `\axi4lite_qos_scheduler'.
Generating RTLIL representation for module `\axi4lite_response_router'.
Generating RTLIL representation for module `\axi4lite_write_arbiter'.
Generating RTLIL representation for module `\axi4lite_read_arbiter'.
Generating RTLIL representation for module `\axi4lite_arbiter_top'.
Successfully finished Verilog frontend.

3. Executing HIERARCHY pass (managing design hierarchy).

3.1. Analyzing design hierarchy..
Top module:  \axi4lite_arbiter_top
Used module:     \axi4lite_response_router
Used module:     \axi4lite_read_arbiter
Used module:         \axi4lite_address_decoder
Used module:         \axi4lite_qos_scheduler
Used module:     \axi4lite_write_arbiter
Parameter \ADDR_WIDTH = 32
Parameter \S0_BASE = 0
Parameter \S0_SIZE = 65536
Parameter \S1_BASE = 65536
Parameter \S1_SIZE = 65536

3.2. Executing AST frontend in derive mode using pre-parsed AST for module `\axi4lite_address_decoder'.
Parameter \ADDR_WIDTH = 32
Parameter \S0_BASE = 0
Parameter \S0_SIZE = 65536
Parameter \S1_BASE = 65536
Parameter \S1_SIZE = 65536
Generating RTLIL representation for module `$paramod$8607e6e28e9a0ecf78b5ef5ea17d8b714c8188a1\axi4lite_address_decoder'.
Parameter \NUM_MASTERS = 4

3.3. Executing AST frontend in derive mode using pre-parsed AST for module `\axi4lite_qos_scheduler'.
Parameter \NUM_MASTERS = 4
Generating RTLIL representation for module `$paramod\axi4lite_qos_scheduler\NUM_MASTERS=s32'00000000000000000000000000000100'.
Parameter \ADDR_WIDTH = 32
Parameter \S0_BASE = 0
Parameter \S0_SIZE = 65536
Parameter \S1_BASE = 65536
Parameter \S1_SIZE = 65536
Found cached RTLIL representation for module `$paramod$8607e6e28e9a0ecf78b5ef5ea17d8b714c8188a1\axi4lite_address_decoder'.
Parameter \NUM_MASTERS = 4
Found cached RTLIL representation for module `$paramod\axi4lite_qos_scheduler\NUM_MASTERS=s32'00000000000000000000000000000100'.
Parameter \NUM_MASTERS = 4
Parameter \NUM_SLAVES = 2
Parameter \DATA_WIDTH = 32

3.4. Executing AST frontend in derive mode using pre-parsed AST for module `\axi4lite_response_router'.
Parameter \NUM_MASTERS = 4
Parameter \NUM_SLAVES = 2
Parameter \DATA_WIDTH = 32
Generating RTLIL representation for module `$paramod$b358acc07f1df1ca7668b3eda652fc0a3794bba8\axi4lite_response_router'.
Parameter \NUM_MASTERS = 4
Parameter \NUM_SLAVES = 2
Parameter \ADDR_WIDTH = 32
Parameter \DATA_WIDTH = 32
Parameter \S0_BASE = 0
Parameter \S0_SIZE = 65536
Parameter \S1_BASE = 65536
Parameter \S1_SIZE = 65536

3.5. Executing AST frontend in derive mode using pre-parsed AST for module `\axi4lite_read_arbiter'.
Parameter \NUM_MASTERS = 4
Parameter \NUM_SLAVES = 2
Parameter \ADDR_WIDTH = 32
Parameter \DATA_WIDTH = 32
Parameter \S0_BASE = 0
Parameter \S0_SIZE = 65536
Parameter \S1_BASE = 65536
Parameter \S1_SIZE = 65536
Generating RTLIL representation for module `$paramod$a8340ee7235114894783fd9bbe1cca175327e780\axi4lite_read_arbiter'.
Parameter \NUM_MASTERS = 4
Parameter \NUM_SLAVES = 2
Parameter \ADDR_WIDTH = 32
Parameter \DATA_WIDTH = 32
Parameter \STRB_WIDTH = 4
Parameter \S0_BASE = 0
Parameter \S0_SIZE = 65536
Parameter \S1_BASE = 65536
Parameter \S1_SIZE = 65536

3.6. Executing AST frontend in derive mode using pre-parsed AST for module `\axi4lite_write_arbiter'.
Parameter \NUM_MASTERS = 4
Parameter \NUM_SLAVES = 2
Parameter \ADDR_WIDTH = 32
Parameter \DATA_WIDTH = 32
Parameter \STRB_WIDTH = 4
Parameter \S0_BASE = 0
Parameter \S0_SIZE = 65536
Parameter \S1_BASE = 65536
Parameter \S1_SIZE = 65536
Generating RTLIL representation for module `$paramod$70e768f93198a4a8c4f7d958f2c0abe528626c73\axi4lite_write_arbiter'.

3.7. Analyzing design hierarchy..
Top module:  \axi4lite_arbiter_top
Used module:     $paramod$b358acc07f1df1ca7668b3eda652fc0a3794bba8\axi4lite_response_router
Used module:     $paramod$a8340ee7235114894783fd9bbe1cca175327e780\axi4lite_read_arbiter
Used module:         \axi4lite_address_decoder
Used module:         \axi4lite_qos_scheduler
Used module:     $paramod$70e768f93198a4a8c4f7d958f2c0abe528626c73\axi4lite_write_arbiter
Parameter \ADDR_WIDTH = 32
Parameter \S0_BASE = 0
Parameter \S0_SIZE = 65536
Parameter \S1_BASE = 65536
Parameter \S1_SIZE = 65536
Found cached RTLIL representation for module `$paramod$8607e6e28e9a0ecf78b5ef5ea17d8b714c8188a1\axi4lite_address_decoder'.
Parameter \NUM_MASTERS = 4
Found cached RTLIL representation for module `$paramod\axi4lite_qos_scheduler\NUM_MASTERS=s32'00000000000000000000000000000100'.
Parameter \ADDR_WIDTH = 32
Parameter \S0_BASE = 0
Parameter \S0_SIZE = 65536
Parameter \S1_BASE = 65536
Parameter \S1_SIZE = 65536
Found cached RTLIL representation for module `$paramod$8607e6e28e9a0ecf78b5ef5ea17d8b714c8188a1\axi4lite_address_decoder'.
Parameter \NUM_MASTERS = 4
Found cached RTLIL representation for module `$paramod\axi4lite_qos_scheduler\NUM_MASTERS=s32'00000000000000000000000000000100'.

3.8. Analyzing design hierarchy..
Top module:  \axi4lite_arbiter_top
Used module:     $paramod$b358acc07f1df1ca7668b3eda652fc0a3794bba8\axi4lite_response_router
Used module:     $paramod$a8340ee7235114894783fd9bbe1cca175327e780\axi4lite_read_arbiter
Used module:         $paramod$8607e6e28e9a0ecf78b5ef5ea17d8b714c8188a1\axi4lite_address_decoder
Used module:         $paramod\axi4lite_qos_scheduler\NUM_MASTERS=s32'00000000000000000000000000000100
Used module:     $paramod$70e768f93198a4a8c4f7d958f2c0abe528626c73\axi4lite_write_arbiter

3.9. Analyzing design hierarchy..
Top module:  \axi4lite_arbiter_top
Used module:     $paramod$b358acc07f1df1ca7668b3eda652fc0a3794bba8\axi4lite_response_router
Used module:     $paramod$a8340ee7235114894783fd9bbe1cca175327e780\axi4lite_read_arbiter
Used module:         $paramod$8607e6e28e9a0ecf78b5ef5ea17d8b714c8188a1\axi4lite_address_decoder
Used module:         $paramod\axi4lite_qos_scheduler\NUM_MASTERS=s32'00000000000000000000000000000100
Used module:     $paramod$70e768f93198a4a8c4f7d958f2c0abe528626c73\axi4lite_write_arbiter
Removing unused module `\axi4lite_read_arbiter'.
Removing unused module `\axi4lite_write_arbiter'.
Removing unused module `\axi4lite_response_router'.
Removing unused module `\axi4lite_qos_scheduler'.
Removing unused module `\axi4lite_address_decoder'.
Removed 5 unused modules.

4. Generating Graphviz representation of design.
Writing dot description to `/work/openlane/runs/RUN_2026-08-28_23-33-37/06-yosys-synthesis/hierarchy.dot'.
Dumping module axi4lite_arbiter_top to page 1.
Renaming module axi4lite_arbiter_top to axi4lite_arbiter_top.

5. Executing TRIBUF pass.

6. Executing HIERARCHY pass (managing design hierarchy).

6.1. Analyzing design hierarchy..
Top module:  \axi4lite_arbiter_top
Used module:     $paramod$b358acc07f1df1ca7668b3eda652fc0a3794bba8\axi4lite_response_router
Used module:     $paramod$a8340ee7235114894783fd9bbe1cca175327e780\axi4lite_read_arbiter
Used module:         $paramod$8607e6e28e9a0ecf78b5ef5ea17d8b714c8188a1\axi4lite_address_decoder
Used module:         $paramod\axi4lite_qos_scheduler\NUM_MASTERS=s32'00000000000000000000000000000100
Used module:     $paramod$70e768f93198a4a8c4f7d958f2c0abe528626c73\axi4lite_write_arbiter

6.2. Analyzing design hierarchy..
Top module:  \axi4lite_arbiter_top
Used module:     $paramod$b358acc07f1df1ca7668b3eda652fc0a3794bba8\axi4lite_response_router
Used module:     $paramod$a8340ee7235114894783fd9bbe1cca175327e780\axi4lite_read_arbiter
Used module:         $paramod$8607e6e28e9a0ecf78b5ef5ea17d8b714c8188a1\axi4lite_address_decoder
Used module:         $paramod\axi4lite_qos_scheduler\NUM_MASTERS=s32'00000000000000000000000000000100
Used module:     $paramod$70e768f93198a4a8c4f7d958f2c0abe528626c73\axi4lite_write_arbiter
Removed 0 unused modules.

7. Executing PROC_CLEAN pass (remove empty switches from decision trees).
Found and cleaned up 2 empty switches in `\axi4lite_arbiter_top.$proc$/work/openlane/axi4lite_arbiter_top_sv2v.v:0$526'.
Removing empty process `axi4lite_arbiter_top.$proc$/work/openlane/axi4lite_arbiter_top_sv2v.v:0$526'.
Cleaned up 2 empty switches.

8. Executing PROC_RMDEAD pass (remove dead branches from decision trees).
Marked 3 switch rules as full_case in process $proc$/work/openlane/axi4lite_arbiter_top_sv2v.v:824$1034 in module $paramod$70e768f93198a4a8c4f7d958f2c0abe528626c73\axi4lite_write_arbiter.
Marked 3 switch rules as full_case in process $proc$/work/openlane/axi4lite_arbiter_top_sv2v.v:807$1030 in module $paramod$70e768f93198a4a8c4f7d958f2c0abe528626c73\axi4lite_write_arbiter.
Removed 1 dead cases from process $proc$/work/openlane/axi4lite_arbiter_top_sv2v.v:731$964 in module $paramod$70e768f93198a4a8c4f7d958f2c0abe528626c73\axi4lite_write_arbiter.
Marked 13 switch rules as full_case in process $proc$/work/openlane/axi4lite_arbiter_top_sv2v.v:731$964 in module $paramod$70e768f93198a4a8c4f7d958f2c0abe528626c73\axi4lite_write_arbiter.
Marked 1 switch rules as full_case in process $proc$/work/openlane/axi4lite_arbiter_top_sv2v.v:692$907 in module $paramod$70e768f93198a4a8c4f7d958f2c0abe528626c73\axi4lite_write_arbiter.
Marked 3 switch rules as full_case in process $proc$/work/openlane/axi4lite_arbiter_top_sv2v.v:1010$896 in module $paramod$a8340ee7235114894783fd9bbe1cca175327e780\axi4lite_read_arbiter.
Marked 4 switch rules as full_case in process $proc$/work/openlane/axi4lite_arbiter_top_sv2v.v:999$861 in module $paramod$a8340ee7235114894783fd9bbe1cca175327e780\axi4lite_read_arbiter.
Marked 4 switch rules as full_case in process $proc$/work/openlane/axi4lite_arbiter_top_sv2v.v:960$852 in module $paramod$a8340ee7235114894783fd9bbe1cca175327e780\axi4lite_read_arbiter.
Marked 2 switch rules as full_case in process $proc$/work/openlane/axi4lite_arbiter_top_sv2v.v:953$851 in module $paramod$a8340ee7235114894783fd9bbe1cca175327e780\axi4lite_read_arbiter.
Marked 1 switch rules as full_case in process $proc$/work/openlane/axi4lite_arbiter_top_sv2v.v:935$847 in module $paramod$a8340ee7235114894783fd9bbe1cca175327e780\axi4lite_read_arbiter.
Removed 3 dead cases from process $proc$/work/openlane/axi4lite_arbiter_top_sv2v.v:534$787 in module $paramod$b358acc07f1df1ca7668b3eda652fc0a3794bba8\axi4lite_response_router.
Marked 13 switch rules as full_case in process $proc$/work/openlane/axi4lite_arbiter_top_sv2v.v:534$787 in module $paramod$b358acc07f1df1ca7668b3eda652fc0a3794bba8\axi4lite_response_router.
Removed 3 dead cases from process $proc$/work/openlane/axi4lite_arbiter_top_sv2v.v:497$748 in module $paramod$b358acc07f1df1ca7668b3eda652fc0a3794bba8\axi4lite_response_router.
Marked 10 switch rules as full_case in process $proc$/work/openlane/axi4lite_arbiter_top_sv2v.v:497$748 in module $paramod$b358acc07f1df1ca7668b3eda652fc0a3794bba8\axi4lite_response_router.
Marked 2 switch rules as full_case in process $proc$/work/openlane/axi4lite_arbiter_top_sv2v.v:423$713 in module $paramod\axi4lite_qos_scheduler\NUM_MASTERS=s32'00000000000000000000000000000100.
Marked 8 switch rules as full_case in process $proc$/work/openlane/axi4lite_arbiter_top_sv2v.v:352$677 in module $paramod\axi4lite_qos_scheduler\NUM_MASTERS=s32'00000000000000000000000000000100.
Marked 44 switch rules as full_case in process $proc$/work/openlane/axi4lite_arbiter_top_sv2v.v:173$648 in module $paramod\axi4lite_qos_scheduler\NUM_MASTERS=s32'00000000000000000000000000000100.
Marked 5 switch rules as full_case in process $proc$/work/openlane/axi4lite_arbiter_top_sv2v.v:139$640 in module $paramod\axi4lite_qos_scheduler\NUM_MASTERS=s32'00000000000000000000000000000100.
Marked 4 switch rules as full_case in process $proc$/work/openlane/axi4lite_arbiter_top_sv2v.v:22$537 in module $paramod$8607e6e28e9a0ecf78b5ef5ea17d8b714c8188a1\axi4lite_address_decoder.
Removed a total of 7 dead cases.

9. Executing PROC_PRUNE pass (remove redundant assignments in processes).
Removed 2 redundant assignments.
Promoted 117 assignments to connections.

10. Executing PROC_INIT pass (extract init attributes).

11. Executing PROC_ARST pass (detect async resets in processes).
Found async reset \aresetn in `$paramod$70e768f93198a4a8c4f7d958f2c0abe528626c73\axi4lite_write_arbiter.$proc$/work/openlane/axi4lite_arbiter_top_sv2v.v:731$964'.
Found async reset \aresetn in `$paramod$a8340ee7235114894783fd9bbe1cca175327e780\axi4lite_read_arbiter.$proc$/work/openlane/axi4lite_arbiter_top_sv2v.v:960$852'.
Found async reset \aresetn in `$paramod\axi4lite_qos_scheduler\NUM_MASTERS=s32'00000000000000000000000000000100.$proc$/work/openlane/axi4lite_arbiter_top_sv2v.v:352$677'.

12. Executing PROC_ROM pass (convert switches to ROMs).
Converted 0 switches.
<suppressed ~132 debug messages>

13. Executing PROC_MUX pass (convert decision trees to multiplexers).
Creating decoders for process `$paramod$70e768f93198a4a8c4f7d958f2c0abe528626c73\axi4lite_write_arbiter.$proc$/work/openlane/axi4lite_arbiter_top_sv2v.v:824$1034'.
     1/4: $1\m_axi_wvalid[1:0] [1]
     2/4: $2\m_axi_wvalid[0:0]
     3/4: $1\m_axi_wvalid[1:0] [0]
     4/4: $3\m_axi_wvalid[1:1]
Creating decoders for process `$paramod$70e768f93198a4a8c4f7d958f2c0abe528626c73\axi4lite_write_arbiter.$proc$/work/openlane/axi4lite_arbiter_top_sv2v.v:807$1030'.
     1/4: $1\m_axi_awvalid[1:0] [1]
     2/4: $2\m_axi_awvalid[0:0]
     3/4: $1\m_axi_awvalid[1:0] [0]
     4/4: $3\m_axi_awvalid[1:1]
Creating decoders for process `$paramod$70e768f93198a4a8c4f7d958f2c0abe528626c73\axi4lite_write_arbiter.$proc$/work/openlane/axi4lite_arbiter_top_sv2v.v:731$964'.
     1/48: $7$lookahead\w_buf_valid$963[3:0]$1015
     2/48: $3$bitselwrite$pos$/work/openlane/axi4lite_arbiter_top_sv2v.v:800$906[1:0]$1013
     3/48: $7$lookahead\aw_buf_valid$962[3:0]$1014
     4/48: $3$bitselwrite$pos$/work/openlane/axi4lite_arbiter_top_sv2v.v:799$905[1:0]$1012
     5/48: $6$lookahead\w_buf_valid$963[3:0]$993
     6/48: $6$lookahead\aw_buf_valid$962[3:0]$992
     7/48: $2$bitselwrite$pos$/work/openlane/axi4lite_arbiter_top_sv2v.v:800$906[1:0]$991
     8/48: $2$bitselwrite$pos$/work/openlane/axi4lite_arbiter_top_sv2v.v:799$905[1:0]$990
     9/48: $5$lookahead\w_buf_valid$963[3:3]$989
    10/48: $0\w_buf_strb[15:0] [15:12]
    11/48: $0\w_buf_strb[15:0] [11:8]
    12/48: $0\w_buf_data[127:0] [95:64]
    13/48: $0\w_buf_data[127:0] [127:96]
    14/48: $0\w_buf_strb[15:0] [7:4]
    15/48: $0\w_buf_data[127:0] [63:32]
    16/48: $4$lookahead\w_buf_valid$963[2:2]$987
    17/48: $0\w_buf_strb[15:0] [3:0]
    18/48: $0\w_buf_data[127:0] [31:0]
    19/48: $5$lookahead\aw_buf_valid$962[3:3]$981
    20/48: $0\aw_buf_prot[11:0] [11:9]
    21/48: $0\aw_buf_prot[11:0] [8:6]
    22/48: $0\aw_buf_addr[127:0] [95:64]
    23/48: $0\aw_buf_addr[127:0] [127:96]
    24/48: $0\aw_buf_prot[11:0] [5:3]
    25/48: $0\aw_buf_addr[127:0] [63:32]
    26/48: $4$lookahead\aw_buf_valid$962[2:2]$979
    27/48: $0\aw_buf_prot[11:0] [2:0]
    28/48: $0\aw_buf_addr[127:0] [31:0]
    29/48: $1$lookahead\w_buf_valid$963[3:0]$973
    30/48: $1$lookahead\aw_buf_valid$962[3:0]$972
    31/48: $1$bitselwrite$pos$/work/openlane/axi4lite_arbiter_top_sv2v.v:800$906[1:0]$971
    32/48: $1$bitselwrite$pos$/work/openlane/axi4lite_arbiter_top_sv2v.v:799$905[1:0]$970
    33/48: $1\sv2v_autoblock_6.m[31:0]
    34/48: $1\sv2v_autoblock_5.m[31:0]
    35/48: $0\arb_tx_done[0:0]
    36/48: $1\sv2v_autoblock_4.m[31:0]
    37/48: $0\latched_wstrb[3:0]
    38/48: $0\latched_wdata[31:0]
    39/48: $0\latched_prot[2:0]
    40/48: $0\latched_addr[31:0]
    41/48: $0\target_invalid_r[0:0]
    42/48: $0\target_slave_r[1:0]
    43/48: $0\owner_id_r[1:0]
    44/48: $0\w_state[1:0]
    45/48: $3$lookahead\w_buf_valid$963[1:1]$985
    46/48: $2$lookahead\w_buf_valid$963[0:0]$983
    47/48: $3$lookahead\aw_buf_valid$962[1:1]$977
    48/48: $2$lookahead\aw_buf_valid$962[0:0]$975
Creating decoders for process `$paramod$70e768f93198a4a8c4f7d958f2c0abe528626c73\axi4lite_write_arbiter.$proc$/work/openlane/axi4lite_arbiter_top_sv2v.v:726$949'.
Creating decoders for process `$paramod$70e768f93198a4a8c4f7d958f2c0abe528626c73\axi4lite_write_arbiter.$proc$/work/openlane/axi4lite_arbiter_top_sv2v.v:718$924'.
Creating decoders for process `$paramod$70e768f93198a4a8c4f7d958f2c0abe528626c73\axi4lite_write_arbiter.$proc$/work/openlane/axi4lite_arbiter_top_sv2v.v:713$911'.
Creating decoders for process `$paramod$70e768f93198a4a8c4f7d958f2c0abe528626c73\axi4lite_write_arbiter.$proc$/work/openlane/axi4lite_arbiter_top_sv2v.v:692$907'.
     1/1: $1\decode_addr[31:0]
Creating decoders for process `$paramod$a8340ee7235114894783fd9bbe1cca175327e780\axi4lite_read_arbiter.$proc$/work/openlane/axi4lite_arbiter_top_sv2v.v:1010$896'.
     1/4: $1\m_axi_arvalid[1:0] [1]
     2/4: $2\m_axi_arvalid[0:0]
     3/4: $1\m_axi_arvalid[1:0] [0]
     4/4: $3\m_axi_arvalid[1:1]
Creating decoders for process `$paramod$a8340ee7235114894783fd9bbe1cca175327e780\axi4lite_read_arbiter.$proc$/work/openlane/axi4lite_arbiter_top_sv2v.v:999$861'.
     1/13: $4\s_axi_arready[3:0]
     2/13: $4$bitselwrite$pos$/work/openlane/axi4lite_arbiter_top_sv2v.v:1007$846[1:0]$888
     3/13: $3\s_axi_arready[3:0]
     4/13: $3$bitselwrite$pos$/work/openlane/axi4lite_arbiter_top_sv2v.v:1005$845[1:0]$879
     5/13: $3$bitselwrite$pos$/work/openlane/axi4lite_arbiter_top_sv2v.v:1007$846[1:0]$880
     6/13: $2\s_axi_arready[3:0]
     7/13: $2$bitselwrite$pos$/work/openlane/axi4lite_arbiter_top_sv2v.v:1003$844[1:0]$869
     8/13: $2$bitselwrite$pos$/work/openlane/axi4lite_arbiter_top_sv2v.v:1007$846[1:0]$871
     9/13: $2$bitselwrite$pos$/work/openlane/axi4lite_arbiter_top_sv2v.v:1005$845[1:0]$870
    10/13: $1$bitselwrite$pos$/work/openlane/axi4lite_arbiter_top_sv2v.v:1007$846[1:0]$868
    11/13: $1$bitselwrite$pos$/work/openlane/axi4lite_arbiter_top_sv2v.v:1005$845[1:0]$867
    12/13: $1$bitselwrite$pos$/work/openlane/axi4lite_arbiter_top_sv2v.v:1003$844[1:0]$866
    13/13: $1\s_axi_arready[3:0]
Creating decoders for process `$paramod$a8340ee7235114894783fd9bbe1cca175327e780\axi4lite_read_arbiter.$proc$/work/openlane/axi4lite_arbiter_top_sv2v.v:960$852'.
     1/7: $0\arb_tx_done[0:0]
     2/7: $0\r_state[1:0]
     3/7: $0\latched_prot[2:0]
     4/7: $0\latched_addr[31:0]
     5/7: $0\target_invalid_r[0:0]
     6/7: $0\target_slave_r[1:0]
     7/7: $0\owner_id_r[1:0]
Creating decoders for process `$paramod$a8340ee7235114894783fd9bbe1cca175327e780\axi4lite_read_arbiter.$proc$/work/openlane/axi4lite_arbiter_top_sv2v.v:953$851'.
     1/2: $2\target_arready[0:0]
     2/2: $1\target_arready[0:0]
Creating decoders for process `$paramod$a8340ee7235114894783fd9bbe1cca175327e780\axi4lite_read_arbiter.$proc$/work/openlane/axi4lite_arbiter_top_sv2v.v:935$847'.
     1/1: $1\decode_addr[31:0]
Creating decoders for process `$paramod$b358acc07f1df1ca7668b3eda652fc0a3794bba8\axi4lite_response_router.$proc$/work/openlane/axi4lite_arbiter_top_sv2v.v:534$787'.
     1/85: $7\m_rresp[7:0] [7:6]
     2/85: $7\m_rresp[7:0] [1:0]
     3/85: $7\m_rresp[7:0] [5:4]
     4/85: $7\m_rresp[7:0] [3:2]
     5/85: $7\m_rdata[127:0] [127:96]
     6/85: $7\m_rdata[127:0] [31:0]
     7/85: $7\m_rdata[127:0] [95:64]
     8/85: $7\m_rdata[127:0] [63:32]
     9/85: $7\m_rvalid[3:0] [2]
    10/85: $7\m_rvalid[3:0] [1]
    11/85: $7\m_rvalid[3:0] [3]
    12/85: $7\m_rvalid[3:0] [0]
    13/85: $4\r_resp_handshake[0:0]
    14/85: $4\s_rready[1:1]
    15/85: $6\m_rresp[7:0]
    16/85: $4$bitselwrite$rvalue$/work/openlane/axi4lite_arbiter_top_sv2v.v:569$747[1:0]$836
    17/85: $6\m_rdata[127:0]
    18/85: $4$bitselwrite$rvalue$/work/openlane/axi4lite_arbiter_top_sv2v.v:568$746[31:0]$835
    19/85: $6\m_rvalid[3:0]
    20/85: $4$bitselwrite$rvalue$/work/openlane/axi4lite_arbiter_top_sv2v.v:567$745[0:0]$834
    21/85: $5\m_rresp[7:0] [7:6]
    22/85: $5\m_rresp[7:0] [1:0]
    23/85: $5\m_rresp[7:0] [5:4]
    24/85: $5\m_rresp[7:0] [3:2]
    25/85: $5\m_rdata[127:0] [127:96]
    26/85: $5\m_rdata[127:0] [31:0]
    27/85: $5\m_rdata[127:0] [95:64]
    28/85: $5\m_rdata[127:0] [63:32]
    29/85: $5\m_rvalid[3:0] [2]
    30/85: $5\m_rvalid[3:0] [1]
    31/85: $5\m_rvalid[3:0] [3]
    32/85: $5\m_rvalid[3:0] [0]
    33/85: $3\r_resp_handshake[0:0]
    34/85: $3\s_rready[1:0] [0]
    35/85: $4\m_rresp[7:0]
    36/85: $3$bitselwrite$rvalue$/work/openlane/axi4lite_arbiter_top_sv2v.v:562$744[1:0]$823
    37/85: $4\m_rdata[127:0]
    38/85: $3$bitselwrite$rvalue$/work/openlane/axi4lite_arbiter_top_sv2v.v:561$743[31:0]$822
    39/85: $4\m_rvalid[3:0]
    40/85: $3$bitselwrite$rvalue$/work/openlane/axi4lite_arbiter_top_sv2v.v:560$742[0:0]$821
    41/85: $3$bitselwrite$rvalue$/work/openlane/axi4lite_arbiter_top_sv2v.v:569$747[1:0]$826
    42/85: $3$bitselwrite$rvalue$/work/openlane/axi4lite_arbiter_top_sv2v.v:568$746[31:0]$825
    43/85: $3$bitselwrite$rvalue$/work/openlane/axi4lite_arbiter_top_sv2v.v:567$745[0:0]$824
    44/85: $3\s_rready[1:0] [1]
    45/85: $3\m_rresp[7:0] [7:6]
    46/85: $3\m_rresp[7:0] [1:0]
    47/85: $3\m_rresp[7:0] [5:4]
    48/85: $3\m_rresp[7:0] [3:2]
    49/85: $3\m_rdata[127:0] [127:96]
    50/85: $3\m_rdata[127:0] [31:0]
    51/85: $3\m_rdata[127:0] [95:64]
    52/85: $3\m_rdata[127:0] [63:32]
    53/85: $3\m_rvalid[3:0] [2]
    54/85: $3\m_rvalid[3:0] [1]
    55/85: $3\m_rvalid[3:0] [3]
    56/85: $3\m_rvalid[3:0] [0]
    57/85: $2\r_resp_handshake[0:0]
    58/85: $2\m_rresp[7:0]
    59/85: $2$bitselwrite$rvalue$/work/openlane/axi4lite_arbiter_top_sv2v.v:556$741[1:0]$809
    60/85: $2\m_rdata[127:0]
    61/85: $2$bitselwrite$rvalue$/work/openlane/axi4lite_arbiter_top_sv2v.v:555$740[0:0]$808
    62/85: $2\m_rvalid[3:0]
    63/85: $2$bitselwrite$rvalue$/work/openlane/axi4lite_arbiter_top_sv2v.v:554$739[0:0]$807
    64/85: $2$bitselwrite$rvalue$/work/openlane/axi4lite_arbiter_top_sv2v.v:569$747[1:0]$815
    65/85: $2$bitselwrite$rvalue$/work/openlane/axi4lite_arbiter_top_sv2v.v:568$746[31:0]$814
    66/85: $2$bitselwrite$rvalue$/work/openlane/axi4lite_arbiter_top_sv2v.v:567$745[0:0]$813
    67/85: $2$bitselwrite$rvalue$/work/openlane/axi4lite_arbiter_top_sv2v.v:562$744[1:0]$812
    68/85: $2$bitselwrite$rvalue$/work/openlane/axi4lite_arbiter_top_sv2v.v:561$743[31:0]$811
    69/85: $2$bitselwrite$rvalue$/work/openlane/axi4lite_arbiter_top_sv2v.v:560$742[0:0]$810
    70/85: $2\s_rready[1:0]
    71/85: $1$bitselwrite$rvalue$/work/openlane/axi4lite_arbiter_top_sv2v.v:569$747[1:0]$805
    72/85: $1$bitselwrite$rvalue$/work/openlane/axi4lite_arbiter_top_sv2v.v:568$746[31:0]$804
    73/85: $1$bitselwrite$rvalue$/work/openlane/axi4lite_arbiter_top_sv2v.v:567$745[0:0]$803
    74/85: $1$bitselwrite$rvalue$/work/openlane/axi4lite_arbiter_top_sv2v.v:562$744[1:0]$802
    75/85: $1$bitselwrite$rvalue$/work/openlane/axi4lite_arbiter_top_sv2v.v:561$743[31:0]$801
    76/85: $1$bitselwrite$rvalue$/work/openlane/axi4lite_arbiter_top_sv2v.v:560$742[0:0]$800
    77/85: $1$bitselwrite$rvalue$/work/openlane/axi4lite_arbiter_top_sv2v.v:556$741[1:0]$799
    78/85: $1$bitselwrite$rvalue$/work/openlane/axi4lite_arbiter_top_sv2v.v:555$740[0:0]$798
    79/85: $1$bitselwrite$rvalue$/work/openlane/axi4lite_arbiter_top_sv2v.v:554$739[0:0]$797
    80/85: $1\r_resp_handshake[0:0]
    81/85: $1\m_rvalid[3:0]
    82/85: $1\m_rresp[7:0]
    83/85: $1\m_rdata[127:0]
    84/85: $1\s_rready[1:0]
    85/85: $1\r_owner_rready[0:0]
Creating decoders for process `$paramod$b358acc07f1df1ca7668b3eda652fc0a3794bba8\axi4lite_response_router.$proc$/work/openlane/axi4lite_arbiter_top_sv2v.v:497$748'.
     1/60: $7\m_bresp[7:0] [7:6]
     2/60: $7\m_bresp[7:0] [1:0]
     3/60: $7\m_bresp[7:0] [5:4]
     4/60: $7\m_bresp[7:0] [3:2]
     5/60: $7\m_bvalid[3:0] [2]
     6/60: $7\m_bvalid[3:0] [1]
     7/60: $7\m_bvalid[3:0] [3]
     8/60: $7\m_bvalid[3:0] [0]
     9/60: $4\w_resp_handshake[0:0]
    10/60: $4\s_bready[1:1]
    11/60: $6\m_bresp[7:0]
    12/60: $4$bitselwrite$rvalue$/work/openlane/axi4lite_arbiter_top_sv2v.v:528$738[1:0]$781
    13/60: $6\m_bvalid[3:0]
    14/60: $4$bitselwrite$rvalue$/work/openlane/axi4lite_arbiter_top_sv2v.v:527$737[0:0]$780
    15/60: $5\m_bresp[7:0] [7:6]
    16/60: $5\m_bresp[7:0] [1:0]
    17/60: $5\m_bresp[7:0] [5:4]
    18/60: $5\m_bresp[7:0] [3:2]
    19/60: $5\m_bvalid[3:0] [2]
    20/60: $5\m_bvalid[3:0] [1]
    21/60: $5\m_bvalid[3:0] [3]
    22/60: $5\m_bvalid[3:0] [0]
    23/60: $3\w_resp_handshake[0:0]
    24/60: $3\s_bready[1:0] [0]
    25/60: $4\m_bresp[7:0]
    26/60: $3$bitselwrite$rvalue$/work/openlane/axi4lite_arbiter_top_sv2v.v:522$736[1:0]$772
    27/60: $4\m_bvalid[3:0]
    28/60: $3$bitselwrite$rvalue$/work/openlane/axi4lite_arbiter_top_sv2v.v:521$735[0:0]$771
    29/60: $3$bitselwrite$rvalue$/work/openlane/axi4lite_arbiter_top_sv2v.v:528$738[1:0]$774
    30/60: $3$bitselwrite$rvalue$/work/openlane/axi4lite_arbiter_top_sv2v.v:527$737[0:0]$773
    31/60: $3\s_bready[1:0] [1]
    32/60: $3\m_bresp[7:0] [7:6]
    33/60: $3\m_bresp[7:0] [1:0]
    34/60: $3\m_bresp[7:0] [5:4]
    35/60: $3\m_bresp[7:0] [3:2]
    36/60: $3\m_bvalid[3:0] [2]
    37/60: $3\m_bvalid[3:0] [1]
    38/60: $3\m_bvalid[3:0] [3]
    39/60: $3\m_bvalid[3:0] [0]
    40/60: $2\w_resp_handshake[0:0]
    41/60: $2\m_bresp[7:0]
    42/60: $2$bitselwrite$rvalue$/work/openlane/axi4lite_arbiter_top_sv2v.v:517$734[1:0]$763
    43/60: $2\m_bvalid[3:0]
    44/60: $2$bitselwrite$rvalue$/work/openlane/axi4lite_arbiter_top_sv2v.v:516$733[0:0]$762
    45/60: $2$bitselwrite$rvalue$/work/openlane/axi4lite_arbiter_top_sv2v.v:528$738[1:0]$767
    46/60: $2$bitselwrite$rvalue$/work/openlane/axi4lite_arbiter_top_sv2v.v:527$737[0:0]$766
    47/60: $2$bitselwrite$rvalue$/work/openlane/axi4lite_arbiter_top_sv2v.v:522$736[1:0]$765
    48/60: $2$bitselwrite$rvalue$/work/openlane/axi4lite_arbiter_top_sv2v.v:521$735[0:0]$764
    49/60: $2\s_bready[1:0]
    50/60: $1$bitselwrite$rvalue$/work/openlane/axi4lite_arbiter_top_sv2v.v:528$738[1:0]$760
    51/60: $1$bitselwrite$rvalue$/work/openlane/axi4lite_arbiter_top_sv2v.v:527$737[0:0]$759
    52/60: $1$bitselwrite$rvalue$/work/openlane/axi4lite_arbiter_top_sv2v.v:522$736[1:0]$758
    53/60: $1$bitselwrite$rvalue$/work/openlane/axi4lite_arbiter_top_sv2v.v:521$735[0:0]$757
    54/60: $1$bitselwrite$rvalue$/work/openlane/axi4lite_arbiter_top_sv2v.v:517$734[1:0]$756
    55/60: $1$bitselwrite$rvalue$/work/openlane/axi4lite_arbiter_top_sv2v.v:516$733[0:0]$755
    56/60: $1\w_resp_handshake[0:0]
    57/60: $1\m_bvalid[3:0]
    58/60: $1\m_bresp[7:0]
    59/60: $1\s_bready[1:0]
    60/60: $1\w_owner_bready[0:0]
Creating decoders for process `$paramod\axi4lite_qos_scheduler\NUM_MASTERS=s32'00000000000000000000000000000100.$proc$/work/openlane/axi4lite_arbiter_top_sv2v.v:423$713'.
     1/9: $2\grant_valid[0:0]
     2/9: $2\master_id[1:0]
     3/9: $2\grant[3:0]
     4/9: $2$bitselwrite$pos$/work/openlane/axi4lite_arbiter_top_sv2v.v:433$613[1:0]$725
     5/9: $1\grant_valid[0:0]
     6/9: $1\master_id[1:0]
     7/9: $1\grant[3:0]
     8/9: $1$bitselwrite$pos$/work/openlane/axi4lite_arbiter_top_sv2v.v:428$612[1:0]$716
     9/9: $1$bitselwrite$pos$/work/openlane/axi4lite_arbiter_top_sv2v.v:433$613[1:0]$717
Creating decoders for process `$paramod\axi4lite_qos_scheduler\NUM_MASTERS=s32'00000000000000000000000000000100.$proc$/work/openlane/axi4lite_arbiter_top_sv2v.v:352$677'.
     1/11: $0\f_first_cycle[0:0]
     2/11: $0\m0_burst_count[7:0]
     3/11: $0\age_m3[7:0]
     4/11: $0\age_m2[7:0]
     5/11: $0\age_m1[7:0]
     6/11: $0\rr_ptr[1:0]
     7/11: $0\budget_3[3:0]
     8/11: $0\budget_2[3:0]
     9/11: $0\budget_1[3:0]
    10/11: $0\is_active[0:0]
    11/11: $0\current_master[1:0]
Creating decoders for process `$paramod\axi4lite_qos_scheduler\NUM_MASTERS=s32'00000000000000000000000000000100.$proc$/work/openlane/axi4lite_arbiter_top_sv2v.v:173$648'.
     1/88: $44\cand_valid[0:0]
     2/88: $44\next_cand[1:0]
     3/88: $43\cand_valid[0:0]
     4/88: $43\next_cand[1:0]
     5/88: $42\cand_valid[0:0]
     6/88: $42\next_cand[1:0]
     7/88: $41\cand_valid[0:0]
     8/88: $41\next_cand[1:0]
     9/88: $40\cand_valid[0:0]
    10/88: $40\next_cand[1:0]
    11/88: $39\cand_valid[0:0]
    12/88: $39\next_cand[1:0]
    13/88: $38\cand_valid[0:0]
    14/88: $38\next_cand[1:0]
    15/88: $37\cand_valid[0:0]
    16/88: $37\next_cand[1:0]
    17/88: $36\cand_valid[0:0]
    18/88: $36\next_cand[1:0]
    19/88: $35\cand_valid[0:0]
    20/88: $35\next_cand[1:0]
    21/88: $34\cand_valid[0:0]
    22/88: $34\next_cand[1:0]
    23/88: $33\cand_valid[0:0]
    24/88: $33\next_cand[1:0]
    25/88: $32\cand_valid[0:0]
    26/88: $32\next_cand[1:0]
    27/88: $31\cand_valid[0:0]
    28/88: $31\next_cand[1:0]
    29/88: $30\cand_valid[0:0]
    30/88: $30\next_cand[1:0]
    31/88: $29\cand_valid[0:0]
    32/88: $29\next_cand[1:0]
    33/88: $28\cand_valid[0:0]
    34/88: $28\next_cand[1:0]
    35/88: $27\cand_valid[0:0]
    36/88: $27\next_cand[1:0]
    37/88: $26\cand_valid[0:0]
    38/88: $26\next_cand[1:0]
    39/88: $25\cand_valid[0:0]
    40/88: $25\next_cand[1:0]
    41/88: $24\cand_valid[0:0]
    42/88: $24\next_cand[1:0]
    43/88: $23\cand_valid[0:0]
    44/88: $23\next_cand[1:0]
    45/88: $22\cand_valid[0:0]
    46/88: $22\next_cand[1:0]
    47/88: $21\cand_valid[0:0]
    48/88: $21\next_cand[1:0]
    49/88: $20\cand_valid[0:0]
    50/88: $20\next_cand[1:0]
    51/88: $19\cand_valid[0:0]
    52/88: $19\next_cand[1:0]
    53/88: $18\cand_valid[0:0]
    54/88: $18\next_cand[1:0]
    55/88: $17\cand_valid[0:0]
    56/88: $17\next_cand[1:0]
    57/88: $16\cand_valid[0:0]
    58/88: $16\next_cand[1:0]
    59/88: $15\cand_valid[0:0]
    60/88: $15\next_cand[1:0]
    61/88: $14\cand_valid[0:0]
    62/88: $14\next_cand[1:0]
    63/88: $13\cand_valid[0:0]
    64/88: $13\next_cand[1:0]
    65/88: $12\cand_valid[0:0]
    66/88: $12\next_cand[1:0]
    67/88: $11\cand_valid[0:0]
    68/88: $11\next_cand[1:0]
    69/88: $10\cand_valid[0:0]
    70/88: $10\next_cand[1:0]
    71/88: $9\cand_valid[0:0]
    72/88: $9\next_cand[1:0]
    73/88: $8\cand_valid[0:0]
    74/88: $8\next_cand[1:0]
    75/88: $7\cand_valid[0:0]
    76/88: $7\next_cand[1:0]
    77/88: $6\cand_valid[0:0]
    78/88: $6\next_cand[1:0]
    79/88: $5\cand_valid[0:0]
    80/88: $5\next_cand[1:0]
    81/88: $4\cand_valid[0:0]
    82/88: $4\next_cand[1:0]
    83/88: $3\cand_valid[0:0]
    84/88: $3\next_cand[1:0]
    85/88: $2\cand_valid[0:0]
    86/88: $2\next_cand[1:0]
    87/88: $1\cand_valid[0:0]
    88/88: $1\next_cand[1:0]
Creating decoders for process `$paramod\axi4lite_qos_scheduler\NUM_MASTERS=s32'00000000000000000000000000000100.$proc$/work/openlane/axi4lite_arbiter_top_sv2v.v:139$640'.
     1/14: $3\eff_b3[3:0]
     2/14: $5\eff_rr_ptr[1:0]
     3/14: $3\eff_b2[3:0]
     4/14: $4\eff_rr_ptr[1:0]
     5/14: $3\eff_b1[3:0]
     6/14: $3\eff_rr_ptr[1:0]
     7/14: $2\eff_rr_ptr[1:0]
     8/14: $2\eff_b1[3:0]
     9/14: $2\eff_b3[3:0]
    10/14: $2\eff_b2[3:0]
    11/14: $1\eff_rr_ptr[1:0]
    12/14: $1\eff_b3[3:0]
    13/14: $1\eff_b2[3:0]
    14/14: $1\eff_b1[3:0]
Creating decoders for process `$paramod\axi4lite_qos_scheduler\NUM_MASTERS=s32'00000000000000000000000000000100.$proc$/work/openlane/axi4lite_arbiter_top_sv2v.v:122$630'.
Creating decoders for process `$paramod\axi4lite_qos_scheduler\NUM_MASTERS=s32'00000000000000000000000000000100.$proc$/work/openlane/axi4lite_arbiter_top_sv2v.v:94$623'.
Creating decoders for process `$paramod\axi4lite_qos_scheduler\NUM_MASTERS=s32'00000000000000000000000000000100.$proc$/work/openlane/axi4lite_arbiter_top_sv2v.v:86$614'.
Creating decoders for process `$paramod$8607e6e28e9a0ecf78b5ef5ea17d8b714c8188a1\axi4lite_address_decoder.$proc$/work/openlane/axi4lite_arbiter_top_sv2v.v:22$537'.
     1/8: $2\invalid_addr[0:0]
     2/8: $2\valid_addr[0:0]
     3/8: $2\slave_sel[1:0]
     4/8: $1\invalid_addr[0:0]
     5/8: $1\valid_addr[0:0]
     6/8: $1\slave_sel[1:0]
     7/8: $1\match_s1[0:0]
     8/8: $1\match_s0[0:0]

14. Executing PROC_DLATCH pass (convert process syncs to latches).
No latch inferred for signal `$paramod$70e768f93198a4a8c4f7d958f2c0abe528626c73\axi4lite_write_arbiter.\m_axi_wdata' from process `$paramod$70e768f93198a4a8c4f7d958f2c0abe528626c73\axi4lite_write_arbiter.$proc$/work/openlane/axi4lite_arbiter_top_sv2v.v:824$1034'.
No latch inferred for signal `$paramod$70e768f93198a4a8c4f7d958f2c0abe528626c73\axi4lite_write_arbiter.\m_axi_wstrb' from process `$paramod$70e768f93198a4a8c4f7d958f2c0abe528626c73\axi4lite_write_arbiter.$proc$/work/openlane/axi4lite_arbiter_top_sv2v.v:824$1034'.
No latch inferred for signal `$paramod$70e768f93198a4a8c4f7d958f2c0abe528626c73\axi4lite_write_arbiter.\m_axi_wvalid' from process `$paramod$70e768f93198a4a8c4f7d958f2c0abe528626c73\axi4lite_write_arbiter.$proc$/work/openlane/axi4lite_arbiter_top_sv2v.v:824$1034'.
No latch inferred for signal `$paramod$70e768f93198a4a8c4f7d958f2c0abe528626c73\axi4lite_write_arbiter.\sv2v_autoblock_8.s' from process `$paramod$70e768f93198a4a8c4f7d958f2c0abe528626c73\axi4lite_write_arbiter.$proc$/work/openlane/axi4lite_arbiter_top_sv2v.v:824$1034'.
No latch inferred for signal `$paramod$70e768f93198a4a8c4f7d958f2c0abe528626c73\axi4lite_write_arbiter.\m_axi_awaddr' from process `$paramod$70e768f93198a4a8c4f7d958f2c0abe528626c73\axi4lite_write_arbiter.$proc$/work/openlane/axi4lite_arbiter_top_sv2v.v:807$1030'.
No latch inferred for signal `$paramod$70e768f93198a4a8c4f7d958f2c0abe528626c73\axi4lite_write_arbiter.\m_axi_awprot' from process `$paramod$70e768f93198a4a8c4f7d958f2c0abe528626c73\axi4lite_write_arbiter.$proc$/work/openlane/axi4lite_arbiter_top_sv2v.v:807$1030'.
No latch inferred for signal `$paramod$70e768f93198a4a8c4f7d958f2c0abe528626c73\axi4lite_write_arbiter.\m_axi_awvalid' from process `$paramod$70e768f93198a4a8c4f7d958f2c0abe528626c73\axi4lite_write_arbiter.$proc$/work/openlane/axi4lite_arbiter_top_sv2v.v:807$1030'.
No latch inferred for signal `$paramod$70e768f93198a4a8c4f7d958f2c0abe528626c73\axi4lite_write_arbiter.\sv2v_autoblock_7.s' from process `$paramod$70e768f93198a4a8c4f7d958f2c0abe528626c73\axi4lite_write_arbiter.$proc$/work/openlane/axi4lite_arbiter_top_sv2v.v:807$1030'.
No latch inferred for signal `$paramod$70e768f93198a4a8c4f7d958f2c0abe528626c73\axi4lite_write_arbiter.\write_eligible' from process `$paramod$70e768f93198a4a8c4f7d958f2c0abe528626c73\axi4lite_write_arbiter.$proc$/work/openlane/axi4lite_arbiter_top_sv2v.v:726$949'.
No latch inferred for signal `$paramod$70e768f93198a4a8c4f7d958f2c0abe528626c73\axi4lite_write_arbiter.\sv2v_autoblock_3.m' from process `$paramod$70e768f93198a4a8c4f7d958f2c0abe528626c73\axi4lite_write_arbiter.$proc$/work/openlane/axi4lite_arbiter_top_sv2v.v:726$949'.
No latch inferred for signal `$paramod$70e768f93198a4a8c4f7d958f2c0abe528626c73\axi4lite_write_arbiter.\s_axi_awready' from process `$paramod$70e768f93198a4a8c4f7d958f2c0abe528626c73\axi4lite_write_arbiter.$proc$/work/openlane/axi4lite_arbiter_top_sv2v.v:718$924'.
No latch inferred for signal `$paramod$70e768f93198a4a8c4f7d958f2c0abe528626c73\axi4lite_write_arbiter.\s_axi_wready' from process `$paramod$70e768f93198a4a8c4f7d958f2c0abe528626c73\axi4lite_write_arbiter.$proc$/work/openlane/axi4lite_arbiter_top_sv2v.v:718$924'.
No latch inferred for signal `$paramod$70e768f93198a4a8c4f7d958f2c0abe528626c73\axi4lite_write_arbiter.\sv2v_autoblock_2.m' from process `$paramod$70e768f93198a4a8c4f7d958f2c0abe528626c73\axi4lite_write_arbiter.$proc$/work/openlane/axi4lite_arbiter_top_sv2v.v:718$924'.
No latch inferred for signal `$paramod$70e768f93198a4a8c4f7d958f2c0abe528626c73\axi4lite_write_arbiter.\buf_locked' from process `$paramod$70e768f93198a4a8c4f7d958f2c0abe528626c73\axi4lite_write_arbiter.$proc$/work/openlane/axi4lite_arbiter_top_sv2v.v:713$911'.
No latch inferred for signal `$paramod$70e768f93198a4a8c4f7d958f2c0abe528626c73\axi4lite_write_arbiter.\sv2v_autoblock_1.m' from process `$paramod$70e768f93198a4a8c4f7d958f2c0abe528626c73\axi4lite_write_arbiter.$proc$/work/openlane/axi4lite_arbiter_top_sv2v.v:713$911'.
No latch inferred for signal `$paramod$70e768f93198a4a8c4f7d958f2c0abe528626c73\axi4lite_write_arbiter.\decode_addr' from process `$paramod$70e768f93198a4a8c4f7d958f2c0abe528626c73\axi4lite_write_arbiter.$proc$/work/openlane/axi4lite_arbiter_top_sv2v.v:692$907'.
No latch inferred for signal `$paramod$a8340ee7235114894783fd9bbe1cca175327e780\axi4lite_read_arbiter.\m_axi_araddr' from process `$paramod$a8340ee7235114894783fd9bbe1cca175327e780\axi4lite_read_arbiter.$proc$/work/openlane/axi4lite_arbiter_top_sv2v.v:1010$896'.
No latch inferred for signal `$paramod$a8340ee7235114894783fd9bbe1cca175327e780\axi4lite_read_arbiter.\m_axi_arprot' from process `$paramod$a8340ee7235114894783fd9bbe1cca175327e780\axi4lite_read_arbiter.$proc$/work/openlane/axi4lite_arbiter_top_sv2v.v:1010$896'.
No latch inferred for signal `$paramod$a8340ee7235114894783fd9bbe1cca175327e780\axi4lite_read_arbiter.\m_axi_arvalid' from process `$paramod$a8340ee7235114894783fd9bbe1cca175327e780\axi4lite_read_arbiter.$proc$/work/openlane/axi4lite_arbiter_top_sv2v.v:1010$896'.
No latch inferred for signal `$paramod$a8340ee7235114894783fd9bbe1cca175327e780\axi4lite_read_arbiter.\sv2v_autoblock_1.s' from process `$paramod$a8340ee7235114894783fd9bbe1cca175327e780\axi4lite_read_arbiter.$proc$/work/openlane/axi4lite_arbiter_top_sv2v.v:1010$896'.
No latch inferred for signal `$paramod$a8340ee7235114894783fd9bbe1cca175327e780\axi4lite_read_arbiter.\s_axi_arready' from process `$paramod$a8340ee7235114894783fd9bbe1cca175327e780\axi4lite_read_arbiter.$proc$/work/openlane/axi4lite_arbiter_top_sv2v.v:999$861'.
No latch inferred for signal `$paramod$a8340ee7235114894783fd9bbe1cca175327e780\axi4lite_read_arbiter.$bitselwrite$pos$/work/openlane/axi4lite_arbiter_top_sv2v.v:1003$844' from process `$paramod$a8340ee7235114894783fd9bbe1cca175327e780\axi4lite_read_arbiter.$proc$/work/openlane/axi4lite_arbiter_top_sv2v.v:999$861'.
No latch inferred for signal `$paramod$a8340ee7235114894783fd9bbe1cca175327e780\axi4lite_read_arbiter.$bitselwrite$pos$/work/openlane/axi4lite_arbiter_top_sv2v.v:1005$845' from process `$paramod$a8340ee7235114894783fd9bbe1cca175327e780\axi4lite_read_arbiter.$proc$/work/openlane/axi4lite_arbiter_top_sv2v.v:999$861'.
No latch inferred for signal `$paramod$a8340ee7235114894783fd9bbe1cca175327e780\axi4lite_read_arbiter.$bitselwrite$pos$/work/openlane/axi4lite_arbiter_top_sv2v.v:1007$846' from process `$paramod$a8340ee7235114894783fd9bbe1cca175327e780\axi4lite_read_arbiter.$proc$/work/openlane/axi4lite_arbiter_top_sv2v.v:999$861'.
No latch inferred for signal `$paramod$a8340ee7235114894783fd9bbe1cca175327e780\axi4lite_read_arbiter.\target_arready' from process `$paramod$a8340ee7235114894783fd9bbe1cca175327e780\axi4lite_read_arbiter.$proc$/work/openlane/axi4lite_arbiter_top_sv2v.v:953$851'.
No latch inferred for signal `$paramod$a8340ee7235114894783fd9bbe1cca175327e780\axi4lite_read_arbiter.\decode_addr' from process `$paramod$a8340ee7235114894783fd9bbe1cca175327e780\axi4lite_read_arbiter.$proc$/work/openlane/axi4lite_arbiter_top_sv2v.v:935$847'.
No latch inferred for signal `$paramod$b358acc07f1df1ca7668b3eda652fc0a3794bba8\axi4lite_response_router.\s_rready' from process `$paramod$b358acc07f1df1ca7668b3eda652fc0a3794bba8\axi4lite_response_router.$proc$/work/openlane/axi4lite_arbiter_top_sv2v.v:534$787'.
No latch inferred for signal `$paramod$b358acc07f1df1ca7668b3eda652fc0a3794bba8\axi4lite_response_router.\m_rdata' from process `$paramod$b358acc07f1df1ca7668b3eda652fc0a3794bba8\axi4lite_response_router.$proc$/work/openlane/axi4lite_arbiter_top_sv2v.v:534$787'.
No latch inferred for signal `$paramod$b358acc07f1df1ca7668b3eda652fc0a3794bba8\axi4lite_response_router.\m_rresp' from process `$paramod$b358acc07f1df1ca7668b3eda652fc0a3794bba8\axi4lite_response_router.$proc$/work/openlane/axi4lite_arbiter_top_sv2v.v:534$787'.
No latch inferred for signal `$paramod$b358acc07f1df1ca7668b3eda652fc0a3794bba8\axi4lite_response_router.\m_rvalid' from process `$paramod$b358acc07f1df1ca7668b3eda652fc0a3794bba8\axi4lite_response_router.$proc$/work/openlane/axi4lite_arbiter_top_sv2v.v:534$787'.
No latch inferred for signal `$paramod$b358acc07f1df1ca7668b3eda652fc0a3794bba8\axi4lite_response_router.\r_resp_handshake' from process `$paramod$b358acc07f1df1ca7668b3eda652fc0a3794bba8\axi4lite_response_router.$proc$/work/openlane/axi4lite_arbiter_top_sv2v.v:534$787'.
No latch inferred for signal `$paramod$b358acc07f1df1ca7668b3eda652fc0a3794bba8\axi4lite_response_router.\r_owner_rready' from process `$paramod$b358acc07f1df1ca7668b3eda652fc0a3794bba8\axi4lite_response_router.$proc$/work/openlane/axi4lite_arbiter_top_sv2v.v:534$787'.
No latch inferred for signal `$paramod$b358acc07f1df1ca7668b3eda652fc0a3794bba8\axi4lite_response_router.\sv2v_autoblock_3.i' from process `$paramod$b358acc07f1df1ca7668b3eda652fc0a3794bba8\axi4lite_response_router.$proc$/work/openlane/axi4lite_arbiter_top_sv2v.v:534$787'.
No latch inferred for signal `$paramod$b358acc07f1df1ca7668b3eda652fc0a3794bba8\axi4lite_response_router.\sv2v_autoblock_4.i' from process `$paramod$b358acc07f1df1ca7668b3eda652fc0a3794bba8\axi4lite_response_router.$proc$/work/openlane/axi4lite_arbiter_top_sv2v.v:534$787'.
No latch inferred for signal `$paramod$b358acc07f1df1ca7668b3eda652fc0a3794bba8\axi4lite_response_router.$bitselwrite$rvalue$/work/openlane/axi4lite_arbiter_top_sv2v.v:554$739' from process `$paramod$b358acc07f1df1ca7668b3eda652fc0a3794bba8\axi4lite_response_router.$proc$/work/openlane/axi4lite_arbiter_top_sv2v.v:534$787'.
No latch inferred for signal `$paramod$b358acc07f1df1ca7668b3eda652fc0a3794bba8\axi4lite_response_router.$bitselwrite$rvalue$/work/openlane/axi4lite_arbiter_top_sv2v.v:555$740' from process `$paramod$b358acc07f1df1ca7668b3eda652fc0a3794bba8\axi4lite_response_router.$proc$/work/openlane/axi4lite_arbiter_top_sv2v.v:534$787'.
No latch inferred for signal `$paramod$b358acc07f1df1ca7668b3eda652fc0a3794bba8\axi4lite_response_router.$bitselwrite$rvalue$/work/openlane/axi4lite_arbiter_top_sv2v.v:556$741' from process `$paramod$b358acc07f1df1ca7668b3eda652fc0a3794bba8\axi4lite_response_router.$proc$/work/openlane/axi4lite_arbiter_top_sv2v.v:534$787'.
No latch inferred for signal `$paramod$b358acc07f1df1ca7668b3eda652fc0a3794bba8\axi4lite_response_router.$bitselwrite$rvalue$/work/openlane/axi4lite_arbiter_top_sv2v.v:560$742' from process `$paramod$b358acc07f1df1ca7668b3eda652fc0a3794bba8\axi4lite_response_router.$proc$/work/openlane/axi4lite_arbiter_top_sv2v.v:534$787'.
No latch inferred for signal `$paramod$b358acc07f1df1ca7668b3eda652fc0a3794bba8\axi4lite_response_router.$bitselwrite$rvalue$/work/openlane/axi4lite_arbiter_top_sv2v.v:561$743' from process `$paramod$b358acc07f1df1ca7668b3eda652fc0a3794bba8\axi4lite_response_router.$proc$/work/openlane/axi4lite_arbiter_top_sv2v.v:534$787'.
No latch inferred for signal `$paramod$b358acc07f1df1ca7668b3eda652fc0a3794bba8\axi4lite_response_router.$bitselwrite$rvalue$/work/openlane/axi4lite_arbiter_top_sv2v.v:562$744' from process `$paramod$b358acc07f1df1ca7668b3eda652fc0a3794bba8\axi4lite_response_router.$proc$/work/openlane/axi4lite_arbiter_top_sv2v.v:534$787'.
No latch inferred for signal `$paramod$b358acc07f1df1ca7668b3eda652fc0a3794bba8\axi4lite_response_router.$bitselwrite$rvalue$/work/openlane/axi4lite_arbiter_top_sv2v.v:567$745' from process `$paramod$b358acc07f1df1ca7668b3eda652fc0a3794bba8\axi4lite_response_router.$proc$/work/openlane/axi4lite_arbiter_top_sv2v.v:534$787'.
No latch inferred for signal `$paramod$b358acc07f1df1ca7668b3eda652fc0a3794bba8\axi4lite_response_router.$bitselwrite$rvalue$/work/openlane/axi4lite_arbiter_top_sv2v.v:568$746' from process `$paramod$b358acc07f1df1ca7668b3eda652fc0a3794bba8\axi4lite_response_router.$proc$/work/openlane/axi4lite_arbiter_top_sv2v.v:534$787'.
No latch inferred for signal `$paramod$b358acc07f1df1ca7668b3eda652fc0a3794bba8\axi4lite_response_router.$bitselwrite$rvalue$/work/openlane/axi4lite_arbiter_top_sv2v.v:569$747' from process `$paramod$b358acc07f1df1ca7668b3eda652fc0a3794bba8\axi4lite_response_router.$proc$/work/openlane/axi4lite_arbiter_top_sv2v.v:534$787'.
No latch inferred for signal `$paramod$b358acc07f1df1ca7668b3eda652fc0a3794bba8\axi4lite_response_router.\s_bready' from process `$paramod$b358acc07f1df1ca7668b3eda652fc0a3794bba8\axi4lite_response_router.$proc$/work/openlane/axi4lite_arbiter_top_sv2v.v:497$748'.
No latch inferred for signal `$paramod$b358acc07f1df1ca7668b3eda652fc0a3794bba8\axi4lite_response_router.\m_bresp' from process `$paramod$b358acc07f1df1ca7668b3eda652fc0a3794bba8\axi4lite_response_router.$proc$/work/openlane/axi4lite_arbiter_top_sv2v.v:497$748'.
No latch inferred for signal `$paramod$b358acc07f1df1ca7668b3eda652fc0a3794bba8\axi4lite_response_router.\m_bvalid' from process `$paramod$b358acc07f1df1ca7668b3eda652fc0a3794bba8\axi4lite_response_router.$proc$/work/openlane/axi4lite_arbiter_top_sv2v.v:497$748'.
No latch inferred for signal `$paramod$b358acc07f1df1ca7668b3eda652fc0a3794bba8\axi4lite_response_router.\w_resp_handshake' from process `$paramod$b358acc07f1df1ca7668b3eda652fc0a3794bba8\axi4lite_response_router.$proc$/work/openlane/axi4lite_arbiter_top_sv2v.v:497$748'.
No latch inferred for signal `$paramod$b358acc07f1df1ca7668b3eda652fc0a3794bba8\axi4lite_response_router.\w_owner_bready' from process `$paramod$b358acc07f1df1ca7668b3eda652fc0a3794bba8\axi4lite_response_router.$proc$/work/openlane/axi4lite_arbiter_top_sv2v.v:497$748'.
No latch inferred for signal `$paramod$b358acc07f1df1ca7668b3eda652fc0a3794bba8\axi4lite_response_router.\sv2v_autoblock_1.i' from process `$paramod$b358acc07f1df1ca7668b3eda652fc0a3794bba8\axi4lite_response_router.$proc$/work/openlane/axi4lite_arbiter_top_sv2v.v:497$748'.
No latch inferred for signal `$paramod$b358acc07f1df1ca7668b3eda652fc0a3794bba8\axi4lite_response_router.\sv2v_autoblock_2.i' from process `$paramod$b358acc07f1df1ca7668b3eda652fc0a3794bba8\axi4lite_response_router.$proc$/work/openlane/axi4lite_arbiter_top_sv2v.v:497$748'.
No latch inferred for signal `$paramod$b358acc07f1df1ca7668b3eda652fc0a3794bba8\axi4lite_response_router.$bitselwrite$rvalue$/work/openlane/axi4lite_arbiter_top_sv2v.v:516$733' from process `$paramod$b358acc07f1df1ca7668b3eda652fc0a3794bba8\axi4lite_response_router.$proc$/work/openlane/axi4lite_arbiter_top_sv2v.v:497$748'.
No latch inferred for signal `$paramod$b358acc07f1df1ca7668b3eda652fc0a3794bba8\axi4lite_response_router.$bitselwrite$rvalue$/work/openlane/axi4lite_arbiter_top_sv2v.v:517$734' from process `$paramod$b358acc07f1df1ca7668b3eda652fc0a3794bba8\axi4lite_response_router.$proc$/work/openlane/axi4lite_arbiter_top_sv2v.v:497$748'.
No latch inferred for signal `$paramod$b358acc07f1df1ca7668b3eda652fc0a3794bba8\axi4lite_response_router.$bitselwrite$rvalue$/work/openlane/axi4lite_arbiter_top_sv2v.v:521$735' from process `$paramod$b358acc07f1df1ca7668b3eda652fc0a3794bba8\axi4lite_response_router.$proc$/work/openlane/axi4lite_arbiter_top_sv2v.v:497$748'.
No latch inferred for signal `$paramod$b358acc07f1df1ca7668b3eda652fc0a3794bba8\axi4lite_response_router.$bitselwrite$rvalue$/work/openlane/axi4lite_arbiter_top_sv2v.v:522$736' from process `$paramod$b358acc07f1df1ca7668b3eda652fc0a3794bba8\axi4lite_response_router.$proc$/work/openlane/axi4lite_arbiter_top_sv2v.v:497$748'.
No latch inferred for signal `$paramod$b358acc07f1df1ca7668b3eda652fc0a3794bba8\axi4lite_response_router.$bitselwrite$rvalue$/work/openlane/axi4lite_arbiter_top_sv2v.v:527$737' from process `$paramod$b358acc07f1df1ca7668b3eda652fc0a3794bba8\axi4lite_response_router.$proc$/work/openlane/axi4lite_arbiter_top_sv2v.v:497$748'.
No latch inferred for signal `$paramod$b358acc07f1df1ca7668b3eda652fc0a3794bba8\axi4lite_response_router.$bitselwrite$rvalue$/work/openlane/axi4lite_arbiter_top_sv2v.v:528$738' from process `$paramod$b358acc07f1df1ca7668b3eda652fc0a3794bba8\axi4lite_response_router.$proc$/work/openlane/axi4lite_arbiter_top_sv2v.v:497$748'.
No latch inferred for signal `$paramod\axi4lite_qos_scheduler\NUM_MASTERS=s32'00000000000000000000000000000100.\grant' from process `$paramod\axi4lite_qos_scheduler\NUM_MASTERS=s32'00000000000000000000000000000100.$proc$/work/openlane/axi4lite_arbiter_top_sv2v.v:423$713'.
No latch inferred for signal `$paramod\axi4lite_qos_scheduler\NUM_MASTERS=s32'00000000000000000000000000000100.\master_id' from process `$paramod\axi4lite_qos_scheduler\NUM_MASTERS=s32'00000000000000000000000000000100.$proc$/work/openlane/axi4lite_arbiter_top_sv2v.v:423$713'.
No latch inferred for signal `$paramod\axi4lite_qos_scheduler\NUM_MASTERS=s32'00000000000000000000000000000100.\grant_valid' from process `$paramod\axi4lite_qos_scheduler\NUM_MASTERS=s32'00000000000000000000000000000100.$proc$/work/openlane/axi4lite_arbiter_top_sv2v.v:423$713'.
No latch inferred for signal `$paramod\axi4lite_qos_scheduler\NUM_MASTERS=s32'00000000000000000000000000000100.$bitselwrite$pos$/work/openlane/axi4lite_arbiter_top_sv2v.v:428$612' from process `$paramod\axi4lite_qos_scheduler\NUM_MASTERS=s32'00000000000000000000000000000100.$proc$/work/openlane/axi4lite_arbiter_top_sv2v.v:423$713'.
No latch inferred for signal `$paramod\axi4lite_qos_scheduler\NUM_MASTERS=s32'00000000000000000000000000000100.$bitselwrite$pos$/work/openlane/axi4lite_arbiter_top_sv2v.v:433$613' from process `$paramod\axi4lite_qos_scheduler\NUM_MASTERS=s32'00000000000000000000000000000100.$proc$/work/openlane/axi4lite_arbiter_top_sv2v.v:423$713'.
No latch inferred for signal `$paramod\axi4lite_qos_scheduler\NUM_MASTERS=s32'00000000000000000000000000000100.\next_cand' from process `$paramod\axi4lite_qos_scheduler\NUM_MASTERS=s32'00000000000000000000000000000100.$proc$/work/openlane/axi4lite_arbiter_top_sv2v.v:173$648'.
No latch inferred for signal `$paramod\axi4lite_qos_scheduler\NUM_MASTERS=s32'00000000000000000000000000000100.\cand_valid' from process `$paramod\axi4lite_qos_scheduler\NUM_MASTERS=s32'00000000000000000000000000000100.$proc$/work/openlane/axi4lite_arbiter_top_sv2v.v:173$648'.
No latch inferred for signal `$paramod\axi4lite_qos_scheduler\NUM_MASTERS=s32'00000000000000000000000000000100.\eff_b1' from process `$paramod\axi4lite_qos_scheduler\NUM_MASTERS=s32'00000000000000000000000000000100.$proc$/work/openlane/axi4lite_arbiter_top_sv2v.v:139$640'.
No latch inferred for signal `$paramod\axi4lite_qos_scheduler\NUM_MASTERS=s32'00000000000000000000000000000100.\eff_b2' from process `$paramod\axi4lite_qos_scheduler\NUM_MASTERS=s32'00000000000000000000000000000100.$proc$/work/openlane/axi4lite_arbiter_top_sv2v.v:139$640'.
No latch inferred for signal `$paramod\axi4lite_qos_scheduler\NUM_MASTERS=s32'00000000000000000000000000000100.\eff_b3' from process `$paramod\axi4lite_qos_scheduler\NUM_MASTERS=s32'00000000000000000000000000000100.$proc$/work/openlane/axi4lite_arbiter_top_sv2v.v:139$640'.
No latch inferred for signal `$paramod\axi4lite_qos_scheduler\NUM_MASTERS=s32'00000000000000000000000000000100.\eff_rr_ptr' from process `$paramod\axi4lite_qos_scheduler\NUM_MASTERS=s32'00000000000000000000000000000100.$proc$/work/openlane/axi4lite_arbiter_top_sv2v.v:139$640'.
No latch inferred for signal `$paramod\axi4lite_qos_scheduler\NUM_MASTERS=s32'00000000000000000000000000000100.\m1_aged' from process `$paramod\axi4lite_qos_scheduler\NUM_MASTERS=s32'00000000000000000000000000000100.$proc$/work/openlane/axi4lite_arbiter_top_sv2v.v:122$630'.
No latch inferred for signal `$paramod\axi4lite_qos_scheduler\NUM_MASTERS=s32'00000000000000000000000000000100.\m2_aged' from process `$paramod\axi4lite_qos_scheduler\NUM_MASTERS=s32'00000000000000000000000000000100.$proc$/work/openlane/axi4lite_arbiter_top_sv2v.v:122$630'.
No latch inferred for signal `$paramod\axi4lite_qos_scheduler\NUM_MASTERS=s32'00000000000000000000000000000100.\m3_aged' from process `$paramod\axi4lite_qos_scheduler\NUM_MASTERS=s32'00000000000000000000000000000100.$proc$/work/openlane/axi4lite_arbiter_top_sv2v.v:122$630'.
No latch inferred for signal `$paramod\axi4lite_qos_scheduler\NUM_MASTERS=s32'00000000000000000000000000000100.\any_aged' from process `$paramod\axi4lite_qos_scheduler\NUM_MASTERS=s32'00000000000000000000000000000100.$proc$/work/openlane/axi4lite_arbiter_top_sv2v.v:122$630'.
No latch inferred for signal `$paramod\axi4lite_qos_scheduler\NUM_MASTERS=s32'00000000000000000000000000000100.\age_thresh' from process `$paramod\axi4lite_qos_scheduler\NUM_MASTERS=s32'00000000000000000000000000000100.$proc$/work/openlane/axi4lite_arbiter_top_sv2v.v:94$623'.
No latch inferred for signal `$paramod\axi4lite_qos_scheduler\NUM_MASTERS=s32'00000000000000000000000000000100.\burst_limit' from process `$paramod\axi4lite_qos_scheduler\NUM_MASTERS=s32'00000000000000000000000000000100.$proc$/work/openlane/axi4lite_arbiter_top_sv2v.v:94$623'.
No latch inferred for signal `$paramod\axi4lite_qos_scheduler\NUM_MASTERS=s32'00000000000000000000000000000100.\w0' from process `$paramod\axi4lite_qos_scheduler\NUM_MASTERS=s32'00000000000000000000000000000100.$proc$/work/openlane/axi4lite_arbiter_top_sv2v.v:86$614'.
No latch inferred for signal `$paramod\axi4lite_qos_scheduler\NUM_MASTERS=s32'00000000000000000000000000000100.\w1' from process `$paramod\axi4lite_qos_scheduler\NUM_MASTERS=s32'00000000000000000000000000000100.$proc$/work/openlane/axi4lite_arbiter_top_sv2v.v:86$614'.
No latch inferred for signal `$paramod\axi4lite_qos_scheduler\NUM_MASTERS=s32'00000000000000000000000000000100.\w2' from process `$paramod\axi4lite_qos_scheduler\NUM_MASTERS=s32'00000000000000000000000000000100.$proc$/work/openlane/axi4lite_arbiter_top_sv2v.v:86$614'.
No latch inferred for signal `$paramod\axi4lite_qos_scheduler\NUM_MASTERS=s32'00000000000000000000000000000100.\w3' from process `$paramod\axi4lite_qos_scheduler\NUM_MASTERS=s32'00000000000000000000000000000100.$proc$/work/openlane/axi4lite_arbiter_top_sv2v.v:86$614'.
No latch inferred for signal `$paramod$8607e6e28e9a0ecf78b5ef5ea17d8b714c8188a1\axi4lite_address_decoder.\slave_sel' from process `$paramod$8607e6e28e9a0ecf78b5ef5ea17d8b714c8188a1\axi4lite_address_decoder.$proc$/work/openlane/axi4lite_arbiter_top_sv2v.v:22$537'.
No latch inferred for signal `$paramod$8607e6e28e9a0ecf78b5ef5ea17d8b714c8188a1\axi4lite_address_decoder.\valid_addr' from process `$paramod$8607e6e28e9a0ecf78b5ef5ea17d8b714c8188a1\axi4lite_address_decoder.$proc$/work/openlane/axi4lite_arbiter_top_sv2v.v:22$537'.
No latch inferred for signal `$paramod$8607e6e28e9a0ecf78b5ef5ea17d8b714c8188a1\axi4lite_address_decoder.\invalid_addr' from process `$paramod$8607e6e28e9a0ecf78b5ef5ea17d8b714c8188a1\axi4lite_address_decoder.$proc$/work/openlane/axi4lite_arbiter_top_sv2v.v:22$537'.
No latch inferred for signal `$paramod$8607e6e28e9a0ecf78b5ef5ea17d8b714c8188a1\axi4lite_address_decoder.\match_s0' from process `$paramod$8607e6e28e9a0ecf78b5ef5ea17d8b714c8188a1\axi4lite_address_decoder.$proc$/work/openlane/axi4lite_arbiter_top_sv2v.v:22$537'.
No latch inferred for signal `$paramod$8607e6e28e9a0ecf78b5ef5ea17d8b714c8188a1\axi4lite_address_decoder.\match_s1' from process `$paramod$8607e6e28e9a0ecf78b5ef5ea17d8b714c8188a1\axi4lite_address_decoder.$proc$/work/openlane/axi4lite_arbiter_top_sv2v.v:22$537'.
No latch inferred for signal `$paramod$8607e6e28e9a0ecf78b5ef5ea17d8b714c8188a1\axi4lite_address_decoder.\sv2v_cast_64$func$/work/openlane/axi4lite_arbiter_top_sv2v.v:23$527.$result' from process `$paramod$8607e6e28e9a0ecf78b5ef5ea17d8b714c8188a1\axi4lite_address_decoder.$proc$/work/openlane/axi4lite_arbiter_top_sv2v.v:22$537'.
No latch inferred for signal `$paramod$8607e6e28e9a0ecf78b5ef5ea17d8b714c8188a1\axi4lite_address_decoder.\sv2v_cast_64$func$/work/openlane/axi4lite_arbiter_top_sv2v.v:23$527.inp' from process `$paramod$8607e6e28e9a0ecf78b5ef5ea17d8b714c8188a1\axi4lite_address_decoder.$proc$/work/openlane/axi4lite_arbiter_top_sv2v.v:22$537'.
No latch inferred for signal `$paramod$8607e6e28e9a0ecf78b5ef5ea17d8b714c8188a1\axi4lite_address_decoder.\sv2v_cast_64$func$/work/openlane/axi4lite_arbiter_top_sv2v.v:23$529.$result' from process `$paramod$8607e6e28e9a0ecf78b5ef5ea17d8b714c8188a1\axi4lite_address_decoder.$proc$/work/openlane/axi4lite_arbiter_top_sv2v.v:22$537'.
No latch inferred for signal `$paramod$8607e6e28e9a0ecf78b5ef5ea17d8b714c8188a1\axi4lite_address_decoder.\sv2v_cast_64$func$/work/openlane/axi4lite_arbiter_top_sv2v.v:23$529.inp' from process `$paramod$8607e6e28e9a0ecf78b5ef5ea17d8b714c8188a1\axi4lite_address_decoder.$proc$/work/openlane/axi4lite_arbiter_top_sv2v.v:22$537'.
No latch inferred for signal `$paramod$8607e6e28e9a0ecf78b5ef5ea17d8b714c8188a1\axi4lite_address_decoder.\sv2v_cast_64$func$/work/openlane/axi4lite_arbiter_top_sv2v.v:27$532.$result' from process `$paramod$8607e6e28e9a0ecf78b5ef5ea17d8b714c8188a1\axi4lite_address_decoder.$proc$/work/openlane/axi4lite_arbiter_top_sv2v.v:22$537'.
No latch inferred for signal `$paramod$8607e6e28e9a0ecf78b5ef5ea17d8b714c8188a1\axi4lite_address_decoder.\sv2v_cast_64$func$/work/openlane/axi4lite_arbiter_top_sv2v.v:27$532.inp' from process `$paramod$8607e6e28e9a0ecf78b5ef5ea17d8b714c8188a1\axi4lite_address_decoder.$proc$/work/openlane/axi4lite_arbiter_top_sv2v.v:22$537'.
No latch inferred for signal `$paramod$8607e6e28e9a0ecf78b5ef5ea17d8b714c8188a1\axi4lite_address_decoder.\sv2v_cast_64$func$/work/openlane/axi4lite_arbiter_top_sv2v.v:27$534.$result' from process `$paramod$8607e6e28e9a0ecf78b5ef5ea17d8b714c8188a1\axi4lite_address_decoder.$proc$/work/openlane/axi4lite_arbiter_top_sv2v.v:22$537'.
No latch inferred for signal `$paramod$8607e6e28e9a0ecf78b5ef5ea17d8b714c8188a1\axi4lite_address_decoder.\sv2v_cast_64$func$/work/openlane/axi4lite_arbiter_top_sv2v.v:27$534.inp' from process `$paramod$8607e6e28e9a0ecf78b5ef5ea17d8b714c8188a1\axi4lite_address_decoder.$proc$/work/openlane/axi4lite_arbiter_top_sv2v.v:22$537'.

15. Executing PROC_DFF pass (convert process syncs to FFs).
Creating register for signal `$paramod$70e768f93198a4a8c4f7d958f2c0abe528626c73\axi4lite_write_arbiter.\aw_buf_valid' using process `$paramod$70e768f93198a4a8c4f7d958f2c0abe528626c73\axi4lite_write_arbiter.$proc$/work/openlane/axi4lite_arbiter_top_sv2v.v:731$964'.
  created $adff cell `$procdff$4617' with positive edge clock and negative level reset.
Creating register for signal `$paramod$70e768f93198a4a8c4f7d958f2c0abe528626c73\axi4lite_write_arbiter.\aw_buf_addr' using process `$paramod$70e768f93198a4a8c4f7d958f2c0abe528626c73\axi4lite_write_arbiter.$proc$/work/openlane/axi4lite_arbiter_top_sv2v.v:731$964'.
  created $adff cell `$procdff$4618' with positive edge clock and negative level reset.
Creating register for signal `$paramod$70e768f93198a4a8c4f7d958f2c0abe528626c73\axi4lite_write_arbiter.\aw_buf_prot' using process `$paramod$70e768f93198a4a8c4f7d958f2c0abe528626c73\axi4lite_write_arbiter.$proc$/work/openlane/axi4lite_arbiter_top_sv2v.v:731$964'.
  created $adff cell `$procdff$4619' with positive edge clock and negative level reset.
Creating register for signal `$paramod$70e768f93198a4a8c4f7d958f2c0abe528626c73\axi4lite_write_arbiter.\w_buf_valid' using process `$paramod$70e768f93198a4a8c4f7d958f2c0abe528626c73\axi4lite_write_arbiter.$proc$/work/openlane/axi4lite_arbiter_top_sv2v.v:731$964'.
  created $adff cell `$procdff$4620' with positive edge clock and negative level reset.
Creating register for signal `$paramod$70e768f93198a4a8c4f7d958f2c0abe528626c73\axi4lite_write_arbiter.\w_buf_data' using process `$paramod$70e768f93198a4a8c4f7d958f2c0abe528626c73\axi4lite_write_arbiter.$proc$/work/openlane/axi4lite_arbiter_top_sv2v.v:731$964'.
  created $adff cell `$procdff$4621' with positive edge clock and negative level reset.
Creating register for signal `$paramod$70e768f93198a4a8c4f7d958f2c0abe528626c73\axi4lite_write_arbiter.\w_buf_strb' using process `$paramod$70e768f93198a4a8c4f7d958f2c0abe528626c73\axi4lite_write_arbiter.$proc$/work/openlane/axi4lite_arbiter_top_sv2v.v:731$964'.
  created $adff cell `$procdff$4622' with positive edge clock and negative level reset.
Creating register for signal `$paramod$70e768f93198a4a8c4f7d958f2c0abe528626c73\axi4lite_write_arbiter.\w_state' using process `$paramod$70e768f93198a4a8c4f7d958f2c0abe528626c73\axi4lite_write_arbiter.$proc$/work/openlane/axi4lite_arbiter_top_sv2v.v:731$964'.
  created $adff cell `$procdff$4623' with positive edge clock and negative level reset.
Creating register for signal `$paramod$70e768f93198a4a8c4f7d958f2c0abe528626c73\axi4lite_write_arbiter.\owner_id_r' using process `$paramod$70e768f93198a4a8c4f7d958f2c0abe528626c73\axi4lite_write_arbiter.$proc$/work/openlane/axi4lite_arbiter_top_sv2v.v:731$964'.
  created $adff cell `$procdff$4624' with positive edge clock and negative level reset.
Creating register for signal `$paramod$70e768f93198a4a8c4f7d958f2c0abe528626c73\axi4lite_write_arbiter.\target_slave_r' using process `$paramod$70e768f93198a4a8c4f7d958f2c0abe528626c73\axi4lite_write_arbiter.$proc$/work/openlane/axi4lite_arbiter_top_sv2v.v:731$964'.
  created $adff cell `$procdff$4625' with positive edge clock and negative level reset.
Creating register for signal `$paramod$70e768f93198a4a8c4f7d958f2c0abe528626c73\axi4lite_write_arbiter.\target_invalid_r' using process `$paramod$70e768f93198a4a8c4f7d958f2c0abe528626c73\axi4lite_write_arbiter.$proc$/work/openlane/axi4lite_arbiter_top_sv2v.v:731$964'.
  created $adff cell `$procdff$4626' with positive edge clock and negative level reset.
Creating register for signal `$paramod$70e768f93198a4a8c4f7d958f2c0abe528626c73\axi4lite_write_arbiter.\latched_addr' using process `$paramod$70e768f93198a4a8c4f7d958f2c0abe528626c73\axi4lite_write_arbiter.$proc$/work/openlane/axi4lite_arbiter_top_sv2v.v:731$964'.
  created $adff cell `$procdff$4627' with positive edge clock and negative level reset.
Creating register for signal `$paramod$70e768f93198a4a8c4f7d958f2c0abe528626c73\axi4lite_write_arbiter.\latched_prot' using process `$paramod$70e768f93198a4a8c4f7d958f2c0abe528626c73\axi4lite_write_arbiter.$proc$/work/openlane/axi4lite_arbiter_top_sv2v.v:731$964'.
  created $adff cell `$procdff$4628' with positive edge clock and negative level reset.
Creating register for signal `$paramod$70e768f93198a4a8c4f7d958f2c0abe528626c73\axi4lite_write_arbiter.\latched_wdata' using process `$paramod$70e768f93198a4a8c4f7d958f2c0abe528626c73\axi4lite_write_arbiter.$proc$/work/openlane/axi4lite_arbiter_top_sv2v.v:731$964'.
  created $adff cell `$procdff$4629' with positive edge clock and negative level reset.
Creating register for signal `$paramod$70e768f93198a4a8c4f7d958f2c0abe528626c73\axi4lite_write_arbiter.\latched_wstrb' using process `$paramod$70e768f93198a4a8c4f7d958f2c0abe528626c73\axi4lite_write_arbiter.$proc$/work/openlane/axi4lite_arbiter_top_sv2v.v:731$964'.
  created $adff cell `$procdff$4630' with positive edge clock and negative level reset.
Creating register for signal `$paramod$70e768f93198a4a8c4f7d958f2c0abe528626c73\axi4lite_write_arbiter.\arb_tx_done' using process `$paramod$70e768f93198a4a8c4f7d958f2c0abe528626c73\axi4lite_write_arbiter.$proc$/work/openlane/axi4lite_arbiter_top_sv2v.v:731$964'.
  created $adff cell `$procdff$4631' with positive edge clock and negative level reset.
Creating register for signal `$paramod$70e768f93198a4a8c4f7d958f2c0abe528626c73\axi4lite_write_arbiter.\sv2v_autoblock_4.m' using process `$paramod$70e768f93198a4a8c4f7d958f2c0abe528626c73\axi4lite_write_arbiter.$proc$/work/openlane/axi4lite_arbiter_top_sv2v.v:731$964'.
  created $adff cell `$procdff$4632' with positive edge clock and negative level reset.
Creating register for signal `$paramod$70e768f93198a4a8c4f7d958f2c0abe528626c73\axi4lite_write_arbiter.\sv2v_autoblock_5.m' using process `$paramod$70e768f93198a4a8c4f7d958f2c0abe528626c73\axi4lite_write_arbiter.$proc$/work/openlane/axi4lite_arbiter_top_sv2v.v:731$964'.
  created $dff cell `$procdff$4635' with positive edge clock.
Creating register for signal `$paramod$70e768f93198a4a8c4f7d958f2c0abe528626c73\axi4lite_write_arbiter.\sv2v_autoblock_6.m' using process `$paramod$70e768f93198a4a8c4f7d958f2c0abe528626c73\axi4lite_write_arbiter.$proc$/work/openlane/axi4lite_arbiter_top_sv2v.v:731$964'.
  created $dff cell `$procdff$4638' with positive edge clock.
Creating register for signal `$paramod$70e768f93198a4a8c4f7d958f2c0abe528626c73\axi4lite_write_arbiter.$bitselwrite$pos$/work/openlane/axi4lite_arbiter_top_sv2v.v:799$905' using process `$paramod$70e768f93198a4a8c4f7d958f2c0abe528626c73\axi4lite_write_arbiter.$proc$/work/openlane/axi4lite_arbiter_top_sv2v.v:731$964'.
  created $adff cell `$procdff$4639' with positive edge clock and negative level reset.
Creating register for signal `$paramod$70e768f93198a4a8c4f7d958f2c0abe528626c73\axi4lite_write_arbiter.$bitselwrite$pos$/work/openlane/axi4lite_arbiter_top_sv2v.v:800$906' using process `$paramod$70e768f93198a4a8c4f7d958f2c0abe528626c73\axi4lite_write_arbiter.$proc$/work/openlane/axi4lite_arbiter_top_sv2v.v:731$964'.
  created $adff cell `$procdff$4640' with positive edge clock and negative level reset.
Creating register for signal `$paramod$70e768f93198a4a8c4f7d958f2c0abe528626c73\axi4lite_write_arbiter.$lookahead\aw_buf_valid$962' using process `$paramod$70e768f93198a4a8c4f7d958f2c0abe528626c73\axi4lite_write_arbiter.$proc$/work/openlane/axi4lite_arbiter_top_sv2v.v:731$964'.
  created $adff cell `$procdff$4641' with positive edge clock and negative level reset.
Creating register for signal `$paramod$70e768f93198a4a8c4f7d958f2c0abe528626c73\axi4lite_write_arbiter.$lookahead\w_buf_valid$963' using process `$paramod$70e768f93198a4a8c4f7d958f2c0abe528626c73\axi4lite_write_arbiter.$proc$/work/openlane/axi4lite_arbiter_top_sv2v.v:731$964'.
  created $adff cell `$procdff$4642' with positive edge clock and negative level reset.
Creating register for signal `$paramod$a8340ee7235114894783fd9bbe1cca175327e780\axi4lite_read_arbiter.\owner_id_r' using process `$paramod$a8340ee7235114894783fd9bbe1cca175327e780\axi4lite_read_arbiter.$proc$/work/openlane/axi4lite_arbiter_top_sv2v.v:960$852'.
  created $adff cell `$procdff$4643' with positive edge clock and negative level reset.
Creating register for signal `$paramod$a8340ee7235114894783fd9bbe1cca175327e780\axi4lite_read_arbiter.\target_slave_r' using process `$paramod$a8340ee7235114894783fd9bbe1cca175327e780\axi4lite_read_arbiter.$proc$/work/openlane/axi4lite_arbiter_top_sv2v.v:960$852'.
  created $adff cell `$procdff$4644' with positive edge clock and negative level reset.
Creating register for signal `$paramod$a8340ee7235114894783fd9bbe1cca175327e780\axi4lite_read_arbiter.\target_invalid_r' using process `$paramod$a8340ee7235114894783fd9bbe1cca175327e780\axi4lite_read_arbiter.$proc$/work/openlane/axi4lite_arbiter_top_sv2v.v:960$852'.
  created $adff cell `$procdff$4645' with positive edge clock and negative level reset.
Creating register for signal `$paramod$a8340ee7235114894783fd9bbe1cca175327e780\axi4lite_read_arbiter.\latched_addr' using process `$paramod$a8340ee7235114894783fd9bbe1cca175327e780\axi4lite_read_arbiter.$proc$/work/openlane/axi4lite_arbiter_top_sv2v.v:960$852'.
  created $adff cell `$procdff$4646' with positive edge clock and negative level reset.
Creating register for signal `$paramod$a8340ee7235114894783fd9bbe1cca175327e780\axi4lite_read_arbiter.\latched_prot' using process `$paramod$a8340ee7235114894783fd9bbe1cca175327e780\axi4lite_read_arbiter.$proc$/work/openlane/axi4lite_arbiter_top_sv2v.v:960$852'.
  created $adff cell `$procdff$4647' with positive edge clock and negative level reset.
Creating register for signal `$paramod$a8340ee7235114894783fd9bbe1cca175327e780\axi4lite_read_arbiter.\arb_tx_done' using process `$paramod$a8340ee7235114894783fd9bbe1cca175327e780\axi4lite_read_arbiter.$proc$/work/openlane/axi4lite_arbiter_top_sv2v.v:960$852'.
  created $adff cell `$procdff$4648' with positive edge clock and negative level reset.
Creating register for signal `$paramod$a8340ee7235114894783fd9bbe1cca175327e780\axi4lite_read_arbiter.\r_state' using process `$paramod$a8340ee7235114894783fd9bbe1cca175327e780\axi4lite_read_arbiter.$proc$/work/openlane/axi4lite_arbiter_top_sv2v.v:960$852'.
  created $adff cell `$procdff$4649' with positive edge clock and negative level reset.
Creating register for signal `$paramod\axi4lite_qos_scheduler\NUM_MASTERS=s32'00000000000000000000000000000100.\current_master' using process `$paramod\axi4lite_qos_scheduler\NUM_MASTERS=s32'00000000000000000000000000000100.$proc$/work/openlane/axi4lite_arbiter_top_sv2v.v:352$677'.
  created $adff cell `$procdff$4650' with positive edge clock and negative level reset.
Creating register for signal `$paramod\axi4lite_qos_scheduler\NUM_MASTERS=s32'00000000000000000000000000000100.\is_active' using process `$paramod\axi4lite_qos_scheduler\NUM_MASTERS=s32'00000000000000000000000000000100.$proc$/work/openlane/axi4lite_arbiter_top_sv2v.v:352$677'.
  created $adff cell `$procdff$4651' with positive edge clock and negative level reset.
Creating register for signal `$paramod\axi4lite_qos_scheduler\NUM_MASTERS=s32'00000000000000000000000000000100.\budget_1' using process `$paramod\axi4lite_qos_scheduler\NUM_MASTERS=s32'00000000000000000000000000000100.$proc$/work/openlane/axi4lite_arbiter_top_sv2v.v:352$677'.
  created $adff cell `$procdff$4652' with positive edge clock and negative level reset.
Creating register for signal `$paramod\axi4lite_qos_scheduler\NUM_MASTERS=s32'00000000000000000000000000000100.\budget_2' using process `$paramod\axi4lite_qos_scheduler\NUM_MASTERS=s32'00000000000000000000000000000100.$proc$/work/openlane/axi4lite_arbiter_top_sv2v.v:352$677'.
  created $adff cell `$procdff$4653' with positive edge clock and negative level reset.
Creating register for signal `$paramod\axi4lite_qos_scheduler\NUM_MASTERS=s32'00000000000000000000000000000100.\budget_3' using process `$paramod\axi4lite_qos_scheduler\NUM_MASTERS=s32'00000000000000000000000000000100.$proc$/work/openlane/axi4lite_arbiter_top_sv2v.v:352$677'.
  created $adff cell `$procdff$4654' with positive edge clock and negative level reset.
Creating register for signal `$paramod\axi4lite_qos_scheduler\NUM_MASTERS=s32'00000000000000000000000000000100.\rr_ptr' using process `$paramod\axi4lite_qos_scheduler\NUM_MASTERS=s32'00000000000000000000000000000100.$proc$/work/openlane/axi4lite_arbiter_top_sv2v.v:352$677'.
  created $adff cell `$procdff$4655' with positive edge clock and negative level reset.
Creating register for signal `$paramod\axi4lite_qos_scheduler\NUM_MASTERS=s32'00000000000000000000000000000100.\age_m1' using process `$paramod\axi4lite_qos_scheduler\NUM_MASTERS=s32'00000000000000000000000000000100.$proc$/work/openlane/axi4lite_arbiter_top_sv2v.v:352$677'.
  created $adff cell `$procdff$4656' with positive edge clock and negative level reset.
Creating register for signal `$paramod\axi4lite_qos_scheduler\NUM_MASTERS=s32'00000000000000000000000000000100.\age_m2' using process `$paramod\axi4lite_qos_scheduler\NUM_MASTERS=s32'00000000000000000000000000000100.$proc$/work/openlane/axi4lite_arbiter_top_sv2v.v:352$677'.
  created $adff cell `$procdff$4657' with positive edge clock and negative level reset.
Creating register for signal `$paramod\axi4lite_qos_scheduler\NUM_MASTERS=s32'00000000000000000000000000000100.\age_m3' using process `$paramod\axi4lite_qos_scheduler\NUM_MASTERS=s32'00000000000000000000000000000100.$proc$/work/openlane/axi4lite_arbiter_top_sv2v.v:352$677'.
  created $adff cell `$procdff$4658' with positive edge clock and negative level reset.
Creating register for signal `$paramod\axi4lite_qos_scheduler\NUM_MASTERS=s32'00000000000000000000000000000100.\m0_burst_count' using process `$paramod\axi4lite_qos_scheduler\NUM_MASTERS=s32'00000000000000000000000000000100.$proc$/work/openlane/axi4lite_arbiter_top_sv2v.v:352$677'.
  created $adff cell `$procdff$4659' with positive edge clock and negative level reset.
Creating register for signal `$paramod\axi4lite_qos_scheduler\NUM_MASTERS=s32'00000000000000000000000000000100.\f_first_cycle' using process `$paramod\axi4lite_qos_scheduler\NUM_MASTERS=s32'00000000000000000000000000000100.$proc$/work/openlane/axi4lite_arbiter_top_sv2v.v:352$677'.
  created $adff cell `$procdff$4660' with positive edge clock and negative level reset.

16. Executing PROC_MEMWR pass (convert process memory writes to cells).

17. Executing PROC_CLEAN pass (remove empty switches from decision trees).
Found and cleaned up 3 empty switches in `$paramod$70e768f93198a4a8c4f7d958f2c0abe528626c73\axi4lite_write_arbiter.$proc$/work/openlane/axi4lite_arbiter_top_sv2v.v:824$1034'.
Removing empty process `$paramod$70e768f93198a4a8c4f7d958f2c0abe528626c73\axi4lite_write_arbiter.$proc$/work/openlane/axi4lite_arbiter_top_sv2v.v:824$1034'.
Found and cleaned up 3 empty switches in `$paramod$70e768f93198a4a8c4f7d958f2c0abe528626c73\axi4lite_write_arbiter.$proc$/work/openlane/axi4lite_arbiter_top_sv2v.v:807$1030'.
Removing empty process `$paramod$70e768f93198a4a8c4f7d958f2c0abe528626c73\axi4lite_write_arbiter.$proc$/work/openlane/axi4lite_arbiter_top_sv2v.v:807$1030'.
Found and cleaned up 15 empty switches in `$paramod$70e768f93198a4a8c4f7d958f2c0abe528626c73\axi4lite_write_arbiter.$proc$/work/openlane/axi4lite_arbiter_top_sv2v.v:731$964'.
Removing empty process `$paramod$70e768f93198a4a8c4f7d958f2c0abe528626c73\axi4lite_write_arbiter.$proc$/work/openlane/axi4lite_arbiter_top_sv2v.v:731$964'.
Removing empty process `$paramod$70e768f93198a4a8c4f7d958f2c0abe528626c73\axi4lite_write_arbiter.$proc$/work/openlane/axi4lite_arbiter_top_sv2v.v:726$949'.
Removing empty process `$paramod$70e768f93198a4a8c4f7d958f2c0abe528626c73\axi4lite_write_arbiter.$proc$/work/openlane/axi4lite_arbiter_top_sv2v.v:718$924'.
Removing empty process `$paramod$70e768f93198a4a8c4f7d958f2c0abe528626c73\axi4lite_write_arbiter.$proc$/work/openlane/axi4lite_arbiter_top_sv2v.v:713$911'.
Found and cleaned up 1 empty switch in `$paramod$70e768f93198a4a8c4f7d958f2c0abe528626c73\axi4lite_write_arbiter.$proc$/work/openlane/axi4lite_arbiter_top_sv2v.v:692$907'.
Removing empty process `$paramod$70e768f93198a4a8c4f7d958f2c0abe528626c73\axi4lite_write_arbiter.$proc$/work/openlane/axi4lite_arbiter_top_sv2v.v:692$907'.
Found and cleaned up 3 empty switches in `$paramod$a8340ee7235114894783fd9bbe1cca175327e780\axi4lite_read_arbiter.$proc$/work/openlane/axi4lite_arbiter_top_sv2v.v:1010$896'.
Removing empty process `$paramod$a8340ee7235114894783fd9bbe1cca175327e780\axi4lite_read_arbiter.$proc$/work/openlane/axi4lite_arbiter_top_sv2v.v:1010$896'.
Found and cleaned up 4 empty switches in `$paramod$a8340ee7235114894783fd9bbe1cca175327e780\axi4lite_read_arbiter.$proc$/work/openlane/axi4lite_arbiter_top_sv2v.v:999$861'.
Removing empty process `$paramod$a8340ee7235114894783fd9bbe1cca175327e780\axi4lite_read_arbiter.$proc$/work/openlane/axi4lite_arbiter_top_sv2v.v:999$861'.
Found and cleaned up 6 empty switches in `$paramod$a8340ee7235114894783fd9bbe1cca175327e780\axi4lite_read_arbiter.$proc$/work/openlane/axi4lite_arbiter_top_sv2v.v:960$852'.
Removing empty process `$paramod$a8340ee7235114894783fd9bbe1cca175327e780\axi4lite_read_arbiter.$proc$/work/openlane/axi4lite_arbiter_top_sv2v.v:960$852'.
Found and cleaned up 2 empty switches in `$paramod$a8340ee7235114894783fd9bbe1cca175327e780\axi4lite_read_arbiter.$proc$/work/openlane/axi4lite_arbiter_top_sv2v.v:953$851'.
Removing empty process `$paramod$a8340ee7235114894783fd9bbe1cca175327e780\axi4lite_read_arbiter.$proc$/work/openlane/axi4lite_arbiter_top_sv2v.v:953$851'.
Found and cleaned up 1 empty switch in `$paramod$a8340ee7235114894783fd9bbe1cca175327e780\axi4lite_read_arbiter.$proc$/work/openlane/axi4lite_arbiter_top_sv2v.v:935$847'.
Removing empty process `$paramod$a8340ee7235114894783fd9bbe1cca175327e780\axi4lite_read_arbiter.$proc$/work/openlane/axi4lite_arbiter_top_sv2v.v:935$847'.
Found and cleaned up 13 empty switches in `$paramod$b358acc07f1df1ca7668b3eda652fc0a3794bba8\axi4lite_response_router.$proc$/work/openlane/axi4lite_arbiter_top_sv2v.v:534$787'.
Removing empty process `$paramod$b358acc07f1df1ca7668b3eda652fc0a3794bba8\axi4lite_response_router.$proc$/work/openlane/axi4lite_arbiter_top_sv2v.v:534$787'.
Found and cleaned up 10 empty switches in `$paramod$b358acc07f1df1ca7668b3eda652fc0a3794bba8\axi4lite_response_router.$proc$/work/openlane/axi4lite_arbiter_top_sv2v.v:497$748'.
Removing empty process `$paramod$b358acc07f1df1ca7668b3eda652fc0a3794bba8\axi4lite_response_router.$proc$/work/openlane/axi4lite_arbiter_top_sv2v.v:497$748'.
Found and cleaned up 2 empty switches in `$paramod\axi4lite_qos_scheduler\NUM_MASTERS=s32'00000000000000000000000000000100.$proc$/work/openlane/axi4lite_arbiter_top_sv2v.v:423$713'.
Removing empty process `$paramod\axi4lite_qos_scheduler\NUM_MASTERS=s32'00000000000000000000000000000100.$proc$/work/openlane/axi4lite_arbiter_top_sv2v.v:423$713'.
Found and cleaned up 16 empty switches in `$paramod\axi4lite_qos_scheduler\NUM_MASTERS=s32'00000000000000000000000000000100.$proc$/work/openlane/axi4lite_arbiter_top_sv2v.v:352$677'.
Removing empty process `$paramod\axi4lite_qos_scheduler\NUM_MASTERS=s32'00000000000000000000000000000100.$proc$/work/openlane/axi4lite_arbiter_top_sv2v.v:352$677'.
Found and cleaned up 44 empty switches in `$paramod\axi4lite_qos_scheduler\NUM_MASTERS=s32'00000000000000000000000000000100.$proc$/work/openlane/axi4lite_arbiter_top_sv2v.v:173$648'.
Removing empty process `$paramod\axi4lite_qos_scheduler\NUM_MASTERS=s32'00000000000000000000000000000100.$proc$/work/openlane/axi4lite_arbiter_top_sv2v.v:173$648'.
Found and cleaned up 5 empty switches in `$paramod\axi4lite_qos_scheduler\NUM_MASTERS=s32'00000000000000000000000000000100.$proc$/work/openlane/axi4lite_arbiter_top_sv2v.v:139$640'.
Removing empty process `$paramod\axi4lite_qos_scheduler\NUM_MASTERS=s32'00000000000000000000000000000100.$proc$/work/openlane/axi4lite_arbiter_top_sv2v.v:139$640'.
Removing empty process `$paramod\axi4lite_qos_scheduler\NUM_MASTERS=s32'00000000000000000000000000000100.$proc$/work/openlane/axi4lite_arbiter_top_sv2v.v:122$630'.
Removing empty process `$paramod\axi4lite_qos_scheduler\NUM_MASTERS=s32'00000000000000000000000000000100.$proc$/work/openlane/axi4lite_arbiter_top_sv2v.v:94$623'.
Removing empty process `$paramod\axi4lite_qos_scheduler\NUM_MASTERS=s32'00000000000000000000000000000100.$proc$/work/openlane/axi4lite_arbiter_top_sv2v.v:86$614'.
Found and cleaned up 4 empty switches in `$paramod$8607e6e28e9a0ecf78b5ef5ea17d8b714c8188a1\axi4lite_address_decoder.$proc$/work/openlane/axi4lite_arbiter_top_sv2v.v:22$537'.
Removing empty process `$paramod$8607e6e28e9a0ecf78b5ef5ea17d8b714c8188a1\axi4lite_address_decoder.$proc$/work/openlane/axi4lite_arbiter_top_sv2v.v:22$537'.
Cleaned up 132 empty switches.

18. Executing CHECK pass (checking for obvious problems).
Checking module axi4lite_arbiter_top...
Checking module $paramod$70e768f93198a4a8c4f7d958f2c0abe528626c73\axi4lite_write_arbiter...
Checking module $paramod$a8340ee7235114894783fd9bbe1cca175327e780\axi4lite_read_arbiter...
Checking module $paramod$b358acc07f1df1ca7668b3eda652fc0a3794bba8\axi4lite_response_router...
Checking module $paramod\axi4lite_qos_scheduler\NUM_MASTERS=s32'00000000000000000000000000000100...
Checking module $paramod$8607e6e28e9a0ecf78b5ef5ea17d8b714c8188a1\axi4lite_address_decoder...
Found and reported 0 problems.

19. Executing OPT_EXPR pass (perform const folding).
Optimizing module axi4lite_arbiter_top.
Optimizing module $paramod$70e768f93198a4a8c4f7d958f2c0abe528626c73\axi4lite_write_arbiter.
<suppressed ~30 debug messages>
Optimizing module $paramod$a8340ee7235114894783fd9bbe1cca175327e780\axi4lite_read_arbiter.
<suppressed ~20 debug messages>
Optimizing module $paramod$b358acc07f1df1ca7668b3eda652fc0a3794bba8\axi4lite_response_router.
<suppressed ~59 debug messages>
Optimizing module $paramod\axi4lite_qos_scheduler\NUM_MASTERS=s32'00000000000000000000000000000100.
<suppressed ~46 debug messages>
Optimizing module $paramod$8607e6e28e9a0ecf78b5ef5ea17d8b714c8188a1\axi4lite_address_decoder.
<suppressed ~2 debug messages>

20. Executing FLATTEN pass (flatten design).
Deleting now unused module $paramod$70e768f93198a4a8c4f7d958f2c0abe528626c73\axi4lite_write_arbiter.
Deleting now unused module $paramod$a8340ee7235114894783fd9bbe1cca175327e780\axi4lite_read_arbiter.
Deleting now unused module $paramod$b358acc07f1df1ca7668b3eda652fc0a3794bba8\axi4lite_response_router.
Deleting now unused module $paramod\axi4lite_qos_scheduler\NUM_MASTERS=s32'00000000000000000000000000000100.
Deleting now unused module $paramod$8607e6e28e9a0ecf78b5ef5ea17d8b714c8188a1\axi4lite_address_decoder.
<suppressed ~7 debug messages>

21. Executing OPT_EXPR pass (perform const folding).
Optimizing module axi4lite_arbiter_top.

22. Executing OPT_CLEAN pass (remove unused cells and wires).
Finding unused cells or wires in module \axi4lite_arbiter_top..
Removed 208 unused cells and 2417 unused wires.
<suppressed ~245 debug messages>

23. Executing OPT pass (performing simple optimizations).

23.1. Executing OPT_EXPR pass (perform const folding).
Optimizing module axi4lite_arbiter_top.

23.2. Executing OPT_MERGE pass (detect identical cells).
Finding identical cells in module `\axi4lite_arbiter_top'.
<suppressed ~1509 debug messages>
Removed a total of 503 cells.

23.3. Executing OPT_MUXTREE pass (detect dead branches in mux trees).
Running muxtree optimizer on module \axi4lite_arbiter_top..
  Creating internal representation of mux trees.
  Evaluating internal representation of mux trees.
      Replacing known input bits on port B of cell $flatten\u_read_arbiter.\u_read_qos.$procmux$3601: $flatten\u_read_arbiter.\u_read_qos.$17\cand_valid[0:0] -> 1'1
      Replacing known input bits on port A of cell $flatten\u_read_arbiter.\u_read_qos.$procmux$3173: $flatten\u_read_arbiter.\u_read_qos.$17\cand_valid[0:0] -> 1'0
      Replacing known input bits on port A of cell $flatten\u_read_arbiter.\u_read_qos.$procmux$3300: $flatten\u_read_arbiter.\u_read_qos.$17\cand_valid[0:0] -> 1'0
      Replacing known input bits on port A of cell $flatten\u_read_arbiter.\u_read_qos.$procmux$3433: $flatten\u_read_arbiter.\u_read_qos.$17\cand_valid[0:0] -> 1'0
      Replacing known input bits on port A of cell $flatten\u_read_arbiter.\u_read_qos.$procmux$3034: $flatten\u_read_arbiter.\u_read_qos.$17\cand_valid[0:0] -> 1'0
      Replacing known input bits on port A of cell $flatten\u_read_arbiter.\u_read_qos.$procmux$2901: \u_read_arbiter.u_read_qos.f_first_cycle -> 1'0
      Replacing known input bits on port A of cell $flatten\u_read_arbiter.\u_read_qos.$procmux$2994: \u_read_arbiter.u_read_qos.is_active -> 1'1
      Replacing known input bits on port A of cell $flatten\u_read_arbiter.\u_read_qos.$procmux$2988: \u_read_arbiter.u_read_qos.is_active -> 1'0
      Replacing known input bits on port A of cell $flatten\u_write_arbiter.\u_write_qos.$procmux$2901: \u_write_arbiter.u_write_qos.f_first_cycle -> 1'0
      Replacing known input bits on port A of cell $flatten\u_write_arbiter.\u_write_qos.$procmux$2994: \u_write_arbiter.u_write_qos.is_active -> 1'1
      Replacing known input bits on port A of cell $flatten\u_write_arbiter.\u_write_qos.$procmux$2988: \u_write_arbiter.u_write_qos.is_active -> 1'0
      Replacing known input bits on port B of cell $flatten\u_write_arbiter.\u_write_qos.$procmux$3601: $flatten\u_write_arbiter.\u_write_qos.$17\cand_valid[0:0] -> 1'1
      Replacing known input bits on port A of cell $flatten\u_write_arbiter.\u_write_qos.$procmux$3173: $flatten\u_write_arbiter.\u_write_qos.$17\cand_valid[0:0] -> 1'0
      Replacing known input bits on port A of cell $flatten\u_write_arbiter.\u_write_qos.$procmux$3300: $flatten\u_write_arbiter.\u_write_qos.$17\cand_valid[0:0] -> 1'0
      Replacing known input bits on port A of cell $flatten\u_write_arbiter.\u_write_qos.$procmux$3433: $flatten\u_write_arbiter.\u_write_qos.$17\cand_valid[0:0] -> 1'0
      Replacing known input bits on port A of cell $flatten\u_write_arbiter.\u_write_qos.$procmux$3034: $flatten\u_write_arbiter.\u_write_qos.$17\cand_valid[0:0] -> 1'0
  Analyzing evaluation results.
    dead port 1/4 on $pmux $flatten\u_read_arbiter.\u_read_qos.$procmux$3714.
    dead port 2/4 on $pmux $flatten\u_read_arbiter.\u_read_qos.$procmux$3714.
    dead port 3/4 on $pmux $flatten\u_read_arbiter.\u_read_qos.$procmux$3714.
    dead port 1/2 on $mux $flatten\u_read_arbiter.\u_read_decoder.$procmux$4600.
    dead port 2/2 on $mux $flatten\u_read_arbiter.\u_read_qos.$procmux$3718.
    dead port 1/2 on $mux $flatten\u_read_arbiter.\u_read_qos.$procmux$3721.
    dead port 1/2 on $mux $flatten\u_read_arbiter.\u_read_qos.$procmux$3724.
    dead port 1/4 on $pmux $flatten\u_read_arbiter.\u_read_qos.$procmux$3731.
    dead port 2/4 on $pmux $flatten\u_read_arbiter.\u_read_qos.$procmux$3731.
    dead port 3/4 on $pmux $flatten\u_read_arbiter.\u_read_qos.$procmux$3731.
    dead port 2/2 on $mux $flatten\u_read_arbiter.\u_read_qos.$procmux$3735.
    dead port 1/2 on $mux $flatten\u_read_arbiter.\u_read_qos.$procmux$3738.
    dead port 1/2 on $mux $flatten\u_read_arbiter.\u_read_qos.$procmux$3741.
    dead port 1/2 on $mux $flatten\u_read_arbiter.\u_read_qos.$procmux$3749.
    dead port 1/2 on $mux $flatten\u_read_arbiter.\u_read_qos.$procmux$3752.
    dead port 2/2 on $mux $flatten\u_read_arbiter.\u_read_qos.$procmux$3754.
    dead port 2/2 on $mux $flatten\u_read_arbiter.\u_read_qos.$procmux$3756.
    dead port 1/2 on $mux $flatten\u_read_arbiter.\u_read_qos.$procmux$3759.
    dead port 1/2 on $mux $flatten\u_read_arbiter.\u_read_qos.$procmux$3762.
    dead port 1/2 on $mux $flatten\u_read_arbiter.\u_read_qos.$procmux$3770.
    dead port 1/2 on $mux $flatten\u_read_arbiter.\u_read_qos.$procmux$3773.
    dead port 2/2 on $mux $flatten\u_read_arbiter.\u_read_qos.$procmux$3775.
    dead port 2/2 on $mux $flatten\u_read_arbiter.\u_read_qos.$procmux$3777.
    dead port 1/2 on $mux $flatten\u_read_arbiter.\u_read_qos.$procmux$3780.
    dead port 1/2 on $mux $flatten\u_read_arbiter.\u_read_qos.$procmux$3783.
    dead port 1/2 on $mux $flatten\u_read_arbiter.\u_read_qos.$procmux$3791.
    dead port 2/2 on $mux $flatten\u_read_arbiter.\u_read_qos.$procmux$3793.
    dead port 2/2 on $mux $flatten\u_read_arbiter.\u_read_qos.$procmux$3795.
    dead port 1/2 on $mux $flatten\u_read_arbiter.\u_read_qos.$procmux$3798.
    dead port 1/2 on $mux $flatten\u_read_arbiter.\u_read_qos.$procmux$3801.
    dead port 1/2 on $mux $flatten\u_read_arbiter.\u_read_qos.$procmux$3809.
    dead port 2/2 on $mux $flatten\u_read_arbiter.\u_read_qos.$procmux$3811.
    dead port 2/2 on $mux $flatten\u_read_arbiter.\u_read_qos.$procmux$3813.
    dead port 1/2 on $mux $flatten\u_read_arbiter.\u_read_qos.$procmux$3816.
    dead port 1/2 on $mux $flatten\u_read_arbiter.\u_read_qos.$procmux$3819.
    dead port 2/2 on $mux $flatten\u_read_arbiter.\u_read_qos.$procmux$3826.
    dead port 2/2 on $mux $flatten\u_read_arbiter.\u_read_qos.$procmux$3828.
    dead port 1/2 on $mux $flatten\u_read_arbiter.\u_read_qos.$procmux$3831.
    dead port 1/2 on $mux $flatten\u_read_arbiter.\u_read_qos.$procmux$3834.
    dead port 2/2 on $mux $flatten\u_read_arbiter.\u_read_qos.$procmux$3841.
    dead port 2/2 on $mux $flatten\u_read_arbiter.\u_read_qos.$procmux$3843.
    dead port 1/2 on $mux $flatten\u_read_arbiter.\u_read_qos.$procmux$3846.
    dead port 1/2 on $mux $flatten\u_read_arbiter.\u_read_qos.$procmux$3849.
    dead port 1/2 on $mux $flatten\u_read_arbiter.\u_read_qos.$procmux$3858.
    dead port 1/2 on $mux $flatten\u_read_arbiter.\u_read_qos.$procmux$3861.
    dead port 2/2 on $mux $flatten\u_read_arbiter.\u_read_qos.$procmux$3863.
    dead port 2/2 on $mux $flatten\u_read_arbiter.\u_read_qos.$procmux$3865.
    dead port 1/2 on $mux $flatten\u_read_arbiter.\u_read_qos.$procmux$3868.
    dead port 1/2 on $mux $flatten\u_read_arbiter.\u_read_qos.$procmux$3871.
    dead port 1/2 on $mux $flatten\u_read_arbiter.\u_read_qos.$procmux$3880.
    dead port 1/2 on $mux $flatten\u_read_arbiter.\u_read_qos.$procmux$3883.
    dead port 2/2 on $mux $flatten\u_read_arbiter.\u_read_qos.$procmux$3885.
    dead port 2/2 on $mux $flatten\u_read_arbiter.\u_read_qos.$procmux$3887.
    dead port 1/2 on $mux $flatten\u_read_arbiter.\u_read_qos.$procmux$3890.
    dead port 1/2 on $mux $flatten\u_read_arbiter.\u_read_qos.$procmux$3893.
    dead port 1/2 on $mux $flatten\u_read_arbiter.\u_read_qos.$procmux$3902.
    dead port 2/2 on $mux $flatten\u_read_arbiter.\u_read_qos.$procmux$3904.
    dead port 2/2 on $mux $flatten\u_read_arbiter.\u_read_qos.$procmux$3906.
    dead port 1/2 on $mux $flatten\u_read_arbiter.\u_read_qos.$procmux$3909.
    dead port 1/2 on $mux $flatten\u_read_arbiter.\u_read_qos.$procmux$3912.
    dead port 1/2 on $mux $flatten\u_read_arbiter.\u_read_qos.$procmux$3921.
    dead port 2/2 on $mux $flatten\u_read_arbiter.\u_read_qos.$procmux$3923.
    dead port 2/2 on $mux $flatten\u_read_arbiter.\u_read_qos.$procmux$3925.
    dead port 1/2 on $mux $flatten\u_read_arbiter.\u_read_qos.$procmux$3928.
    dead port 1/2 on $mux $flatten\u_read_arbiter.\u_read_qos.$procmux$3931.
    dead port 2/2 on $mux $flatten\u_read_arbiter.\u_read_qos.$procmux$3939.
    dead port 2/2 on $mux $flatten\u_read_arbiter.\u_read_qos.$procmux$3941.
    dead port 1/2 on $mux $flatten\u_read_arbiter.\u_read_qos.$procmux$3944.
    dead port 1/2 on $mux $flatten\u_read_arbiter.\u_read_qos.$procmux$3947.
    dead port 2/2 on $mux $flatten\u_read_arbiter.\u_read_qos.$procmux$3955.
    dead port 2/2 on $mux $flatten\u_read_arbiter.\u_read_qos.$procmux$3957.
    dead port 1/2 on $mux $flatten\u_read_arbiter.\u_read_qos.$procmux$3960.
    dead port 1/2 on $mux $flatten\u_read_arbiter.\u_read_qos.$procmux$3963.
    dead port 1/2 on $mux $flatten\u_read_arbiter.\u_read_qos.$procmux$3973.
    dead port 1/2 on $mux $flatten\u_read_arbiter.\u_read_qos.$procmux$3976.
    dead port 2/2 on $mux $flatten\u_read_arbiter.\u_read_qos.$procmux$3978.
    dead port 2/2 on $mux $flatten\u_read_arbiter.\u_read_qos.$procmux$3980.
    dead port 1/2 on $mux $flatten\u_read_arbiter.\u_read_qos.$procmux$3983.
    dead port 1/2 on $mux $flatten\u_read_arbiter.\u_read_qos.$procmux$3986.
    dead port 1/2 on $mux $flatten\u_read_arbiter.\u_read_qos.$procmux$3996.
    dead port 1/2 on $mux $flatten\u_read_arbiter.\u_read_qos.$procmux$3999.
    dead port 2/2 on $mux $flatten\u_read_arbiter.\u_read_qos.$procmux$4001.
    dead port 2/2 on $mux $flatten\u_read_arbiter.\u_read_qos.$procmux$4003.
    dead port 1/2 on $mux $flatten\u_read_arbiter.\u_read_qos.$procmux$4006.
    dead port 1/2 on $mux $flatten\u_read_arbiter.\u_read_qos.$procmux$4009.
    dead port 1/2 on $mux $flatten\u_read_arbiter.\u_read_qos.$procmux$4019.
    dead port 2/2 on $mux $flatten\u_read_arbiter.\u_read_qos.$procmux$4021.
    dead port 2/2 on $mux $flatten\u_read_arbiter.\u_read_qos.$procmux$4023.
    dead port 1/2 on $mux $flatten\u_read_arbiter.\u_read_qos.$procmux$4026.
    dead port 1/2 on $mux $flatten\u_read_arbiter.\u_read_qos.$procmux$4029.
    dead port 1/2 on $mux $flatten\u_read_arbiter.\u_read_qos.$procmux$4039.
    dead port 2/2 on $mux $flatten\u_read_arbiter.\u_read_qos.$procmux$4041.
    dead port 2/2 on $mux $flatten\u_read_arbiter.\u_read_qos.$procmux$4043.
    dead port 1/2 on $mux $flatten\u_read_arbiter.\u_read_qos.$procmux$4046.
    dead port 1/2 on $mux $flatten\u_read_arbiter.\u_read_qos.$procmux$4049.
    dead port 2/2 on $mux $flatten\u_read_arbiter.\u_read_qos.$procmux$4058.
    dead port 2/2 on $mux $flatten\u_read_arbiter.\u_read_qos.$procmux$4060.
    dead port 1/2 on $mux $flatten\u_read_arbiter.\u_read_qos.$procmux$4063.
    dead port 1/2 on $mux $flatten\u_read_arbiter.\u_read_qos.$procmux$4066.
    dead port 2/2 on $mux $flatten\u_read_arbiter.\u_read_qos.$procmux$4075.
    dead port 2/2 on $mux $flatten\u_read_arbiter.\u_read_qos.$procmux$4077.
    dead port 1/2 on $mux $flatten\u_read_arbiter.\u_read_qos.$procmux$4080.
    dead port 1/2 on $mux $flatten\u_read_arbiter.\u_read_qos.$procmux$4083.
    dead port 2/2 on $mux $flatten\u_read_arbiter.\u_read_qos.$procmux$4105.
    dead port 1/2 on $mux $flatten\u_read_arbiter.\u_read_qos.$procmux$4108.
    dead port 1/2 on $mux $flatten\u_read_arbiter.\u_read_qos.$procmux$4111.
    dead port 1/2 on $mux $flatten\u_read_arbiter.\u_read_qos.$procmux$4117.
    dead port 1/2 on $mux $flatten\u_read_arbiter.\u_read_qos.$procmux$4120.
    dead port 1/2 on $mux $flatten\u_read_arbiter.\u_read_qos.$procmux$4126.
    dead port 1/2 on $mux $flatten\u_read_arbiter.\u_read_qos.$procmux$4129.
    dead port 1/2 on $mux $flatten\u_read_arbiter.\u_read_qos.$procmux$4135.
    dead port 1/2 on $mux $flatten\u_read_arbiter.\u_read_qos.$procmux$4141.
    dead port 1/2 on $mux $flatten\u_read_arbiter.\u_read_qos.$procmux$4148.
    dead port 1/2 on $mux $flatten\u_read_arbiter.\u_read_qos.$procmux$4151.
    dead port 1/4 on $pmux $flatten\u_read_arbiter.\u_read_qos.$procmux$4154.
    dead port 2/4 on $pmux $flatten\u_read_arbiter.\u_read_qos.$procmux$4154.
    dead port 3/4 on $pmux $flatten\u_read_arbiter.\u_read_qos.$procmux$4154.
    dead port 2/2 on $mux $flatten\u_read_arbiter.\u_read_qos.$procmux$4158.
    dead port 1/2 on $mux $flatten\u_read_arbiter.\u_read_qos.$procmux$4165.
    dead port 1/2 on $mux $flatten\u_read_arbiter.\u_read_qos.$procmux$4168.
    dead port 1/4 on $pmux $flatten\u_read_arbiter.\u_read_qos.$procmux$4171.
    dead port 2/4 on $pmux $flatten\u_read_arbiter.\u_read_qos.$procmux$4171.
    dead port 3/4 on $pmux $flatten\u_read_arbiter.\u_read_qos.$procmux$4171.
    dead port 2/2 on $mux $flatten\u_read_arbiter.$procmux$1271.
    dead port 2/2 on $mux $flatten\u_read_arbiter.\u_read_qos.$procmux$4175.
    dead port 1/2 on $mux $flatten\u_read_arbiter.\u_read_qos.$procmux$4182.
    dead port 1/4 on $pmux $flatten\u_read_arbiter.\u_read_qos.$procmux$4185.
    dead port 2/4 on $pmux $flatten\u_read_arbiter.\u_read_qos.$procmux$4185.
    dead port 3/4 on $pmux $flatten\u_read_arbiter.\u_read_qos.$procmux$4185.
    dead port 2/2 on $mux $flatten\u_read_arbiter.$procmux$1280.
    dead port 2/2 on $mux $flatten\u_read_arbiter.\u_read_qos.$procmux$4189.
    dead port 1/2 on $mux $flatten\u_read_arbiter.\u_read_qos.$procmux$4196.
    dead port 1/4 on $pmux $flatten\u_read_arbiter.\u_read_qos.$procmux$4199.
    dead port 2/4 on $pmux $flatten\u_read_arbiter.\u_read_qos.$procmux$4199.
    dead port 3/4 on $pmux $flatten\u_read_arbiter.\u_read_qos.$procmux$4199.
    dead port 1/2 on $mux $flatten\u_read_arbiter.$procmux$1287.
    dead port 2/2 on $mux $flatten\u_read_arbiter.\u_read_qos.$procmux$4203.
    dead port 1/4 on $pmux $flatten\u_read_arbiter.\u_read_qos.$procmux$4210.
    dead port 2/4 on $pmux $flatten\u_read_arbiter.\u_read_qos.$procmux$4210.
    dead port 3/4 on $pmux $flatten\u_read_arbiter.\u_read_qos.$procmux$4210.
    dead port 2/2 on $mux $flatten\u_read_arbiter.\u_read_qos.$procmux$4214.
    dead port 1/4 on $pmux $flatten\u_read_arbiter.\u_read_qos.$procmux$4221.
    dead port 2/4 on $pmux $flatten\u_read_arbiter.\u_read_qos.$procmux$4221.
    dead port 3/4 on $pmux $flatten\u_read_arbiter.\u_read_qos.$procmux$4221.
    dead port 2/2 on $mux $flatten\u_read_arbiter.\u_read_qos.$procmux$4225.
    dead port 1/2 on $mux $flatten\u_read_arbiter.\u_read_qos.$procmux$4233.
    dead port 1/2 on $mux $flatten\u_read_arbiter.\u_read_qos.$procmux$4236.
    dead port 2/2 on $mux $flatten\u_read_arbiter.\u_read_qos.$procmux$4238.
    dead port 2/2 on $mux $flatten\u_read_arbiter.\u_read_qos.$procmux$4240.
    dead port 1/2 on $mux $flatten\u_read_arbiter.\u_read_qos.$procmux$4248.
    dead port 1/2 on $mux $flatten\u_read_arbiter.\u_read_qos.$procmux$4251.
    dead port 2/2 on $mux $flatten\u_read_arbiter.\u_read_qos.$procmux$4253.
    dead port 1/2 on $mux $flatten\u_read_arbiter.$procmux$1290.
    dead port 2/2 on $mux $flatten\u_read_arbiter.\u_read_qos.$procmux$4255.
    dead port 1/2 on $mux $flatten\u_read_arbiter.\u_read_qos.$procmux$4263.
    dead port 2/2 on $mux $flatten\u_read_arbiter.\u_read_qos.$procmux$4265.
    dead port 2/2 on $mux $flatten\u_read_arbiter.$procmux$1292.
    dead port 2/2 on $mux $flatten\u_read_arbiter.\u_read_qos.$procmux$4267.
    dead port 1/2 on $mux $flatten\u_read_arbiter.\u_read_qos.$procmux$4275.
    dead port 2/2 on $mux $flatten\u_read_arbiter.\u_read_qos.$procmux$4277.
    dead port 2/2 on $mux $flatten\u_read_arbiter.\u_read_qos.$procmux$4279.
    dead port 2/2 on $mux $flatten\u_read_arbiter.\u_read_qos.$procmux$4286.
    dead port 1/2 on $mux $flatten\u_read_arbiter.$procmux$1311.
    dead port 2/2 on $mux $flatten\u_read_arbiter.\u_read_qos.$procmux$4288.
    dead port 2/2 on $mux $flatten\u_read_arbiter.\u_read_qos.$procmux$4295.
    dead port 2/2 on $mux $flatten\u_read_arbiter.$procmux$1313.
    dead port 2/2 on $mux $flatten\u_read_arbiter.\u_read_qos.$procmux$4297.
    dead port 1/2 on $mux $flatten\u_read_arbiter.\u_read_qos.$procmux$4306.
    dead port 1/2 on $mux $flatten\u_read_arbiter.\u_read_qos.$procmux$4309.
    dead port 2/2 on $mux $flatten\u_read_arbiter.\u_read_qos.$procmux$4311.
    dead port 2/2 on $mux $flatten\u_read_arbiter.\u_read_qos.$procmux$4313.
    dead port 1/2 on $mux $flatten\u_read_arbiter.\u_read_qos.$procmux$4322.
    dead port 1/2 on $mux $flatten\u_read_arbiter.\u_read_qos.$procmux$4325.
    dead port 2/2 on $mux $flatten\u_read_arbiter.\u_read_qos.$procmux$4327.
    dead port 2/2 on $mux $flatten\u_read_arbiter.$procmux$1337.
    dead port 2/2 on $mux $flatten\u_read_arbiter.\u_read_qos.$procmux$4329.
    dead port 1/2 on $mux $flatten\u_read_arbiter.\u_read_qos.$procmux$4338.
    dead port 2/2 on $mux $flatten\u_read_arbiter.\u_read_qos.$procmux$4340.
    dead port 2/2 on $mux $flatten\u_read_arbiter.\u_read_qos.$procmux$4342.
    dead port 1/2 on $mux $flatten\u_read_arbiter.\u_read_qos.$procmux$4351.
    dead port 2/2 on $mux $flatten\u_read_arbiter.\u_read_qos.$procmux$4353.
    dead port 2/2 on $mux $flatten\u_read_arbiter.\u_read_qos.$procmux$4355.
    dead port 2/2 on $mux $flatten\u_read_arbiter.\u_read_qos.$procmux$4363.
    dead port 2/2 on $mux $flatten\u_read_arbiter.\u_read_qos.$procmux$4365.
    dead port 2/2 on $mux $flatten\u_read_arbiter.\u_read_qos.$procmux$4373.
    dead port 2/2 on $mux $flatten\u_read_arbiter.\u_read_qos.$procmux$4375.
    dead port 1/2 on $mux $flatten\u_read_arbiter.\u_read_qos.$procmux$4385.
    dead port 1/2 on $mux $flatten\u_read_arbiter.\u_read_qos.$procmux$4388.
    dead port 2/2 on $mux $flatten\u_read_arbiter.\u_read_qos.$procmux$4390.
    dead port 2/2 on $mux $flatten\u_read_arbiter.\u_read_qos.$procmux$4392.
    dead port 1/2 on $mux $flatten\u_read_arbiter.\u_read_qos.$procmux$4402.
    dead port 1/2 on $mux $flatten\u_read_arbiter.\u_read_qos.$procmux$4405.
    dead port 2/2 on $mux $flatten\u_read_arbiter.\u_read_qos.$procmux$4407.
    dead port 2/2 on $mux $flatten\u_read_arbiter.\u_read_qos.$procmux$4409.
    dead port 1/2 on $mux $flatten\u_read_arbiter.\u_read_qos.$procmux$4419.
    dead port 2/2 on $mux $flatten\u_read_arbiter.\u_read_qos.$procmux$4421.
    dead port 2/2 on $mux $flatten\u_read_arbiter.\u_read_qos.$procmux$4423.
    dead port 1/2 on $mux $flatten\u_read_arbiter.\u_read_qos.$procmux$4433.
    dead port 2/2 on $mux $flatten\u_read_arbiter.\u_read_qos.$procmux$4435.
    dead port 2/2 on $mux $flatten\u_read_arbiter.\u_read_qos.$procmux$4437.
    dead port 2/2 on $mux $flatten\u_read_arbiter.\u_read_qos.$procmux$4446.
    dead port 2/2 on $mux $flatten\u_read_arbiter.\u_read_qos.$procmux$4448.
    dead port 2/2 on $mux $flatten\u_read_arbiter.\u_read_qos.$procmux$4457.
    dead port 2/2 on $mux $flatten\u_read_arbiter.\u_read_qos.$procmux$4459.
    dead port 2/2 on $mux $flatten\u_read_arbiter.\u_read_qos.$procmux$4467.
    dead port 2/2 on $mux $flatten\u_read_arbiter.\u_read_qos.$procmux$4475.
    dead port 2/2 on $mux $flatten\u_read_arbiter.\u_read_qos.$procmux$4488.
    dead port 2/2 on $mux $flatten\u_read_arbiter.\u_read_qos.$procmux$4490.
    dead port 2/2 on $mux $flatten\u_read_arbiter.\u_read_qos.$procmux$4497.
    dead port 2/2 on $mux $flatten\u_read_arbiter.\u_read_qos.$procmux$4499.
    dead port 2/2 on $mux $flatten\u_read_arbiter.\u_read_qos.$procmux$4507.
    dead port 2/2 on $mux $flatten\u_read_arbiter.\u_read_qos.$procmux$4509.
    dead port 2/2 on $mux $flatten\u_read_arbiter.\u_read_qos.$procmux$4517.
    dead port 2/2 on $mux $flatten\u_read_arbiter.\u_read_qos.$procmux$4519.
    dead port 2/2 on $mux $flatten\u_read_arbiter.\u_read_qos.$procmux$4528.
    dead port 2/2 on $mux $flatten\u_read_arbiter.\u_read_qos.$procmux$4530.
    dead port 2/2 on $mux $flatten\u_read_arbiter.\u_read_qos.$procmux$4539.
    dead port 2/2 on $mux $flatten\u_read_arbiter.\u_read_qos.$procmux$4541.
    dead port 2/2 on $mux $flatten\u_read_arbiter.\u_read_qos.$procmux$4549.
    dead port 2/2 on $mux $flatten\u_read_arbiter.\u_read_qos.$procmux$4557.
    dead port 2/2 on $mux $flatten\u_read_arbiter.\u_read_qos.$procmux$4563.
    dead port 2/2 on $mux $flatten\u_read_arbiter.\u_read_qos.$procmux$4570.
    dead port 2/2 on $mux $flatten\u_response_router.$procmux$1464.
    dead port 1/2 on $mux $flatten\u_response_router.$procmux$1467.
    dead port 1/2 on $mux $flatten\u_response_router.$procmux$1470.
    dead port 2/2 on $mux $flatten\u_response_router.$procmux$1472.
    dead port 2/2 on $mux $flatten\u_response_router.$procmux$1482.
    dead port 1/2 on $mux $flatten\u_response_router.$procmux$1485.
    dead port 1/2 on $mux $flatten\u_response_router.$procmux$1488.
    dead port 2/2 on $mux $flatten\u_response_router.$procmux$1490.
    dead port 2/2 on $mux $flatten\u_response_router.$procmux$1498.
    dead port 1/2 on $mux $flatten\u_response_router.$procmux$1501.
    dead port 1/2 on $mux $flatten\u_response_router.$procmux$1504.
    dead port 2/2 on $mux $flatten\u_response_router.$procmux$1506.
    dead port 2/2 on $mux $flatten\u_response_router.$procmux$1515.
    dead port 1/2 on $mux $flatten\u_response_router.$procmux$1518.
    dead port 1/2 on $mux $flatten\u_response_router.$procmux$1521.
    dead port 2/2 on $mux $flatten\u_response_router.$procmux$1523.
    dead port 2/2 on $mux $flatten\u_response_router.$procmux$1530.
    dead port 1/2 on $mux $flatten\u_response_router.$procmux$1533.
    dead port 1/2 on $mux $flatten\u_response_router.$procmux$1536.
    dead port 2/2 on $mux $flatten\u_response_router.$procmux$1538.
    dead port 2/2 on $mux $flatten\u_response_router.$procmux$1548.
    dead port 1/2 on $mux $flatten\u_response_router.$procmux$1551.
    dead port 1/2 on $mux $flatten\u_response_router.$procmux$1554.
    dead port 2/2 on $mux $flatten\u_response_router.$procmux$1556.
    dead port 2/2 on $mux $flatten\u_response_router.$procmux$1564.
    dead port 1/2 on $mux $flatten\u_response_router.$procmux$1567.
    dead port 1/2 on $mux $flatten\u_response_router.$procmux$1570.
    dead port 2/2 on $mux $flatten\u_response_router.$procmux$1572.
    dead port 2/2 on $mux $flatten\u_response_router.$procmux$1581.
    dead port 1/2 on $mux $flatten\u_response_router.$procmux$1584.
    dead port 1/2 on $mux $flatten\u_response_router.$procmux$1587.
    dead port 2/2 on $mux $flatten\u_response_router.$procmux$1589.
    dead port 2/2 on $mux $flatten\u_response_router.$procmux$1598.
    dead port 1/2 on $mux $flatten\u_response_router.$procmux$1601.
    dead port 1/2 on $mux $flatten\u_response_router.$procmux$1604.
    dead port 2/2 on $mux $flatten\u_response_router.$procmux$1606.
    dead port 1/2 on $mux $flatten\u_read_arbiter.\u_read_qos.$procmux$2866.
    dead port 1/2 on $mux $flatten\u_read_arbiter.\u_read_qos.$procmux$2872.
    dead port 2/2 on $mux $flatten\u_response_router.$procmux$1615.
    dead port 1/2 on $mux $flatten\u_response_router.$procmux$1618.
    dead port 1/2 on $mux $flatten\u_response_router.$procmux$1621.
    dead port 2/2 on $mux $flatten\u_response_router.$procmux$1623.
    dead port 2/2 on $mux $flatten\u_response_router.$procmux$1632.
    dead port 1/2 on $mux $flatten\u_response_router.$procmux$1635.
    dead port 1/2 on $mux $flatten\u_response_router.$procmux$1638.
    dead port 2/2 on $mux $flatten\u_response_router.$procmux$1640.
    dead port 2/2 on $mux $flatten\u_response_router.$procmux$1649.
    dead port 1/2 on $mux $flatten\u_response_router.$procmux$1652.
    dead port 1/2 on $mux $flatten\u_response_router.$procmux$1655.
    dead port 2/2 on $mux $flatten\u_response_router.$procmux$1657.
    dead port 1/2 on $mux $flatten\u_response_router.$procmux$1664.
    dead port 1/2 on $mux $flatten\u_response_router.$procmux$1667.
    dead port 2/2 on $mux $flatten\u_response_router.$procmux$1669.
    dead port 1/2 on $mux $flatten\u_response_router.$procmux$1676.
    dead port 1/2 on $mux $flatten\u_response_router.$procmux$1679.
    dead port 2/2 on $mux $flatten\u_response_router.$procmux$1681.
    dead port 1/2 on $mux $flatten\u_response_router.$procmux$1688.
    dead port 1/2 on $mux $flatten\u_response_router.$procmux$1691.
    dead port 2/2 on $mux $flatten\u_response_router.$procmux$1693.
    dead port 1/2 on $mux $flatten\u_response_router.$procmux$1712.
    dead port 1/2 on $mux $flatten\u_response_router.$procmux$1715.
    dead port 2/2 on $mux $flatten\u_response_router.$procmux$1717.
    dead port 1/2 on $mux $flatten\u_response_router.$procmux$1736.
    dead port 1/2 on $mux $flatten\u_response_router.$procmux$1739.
    dead port 2/2 on $mux $flatten\u_response_router.$procmux$1741.
    dead port 2/2 on $mux $flatten\u_response_router.$procmux$1760.
    dead port 1/2 on $mux $flatten\u_response_router.$procmux$1763.
    dead port 2/2 on $mux $flatten\u_response_router.$procmux$1765.
    dead port 2/2 on $mux $flatten\u_response_router.$procmux$1775.
    dead port 1/2 on $mux $flatten\u_response_router.$procmux$1778.
    dead port 2/2 on $mux $flatten\u_response_router.$procmux$1780.
    dead port 2/2 on $mux $flatten\u_response_router.$procmux$1788.
    dead port 1/2 on $mux $flatten\u_response_router.$procmux$1791.
    dead port 2/2 on $mux $flatten\u_response_router.$procmux$1793.
    dead port 2/2 on $mux $flatten\u_response_router.$procmux$1802.
    dead port 1/2 on $mux $flatten\u_response_router.$procmux$1805.
    dead port 2/2 on $mux $flatten\u_response_router.$procmux$1807.
    dead port 2/2 on $mux $flatten\u_response_router.$procmux$1814.
    dead port 1/2 on $mux $flatten\u_response_router.$procmux$1817.
    dead port 2/2 on $mux $flatten\u_response_router.$procmux$1819.
    dead port 2/2 on $mux $flatten\u_response_router.$procmux$1829.
    dead port 1/2 on $mux $flatten\u_response_router.$procmux$1832.
    dead port 2/2 on $mux $flatten\u_response_router.$procmux$1834.
    dead port 2/2 on $mux $flatten\u_response_router.$procmux$1842.
    dead port 1/2 on $mux $flatten\u_response_router.$procmux$1845.
    dead port 2/2 on $mux $flatten\u_response_router.$procmux$1847.
    dead port 2/2 on $mux $flatten\u_response_router.$procmux$1856.
    dead port 1/2 on $mux $flatten\u_response_router.$procmux$1859.
    dead port 2/2 on $mux $flatten\u_response_router.$procmux$1861.
    dead port 2/2 on $mux $flatten\u_response_router.$procmux$1870.
    dead port 1/2 on $mux $flatten\u_response_router.$procmux$1873.
    dead port 2/2 on $mux $flatten\u_response_router.$procmux$1875.
    dead port 2/2 on $mux $flatten\u_response_router.$procmux$1884.
    dead port 1/2 on $mux $flatten\u_response_router.$procmux$1887.
    dead port 2/2 on $mux $flatten\u_response_router.$procmux$1889.
    dead port 2/2 on $mux $flatten\u_response_router.$procmux$1898.
    dead port 1/2 on $mux $flatten\u_response_router.$procmux$1901.
    dead port 2/2 on $mux $flatten\u_response_router.$procmux$1903.
    dead port 2/2 on $mux $flatten\u_response_router.$procmux$1912.
    dead port 1/2 on $mux $flatten\u_response_router.$procmux$1915.
    dead port 2/2 on $mux $flatten\u_response_router.$procmux$1917.
    dead port 1/2 on $mux $flatten\u_response_router.$procmux$1924.
    dead port 2/2 on $mux $flatten\u_response_router.$procmux$1926.
    dead port 1/2 on $mux $flatten\u_response_router.$procmux$1933.
    dead port 2/2 on $mux $flatten\u_response_router.$procmux$1935.
    dead port 1/2 on $mux $flatten\u_response_router.$procmux$1942.
    dead port 2/2 on $mux $flatten\u_response_router.$procmux$1944.
    dead port 1/2 on $mux $flatten\u_response_router.$procmux$1960.
    dead port 2/2 on $mux $flatten\u_response_router.$procmux$1962.
    dead port 1/2 on $mux $flatten\u_response_router.$procmux$1978.
    dead port 2/2 on $mux $flatten\u_response_router.$procmux$1980.
    dead port 1/2 on $mux $flatten\u_response_router.$procmux$2023.
    dead port 2/2 on $mux $flatten\u_response_router.$procmux$2025.
    dead port 2/2 on $mux $flatten\u_response_router.$procmux$2032.
    dead port 2/2 on $mux $flatten\u_response_router.$procmux$2034.
    dead port 2/2 on $mux $flatten\u_response_router.$procmux$2044.
    dead port 2/2 on $mux $flatten\u_response_router.$procmux$2046.
    dead port 2/2 on $mux $flatten\u_response_router.$procmux$2054.
    dead port 2/2 on $mux $flatten\u_response_router.$procmux$2056.
    dead port 2/2 on $mux $flatten\u_response_router.$procmux$2065.
    dead port 2/2 on $mux $flatten\u_response_router.$procmux$2067.
    dead port 2/2 on $mux $flatten\u_response_router.$procmux$2076.
    dead port 2/2 on $mux $flatten\u_response_router.$procmux$2078.
    dead port 2/2 on $mux $flatten\u_response_router.$procmux$2087.
    dead port 2/2 on $mux $flatten\u_response_router.$procmux$2089.
    dead port 2/2 on $mux $flatten\u_response_router.$procmux$2098.
    dead port 2/2 on $mux $flatten\u_response_router.$procmux$2100.
    dead port 2/2 on $mux $flatten\u_response_router.$procmux$2109.
    dead port 2/2 on $mux $flatten\u_response_router.$procmux$2111.
    dead port 2/2 on $mux $flatten\u_response_router.$procmux$2120.
    dead port 2/2 on $mux $flatten\u_response_router.$procmux$2122.
    dead port 2/2 on $mux $flatten\u_response_router.$procmux$2131.
    dead port 2/2 on $mux $flatten\u_response_router.$procmux$2133.
    dead port 2/2 on $mux $flatten\u_response_router.$procmux$2142.
    dead port 2/2 on $mux $flatten\u_response_router.$procmux$2144.
    dead port 1/2 on $mux $flatten\u_read_arbiter.\u_read_qos.$procmux$3012.
    dead port 1/2 on $mux $flatten\u_read_arbiter.\u_read_qos.$procmux$3015.
    dead port 1/2 on $mux $flatten\u_read_arbiter.\u_read_qos.$procmux$3018.
    dead port 2/2 on $mux $flatten\u_response_router.$procmux$2153.
    dead port 2/2 on $mux $flatten\u_response_router.$procmux$2155.
    dead port 2/2 on $mux $flatten\u_response_router.$procmux$2161.
    dead port 2/2 on $mux $flatten\u_response_router.$procmux$2167.
    dead port 2/2 on $mux $flatten\u_response_router.$procmux$2179.
    dead port 2/2 on $mux $flatten\u_response_router.$procmux$2191.
    dead port 2/2 on $mux $flatten\u_response_router.$procmux$2239.
    dead port 2/2 on $mux $flatten\u_response_router.$procmux$2291.
    dead port 1/2 on $mux $flatten\u_response_router.$procmux$2294.
    dead port 1/2 on $mux $flatten\u_response_router.$procmux$2297.
    dead port 2/2 on $mux $flatten\u_response_router.$procmux$2299.
    dead port 2/2 on $mux $flatten\u_response_router.$procmux$2309.
    dead port 1/2 on $mux $flatten\u_response_router.$procmux$2312.
    dead port 1/2 on $mux $flatten\u_response_router.$procmux$2315.
    dead port 2/2 on $mux $flatten\u_response_router.$procmux$2317.
    dead port 2/2 on $mux $flatten\u_response_router.$procmux$2325.
    dead port 1/2 on $mux $flatten\u_response_router.$procmux$2328.
    dead port 1/2 on $mux $flatten\u_response_router.$procmux$2331.
    dead port 2/2 on $mux $flatten\u_response_router.$procmux$2333.
    dead port 2/2 on $mux $flatten\u_response_router.$procmux$2342.
    dead port 1/2 on $mux $flatten\u_response_router.$procmux$2345.
    dead port 1/2 on $mux $flatten\u_response_router.$procmux$2348.
    dead port 2/2 on $mux $flatten\u_response_router.$procmux$2350.
    dead port 1/2 on $mux $flatten\u_read_arbiter.\u_read_qos.$procmux$3023.
    dead port 1/2 on $mux $flatten\u_read_arbiter.\u_read_qos.$procmux$3026.
    dead port 1/2 on $mux $flatten\u_read_arbiter.\u_read_qos.$procmux$3029.
    dead port 2/2 on $mux $flatten\u_response_router.$procmux$2359.
    dead port 1/2 on $mux $flatten\u_response_router.$procmux$2362.
    dead port 1/2 on $mux $flatten\u_response_router.$procmux$2365.
    dead port 2/2 on $mux $flatten\u_response_router.$procmux$2367.
    dead port 1/2 on $mux $flatten\u_read_arbiter.\u_read_qos.$procmux$3037.
    dead port 1/2 on $mux $flatten\u_read_arbiter.\u_read_qos.$procmux$3040.
    dead port 1/4 on $pmux $flatten\u_read_arbiter.\u_read_qos.$procmux$3043.
    dead port 2/4 on $pmux $flatten\u_read_arbiter.\u_read_qos.$procmux$3043.
    dead port 3/4 on $pmux $flatten\u_read_arbiter.\u_read_qos.$procmux$3043.
    dead port 2/2 on $mux $flatten\u_response_router.$procmux$2376.
    dead port 1/2 on $mux $flatten\u_response_router.$procmux$2379.
    dead port 1/2 on $mux $flatten\u_response_router.$procmux$2382.
    dead port 2/2 on $mux $flatten\u_response_router.$procmux$2384.
    dead port 1/2 on $mux $flatten\u_read_arbiter.\u_read_qos.$procmux$3047.
    dead port 2/2 on $mux $flatten\u_response_router.$procmux$2393.
    dead port 1/2 on $mux $flatten\u_response_router.$procmux$2396.
    dead port 1/2 on $mux $flatten\u_response_router.$procmux$2399.
    dead port 2/2 on $mux $flatten\u_response_router.$procmux$2401.
    dead port 2/2 on $mux $flatten\u_read_arbiter.\u_read_qos.$procmux$3049.
    dead port 1/2 on $mux $flatten\u_read_arbiter.\u_read_qos.$procmux$3052.
    dead port 1/2 on $mux $flatten\u_read_arbiter.\u_read_qos.$procmux$3055.
    dead port 2/2 on $mux $flatten\u_response_router.$procmux$2410.
    dead port 1/2 on $mux $flatten\u_response_router.$procmux$2413.
    dead port 1/2 on $mux $flatten\u_response_router.$procmux$2416.
    dead port 2/2 on $mux $flatten\u_response_router.$procmux$2418.
    dead port 1/2 on $mux $flatten\u_response_router.$procmux$2425.
    dead port 1/2 on $mux $flatten\u_response_router.$procmux$2428.
    dead port 2/2 on $mux $flatten\u_response_router.$procmux$2430.
    dead port 1/2 on $mux $flatten\u_response_router.$procmux$2437.
    dead port 1/2 on $mux $flatten\u_response_router.$procmux$2440.
    dead port 2/2 on $mux $flatten\u_response_router.$procmux$2442.
    dead port 1/2 on $mux $flatten\u_response_router.$procmux$2449.
    dead port 1/2 on $mux $flatten\u_response_router.$procmux$2452.
    dead port 2/2 on $mux $flatten\u_response_router.$procmux$2454.
    dead port 1/2 on $mux $flatten\u_response_router.$procmux$2473.
    dead port 1/2 on $mux $flatten\u_response_router.$procmux$2476.
    dead port 2/2 on $mux $flatten\u_response_router.$procmux$2478.
    dead port 1/2 on $mux $flatten\u_read_arbiter.\u_read_qos.$procmux$3063.
    dead port 2/2 on $mux $flatten\u_response_router.$procmux$2497.
    dead port 1/2 on $mux $flatten\u_response_router.$procmux$2500.
    dead port 2/2 on $mux $flatten\u_response_router.$procmux$2502.
    dead port 1/2 on $mux $flatten\u_read_arbiter.\u_read_qos.$procmux$3066.
    dead port 2/2 on $mux $flatten\u_response_router.$procmux$2512.
    dead port 1/2 on $mux $flatten\u_response_router.$procmux$2515.
    dead port 2/2 on $mux $flatten\u_response_router.$procmux$2517.
    dead port 1/4 on $pmux $flatten\u_read_arbiter.\u_read_qos.$procmux$3069.
    dead port 2/4 on $pmux $flatten\u_read_arbiter.\u_read_qos.$procmux$3069.
    dead port 3/4 on $pmux $flatten\u_read_arbiter.\u_read_qos.$procmux$3069.
    dead port 2/2 on $mux $flatten\u_response_router.$procmux$2525.
    dead port 1/2 on $mux $flatten\u_response_router.$procmux$2528.
    dead port 2/2 on $mux $flatten\u_response_router.$procmux$2530.
    dead port 2/2 on $mux $flatten\u_response_router.$procmux$2539.
    dead port 1/2 on $mux $flatten\u_response_router.$procmux$2542.
    dead port 2/2 on $mux $flatten\u_response_router.$procmux$2544.
    dead port 1/2 on $mux $flatten\u_read_arbiter.\u_read_qos.$procmux$3073.
    dead port 2/2 on $mux $flatten\u_read_arbiter.\u_read_qos.$procmux$3075.
    dead port 2/2 on $mux $flatten\u_response_router.$procmux$2553.
    dead port 1/2 on $mux $flatten\u_response_router.$procmux$2556.
    dead port 2/2 on $mux $flatten\u_response_router.$procmux$2558.
    dead port 1/2 on $mux $flatten\u_read_arbiter.\u_read_qos.$procmux$3078.
    dead port 1/2 on $mux $flatten\u_read_arbiter.\u_read_qos.$procmux$3081.
    dead port 1/2 on $mux $flatten\u_read_arbiter.\u_read_qos.$procmux$3089.
    dead port 2/2 on $mux $flatten\u_response_router.$procmux$2567.
    dead port 1/2 on $mux $flatten\u_response_router.$procmux$2570.
    dead port 2/2 on $mux $flatten\u_response_router.$procmux$2572.
    dead port 1/4 on $pmux $flatten\u_read_arbiter.\u_read_qos.$procmux$3092.
    dead port 2/4 on $pmux $flatten\u_read_arbiter.\u_read_qos.$procmux$3092.
    dead port 3/4 on $pmux $flatten\u_read_arbiter.\u_read_qos.$procmux$3092.
    dead port 2/2 on $mux $flatten\u_response_router.$procmux$2581.
    dead port 1/2 on $mux $flatten\u_response_router.$procmux$2584.
    dead port 2/2 on $mux $flatten\u_response_router.$procmux$2586.
    dead port 1/2 on $mux $flatten\u_read_arbiter.\u_read_qos.$procmux$3096.
    dead port 2/2 on $mux $flatten\u_read_arbiter.\u_read_qos.$procmux$3098.
    dead port 1/2 on $mux $flatten\u_read_arbiter.\u_read_qos.$procmux$3101.
    dead port 1/2 on $mux $flatten\u_read_arbiter.\u_read_qos.$procmux$3104.
    dead port 2/2 on $mux $flatten\u_response_router.$procmux$2595.
    dead port 1/2 on $mux $flatten\u_response_router.$procmux$2598.
    dead port 2/2 on $mux $flatten\u_response_router.$procmux$2600.
    dead port 1/2 on $mux $flatten\u_response_router.$procmux$2607.
    dead port 2/2 on $mux $flatten\u_response_router.$procmux$2609.
    dead port 1/2 on $mux $flatten\u_response_router.$procmux$2616.
    dead port 2/2 on $mux $flatten\u_response_router.$procmux$2618.
    dead port 1/2 on $mux $flatten\u_response_router.$procmux$2625.
    dead port 2/2 on $mux $flatten\u_response_router.$procmux$2627.
    dead port 1/2 on $mux $flatten\u_response_router.$procmux$2643.
    dead port 2/2 on $mux $flatten\u_response_router.$procmux$2645.
    dead port 1/2 on $mux $flatten\u_response_router.$procmux$2679.
    dead port 2/2 on $mux $flatten\u_response_router.$procmux$2681.
    dead port 2/2 on $mux $flatten\u_response_router.$procmux$2688.
    dead port 2/2 on $mux $flatten\u_response_router.$procmux$2690.
    dead port 1/2 on $mux $flatten\u_read_arbiter.\u_read_qos.$procmux$3112.
    dead port 2/2 on $mux $flatten\u_response_router.$procmux$2700.
    dead port 2/2 on $mux $flatten\u_response_router.$procmux$2702.
    dead port 1/4 on $pmux $flatten\u_read_arbiter.\u_read_qos.$procmux$3115.
    dead port 2/4 on $pmux $flatten\u_read_arbiter.\u_read_qos.$procmux$3115.
    dead port 3/4 on $pmux $flatten\u_read_arbiter.\u_read_qos.$procmux$3115.
    dead port 2/2 on $mux $flatten\u_response_router.$procmux$2710.
    dead port 2/2 on $mux $flatten\u_response_router.$procmux$2712.
    dead port 2/2 on $mux $flatten\u_response_router.$procmux$2721.
    dead port 2/2 on $mux $flatten\u_response_router.$procmux$2723.
    dead port 1/2 on $mux $flatten\u_read_arbiter.\u_read_qos.$procmux$3119.
    dead port 2/2 on $mux $flatten\u_read_arbiter.\u_read_qos.$procmux$3121.
    dead port 2/2 on $mux $flatten\u_response_router.$procmux$2732.
    dead port 2/2 on $mux $flatten\u_response_router.$procmux$2734.
    dead port 1/2 on $mux $flatten\u_read_arbiter.\u_read_qos.$procmux$3124.
    dead port 1/2 on $mux $flatten\u_read_arbiter.\u_read_qos.$procmux$3127.
    dead port 1/4 on $pmux $flatten\u_read_arbiter.\u_read_qos.$procmux$3135.
    dead port 2/4 on $pmux $flatten\u_read_arbiter.\u_read_qos.$procmux$3135.
    dead port 3/4 on $pmux $flatten\u_read_arbiter.\u_read_qos.$procmux$3135.
    dead port 2/2 on $mux $flatten\u_response_router.$procmux$2743.
    dead port 2/2 on $mux $flatten\u_response_router.$procmux$2745.
    dead port 1/2 on $mux $flatten\u_read_arbiter.\u_read_qos.$procmux$3139.
    dead port 2/2 on $mux $flatten\u_response_router.$procmux$2754.
    dead port 2/2 on $mux $flatten\u_response_router.$procmux$2756.
    dead port 2/2 on $mux $flatten\u_read_arbiter.\u_read_qos.$procmux$3141.
    dead port 1/2 on $mux $flatten\u_read_arbiter.\u_read_qos.$procmux$3144.
    dead port 1/2 on $mux $flatten\u_read_arbiter.\u_read_qos.$procmux$3147.
    dead port 2/2 on $mux $flatten\u_response_router.$procmux$2765.
    dead port 2/2 on $mux $flatten\u_response_router.$procmux$2767.
    dead port 2/2 on $mux $flatten\u_response_router.$procmux$2773.
    dead port 2/2 on $mux $flatten\u_response_router.$procmux$2779.
    dead port 2/2 on $mux $flatten\u_response_router.$procmux$2791.
    dead port 2/2 on $mux $flatten\u_response_router.$procmux$2827.
    dead port 1/4 on $pmux $flatten\u_read_arbiter.\u_read_qos.$procmux$3155.
    dead port 2/4 on $pmux $flatten\u_read_arbiter.\u_read_qos.$procmux$3155.
    dead port 3/4 on $pmux $flatten\u_read_arbiter.\u_read_qos.$procmux$3155.
    dead port 1/2 on $mux $flatten\u_read_arbiter.\u_read_qos.$procmux$3159.
    dead port 2/2 on $mux $flatten\u_read_arbiter.\u_read_qos.$procmux$3161.
    dead port 1/2 on $mux $flatten\u_read_arbiter.\u_read_qos.$procmux$3164.
    dead port 1/2 on $mux $flatten\u_read_arbiter.\u_read_qos.$procmux$3167.
    dead port 1/2 on $mux $flatten\u_read_arbiter.\u_read_qos.$procmux$3176.
    dead port 1/2 on $mux $flatten\u_read_arbiter.\u_read_qos.$procmux$3179.
    dead port 2/2 on $mux $flatten\u_read_arbiter.\u_read_qos.$procmux$3181.
    dead port 1/2 on $mux $flatten\u_read_arbiter.\u_read_qos.$procmux$3183.
    dead port 2/2 on $mux $flatten\u_read_arbiter.\u_read_qos.$procmux$3185.
    dead port 1/2 on $mux $flatten\u_read_arbiter.\u_read_qos.$procmux$3188.
    dead port 1/2 on $mux $flatten\u_read_arbiter.\u_read_qos.$procmux$3191.
    dead port 1/2 on $mux $flatten\u_read_arbiter.\u_read_qos.$procmux$3200.
    dead port 1/2 on $mux $flatten\u_read_arbiter.\u_read_qos.$procmux$3203.
    dead port 2/2 on $mux $flatten\u_read_arbiter.\u_read_qos.$procmux$3205.
    dead port 1/2 on $mux $flatten\u_read_arbiter.\u_read_qos.$procmux$3207.
    dead port 2/2 on $mux $flatten\u_read_arbiter.\u_read_qos.$procmux$3209.
    dead port 1/2 on $mux $flatten\u_read_arbiter.\u_read_qos.$procmux$3212.
    dead port 1/2 on $mux $flatten\u_read_arbiter.\u_read_qos.$procmux$3215.
    dead port 2/2 on $mux $flatten\u_write_arbiter.$procmux$1046.
    dead port 2/2 on $mux $flatten\u_write_arbiter.$procmux$1055.
    dead port 2/2 on $mux $flatten\u_write_arbiter.$procmux$1064.
    dead port 2/2 on $mux $flatten\u_write_arbiter.$procmux$1073.
    dead port 2/2 on $mux $flatten\u_write_arbiter.$procmux$1078.
    dead port 1/2 on $mux $flatten\u_read_arbiter.\u_read_qos.$procmux$3224.
    dead port 2/2 on $mux $flatten\u_write_arbiter.$procmux$1088.
    dead port 2/2 on $mux $flatten\u_read_arbiter.\u_read_qos.$procmux$3226.
    dead port 1/2 on $mux $flatten\u_read_arbiter.\u_read_qos.$procmux$3228.
    dead port 2/2 on $mux $flatten\u_read_arbiter.\u_read_qos.$procmux$3230.
    dead port 1/2 on $mux $flatten\u_read_arbiter.\u_read_qos.$procmux$3233.
    dead port 1/2 on $mux $flatten\u_read_arbiter.\u_read_qos.$procmux$3236.
    dead port 1/2 on $mux $flatten\u_read_arbiter.\u_read_qos.$procmux$3245.
    dead port 2/2 on $mux $flatten\u_read_arbiter.\u_read_qos.$procmux$3247.
    dead port 1/2 on $mux $flatten\u_read_arbiter.\u_read_qos.$procmux$3249.
    dead port 2/2 on $mux $flatten\u_read_arbiter.\u_read_qos.$procmux$3251.
    dead port 1/2 on $mux $flatten\u_read_arbiter.\u_read_qos.$procmux$3254.
    dead port 1/2 on $mux $flatten\u_read_arbiter.\u_read_qos.$procmux$3257.
    dead port 2/2 on $mux $flatten\u_read_arbiter.\u_read_qos.$procmux$3265.
    dead port 1/2 on $mux $flatten\u_read_arbiter.\u_read_qos.$procmux$3267.
    dead port 2/2 on $mux $flatten\u_read_arbiter.\u_read_qos.$procmux$3269.
    dead port 1/2 on $mux $flatten\u_read_arbiter.\u_read_qos.$procmux$3272.
    dead port 1/2 on $mux $flatten\u_read_arbiter.\u_read_qos.$procmux$3275.
    dead port 2/2 on $mux $flatten\u_read_arbiter.\u_read_qos.$procmux$3283.
    dead port 1/2 on $mux $flatten\u_write_arbiter.\u_write_decoder.$procmux$4588.
    dead port 1/2 on $mux $flatten\u_write_arbiter.\u_write_decoder.$procmux$4600.
    dead port 1/2 on $mux $flatten\u_read_arbiter.\u_read_qos.$procmux$3285.
    dead port 2/2 on $mux $flatten\u_read_arbiter.\u_read_qos.$procmux$3287.
    dead port 1/2 on $mux $flatten\u_read_arbiter.\u_read_qos.$procmux$3290.
    dead port 1/2 on $mux $flatten\u_read_arbiter.\u_read_qos.$procmux$3293.
    dead port 1/2 on $mux $flatten\u_read_arbiter.\u_read_qos.$procmux$3303.
    dead port 1/2 on $mux $flatten\u_read_arbiter.\u_read_qos.$procmux$3306.
    dead port 2/2 on $mux $flatten\u_read_arbiter.\u_read_qos.$procmux$3308.
    dead port 1/2 on $mux $flatten\u_read_arbiter.\u_read_qos.$procmux$3310.
    dead port 2/2 on $mux $flatten\u_read_arbiter.\u_read_qos.$procmux$3312.
    dead port 1/2 on $mux $flatten\u_read_arbiter.\u_read_qos.$procmux$3315.
    dead port 1/2 on $mux $flatten\u_read_arbiter.\u_read_qos.$procmux$3318.
    dead port 1/2 on $mux $flatten\u_read_arbiter.\u_read_qos.$procmux$3328.
    dead port 1/2 on $mux $flatten\u_read_arbiter.\u_read_qos.$procmux$3331.
    dead port 2/2 on $mux $flatten\u_read_arbiter.\u_read_qos.$procmux$3333.
    dead port 1/2 on $mux $flatten\u_read_arbiter.\u_read_qos.$procmux$3335.
    dead port 2/2 on $mux $flatten\u_read_arbiter.\u_read_qos.$procmux$3337.
    dead port 1/2 on $mux $flatten\u_read_arbiter.\u_read_qos.$procmux$3340.
    dead port 1/2 on $mux $flatten\u_read_arbiter.\u_read_qos.$procmux$3343.
    dead port 1/2 on $mux $flatten\u_read_arbiter.\u_read_qos.$procmux$3353.
    dead port 1/2 on $mux $flatten\u_write_arbiter.\u_write_qos.$procmux$2866.
    dead port 1/2 on $mux $flatten\u_write_arbiter.\u_write_qos.$procmux$2872.
    dead port 2/2 on $mux $flatten\u_read_arbiter.\u_read_qos.$procmux$3355.
    dead port 1/2 on $mux $flatten\u_read_arbiter.\u_read_qos.$procmux$3357.
    dead port 1/2 on $mux $flatten\u_write_arbiter.\u_write_qos.$procmux$3012.
    dead port 1/2 on $mux $flatten\u_write_arbiter.\u_write_qos.$procmux$3015.
    dead port 1/2 on $mux $flatten\u_write_arbiter.\u_write_qos.$procmux$3018.
    dead port 1/2 on $mux $flatten\u_write_arbiter.\u_write_qos.$procmux$3023.
    dead port 1/2 on $mux $flatten\u_write_arbiter.\u_write_qos.$procmux$3026.
    dead port 1/2 on $mux $flatten\u_write_arbiter.\u_write_qos.$procmux$3029.
    dead port 1/2 on $mux $flatten\u_write_arbiter.\u_write_qos.$procmux$3037.
    dead port 1/2 on $mux $flatten\u_write_arbiter.\u_write_qos.$procmux$3040.
    dead port 1/4 on $pmux $flatten\u_write_arbiter.\u_write_qos.$procmux$3043.
    dead port 2/4 on $pmux $flatten\u_write_arbiter.\u_write_qos.$procmux$3043.
    dead port 3/4 on $pmux $flatten\u_write_arbiter.\u_write_qos.$procmux$3043.
    dead port 1/2 on $mux $flatten\u_write_arbiter.\u_write_qos.$procmux$3047.
    dead port 2/2 on $mux $flatten\u_write_arbiter.\u_write_qos.$procmux$3049.
    dead port 1/2 on $mux $flatten\u_write_arbiter.\u_write_qos.$procmux$3052.
    dead port 1/2 on $mux $flatten\u_write_arbiter.\u_write_qos.$procmux$3055.
    dead port 1/2 on $mux $flatten\u_write_arbiter.\u_write_qos.$procmux$3063.
    dead port 1/2 on $mux $flatten\u_write_arbiter.\u_write_qos.$procmux$3066.
    dead port 1/4 on $pmux $flatten\u_write_arbiter.\u_write_qos.$procmux$3069.
    dead port 2/4 on $pmux $flatten\u_write_arbiter.\u_write_qos.$procmux$3069.
    dead port 3/4 on $pmux $flatten\u_write_arbiter.\u_write_qos.$procmux$3069.
    dead port 2/2 on $mux $flatten\u_read_arbiter.\u_read_qos.$procmux$3359.
    dead port 1/2 on $mux $flatten\u_read_arbiter.\u_read_qos.$procmux$3362.
    dead port 1/2 on $mux $flatten\u_read_arbiter.\u_read_qos.$procmux$3365.
    dead port 1/2 on $mux $flatten\u_write_arbiter.\u_write_qos.$procmux$3073.
    dead port 2/2 on $mux $flatten\u_write_arbiter.\u_write_qos.$procmux$3075.
    dead port 1/2 on $mux $flatten\u_write_arbiter.\u_write_qos.$procmux$3078.
    dead port 1/2 on $mux $flatten\u_write_arbiter.\u_write_qos.$procmux$3081.
    dead port 1/2 on $mux $flatten\u_write_arbiter.\u_write_qos.$procmux$3089.
    dead port 1/4 on $pmux $flatten\u_write_arbiter.\u_write_qos.$procmux$3092.
    dead port 2/4 on $pmux $flatten\u_write_arbiter.\u_write_qos.$procmux$3092.
    dead port 3/4 on $pmux $flatten\u_write_arbiter.\u_write_qos.$procmux$3092.
    dead port 1/2 on $mux $flatten\u_read_arbiter.\u_read_qos.$procmux$3375.
    dead port 2/2 on $mux $flatten\u_read_arbiter.\u_read_qos.$procmux$3377.
    dead port 1/2 on $mux $flatten\u_write_arbiter.\u_write_qos.$procmux$3096.
    dead port 2/2 on $mux $flatten\u_write_arbiter.\u_write_qos.$procmux$3098.
    dead port 1/2 on $mux $flatten\u_write_arbiter.\u_write_qos.$procmux$3101.
    dead port 1/2 on $mux $flatten\u_write_arbiter.\u_write_qos.$procmux$3104.
    dead port 1/2 on $mux $flatten\u_write_arbiter.\u_write_qos.$procmux$3112.
    dead port 1/4 on $pmux $flatten\u_write_arbiter.\u_write_qos.$procmux$3115.
    dead port 2/4 on $pmux $flatten\u_write_arbiter.\u_write_qos.$procmux$3115.
    dead port 3/4 on $pmux $flatten\u_write_arbiter.\u_write_qos.$procmux$3115.
    dead port 1/2 on $mux $flatten\u_read_arbiter.\u_read_qos.$procmux$3379.
    dead port 2/2 on $mux $flatten\u_read_arbiter.\u_read_qos.$procmux$3381.
    dead port 1/2 on $mux $flatten\u_write_arbiter.\u_write_qos.$procmux$3119.
    dead port 2/2 on $mux $flatten\u_write_arbiter.\u_write_qos.$procmux$3121.
    dead port 1/2 on $mux $flatten\u_write_arbiter.\u_write_qos.$procmux$3124.
    dead port 1/2 on $mux $flatten\u_write_arbiter.\u_write_qos.$procmux$3127.
    dead port 1/4 on $pmux $flatten\u_write_arbiter.\u_write_qos.$procmux$3135.
    dead port 2/4 on $pmux $flatten\u_write_arbiter.\u_write_qos.$procmux$3135.
    dead port 3/4 on $pmux $flatten\u_write_arbiter.\u_write_qos.$procmux$3135.
    dead port 1/2 on $mux $flatten\u_read_arbiter.\u_read_qos.$procmux$3384.
    dead port 1/2 on $mux $flatten\u_read_arbiter.\u_read_qos.$procmux$3387.
    dead port 1/2 on $mux $flatten\u_write_arbiter.\u_write_qos.$procmux$3139.
    dead port 2/2 on $mux $flatten\u_write_arbiter.\u_write_qos.$procmux$3141.
    dead port 1/2 on $mux $flatten\u_write_arbiter.\u_write_qos.$procmux$3144.
    dead port 1/2 on $mux $flatten\u_write_arbiter.\u_write_qos.$procmux$3147.
    dead port 1/4 on $pmux $flatten\u_write_arbiter.\u_write_qos.$procmux$3155.
    dead port 2/4 on $pmux $flatten\u_write_arbiter.\u_write_qos.$procmux$3155.
    dead port 3/4 on $pmux $flatten\u_write_arbiter.\u_write_qos.$procmux$3155.
    dead port 2/2 on $mux $flatten\u_read_arbiter.\u_read_qos.$procmux$3396.
    dead port 1/2 on $mux $flatten\u_read_arbiter.\u_read_qos.$procmux$3398.
    dead port 1/2 on $mux $flatten\u_write_arbiter.\u_write_qos.$procmux$3159.
    dead port 2/2 on $mux $flatten\u_write_arbiter.\u_write_qos.$procmux$3161.
    dead port 1/2 on $mux $flatten\u_write_arbiter.\u_write_qos.$procmux$3164.
    dead port 1/2 on $mux $flatten\u_write_arbiter.\u_write_qos.$procmux$3167.
    dead port 1/2 on $mux $flatten\u_write_arbiter.\u_write_qos.$procmux$3176.
    dead port 1/2 on $mux $flatten\u_write_arbiter.\u_write_qos.$procmux$3179.
    dead port 2/2 on $mux $flatten\u_write_arbiter.\u_write_qos.$procmux$3181.
    dead port 2/2 on $mux $flatten\u_read_arbiter.\u_read_qos.$procmux$3400.
    dead port 1/2 on $mux $flatten\u_write_arbiter.\u_write_qos.$procmux$3183.
    dead port 2/2 on $mux $flatten\u_write_arbiter.\u_write_qos.$procmux$3185.
    dead port 1/2 on $mux $flatten\u_write_arbiter.\u_write_qos.$procmux$3188.
    dead port 1/2 on $mux $flatten\u_write_arbiter.\u_write_qos.$procmux$3191.
    dead port 1/2 on $mux $flatten\u_write_arbiter.\u_write_qos.$procmux$3200.
    dead port 1/2 on $mux $flatten\u_write_arbiter.\u_write_qos.$procmux$3203.
    dead port 2/2 on $mux $flatten\u_write_arbiter.\u_write_qos.$procmux$3205.
    dead port 1/2 on $mux $flatten\u_read_arbiter.\u_read_qos.$procmux$3403.
    dead port 1/2 on $mux $flatten\u_write_arbiter.\u_write_qos.$procmux$3207.
    dead port 2/2 on $mux $flatten\u_write_arbiter.\u_write_qos.$procmux$3209.
    dead port 1/2 on $mux $flatten\u_write_arbiter.\u_write_qos.$procmux$3212.
    dead port 1/2 on $mux $flatten\u_write_arbiter.\u_write_qos.$procmux$3215.
    dead port 1/2 on $mux $flatten\u_write_arbiter.\u_write_qos.$procmux$3224.
    dead port 2/2 on $mux $flatten\u_write_arbiter.\u_write_qos.$procmux$3226.
    dead port 1/2 on $mux $flatten\u_read_arbiter.\u_read_qos.$procmux$3406.
    dead port 1/2 on $mux $flatten\u_write_arbiter.\u_write_qos.$procmux$3228.
    dead port 2/2 on $mux $flatten\u_write_arbiter.\u_write_qos.$procmux$3230.
    dead port 1/2 on $mux $flatten\u_write_arbiter.\u_write_qos.$procmux$3233.
    dead port 1/2 on $mux $flatten\u_write_arbiter.\u_write_qos.$procmux$3236.
    dead port 1/2 on $mux $flatten\u_write_arbiter.\u_write_qos.$procmux$3245.
    dead port 2/2 on $mux $flatten\u_write_arbiter.\u_write_qos.$procmux$3247.
    dead port 1/2 on $mux $flatten\u_write_arbiter.\u_write_qos.$procmux$3249.
    dead port 2/2 on $mux $flatten\u_write_arbiter.\u_write_qos.$procmux$3251.
    dead port 1/2 on $mux $flatten\u_write_arbiter.\u_write_qos.$procmux$3254.
    dead port 1/2 on $mux $flatten\u_write_arbiter.\u_write_qos.$procmux$3257.
    dead port 2/2 on $mux $flatten\u_write_arbiter.\u_write_qos.$procmux$3265.
    dead port 2/2 on $mux $flatten\u_read_arbiter.\u_read_qos.$procmux$3415.
    dead port 1/2 on $mux $flatten\u_write_arbiter.\u_write_qos.$procmux$3267.
    dead port 2/2 on $mux $flatten\u_write_arbiter.\u_write_qos.$procmux$3269.
    dead port 1/2 on $mux $flatten\u_write_arbiter.\u_write_qos.$procmux$3272.
    dead port 1/2 on $mux $flatten\u_write_arbiter.\u_write_qos.$procmux$3275.
    dead port 2/2 on $mux $flatten\u_write_arbiter.\u_write_qos.$procmux$3283.
    dead port 1/2 on $mux $flatten\u_write_arbiter.\u_write_qos.$procmux$3285.
    dead port 2/2 on $mux $flatten\u_write_arbiter.\u_write_qos.$procmux$3287.
    dead port 1/2 on $mux $flatten\u_write_arbiter.\u_write_qos.$procmux$3290.
    dead port 1/2 on $mux $flatten\u_write_arbiter.\u_write_qos.$procmux$3293.
    dead port 1/2 on $mux $flatten\u_write_arbiter.\u_write_qos.$procmux$3303.
    dead port 1/2 on $mux $flatten\u_write_arbiter.\u_write_qos.$procmux$3306.
    dead port 2/2 on $mux $flatten\u_write_arbiter.\u_write_qos.$procmux$3308.
    dead port 1/2 on $mux $flatten\u_read_arbiter.\u_read_qos.$procmux$3417.
    dead port 1/2 on $mux $flatten\u_write_arbiter.\u_write_qos.$procmux$3310.
    dead port 2/2 on $mux $flatten\u_write_arbiter.\u_write_qos.$procmux$3312.
    dead port 1/2 on $mux $flatten\u_write_arbiter.\u_write_qos.$procmux$3315.
    dead port 1/2 on $mux $flatten\u_write_arbiter.\u_write_qos.$procmux$3318.
    dead port 1/2 on $mux $flatten\u_write_arbiter.\u_write_qos.$procmux$3328.
    dead port 1/2 on $mux $flatten\u_write_arbiter.\u_write_qos.$procmux$3331.
    dead port 2/2 on $mux $flatten\u_write_arbiter.\u_write_qos.$procmux$3333.
    dead port 2/2 on $mux $flatten\u_read_arbiter.\u_read_qos.$procmux$3419.
    dead port 1/2 on $mux $flatten\u_write_arbiter.\u_write_qos.$procmux$3335.
    dead port 2/2 on $mux $flatten\u_write_arbiter.\u_write_qos.$procmux$3337.
    dead port 1/2 on $mux $flatten\u_write_arbiter.\u_write_qos.$procmux$3340.
    dead port 1/2 on $mux $flatten\u_write_arbiter.\u_write_qos.$procmux$3343.
    dead port 1/2 on $mux $flatten\u_write_arbiter.\u_write_qos.$procmux$3353.
    dead port 2/2 on $mux $flatten\u_write_arbiter.\u_write_qos.$procmux$3355.
    dead port 1/2 on $mux $flatten\u_read_arbiter.\u_read_qos.$procmux$3422.
    dead port 1/2 on $mux $flatten\u_write_arbiter.\u_write_qos.$procmux$3357.
    dead port 2/2 on $mux $flatten\u_write_arbiter.\u_write_qos.$procmux$3359.
    dead port 1/2 on $mux $flatten\u_write_arbiter.\u_write_qos.$procmux$3362.
    dead port 1/2 on $mux $flatten\u_write_arbiter.\u_write_qos.$procmux$3365.
    dead port 1/2 on $mux $flatten\u_write_arbiter.\u_write_qos.$procmux$3375.
    dead port 2/2 on $mux $flatten\u_write_arbiter.\u_write_qos.$procmux$3377.
    dead port 1/2 on $mux $flatten\u_read_arbiter.\u_read_qos.$procmux$3425.
    dead port 1/2 on $mux $flatten\u_write_arbiter.\u_write_qos.$procmux$3379.
    dead port 2/2 on $mux $flatten\u_write_arbiter.\u_write_qos.$procmux$3381.
    dead port 1/2 on $mux $flatten\u_write_arbiter.\u_write_qos.$procmux$3384.
    dead port 1/2 on $mux $flatten\u_write_arbiter.\u_write_qos.$procmux$3387.
    dead port 2/2 on $mux $flatten\u_write_arbiter.\u_write_qos.$procmux$3396.
    dead port 1/2 on $mux $flatten\u_write_arbiter.\u_write_qos.$procmux$3398.
    dead port 2/2 on $mux $flatten\u_write_arbiter.\u_write_qos.$procmux$3400.
    dead port 1/2 on $mux $flatten\u_write_arbiter.\u_write_qos.$procmux$3403.
    dead port 1/2 on $mux $flatten\u_write_arbiter.\u_write_qos.$procmux$3406.
    dead port 2/2 on $mux $flatten\u_write_arbiter.\u_write_qos.$procmux$3415.
    dead port 1/2 on $mux $flatten\u_read_arbiter.\u_read_qos.$procmux$3436.
    dead port 1/2 on $mux $flatten\u_write_arbiter.\u_write_qos.$procmux$3417.
    dead port 2/2 on $mux $flatten\u_write_arbiter.\u_write_qos.$procmux$3419.
    dead port 1/2 on $mux $flatten\u_write_arbiter.\u_write_qos.$procmux$3422.
    dead port 1/2 on $mux $flatten\u_write_arbiter.\u_write_qos.$procmux$3425.
    dead port 1/2 on $mux $flatten\u_write_arbiter.\u_write_qos.$procmux$3436.
    dead port 1/2 on $mux $flatten\u_write_arbiter.\u_write_qos.$procmux$3439.
    dead port 2/2 on $mux $flatten\u_write_arbiter.\u_write_qos.$procmux$3441.
    dead port 1/2 on $mux $flatten\u_read_arbiter.\u_read_qos.$procmux$3439.
    dead port 1/2 on $mux $flatten\u_write_arbiter.\u_write_qos.$procmux$3443.
    dead port 2/2 on $mux $flatten\u_write_arbiter.\u_write_qos.$procmux$3445.
    dead port 1/2 on $mux $flatten\u_write_arbiter.\u_write_qos.$procmux$3448.
    dead port 1/2 on $mux $flatten\u_write_arbiter.\u_write_qos.$procmux$3451.
    dead port 1/2 on $mux $flatten\u_write_arbiter.\u_write_qos.$procmux$3462.
    dead port 1/2 on $mux $flatten\u_write_arbiter.\u_write_qos.$procmux$3465.
    dead port 2/2 on $mux $flatten\u_write_arbiter.\u_write_qos.$procmux$3467.
    dead port 2/2 on $mux $flatten\u_read_arbiter.\u_read_qos.$procmux$3441.
    dead port 1/2 on $mux $flatten\u_write_arbiter.\u_write_qos.$procmux$3469.
    dead port 2/2 on $mux $flatten\u_write_arbiter.\u_write_qos.$procmux$3471.
    dead port 1/2 on $mux $flatten\u_write_arbiter.\u_write_qos.$procmux$3474.
    dead port 1/2 on $mux $flatten\u_write_arbiter.\u_write_qos.$procmux$3477.
    dead port 1/2 on $mux $flatten\u_write_arbiter.\u_write_qos.$procmux$3488.
    dead port 2/2 on $mux $flatten\u_write_arbiter.\u_write_qos.$procmux$3490.
    dead port 1/2 on $mux $flatten\u_write_arbiter.\u_write_qos.$procmux$3492.
    dead port 2/2 on $mux $flatten\u_write_arbiter.\u_write_qos.$procmux$3494.
    dead port 1/2 on $mux $flatten\u_write_arbiter.\u_write_qos.$procmux$3497.
    dead port 1/2 on $mux $flatten\u_write_arbiter.\u_write_qos.$procmux$3500.
    dead port 1/2 on $mux $flatten\u_write_arbiter.\u_write_qos.$procmux$3511.
    dead port 2/2 on $mux $flatten\u_write_arbiter.\u_write_qos.$procmux$3513.
    dead port 1/2 on $mux $flatten\u_read_arbiter.\u_read_qos.$procmux$3443.
    dead port 1/2 on $mux $flatten\u_write_arbiter.\u_write_qos.$procmux$3515.
    dead port 2/2 on $mux $flatten\u_write_arbiter.\u_write_qos.$procmux$3517.
    dead port 1/2 on $mux $flatten\u_write_arbiter.\u_write_qos.$procmux$3520.
    dead port 1/2 on $mux $flatten\u_write_arbiter.\u_write_qos.$procmux$3523.
    dead port 2/2 on $mux $flatten\u_write_arbiter.\u_write_qos.$procmux$3533.
    dead port 2/2 on $mux $flatten\u_read_arbiter.\u_read_qos.$procmux$3445.
    dead port 1/2 on $mux $flatten\u_write_arbiter.\u_write_qos.$procmux$3535.
    dead port 2/2 on $mux $flatten\u_write_arbiter.\u_write_qos.$procmux$3537.
    dead port 1/2 on $mux $flatten\u_write_arbiter.\u_write_qos.$procmux$3540.
    dead port 1/2 on $mux $flatten\u_write_arbiter.\u_write_qos.$procmux$3543.
    dead port 2/2 on $mux $flatten\u_write_arbiter.\u_write_qos.$procmux$3553.
    dead port 1/2 on $mux $flatten\u_read_arbiter.\u_read_qos.$procmux$3448.
    dead port 1/2 on $mux $flatten\u_write_arbiter.\u_write_qos.$procmux$3555.
    dead port 2/2 on $mux $flatten\u_write_arbiter.\u_write_qos.$procmux$3557.
    dead port 1/2 on $mux $flatten\u_write_arbiter.\u_write_qos.$procmux$3560.
    dead port 1/2 on $mux $flatten\u_write_arbiter.\u_write_qos.$procmux$3563.
    dead port 1/2 on $mux $flatten\u_read_arbiter.\u_read_qos.$procmux$3451.
    dead port 1/2 on $mux $flatten\u_read_arbiter.\u_read_qos.$procmux$3462.
    dead port 1/2 on $mux $flatten\u_write_arbiter.\u_write_qos.$procmux$3572.
    dead port 2/2 on $mux $flatten\u_write_arbiter.\u_write_qos.$procmux$3574.
    dead port 1/2 on $mux $flatten\u_write_arbiter.\u_write_qos.$procmux$3577.
    dead port 1/2 on $mux $flatten\u_write_arbiter.\u_write_qos.$procmux$3580.
    dead port 1/2 on $mux $flatten\u_read_arbiter.\u_read_qos.$procmux$3465.
    dead port 2/2 on $mux $flatten\u_read_arbiter.\u_read_qos.$procmux$3467.
    dead port 1/2 on $mux $flatten\u_write_arbiter.\u_write_qos.$procmux$3589.
    dead port 2/2 on $mux $flatten\u_write_arbiter.\u_write_qos.$procmux$3591.
    dead port 1/2 on $mux $flatten\u_write_arbiter.\u_write_qos.$procmux$3594.
    dead port 1/2 on $mux $flatten\u_write_arbiter.\u_write_qos.$procmux$3597.
    dead port 2/2 on $mux $flatten\u_write_arbiter.\u_write_qos.$procmux$3603.
    dead port 1/2 on $mux $flatten\u_write_arbiter.\u_write_qos.$procmux$3606.
    dead port 1/2 on $mux $flatten\u_write_arbiter.\u_write_qos.$procmux$3609.
    dead port 2/2 on $mux $flatten\u_write_arbiter.\u_write_qos.$procmux$3615.
    dead port 1/2 on $mux $flatten\u_write_arbiter.\u_write_qos.$procmux$3618.
    dead port 1/2 on $mux $flatten\u_write_arbiter.\u_write_qos.$procmux$3621.
    dead port 1/2 on $mux $flatten\u_write_arbiter.\u_write_qos.$procmux$3628.
    dead port 1/2 on $mux $flatten\u_write_arbiter.\u_write_qos.$procmux$3631.
    dead port 1/4 on $pmux $flatten\u_write_arbiter.\u_write_qos.$procmux$3634.
    dead port 2/4 on $pmux $flatten\u_write_arbiter.\u_write_qos.$procmux$3634.
    dead port 3/4 on $pmux $flatten\u_write_arbiter.\u_write_qos.$procmux$3634.
    dead port 1/2 on $mux $flatten\u_read_arbiter.\u_read_qos.$procmux$3469.
    dead port 2/2 on $mux $flatten\u_read_arbiter.\u_read_qos.$procmux$3471.
    dead port 1/2 on $mux $flatten\u_read_arbiter.\u_read_qos.$procmux$3474.
    dead port 2/2 on $mux $flatten\u_write_arbiter.\u_write_qos.$procmux$3638.
    dead port 1/2 on $mux $flatten\u_write_arbiter.\u_write_qos.$procmux$3641.
    dead port 1/2 on $mux $flatten\u_write_arbiter.\u_write_qos.$procmux$3644.
    dead port 1/2 on $mux $flatten\u_write_arbiter.\u_write_qos.$procmux$3651.
    dead port 1/2 on $mux $flatten\u_write_arbiter.\u_write_qos.$procmux$3654.
    dead port 1/4 on $pmux $flatten\u_write_arbiter.\u_write_qos.$procmux$3657.
    dead port 2/4 on $pmux $flatten\u_write_arbiter.\u_write_qos.$procmux$3657.
    dead port 3/4 on $pmux $flatten\u_write_arbiter.\u_write_qos.$procmux$3657.
    dead port 1/2 on $mux $flatten\u_read_arbiter.\u_read_qos.$procmux$3477.
    dead port 1/2 on $mux $flatten\u_read_arbiter.\u_read_qos.$procmux$3488.
    dead port 2/2 on $mux $flatten\u_write_arbiter.\u_write_qos.$procmux$3661.
    dead port 1/2 on $mux $flatten\u_write_arbiter.\u_write_qos.$procmux$3664.
    dead port 1/2 on $mux $flatten\u_write_arbiter.\u_write_qos.$procmux$3667.
    dead port 1/2 on $mux $flatten\u_write_arbiter.\u_write_qos.$procmux$3674.
    dead port 1/4 on $pmux $flatten\u_write_arbiter.\u_write_qos.$procmux$3677.
    dead port 2/4 on $pmux $flatten\u_write_arbiter.\u_write_qos.$procmux$3677.
    dead port 3/4 on $pmux $flatten\u_write_arbiter.\u_write_qos.$procmux$3677.
    dead port 2/2 on $mux $flatten\u_read_arbiter.\u_read_qos.$procmux$3490.
    dead port 1/2 on $mux $flatten\u_read_arbiter.\u_read_qos.$procmux$3492.
    dead port 2/2 on $mux $flatten\u_write_arbiter.\u_write_qos.$procmux$3681.
    dead port 1/2 on $mux $flatten\u_write_arbiter.\u_write_qos.$procmux$3684.
    dead port 1/2 on $mux $flatten\u_write_arbiter.\u_write_qos.$procmux$3687.
    dead port 1/2 on $mux $flatten\u_write_arbiter.\u_write_qos.$procmux$3694.
    dead port 1/4 on $pmux $flatten\u_write_arbiter.\u_write_qos.$procmux$3697.
    dead port 2/4 on $pmux $flatten\u_write_arbiter.\u_write_qos.$procmux$3697.
    dead port 3/4 on $pmux $flatten\u_write_arbiter.\u_write_qos.$procmux$3697.
    dead port 2/2 on $mux $flatten\u_read_arbiter.\u_read_qos.$procmux$3494.
    dead port 1/2 on $mux $flatten\u_read_arbiter.\u_read_qos.$procmux$3497.
    dead port 1/2 on $mux $flatten\u_read_arbiter.\u_read_qos.$procmux$3500.
    dead port 2/2 on $mux $flatten\u_write_arbiter.\u_write_qos.$procmux$3701.
    dead port 1/2 on $mux $flatten\u_write_arbiter.\u_write_qos.$procmux$3704.
    dead port 1/2 on $mux $flatten\u_write_arbiter.\u_write_qos.$procmux$3707.
    dead port 1/4 on $pmux $flatten\u_write_arbiter.\u_write_qos.$procmux$3714.
    dead port 2/4 on $pmux $flatten\u_write_arbiter.\u_write_qos.$procmux$3714.
    dead port 3/4 on $pmux $flatten\u_write_arbiter.\u_write_qos.$procmux$3714.
    dead port 1/2 on $mux $flatten\u_read_arbiter.\u_read_qos.$procmux$3511.
    dead port 2/2 on $mux $flatten\u_read_arbiter.\u_read_qos.$procmux$3513.
    dead port 2/2 on $mux $flatten\u_write_arbiter.\u_write_qos.$procmux$3718.
    dead port 1/2 on $mux $flatten\u_write_arbiter.\u_write_qos.$procmux$3721.
    dead port 1/2 on $mux $flatten\u_write_arbiter.\u_write_qos.$procmux$3724.
    dead port 1/4 on $pmux $flatten\u_write_arbiter.\u_write_qos.$procmux$3731.
    dead port 2/4 on $pmux $flatten\u_write_arbiter.\u_write_qos.$procmux$3731.
    dead port 3/4 on $pmux $flatten\u_write_arbiter.\u_write_qos.$procmux$3731.
    dead port 1/2 on $mux $flatten\u_read_arbiter.\u_read_qos.$procmux$3515.
    dead port 2/2 on $mux $flatten\u_read_arbiter.\u_read_qos.$procmux$3517.
    dead port 2/2 on $mux $flatten\u_write_arbiter.\u_write_qos.$procmux$3735.
    dead port 1/2 on $mux $flatten\u_write_arbiter.\u_write_qos.$procmux$3738.
    dead port 1/2 on $mux $flatten\u_write_arbiter.\u_write_qos.$procmux$3741.
    dead port 1/2 on $mux $flatten\u_write_arbiter.\u_write_qos.$procmux$3749.
    dead port 1/2 on $mux $flatten\u_write_arbiter.\u_write_qos.$procmux$3752.
    dead port 2/2 on $mux $flatten\u_write_arbiter.\u_write_qos.$procmux$3754.
    dead port 1/2 on $mux $flatten\u_read_arbiter.\u_read_qos.$procmux$3520.
    dead port 2/2 on $mux $flatten\u_write_arbiter.\u_write_qos.$procmux$3756.
    dead port 1/2 on $mux $flatten\u_write_arbiter.\u_write_qos.$procmux$3759.
    dead port 1/2 on $mux $flatten\u_write_arbiter.\u_write_qos.$procmux$3762.
    dead port 1/2 on $mux $flatten\u_write_arbiter.\u_write_qos.$procmux$3770.
    dead port 1/2 on $mux $flatten\u_write_arbiter.\u_write_qos.$procmux$3773.
    dead port 2/2 on $mux $flatten\u_write_arbiter.\u_write_qos.$procmux$3775.
    dead port 1/2 on $mux $flatten\u_read_arbiter.\u_read_qos.$procmux$3523.
    dead port 2/2 on $mux $flatten\u_write_arbiter.\u_write_qos.$procmux$3777.
    dead port 1/2 on $mux $flatten\u_write_arbiter.\u_write_qos.$procmux$3780.
    dead port 1/2 on $mux $flatten\u_write_arbiter.\u_write_qos.$procmux$3783.
    dead port 1/2 on $mux $flatten\u_write_arbiter.\u_write_qos.$procmux$3791.
    dead port 2/2 on $mux $flatten\u_write_arbiter.\u_write_qos.$procmux$3793.
    dead port 2/2 on $mux $flatten\u_write_arbiter.\u_write_qos.$procmux$3795.
    dead port 1/2 on $mux $flatten\u_write_arbiter.\u_write_qos.$procmux$3798.
    dead port 1/2 on $mux $flatten\u_write_arbiter.\u_write_qos.$procmux$3801.
    dead port 1/2 on $mux $flatten\u_write_arbiter.\u_write_qos.$procmux$3809.
    dead port 2/2 on $mux $flatten\u_write_arbiter.\u_write_qos.$procmux$3811.
    dead port 2/2 on $mux $flatten\u_read_arbiter.\u_read_qos.$procmux$3533.
    dead port 2/2 on $mux $flatten\u_write_arbiter.\u_write_qos.$procmux$3813.
    dead port 1/2 on $mux $flatten\u_write_arbiter.\u_write_qos.$procmux$3816.
    dead port 1/2 on $mux $flatten\u_write_arbiter.\u_write_qos.$procmux$3819.
    dead port 2/2 on $mux $flatten\u_write_arbiter.\u_write_qos.$procmux$3826.
    dead port 2/2 on $mux $flatten\u_write_arbiter.\u_write_qos.$procmux$3828.
    dead port 1/2 on $mux $flatten\u_write_arbiter.\u_write_qos.$procmux$3831.
    dead port 1/2 on $mux $flatten\u_write_arbiter.\u_write_qos.$procmux$3834.
    dead port 2/2 on $mux $flatten\u_write_arbiter.\u_write_qos.$procmux$3841.
    dead port 1/2 on $mux $flatten\u_read_arbiter.\u_read_qos.$procmux$3535.
    dead port 2/2 on $mux $flatten\u_write_arbiter.\u_write_qos.$procmux$3843.
    dead port 1/2 on $mux $flatten\u_write_arbiter.\u_write_qos.$procmux$3846.
    dead port 1/2 on $mux $flatten\u_write_arbiter.\u_write_qos.$procmux$3849.
    dead port 1/2 on $mux $flatten\u_write_arbiter.\u_write_qos.$procmux$3858.
    dead port 1/2 on $mux $flatten\u_write_arbiter.\u_write_qos.$procmux$3861.
    dead port 2/2 on $mux $flatten\u_write_arbiter.\u_write_qos.$procmux$3863.
    dead port 2/2 on $mux $flatten\u_read_arbiter.\u_read_qos.$procmux$3537.
    dead port 2/2 on $mux $flatten\u_write_arbiter.\u_write_qos.$procmux$3865.
    dead port 1/2 on $mux $flatten\u_write_arbiter.\u_write_qos.$procmux$3868.
    dead port 1/2 on $mux $flatten\u_write_arbiter.\u_write_qos.$procmux$3871.
    dead port 1/2 on $mux $flatten\u_write_arbiter.\u_write_qos.$procmux$3880.
    dead port 1/2 on $mux $flatten\u_write_arbiter.\u_write_qos.$procmux$3883.
    dead port 2/2 on $mux $flatten\u_write_arbiter.\u_write_qos.$procmux$3885.
    dead port 1/2 on $mux $flatten\u_read_arbiter.\u_read_qos.$procmux$3540.
    dead port 2/2 on $mux $flatten\u_write_arbiter.\u_write_qos.$procmux$3887.
    dead port 1/2 on $mux $flatten\u_write_arbiter.\u_write_qos.$procmux$3890.
    dead port 1/2 on $mux $flatten\u_write_arbiter.\u_write_qos.$procmux$3893.
    dead port 1/2 on $mux $flatten\u_write_arbiter.\u_write_qos.$procmux$3902.
    dead port 2/2 on $mux $flatten\u_write_arbiter.\u_write_qos.$procmux$3904.
    dead port 1/2 on $mux $flatten\u_read_arbiter.\u_read_qos.$procmux$3543.
    dead port 2/2 on $mux $flatten\u_write_arbiter.\u_write_qos.$procmux$3906.
    dead port 1/2 on $mux $flatten\u_write_arbiter.\u_write_qos.$procmux$3909.
    dead port 1/2 on $mux $flatten\u_write_arbiter.\u_write_qos.$procmux$3912.
    dead port 1/2 on $mux $flatten\u_write_arbiter.\u_write_qos.$procmux$3921.
    dead port 2/2 on $mux $flatten\u_write_arbiter.\u_write_qos.$procmux$3923.
    dead port 2/2 on $mux $flatten\u_write_arbiter.\u_write_qos.$procmux$3925.
    dead port 1/2 on $mux $flatten\u_write_arbiter.\u_write_qos.$procmux$3928.
    dead port 1/2 on $mux $flatten\u_write_arbiter.\u_write_qos.$procmux$3931.
    dead port 2/2 on $mux $flatten\u_write_arbiter.\u_write_qos.$procmux$3939.
    dead port 2/2 on $mux $flatten\u_read_arbiter.\u_read_qos.$procmux$3553.
    dead port 2/2 on $mux $flatten\u_write_arbiter.\u_write_qos.$procmux$3941.
    dead port 1/2 on $mux $flatten\u_write_arbiter.\u_write_qos.$procmux$3944.
    dead port 1/2 on $mux $flatten\u_write_arbiter.\u_write_qos.$procmux$3947.
    dead port 2/2 on $mux $flatten\u_write_arbiter.\u_write_qos.$procmux$3955.
    dead port 1/2 on $mux $flatten\u_read_arbiter.$procmux$1451.
    dead port 2/2 on $mux $flatten\u_write_arbiter.\u_write_qos.$procmux$3957.
    dead port 1/2 on $mux $flatten\u_write_arbiter.\u_write_qos.$procmux$3960.
    dead port 1/2 on $mux $flatten\u_write_arbiter.\u_write_qos.$procmux$3963.
    dead port 1/2 on $mux $flatten\u_write_arbiter.\u_write_qos.$procmux$3973.
    dead port 1/2 on $mux $flatten\u_write_arbiter.\u_write_qos.$procmux$3976.
    dead port 2/2 on $mux $flatten\u_write_arbiter.\u_write_qos.$procmux$3978.
    dead port 1/2 on $mux $flatten\u_read_arbiter.\u_read_qos.$procmux$3555.
    dead port 2/2 on $mux $flatten\u_write_arbiter.\u_write_qos.$procmux$3980.
    dead port 1/2 on $mux $flatten\u_write_arbiter.\u_write_qos.$procmux$3983.
    dead port 1/2 on $mux $flatten\u_write_arbiter.\u_write_qos.$procmux$3986.
    dead port 1/2 on $mux $flatten\u_write_arbiter.\u_write_qos.$procmux$3996.
    dead port 1/2 on $mux $flatten\u_write_arbiter.\u_write_qos.$procmux$3999.
    dead port 2/2 on $mux $flatten\u_write_arbiter.\u_write_qos.$procmux$4001.
    dead port 2/2 on $mux $flatten\u_read_arbiter.\u_read_qos.$procmux$3557.
    dead port 2/2 on $mux $flatten\u_write_arbiter.\u_write_qos.$procmux$4003.
    dead port 1/2 on $mux $flatten\u_write_arbiter.\u_write_qos.$procmux$4006.
    dead port 1/2 on $mux $flatten\u_write_arbiter.\u_write_qos.$procmux$4009.
    dead port 1/2 on $mux $flatten\u_write_arbiter.\u_write_qos.$procmux$4019.
    dead port 2/2 on $mux $flatten\u_write_arbiter.\u_write_qos.$procmux$4021.
    dead port 1/2 on $mux $flatten\u_read_arbiter.\u_read_qos.$procmux$3560.
    dead port 2/2 on $mux $flatten\u_write_arbiter.\u_write_qos.$procmux$4023.
    dead port 1/2 on $mux $flatten\u_write_arbiter.\u_write_qos.$procmux$4026.
    dead port 1/2 on $mux $flatten\u_write_arbiter.\u_write_qos.$procmux$4029.
    dead port 1/2 on $mux $flatten\u_write_arbiter.\u_write_qos.$procmux$4039.
    dead port 2/2 on $mux $flatten\u_write_arbiter.\u_write_qos.$procmux$4041.
    dead port 1/2 on $mux $flatten\u_read_arbiter.\u_read_qos.$procmux$3563.
    dead port 2/2 on $mux $flatten\u_write_arbiter.\u_write_qos.$procmux$4043.
    dead port 1/2 on $mux $flatten\u_write_arbiter.\u_write_qos.$procmux$4046.
    dead port 1/2 on $mux $flatten\u_write_arbiter.\u_write_qos.$procmux$4049.
    dead port 2/2 on $mux $flatten\u_write_arbiter.\u_write_qos.$procmux$4058.
    dead port 2/2 on $mux $flatten\u_write_arbiter.\u_write_qos.$procmux$4060.
    dead port 1/2 on $mux $flatten\u_write_arbiter.\u_write_qos.$procmux$4063.
    dead port 1/2 on $mux $flatten\u_write_arbiter.\u_write_qos.$procmux$4066.
    dead port 2/2 on $mux $flatten\u_write_arbiter.\u_write_qos.$procmux$4075.
    dead port 2/2 on $mux $flatten\u_write_arbiter.\u_write_qos.$procmux$4077.
    dead port 1/2 on $mux $flatten\u_write_arbiter.\u_write_qos.$procmux$4080.
    dead port 1/2 on $mux $flatten\u_write_arbiter.\u_write_qos.$procmux$4083.
    dead port 1/2 on $mux $flatten\u_read_arbiter.\u_read_qos.$procmux$3572.
    dead port 2/2 on $mux $flatten\u_read_arbiter.\u_read_qos.$procmux$3574.
    dead port 1/2 on $mux $flatten\u_read_arbiter.\u_read_qos.$procmux$3577.
    dead port 1/2 on $mux $flatten\u_read_arbiter.\u_read_qos.$procmux$3580.
    dead port 2/2 on $mux $flatten\u_write_arbiter.\u_write_qos.$procmux$4105.
    dead port 1/2 on $mux $flatten\u_write_arbiter.\u_write_qos.$procmux$4108.
    dead port 1/2 on $mux $flatten\u_write_arbiter.\u_write_qos.$procmux$4111.
    dead port 1/2 on $mux $flatten\u_write_arbiter.\u_write_qos.$procmux$4117.
    dead port 1/2 on $mux $flatten\u_write_arbiter.\u_write_qos.$procmux$4120.
    dead port 1/2 on $mux $flatten\u_write_arbiter.\u_write_qos.$procmux$4126.
    dead port 1/2 on $mux $flatten\u_write_arbiter.\u_write_qos.$procmux$4129.
    dead port 1/2 on $mux $flatten\u_write_arbiter.\u_write_qos.$procmux$4135.
    dead port 1/2 on $mux $flatten\u_write_arbiter.\u_write_qos.$procmux$4141.
    dead port 1/2 on $mux $flatten\u_write_arbiter.\u_write_qos.$procmux$4148.
    dead port 1/2 on $mux $flatten\u_write_arbiter.\u_write_qos.$procmux$4151.
    dead port 1/4 on $pmux $flatten\u_write_arbiter.\u_write_qos.$procmux$4154.
    dead port 2/4 on $pmux $flatten\u_write_arbiter.\u_write_qos.$procmux$4154.
    dead port 3/4 on $pmux $flatten\u_write_arbiter.\u_write_qos.$procmux$4154.
    dead port 2/2 on $mux $flatten\u_write_arbiter.\u_write_qos.$procmux$4158.
    dead port 1/2 on $mux $flatten\u_write_arbiter.\u_write_qos.$procmux$4165.
    dead port 1/2 on $mux $flatten\u_write_arbiter.\u_write_qos.$procmux$4168.
    dead port 1/4 on $pmux $flatten\u_write_arbiter.\u_write_qos.$procmux$4171.
    dead port 2/4 on $pmux $flatten\u_write_arbiter.\u_write_qos.$procmux$4171.
    dead port 3/4 on $pmux $flatten\u_write_arbiter.\u_write_qos.$procmux$4171.
    dead port 1/2 on $mux $flatten\u_read_arbiter.\u_read_qos.$procmux$3589.
    dead port 2/2 on $mux $flatten\u_read_arbiter.\u_read_qos.$procmux$3591.
    dead port 2/2 on $mux $flatten\u_write_arbiter.\u_write_qos.$procmux$4175.
    dead port 1/2 on $mux $flatten\u_write_arbiter.\u_write_qos.$procmux$4182.
    dead port 1/4 on $pmux $flatten\u_write_arbiter.\u_write_qos.$procmux$4185.
    dead port 2/4 on $pmux $flatten\u_write_arbiter.\u_write_qos.$procmux$4185.
    dead port 3/4 on $pmux $flatten\u_write_arbiter.\u_write_qos.$procmux$4185.
    dead port 1/2 on $mux $flatten\u_read_arbiter.\u_read_qos.$procmux$3594.
    dead port 1/2 on $mux $flatten\u_read_arbiter.\u_read_qos.$procmux$3597.
    dead port 2/2 on $mux $flatten\u_write_arbiter.\u_write_qos.$procmux$4189.
    dead port 1/2 on $mux $flatten\u_write_arbiter.\u_write_qos.$procmux$4196.
    dead port 1/4 on $pmux $flatten\u_write_arbiter.\u_write_qos.$procmux$4199.
    dead port 2/4 on $pmux $flatten\u_write_arbiter.\u_write_qos.$procmux$4199.
    dead port 3/4 on $pmux $flatten\u_write_arbiter.\u_write_qos.$procmux$4199.
    dead port 2/2 on $mux $flatten\u_read_arbiter.\u_read_qos.$procmux$3603.
    dead port 1/2 on $mux $flatten\u_read_arbiter.\u_read_qos.$procmux$3606.
    dead port 1/2 on $mux $flatten\u_read_arbiter.\u_read_qos.$procmux$3609.
    dead port 2/2 on $mux $flatten\u_write_arbiter.\u_write_qos.$procmux$4203.
    dead port 1/4 on $pmux $flatten\u_write_arbiter.\u_write_qos.$procmux$4210.
    dead port 2/4 on $pmux $flatten\u_write_arbiter.\u_write_qos.$procmux$4210.
    dead port 3/4 on $pmux $flatten\u_write_arbiter.\u_write_qos.$procmux$4210.
    dead port 2/2 on $mux $flatten\u_read_arbiter.\u_read_qos.$procmux$3615.
    dead port 1/2 on $mux $flatten\u_read_arbiter.\u_read_qos.$procmux$3618.
    dead port 2/2 on $mux $flatten\u_write_arbiter.\u_write_qos.$procmux$4214.
    dead port 1/4 on $pmux $flatten\u_write_arbiter.\u_write_qos.$procmux$4221.
    dead port 2/4 on $pmux $flatten\u_write_arbiter.\u_write_qos.$procmux$4221.
    dead port 3/4 on $pmux $flatten\u_write_arbiter.\u_write_qos.$procmux$4221.
    dead port 1/2 on $mux $flatten\u_read_arbiter.\u_read_qos.$procmux$3621.
    dead port 1/2 on $mux $flatten\u_read_arbiter.\u_read_qos.$procmux$3628.
    dead port 2/2 on $mux $flatten\u_write_arbiter.\u_write_qos.$procmux$4225.
    dead port 1/2 on $mux $flatten\u_write_arbiter.\u_write_qos.$procmux$4233.
    dead port 1/2 on $mux $flatten\u_write_arbiter.\u_write_qos.$procmux$4236.
    dead port 2/2 on $mux $flatten\u_write_arbiter.\u_write_qos.$procmux$4238.
    dead port 1/2 on $mux $flatten\u_read_arbiter.\u_read_qos.$procmux$3631.
    dead port 2/2 on $mux $flatten\u_write_arbiter.\u_write_qos.$procmux$4240.
    dead port 1/2 on $mux $flatten\u_write_arbiter.\u_write_qos.$procmux$4248.
    dead port 1/2 on $mux $flatten\u_write_arbiter.\u_write_qos.$procmux$4251.
    dead port 2/2 on $mux $flatten\u_write_arbiter.\u_write_qos.$procmux$4253.
    dead port 1/4 on $pmux $flatten\u_read_arbiter.\u_read_qos.$procmux$3634.
    dead port 2/4 on $pmux $flatten\u_read_arbiter.\u_read_qos.$procmux$3634.
    dead port 3/4 on $pmux $flatten\u_read_arbiter.\u_read_qos.$procmux$3634.
    dead port 2/2 on $mux $flatten\u_write_arbiter.\u_write_qos.$procmux$4255.
    dead port 1/2 on $mux $flatten\u_write_arbiter.\u_write_qos.$procmux$4263.
    dead port 2/2 on $mux $flatten\u_write_arbiter.\u_write_qos.$procmux$4265.
    dead port 2/2 on $mux $flatten\u_write_arbiter.\u_write_qos.$procmux$4267.
    dead port 1/2 on $mux $flatten\u_write_arbiter.\u_write_qos.$procmux$4275.
    dead port 2/2 on $mux $flatten\u_write_arbiter.\u_write_qos.$procmux$4277.
    dead port 2/2 on $mux $flatten\u_write_arbiter.\u_write_qos.$procmux$4279.
    dead port 2/2 on $mux $flatten\u_write_arbiter.\u_write_qos.$procmux$4286.
    dead port 2/2 on $mux $flatten\u_write_arbiter.\u_write_qos.$procmux$4288.
    dead port 2/2 on $mux $flatten\u_write_arbiter.\u_write_qos.$procmux$4295.
    dead port 2/2 on $mux $flatten\u_read_arbiter.\u_read_qos.$procmux$3638.
    dead port 2/2 on $mux $flatten\u_write_arbiter.\u_write_qos.$procmux$4297.
    dead port 1/2 on $mux $flatten\u_write_arbiter.\u_write_qos.$procmux$4306.
    dead port 1/2 on $mux $flatten\u_write_arbiter.\u_write_qos.$procmux$4309.
    dead port 2/2 on $mux $flatten\u_write_arbiter.\u_write_qos.$procmux$4311.
    dead port 1/2 on $mux $flatten\u_read_arbiter.\u_read_qos.$procmux$3641.
    dead port 2/2 on $mux $flatten\u_write_arbiter.\u_write_qos.$procmux$4313.
    dead port 1/2 on $mux $flatten\u_write_arbiter.\u_write_qos.$procmux$4322.
    dead port 1/2 on $mux $flatten\u_write_arbiter.\u_write_qos.$procmux$4325.
    dead port 2/2 on $mux $flatten\u_write_arbiter.\u_write_qos.$procmux$4327.
    dead port 1/2 on $mux $flatten\u_read_arbiter.\u_read_qos.$procmux$3644.
    dead port 2/2 on $mux $flatten\u_write_arbiter.\u_write_qos.$procmux$4329.
    dead port 1/2 on $mux $flatten\u_write_arbiter.\u_write_qos.$procmux$4338.
    dead port 2/2 on $mux $flatten\u_write_arbiter.\u_write_qos.$procmux$4340.
    dead port 2/2 on $mux $flatten\u_write_arbiter.\u_write_qos.$procmux$4342.
    dead port 1/2 on $mux $flatten\u_write_arbiter.\u_write_qos.$procmux$4351.
    dead port 2/2 on $mux $flatten\u_write_arbiter.\u_write_qos.$procmux$4353.
    dead port 1/2 on $mux $flatten\u_read_arbiter.\u_read_qos.$procmux$3651.
    dead port 2/2 on $mux $flatten\u_write_arbiter.\u_write_qos.$procmux$4355.
    dead port 2/2 on $mux $flatten\u_write_arbiter.\u_write_qos.$procmux$4363.
    dead port 1/2 on $mux $flatten\u_read_arbiter.\u_read_qos.$procmux$3654.
    dead port 2/2 on $mux $flatten\u_write_arbiter.\u_write_qos.$procmux$4365.
    dead port 2/2 on $mux $flatten\u_write_arbiter.\u_write_qos.$procmux$4373.
    dead port 1/4 on $pmux $flatten\u_read_arbiter.\u_read_qos.$procmux$3657.
    dead port 2/4 on $pmux $flatten\u_read_arbiter.\u_read_qos.$procmux$3657.
    dead port 3/4 on $pmux $flatten\u_read_arbiter.\u_read_qos.$procmux$3657.
    dead port 2/2 on $mux $flatten\u_write_arbiter.\u_write_qos.$procmux$4375.
    dead port 1/2 on $mux $flatten\u_write_arbiter.\u_write_qos.$procmux$4385.
    dead port 1/2 on $mux $flatten\u_write_arbiter.\u_write_qos.$procmux$4388.
    dead port 2/2 on $mux $flatten\u_write_arbiter.\u_write_qos.$procmux$4390.
    dead port 2/2 on $mux $flatten\u_write_arbiter.\u_write_qos.$procmux$4392.
    dead port 1/2 on $mux $flatten\u_write_arbiter.\u_write_qos.$procmux$4402.
    dead port 1/2 on $mux $flatten\u_write_arbiter.\u_write_qos.$procmux$4405.
    dead port 2/2 on $mux $flatten\u_write_arbiter.\u_write_qos.$procmux$4407.
    dead port 2/2 on $mux $flatten\u_write_arbiter.\u_write_qos.$procmux$4409.
    dead port 1/2 on $mux $flatten\u_write_arbiter.\u_write_qos.$procmux$4419.
    dead port 2/2 on $mux $flatten\u_write_arbiter.\u_write_qos.$procmux$4421.
    dead port 2/2 on $mux $flatten\u_write_arbiter.\u_write_qos.$procmux$4423.
    dead port 1/2 on $mux $flatten\u_write_arbiter.\u_write_qos.$procmux$4433.
    dead port 2/2 on $mux $flatten\u_write_arbiter.\u_write_qos.$procmux$4435.
    dead port 2/2 on $mux $flatten\u_read_arbiter.\u_read_qos.$procmux$3661.
    dead port 2/2 on $mux $flatten\u_write_arbiter.\u_write_qos.$procmux$4437.
    dead port 2/2 on $mux $flatten\u_write_arbiter.\u_write_qos.$procmux$4446.
    dead port 1/2 on $mux $flatten\u_read_arbiter.\u_read_qos.$procmux$3664.
    dead port 2/2 on $mux $flatten\u_write_arbiter.\u_write_qos.$procmux$4448.
    dead port 2/2 on $mux $flatten\u_write_arbiter.\u_write_qos.$procmux$4457.
    dead port 1/2 on $mux $flatten\u_read_arbiter.\u_read_qos.$procmux$3667.
    dead port 2/2 on $mux $flatten\u_write_arbiter.\u_write_qos.$procmux$4459.
    dead port 1/2 on $mux $flatten\u_read_arbiter.\u_read_qos.$procmux$3674.
    dead port 1/4 on $pmux $flatten\u_read_arbiter.\u_read_qos.$procmux$3677.
    dead port 2/4 on $pmux $flatten\u_read_arbiter.\u_read_qos.$procmux$3677.
    dead port 3/4 on $pmux $flatten\u_read_arbiter.\u_read_qos.$procmux$3677.
    dead port 2/2 on $mux $flatten\u_write_arbiter.\u_write_qos.$procmux$4467.
    dead port 2/2 on $mux $flatten\u_write_arbiter.\u_write_qos.$procmux$4475.
    dead port 2/2 on $mux $flatten\u_write_arbiter.\u_write_qos.$procmux$4488.
    dead port 2/2 on $mux $flatten\u_read_arbiter.\u_read_qos.$procmux$3681.
    dead port 2/2 on $mux $flatten\u_write_arbiter.\u_write_qos.$procmux$4490.
    dead port 2/2 on $mux $flatten\u_write_arbiter.\u_write_qos.$procmux$4497.
    dead port 1/2 on $mux $flatten\u_read_arbiter.\u_read_qos.$procmux$3684.
    dead port 2/2 on $mux $flatten\u_write_arbiter.\u_write_qos.$procmux$4499.
    dead port 2/2 on $mux $flatten\u_write_arbiter.\u_write_qos.$procmux$4507.
    dead port 1/2 on $mux $flatten\u_read_arbiter.\u_read_qos.$procmux$3687.
    dead port 2/2 on $mux $flatten\u_write_arbiter.\u_write_qos.$procmux$4509.
    dead port 2/2 on $mux $flatten\u_write_arbiter.\u_write_qos.$procmux$4517.
    dead port 2/2 on $mux $flatten\u_write_arbiter.\u_write_qos.$procmux$4519.
    dead port 2/2 on $mux $flatten\u_write_arbiter.\u_write_qos.$procmux$4528.
    dead port 1/2 on $mux $flatten\u_read_arbiter.\u_read_qos.$procmux$3694.
    dead port 2/2 on $mux $flatten\u_write_arbiter.\u_write_qos.$procmux$4530.
    dead port 2/2 on $mux $flatten\u_write_arbiter.\u_write_qos.$procmux$4539.
    dead port 1/4 on $pmux $flatten\u_read_arbiter.\u_read_qos.$procmux$3697.
    dead port 2/4 on $pmux $flatten\u_read_arbiter.\u_read_qos.$procmux$3697.
    dead port 3/4 on $pmux $flatten\u_read_arbiter.\u_read_qos.$procmux$3697.
    dead port 2/2 on $mux $flatten\u_write_arbiter.\u_write_qos.$procmux$4541.
    dead port 1/2 on $mux $flatten\u_read_arbiter.\u_read_decoder.$procmux$4588.
    dead port 2/2 on $mux $flatten\u_write_arbiter.\u_write_qos.$procmux$4549.
    dead port 2/2 on $mux $flatten\u_read_arbiter.\u_read_qos.$procmux$3701.
    dead port 2/2 on $mux $flatten\u_write_arbiter.\u_write_qos.$procmux$4557.
    dead port 1/2 on $mux $flatten\u_read_arbiter.\u_read_qos.$procmux$3704.
    dead port 2/2 on $mux $flatten\u_write_arbiter.\u_write_qos.$procmux$4563.
    dead port 1/2 on $mux $flatten\u_read_arbiter.\u_read_qos.$procmux$3707.
    dead port 2/2 on $mux $flatten\u_write_arbiter.\u_write_qos.$procmux$4570.
Removed 1099 multiplexer ports.
<suppressed ~131 debug messages>

23.4. Executing OPT_REDUCE pass (consolidate $*mux and $reduce_* inputs).
  Optimizing cells in module \axi4lite_arbiter_top.
    New ctrl vector for $pmux cell $flatten\u_response_router.$procmux$1893: { $auto$opt_reduce.cc:134:opt_pmux$4662 $flatten\u_response_router.$procmux$1463_CMP }
    New ctrl vector for $pmux cell $flatten\u_response_router.$procmux$1907: { $flatten\u_response_router.$procmux$1597_CMP $auto$opt_reduce.cc:134:opt_pmux$4664 }
    New ctrl vector for $pmux cell $flatten\u_response_router.$procmux$2115: { $flatten\u_response_router.$procmux$1497_CMP $auto$opt_reduce.cc:134:opt_pmux$4666 }
    New ctrl vector for $pmux cell $flatten\u_response_router.$procmux$2126: { $flatten\u_response_router.$procmux$1514_CMP $auto$opt_reduce.cc:134:opt_pmux$4668 }
    New ctrl vector for $pmux cell $flatten\u_response_router.$procmux$2137: { $auto$opt_reduce.cc:134:opt_pmux$4670 $flatten\u_response_router.$procmux$1463_CMP }
    New ctrl vector for $pmux cell $flatten\u_response_router.$procmux$2148: { $flatten\u_response_router.$procmux$1597_CMP $auto$opt_reduce.cc:134:opt_pmux$4672 }
    New ctrl vector for $pmux cell $flatten\u_response_router.$procmux$2354: { $flatten\u_response_router.$procmux$2324_CMP $auto$opt_reduce.cc:134:opt_pmux$4674 }
    New ctrl vector for $pmux cell $flatten\u_response_router.$procmux$2371: { $flatten\u_response_router.$procmux$2341_CMP $auto$opt_reduce.cc:134:opt_pmux$4676 }
    New ctrl vector for $pmux cell $flatten\u_response_router.$procmux$2388: { $auto$opt_reduce.cc:134:opt_pmux$4678 $flatten\u_response_router.$procmux$2290_CMP }
    New ctrl vector for $pmux cell $flatten\u_response_router.$procmux$2405: { $flatten\u_response_router.$procmux$2358_CMP $auto$opt_reduce.cc:134:opt_pmux$4680 }
    New ctrl vector for $pmux cell $flatten\u_response_router.$procmux$1593: { $flatten\u_response_router.$procmux$1497_CMP $auto$opt_reduce.cc:134:opt_pmux$4682 }
    New ctrl vector for $pmux cell $flatten\u_response_router.$procmux$2548: { $flatten\u_response_router.$procmux$2324_CMP $auto$opt_reduce.cc:134:opt_pmux$4684 }
    New ctrl vector for $pmux cell $flatten\u_response_router.$procmux$1610: { $flatten\u_response_router.$procmux$1514_CMP $auto$opt_reduce.cc:134:opt_pmux$4686 }
    New ctrl vector for $pmux cell $flatten\u_response_router.$procmux$2562: { $flatten\u_response_router.$procmux$2341_CMP $auto$opt_reduce.cc:134:opt_pmux$4688 }
    New ctrl vector for $pmux cell $flatten\u_response_router.$procmux$2576: { $auto$opt_reduce.cc:134:opt_pmux$4690 $flatten\u_response_router.$procmux$2290_CMP }
    New ctrl vector for $pmux cell $flatten\u_response_router.$procmux$1627: { $auto$opt_reduce.cc:134:opt_pmux$4692 $flatten\u_response_router.$procmux$1463_CMP }
    New ctrl vector for $pmux cell $flatten\u_response_router.$procmux$2590: { $flatten\u_response_router.$procmux$2358_CMP $auto$opt_reduce.cc:134:opt_pmux$4694 }
    New ctrl vector for $pmux cell $flatten\u_response_router.$procmux$1644: { $flatten\u_response_router.$procmux$1597_CMP $auto$opt_reduce.cc:134:opt_pmux$4696 }
    New ctrl vector for $pmux cell $flatten\u_response_router.$procmux$2727: { $flatten\u_response_router.$procmux$2324_CMP $auto$opt_reduce.cc:134:opt_pmux$4698 }
    New ctrl vector for $pmux cell $flatten\u_response_router.$procmux$2738: { $flatten\u_response_router.$procmux$2341_CMP $auto$opt_reduce.cc:134:opt_pmux$4700 }
    New ctrl vector for $pmux cell $flatten\u_response_router.$procmux$2749: { $auto$opt_reduce.cc:134:opt_pmux$4702 $flatten\u_response_router.$procmux$2290_CMP }
    New ctrl vector for $pmux cell $flatten\u_response_router.$procmux$2760: { $flatten\u_response_router.$procmux$2358_CMP $auto$opt_reduce.cc:134:opt_pmux$4704 }
    New ctrl vector for $pmux cell $flatten\u_write_arbiter.$procmux$1095: { $auto$opt_reduce.cc:134:opt_pmux$4706 \u_response_router.w_active }
    New ctrl vector for $pmux cell $flatten\u_response_router.$procmux$1865: { $flatten\u_response_router.$procmux$1497_CMP $auto$opt_reduce.cc:134:opt_pmux$4708 }
    New ctrl vector for $pmux cell $flatten\u_write_arbiter.$procmux$1100: { $auto$opt_reduce.cc:134:opt_pmux$4710 \u_response_router.w_active }
    New ctrl vector for $pmux cell $flatten\u_response_router.$procmux$1879: { $flatten\u_response_router.$procmux$1514_CMP $auto$opt_reduce.cc:134:opt_pmux$4712 }
  Optimizing cells in module \axi4lite_arbiter_top.
Performed a total of 28 changes.

23.5. Executing OPT_MERGE pass (detect identical cells).
Finding identical cells in module `\axi4lite_arbiter_top'.
<suppressed ~201 debug messages>
Removed a total of 67 cells.

23.6. Executing OPT_DFF pass (perform DFF optimizations).

23.7. Executing OPT_CLEAN pass (remove unused cells and wires).
Finding unused cells or wires in module \axi4lite_arbiter_top..
Removed 0 unused cells and 1590 unused wires.
<suppressed ~1 debug messages>

23.8. Executing OPT_EXPR pass (perform const folding).
Optimizing module axi4lite_arbiter_top.

23.9. Rerunning OPT passes. (Maybe there is more to do..)

23.10. Executing OPT_MUXTREE pass (detect dead branches in mux trees).
Running muxtree optimizer on module \axi4lite_arbiter_top..
  Creating internal representation of mux trees.
  Evaluating internal representation of mux trees.
  Analyzing evaluation results.
Removed 0 multiplexer ports.
<suppressed ~130 debug messages>

23.11. Executing OPT_REDUCE pass (consolidate $*mux and $reduce_* inputs).
  Optimizing cells in module \axi4lite_arbiter_top.
    New ctrl vector for $pmux cell $flatten\u_read_arbiter.\u_read_qos.$procmux$3568: { $flatten\u_read_arbiter.\u_read_qos.$procmux$3045_CMP $flatten\u_read_arbiter.\u_read_qos.$procmux$3044_CMP }
    New ctrl vector for $pmux cell $flatten\u_read_arbiter.\u_read_qos.$procmux$3585: { $flatten\u_read_arbiter.\u_read_qos.$procmux$3045_CMP $flatten\u_read_arbiter.\u_read_qos.$procmux$3044_CMP }
    New ctrl vector for $pmux cell $flatten\u_read_arbiter.\u_read_qos.$procmux$4087: { $flatten\u_read_arbiter.\u_read_qos.$procmux$3045_CMP $flatten\u_read_arbiter.\u_read_qos.$procmux$3044_CMP }
    New ctrl vector for $pmux cell $flatten\u_read_arbiter.\u_read_qos.$procmux$4101: { $flatten\u_read_arbiter.\u_read_qos.$procmux$3045_CMP $flatten\u_read_arbiter.\u_read_qos.$procmux$3044_CMP }
    New ctrl vector for $pmux cell $flatten\u_read_arbiter.\u_read_qos.$procmux$4463: { $flatten\u_read_arbiter.\u_read_qos.$procmux$3045_CMP $flatten\u_read_arbiter.\u_read_qos.$procmux$3044_CMP }
    New ctrl vector for $pmux cell $flatten\u_read_arbiter.\u_read_qos.$procmux$4471: { $flatten\u_read_arbiter.\u_read_qos.$procmux$3045_CMP $flatten\u_read_arbiter.\u_read_qos.$procmux$3044_CMP }
    New ctrl vector for $pmux cell $flatten\u_write_arbiter.\u_write_qos.$procmux$3568: { $flatten\u_write_arbiter.\u_write_qos.$procmux$3045_CMP $flatten\u_write_arbiter.\u_write_qos.$procmux$3044_CMP }
    New ctrl vector for $pmux cell $flatten\u_write_arbiter.\u_write_qos.$procmux$3585: { $flatten\u_write_arbiter.\u_write_qos.$procmux$3045_CMP $flatten\u_write_arbiter.\u_write_qos.$procmux$3044_CMP }
    New ctrl vector for $pmux cell $flatten\u_write_arbiter.\u_write_qos.$procmux$4087: { $flatten\u_write_arbiter.\u_write_qos.$procmux$3045_CMP $flatten\u_write_arbiter.\u_write_qos.$procmux$3044_CMP }
    New ctrl vector for $pmux cell $flatten\u_write_arbiter.\u_write_qos.$procmux$4101: { $flatten\u_write_arbiter.\u_write_qos.$procmux$3045_CMP $flatten\u_write_arbiter.\u_write_qos.$procmux$3044_CMP }
    New ctrl vector for $pmux cell $flatten\u_write_arbiter.\u_write_qos.$procmux$4463: { $flatten\u_write_arbiter.\u_write_qos.$procmux$3045_CMP $flatten\u_write_arbiter.\u_write_qos.$procmux$3044_CMP }
    New ctrl vector for $pmux cell $flatten\u_write_arbiter.\u_write_qos.$procmux$4471: { $flatten\u_write_arbiter.\u_write_qos.$procmux$3045_CMP $flatten\u_write_arbiter.\u_write_qos.$procmux$3044_CMP }
  Optimizing cells in module \axi4lite_arbiter_top.
Performed a total of 12 changes.

23.12. Executing OPT_MERGE pass (detect identical cells).
Finding identical cells in module `\axi4lite_arbiter_top'.
Removed a total of 0 cells.

23.13. Executing OPT_DFF pass (perform DFF optimizations).

23.14. Executing OPT_CLEAN pass (remove unused cells and wires).
Finding unused cells or wires in module \axi4lite_arbiter_top..
Removed 2 unused cells and 2 unused wires.
<suppressed ~3 debug messages>

23.15. Executing OPT_EXPR pass (perform const folding).
Optimizing module axi4lite_arbiter_top.

23.16. Rerunning OPT passes. (Maybe there is more to do..)

23.17. Executing OPT_MUXTREE pass (detect dead branches in mux trees).
Running muxtree optimizer on module \axi4lite_arbiter_top..
  Creating internal representation of mux trees.
  Evaluating internal representation of mux trees.
  Analyzing evaluation results.
Removed 0 multiplexer ports.
<suppressed ~130 debug messages>

23.18. Executing OPT_REDUCE pass (consolidate $*mux and $reduce_* inputs).
  Optimizing cells in module \axi4lite_arbiter_top.
Performed a total of 0 changes.

23.19. Executing OPT_MERGE pass (detect identical cells).
Finding identical cells in module `\axi4lite_arbiter_top'.
Removed a total of 0 cells.

23.20. Executing OPT_DFF pass (perform DFF optimizations).

23.21. Executing OPT_CLEAN pass (remove unused cells and wires).
Finding unused cells or wires in module \axi4lite_arbiter_top..

23.22. Executing OPT_EXPR pass (perform const folding).
Optimizing module axi4lite_arbiter_top.

23.23. Finished OPT passes. (There is nothing left to do.)

24. Executing FSM pass (extract and optimize FSM).

24.1. Executing FSM_DETECT pass (finding FSMs in design).
Not marking axi4lite_arbiter_top.u_read_arbiter.r_state as FSM state register:
    Circuit seems to be self-resetting.
Not marking axi4lite_arbiter_top.u_read_arbiter.target_slave_r as FSM state register:
    Users of register don't seem to benefit from recoding.
Not marking axi4lite_arbiter_top.u_read_arbiter.u_read_qos.current_master as FSM state register:
    Users of register don't seem to benefit from recoding.
Found FSM state register axi4lite_arbiter_top.u_read_arbiter.u_read_qos.rr_ptr.
Not marking axi4lite_arbiter_top.u_write_arbiter.target_slave_r as FSM state register:
    Users of register don't seem to benefit from recoding.
Not marking axi4lite_arbiter_top.u_write_arbiter.u_write_qos.current_master as FSM state register:
    Users of register don't seem to benefit from recoding.
Found FSM state register axi4lite_arbiter_top.u_write_arbiter.u_write_qos.rr_ptr.
Not marking axi4lite_arbiter_top.u_write_arbiter.w_state as FSM state register:
    Users of register don't seem to benefit from recoding.

24.2. Executing FSM_EXTRACT pass (extracting FSM from design).
Extracting FSM `\u_read_arbiter.u_read_qos.rr_ptr' from module `\axi4lite_arbiter_top'.
  found $adff cell for state register: $flatten\u_read_arbiter.\u_read_qos.$procdff$4655
  root of input selection tree: $flatten\u_read_arbiter.\u_read_qos.$0\rr_ptr[1:0]
  found reset state: 2'01 (from async reset)
  found ctrl input: \u_read_arbiter.u_read_qos.is_active
  found ctrl input: \u_read_arbiter.arb_tx_done
  found ctrl input: $flatten\u_read_arbiter.\u_read_qos.$logic_and$/work/openlane/axi4lite_arbiter_top_sv2v.v:144$641_Y
  found ctrl input: $flatten\u_read_arbiter.\u_read_qos.$eq$/work/openlane/axi4lite_arbiter_top_sv2v.v:381$695_Y
  found ctrl input: $flatten\u_read_arbiter.\u_read_qos.$eq$/work/openlane/axi4lite_arbiter_top_sv2v.v:377$687_Y
  found ctrl input: $flatten\u_read_arbiter.\u_read_qos.$eq$/work/openlane/axi4lite_arbiter_top_sv2v.v:373$679_Y
  found ctrl input: $flatten\u_read_arbiter.\u_read_qos.$gt$/work/openlane/axi4lite_arbiter_top_sv2v.v:161$646_Y
  found ctrl input: $flatten\u_read_arbiter.\u_read_qos.$gt$/work/openlane/axi4lite_arbiter_top_sv2v.v:154$644_Y
  found state code: 2'11
  found ctrl input: $flatten\u_read_arbiter.\u_read_qos.$gt$/work/openlane/axi4lite_arbiter_top_sv2v.v:147$642_Y
  found state code: 2'10
  ctrl inputs: { \u_read_arbiter.arb_tx_done $flatten\u_read_arbiter.\u_read_qos.$eq$/work/openlane/axi4lite_arbiter_top_sv2v.v:381$695_Y $flatten\u_read_arbiter.\u_read_qos.$eq$/work/openlane/axi4lite_arbiter_top_sv2v.v:377$687_Y $flatten\u_read_arbiter.\u_read_qos.$eq$/work/openlane/axi4lite_arbiter_top_sv2v.v:373$679_Y $flatten\u_read_arbiter.\u_read_qos.$gt$/work/openlane/axi4lite_arbiter_top_sv2v.v:161$646_Y $flatten\u_read_arbiter.\u_read_qos.$gt$/work/openlane/axi4lite_arbiter_top_sv2v.v:154$644_Y $flatten\u_read_arbiter.\u_read_qos.$gt$/work/openlane/axi4lite_arbiter_top_sv2v.v:147$642_Y $flatten\u_read_arbiter.\u_read_qos.$logic_and$/work/openlane/axi4lite_arbiter_top_sv2v.v:144$641_Y \u_read_arbiter.u_read_qos.is_active }
  ctrl outputs: $flatten\u_read_arbiter.\u_read_qos.$0\rr_ptr[1:0]
  transition:       2'10 9'--------0 ->       2'10 2'10
  transition:       2'10 9'0-------1 ->       2'10 2'10
  transition:       2'10 9'1000----1 ->       2'10 2'10
  transition:       2'10 9'1--1--0-1 ->       2'10 2'10
  transition:       2'10 9'1--1--1-1 ->       2'10 2'10
  transition:       2'10 9'1-1--0--1 ->       2'11 2'11
  transition:       2'10 9'1-1--1--1 ->       2'10 2'10
  transition:       2'10 9'11--0---1 ->       2'01 2'01
  transition:       2'10 9'11--1---1 ->       2'10 2'10
  transition:       2'01 9'--------0 ->       2'01 2'01
  transition:       2'01 9'0-------1 ->       2'01 2'01
  transition:       2'01 9'1000----1 ->       2'01 2'01
  transition:       2'01 9'1--1--0-1 ->       2'10 2'10
  transition:       2'01 9'1--1--1-1 ->       2'01 2'01
  transition:       2'01 9'1-1--0--1 ->       2'11 2'11
  transition:       2'01 9'1-1--1--1 ->       2'01 2'01
  transition:       2'01 9'11--0---1 ->       2'01 2'01
  transition:       2'01 9'11--1---1 ->       2'01 2'01
  transition:       2'11 9'--------0 ->       2'11 2'11
  transition:       2'11 9'0-------1 ->       2'11 2'11
  transition:       2'11 9'1000----1 ->       2'11 2'11
  transition:       2'11 9'1--1--0-1 ->       2'10 2'10
  transition:       2'11 9'1--1--1-1 ->       2'11 2'11
  transition:       2'11 9'1-1--0--1 ->       2'11 2'11
  transition:       2'11 9'1-1--1--1 ->       2'11 2'11
  transition:       2'11 9'11--0---1 ->       2'01 2'01
  transition:       2'11 9'11--1---1 ->       2'11 2'11
Extracting FSM `\u_write_arbiter.u_write_qos.rr_ptr' from module `\axi4lite_arbiter_top'.
  found $adff cell for state register: $flatten\u_write_arbiter.\u_write_qos.$procdff$4655
  root of input selection tree: $flatten\u_write_arbiter.\u_write_qos.$0\rr_ptr[1:0]
  found reset state: 2'01 (from async reset)
  found ctrl input: \u_write_arbiter.u_write_qos.is_active
  found ctrl input: \u_write_arbiter.arb_tx_done
  found ctrl input: $flatten\u_write_arbiter.\u_write_qos.$logic_and$/work/openlane/axi4lite_arbiter_top_sv2v.v:144$641_Y
  found ctrl input: $flatten\u_write_arbiter.\u_write_qos.$eq$/work/openlane/axi4lite_arbiter_top_sv2v.v:381$695_Y
  found ctrl input: $flatten\u_write_arbiter.\u_write_qos.$eq$/work/openlane/axi4lite_arbiter_top_sv2v.v:377$687_Y
  found ctrl input: $flatten\u_write_arbiter.\u_write_qos.$eq$/work/openlane/axi4lite_arbiter_top_sv2v.v:373$679_Y
  found ctrl input: $flatten\u_write_arbiter.\u_write_qos.$gt$/work/openlane/axi4lite_arbiter_top_sv2v.v:161$646_Y
  found ctrl input: $flatten\u_write_arbiter.\u_write_qos.$gt$/work/openlane/axi4lite_arbiter_top_sv2v.v:154$644_Y
  found state code: 2'11
  found ctrl input: $flatten\u_write_arbiter.\u_write_qos.$gt$/work/openlane/axi4lite_arbiter_top_sv2v.v:147$642_Y
  found state code: 2'10
  ctrl inputs: { \u_write_arbiter.arb_tx_done $flatten\u_write_arbiter.\u_write_qos.$eq$/work/openlane/axi4lite_arbiter_top_sv2v.v:381$695_Y $flatten\u_write_arbiter.\u_write_qos.$eq$/work/openlane/axi4lite_arbiter_top_sv2v.v:377$687_Y $flatten\u_write_arbiter.\u_write_qos.$eq$/work/openlane/axi4lite_arbiter_top_sv2v.v:373$679_Y $flatten\u_write_arbiter.\u_write_qos.$gt$/work/openlane/axi4lite_arbiter_top_sv2v.v:161$646_Y $flatten\u_write_arbiter.\u_write_qos.$gt$/work/openlane/axi4lite_arbiter_top_sv2v.v:154$644_Y $flatten\u_write_arbiter.\u_write_qos.$gt$/work/openlane/axi4lite_arbiter_top_sv2v.v:147$642_Y $flatten\u_write_arbiter.\u_write_qos.$logic_and$/work/openlane/axi4lite_arbiter_top_sv2v.v:144$641_Y \u_write_arbiter.u_write_qos.is_active }
  ctrl outputs: $flatten\u_write_arbiter.\u_write_qos.$0\rr_ptr[1:0]
  transition:       2'10 9'--------0 ->       2'10 2'10
  transition:       2'10 9'0-------1 ->       2'10 2'10
  transition:       2'10 9'1000----1 ->       2'10 2'10
  transition:       2'10 9'1--1--0-1 ->       2'10 2'10
  transition:       2'10 9'1--1--1-1 ->       2'10 2'10
  transition:       2'10 9'1-1--0--1 ->       2'11 2'11
  transition:       2'10 9'1-1--1--1 ->       2'10 2'10
  transition:       2'10 9'11--0---1 ->       2'01 2'01
  transition:       2'10 9'11--1---1 ->       2'10 2'10
  transition:       2'01 9'--------0 ->       2'01 2'01
  transition:       2'01 9'0-------1 ->       2'01 2'01
  transition:       2'01 9'1000----1 ->       2'01 2'01
  transition:       2'01 9'1--1--0-1 ->       2'10 2'10
  transition:       2'01 9'1--1--1-1 ->       2'01 2'01
  transition:       2'01 9'1-1--0--1 ->       2'11 2'11
  transition:       2'01 9'1-1--1--1 ->       2'01 2'01
  transition:       2'01 9'11--0---1 ->       2'01 2'01
  transition:       2'01 9'11--1---1 ->       2'01 2'01
  transition:       2'11 9'--------0 ->       2'11 2'11
  transition:       2'11 9'0-------1 ->       2'11 2'11
  transition:       2'11 9'1000----1 ->       2'11 2'11
  transition:       2'11 9'1--1--0-1 ->       2'10 2'10
  transition:       2'11 9'1--1--1-1 ->       2'11 2'11
  transition:       2'11 9'1-1--0--1 ->       2'11 2'11
  transition:       2'11 9'1-1--1--1 ->       2'11 2'11
  transition:       2'11 9'11--0---1 ->       2'01 2'01
  transition:       2'11 9'11--1---1 ->       2'11 2'11

24.3. Executing FSM_OPT pass (simple optimizations of FSMs).
Optimizing FSM `$fsm$\u_write_arbiter.u_write_qos.rr_ptr$4715' from module `\axi4lite_arbiter_top'.
  Merging pattern 9'1--1--0-1 and 9'1--1--1-1 from group (0 0 2'10).
  Merging pattern 9'1--1--1-1 and 9'1--1--0-1 from group (0 0 2'10).
  Merging pattern 9'11--0---1 and 9'11--1---1 from group (1 1 2'01).
  Merging pattern 9'11--1---1 and 9'11--0---1 from group (1 1 2'01).
  Merging pattern 9'1-1--0--1 and 9'1-1--1--1 from group (2 2 2'11).
  Merging pattern 9'1-1--1--1 and 9'1-1--0--1 from group (2 2 2'11).
  Removing unused input signal $flatten\u_write_arbiter.\u_write_qos.$logic_and$/work/openlane/axi4lite_arbiter_top_sv2v.v:144$641_Y.
Optimizing FSM `$fsm$\u_read_arbiter.u_read_qos.rr_ptr$4713' from module `\axi4lite_arbiter_top'.
  Merging pattern 9'1--1--0-1 and 9'1--1--1-1 from group (0 0 2'10).
  Merging pattern 9'1--1--1-1 and 9'1--1--0-1 from group (0 0 2'10).
  Merging pattern 9'11--0---1 and 9'11--1---1 from group (1 1 2'01).
  Merging pattern 9'11--1---1 and 9'11--0---1 from group (1 1 2'01).
  Merging pattern 9'1-1--0--1 and 9'1-1--1--1 from group (2 2 2'11).
  Merging pattern 9'1-1--1--1 and 9'1-1--0--1 from group (2 2 2'11).
  Removing unused input signal $flatten\u_read_arbiter.\u_read_qos.$logic_and$/work/openlane/axi4lite_arbiter_top_sv2v.v:144$641_Y.

24.4. Executing OPT_CLEAN pass (remove unused cells and wires).
Finding unused cells or wires in module \axi4lite_arbiter_top..
Removed 4 unused cells and 4 unused wires.
<suppressed ~5 debug messages>

24.5. Executing FSM_OPT pass (simple optimizations of FSMs).
Optimizing FSM `$fsm$\u_read_arbiter.u_read_qos.rr_ptr$4713' from module `\axi4lite_arbiter_top'.
Optimizing FSM `$fsm$\u_write_arbiter.u_write_qos.rr_ptr$4715' from module `\axi4lite_arbiter_top'.

24.6. Executing FSM_RECODE pass (re-assigning FSM state encoding).
Recoding FSM `$fsm$\u_read_arbiter.u_read_qos.rr_ptr$4713' from module `\axi4lite_arbiter_top' using `auto' encoding:
  mapping auto encoding to `one-hot` for this FSM.
  10 -> -1-
  01 -> --1
  11 -> 1--
Recoding FSM `$fsm$\u_write_arbiter.u_write_qos.rr_ptr$4715' from module `\axi4lite_arbiter_top' using `auto' encoding:
  mapping auto encoding to `one-hot` for this FSM.
  10 -> -1-
  01 -> --1
  11 -> 1--

24.7. Executing FSM_INFO pass (dumping all available information on FSM cells).

FSM `$fsm$\u_read_arbiter.u_read_qos.rr_ptr$4713' from module `axi4lite_arbiter_top':
-------------------------------------

  Information on FSM $fsm$\u_read_arbiter.u_read_qos.rr_ptr$4713 (\u_read_arbiter.u_read_qos.rr_ptr):

  Number of input signals:    8
  Number of output signals:   2
  Number of state bits:       3

  Input signals:
    0: \u_read_arbiter.u_read_qos.is_active
    1: $flatten\u_read_arbiter.\u_read_qos.$gt$/work/openlane/axi4lite_arbiter_top_sv2v.v:147$642_Y
    2: $flatten\u_read_arbiter.\u_read_qos.$gt$/work/openlane/axi4lite_arbiter_top_sv2v.v:154$644_Y
    3: $flatten\u_read_arbiter.\u_read_qos.$gt$/work/openlane/axi4lite_arbiter_top_sv2v.v:161$646_Y
    4: $flatten\u_read_arbiter.\u_read_qos.$eq$/work/openlane/axi4lite_arbiter_top_sv2v.v:373$679_Y
    5: $flatten\u_read_arbiter.\u_read_qos.$eq$/work/openlane/axi4lite_arbiter_top_sv2v.v:377$687_Y
    6: $flatten\u_read_arbiter.\u_read_qos.$eq$/work/openlane/axi4lite_arbiter_top_sv2v.v:381$695_Y
    7: \u_read_arbiter.arb_tx_done

  Output signals:
    0: $flatten\u_read_arbiter.\u_read_qos.$0\rr_ptr[1:0] [0]
    1: $flatten\u_read_arbiter.\u_read_qos.$0\rr_ptr[1:0] [1]

  State encoding:
    0:      3'-1-
    1:      3'--1  <RESET STATE>
    2:      3'1--

  Transition Table (state_in, ctrl_in, state_out, ctrl_out):
      0:     0 8'-------0   ->     0 2'10
      1:     0 8'1-1--1-1   ->     0 2'10
      2:     0 8'11--1--1   ->     0 2'10
      3:     0 8'1000---1   ->     0 2'10
      4:     0 8'1--1---1   ->     0 2'10
      5:     0 8'0------1   ->     0 2'10
      6:     0 8'11--0--1   ->     1 2'01
      7:     0 8'1-1--0-1   ->     2 2'11
      8:     1 8'1--1--01   ->     0 2'10
      9:     1 8'-------0   ->     1 2'01
     10:     1 8'1--1--11   ->     1 2'01
     11:     1 8'1-1--1-1   ->     1 2'01
     12:     1 8'1000---1   ->     1 2'01
     13:     1 8'11-----1   ->     1 2'01
     14:     1 8'0------1   ->     1 2'01
     15:     1 8'1-1--0-1   ->     2 2'11
     16:     2 8'1--1--01   ->     0 2'10
     17:     2 8'11--0--1   ->     1 2'01
     18:     2 8'-------0   ->     2 2'11
     19:     2 8'1--1--11   ->     2 2'11
     20:     2 8'11--1--1   ->     2 2'11
     21:     2 8'1000---1   ->     2 2'11
     22:     2 8'1-1----1   ->     2 2'11
     23:     2 8'0------1   ->     2 2'11

-------------------------------------

FSM `$fsm$\u_write_arbiter.u_write_qos.rr_ptr$4715' from module `axi4lite_arbiter_top':
-------------------------------------

  Information on FSM $fsm$\u_write_arbiter.u_write_qos.rr_ptr$4715 (\u_write_arbiter.u_write_qos.rr_ptr):

  Number of input signals:    8
  Number of output signals:   2
  Number of state bits:       3

  Input signals:
    0: \u_write_arbiter.u_write_qos.is_active
    1: $flatten\u_write_arbiter.\u_write_qos.$gt$/work/openlane/axi4lite_arbiter_top_sv2v.v:147$642_Y
    2: $flatten\u_write_arbiter.\u_write_qos.$gt$/work/openlane/axi4lite_arbiter_top_sv2v.v:154$644_Y
    3: $flatten\u_write_arbiter.\u_write_qos.$gt$/work/openlane/axi4lite_arbiter_top_sv2v.v:161$646_Y
    4: $flatten\u_write_arbiter.\u_write_qos.$eq$/work/openlane/axi4lite_arbiter_top_sv2v.v:373$679_Y
    5: $flatten\u_write_arbiter.\u_write_qos.$eq$/work/openlane/axi4lite_arbiter_top_sv2v.v:377$687_Y
    6: $flatten\u_write_arbiter.\u_write_qos.$eq$/work/openlane/axi4lite_arbiter_top_sv2v.v:381$695_Y
    7: \u_write_arbiter.arb_tx_done

  Output signals:
    0: $flatten\u_write_arbiter.\u_write_qos.$0\rr_ptr[1:0] [0]
    1: $flatten\u_write_arbiter.\u_write_qos.$0\rr_ptr[1:0] [1]

  State encoding:
    0:      3'-1-
    1:      3'--1  <RESET STATE>
    2:      3'1--

  Transition Table (state_in, ctrl_in, state_out, ctrl_out):
      0:     0 8'-------0   ->     0 2'10
      1:     0 8'1-1--1-1   ->     0 2'10
      2:     0 8'11--1--1   ->     0 2'10
      3:     0 8'1000---1   ->     0 2'10
      4:     0 8'1--1---1   ->     0 2'10
      5:     0 8'0------1   ->     0 2'10
      6:     0 8'11--0--1   ->     1 2'01
      7:     0 8'1-1--0-1   ->     2 2'11
      8:     1 8'1--1--01   ->     0 2'10
      9:     1 8'-------0   ->     1 2'01
     10:     1 8'1--1--11   ->     1 2'01
     11:     1 8'1-1--1-1   ->     1 2'01
     12:     1 8'1000---1   ->     1 2'01
     13:     1 8'11-----1   ->     1 2'01
     14:     1 8'0------1   ->     1 2'01
     15:     1 8'1-1--0-1   ->     2 2'11
     16:     2 8'1--1--01   ->     0 2'10
     17:     2 8'11--0--1   ->     1 2'01
     18:     2 8'-------0   ->     2 2'11
     19:     2 8'1--1--11   ->     2 2'11
     20:     2 8'11--1--1   ->     2 2'11
     21:     2 8'1000---1   ->     2 2'11
     22:     2 8'1-1----1   ->     2 2'11
     23:     2 8'0------1   ->     2 2'11

-------------------------------------

24.8. Executing FSM_MAP pass (mapping FSMs to basic logic).
Mapping FSM `$fsm$\u_read_arbiter.u_read_qos.rr_ptr$4713' from module `\axi4lite_arbiter_top'.
Mapping FSM `$fsm$\u_write_arbiter.u_write_qos.rr_ptr$4715' from module `\axi4lite_arbiter_top'.

25. Executing OPT pass (performing simple optimizations).

25.1. Executing OPT_EXPR pass (perform const folding).
Optimizing module axi4lite_arbiter_top.
<suppressed ~10 debug messages>

25.2. Executing OPT_MERGE pass (detect identical cells).
Finding identical cells in module `\axi4lite_arbiter_top'.
<suppressed ~258 debug messages>
Removed a total of 86 cells.

25.3. Executing OPT_MUXTREE pass (detect dead branches in mux trees).
Running muxtree optimizer on module \axi4lite_arbiter_top..
  Creating internal representation of mux trees.
  Evaluating internal representation of mux trees.
  Analyzing evaluation results.
Removed 0 multiplexer ports.
<suppressed ~128 debug messages>

25.4. Executing OPT_REDUCE pass (consolidate $*mux and $reduce_* inputs).
  Optimizing cells in module \axi4lite_arbiter_top.
Performed a total of 0 changes.

25.5. Executing OPT_MERGE pass (detect identical cells).
Finding identical cells in module `\axi4lite_arbiter_top'.
Removed a total of 0 cells.

25.6. Executing OPT_DFF pass (perform DFF optimizations).
Adding EN signal on $flatten\u_write_arbiter.\u_write_qos.$procdff$4659 ($adff) from module axi4lite_arbiter_top (D = $flatten\u_write_arbiter.\u_write_qos.$0\m0_burst_count[7:0], Q = \u_write_arbiter.u_write_qos.m0_burst_count).
Adding EN signal on $flatten\u_write_arbiter.\u_write_qos.$procdff$4650 ($adff) from module axi4lite_arbiter_top (D = $flatten\u_write_arbiter.\u_write_qos.$0\current_master[1:0], Q = \u_write_arbiter.u_write_qos.current_master).
Adding EN signal on $flatten\u_write_arbiter.$procdff$4630 ($adff) from module axi4lite_arbiter_top (D = $flatten\u_write_arbiter.$shiftx$/work/openlane/axi4lite_arbiter_top_sv2v.v:0$1005_Y, Q = \u_write_arbiter.latched_wstrb).
Adding EN signal on $flatten\u_write_arbiter.$procdff$4629 ($adff) from module axi4lite_arbiter_top (D = $flatten\u_write_arbiter.$shiftx$/work/openlane/axi4lite_arbiter_top_sv2v.v:0$1002_Y, Q = \u_write_arbiter.latched_wdata).
Adding EN signal on $flatten\u_write_arbiter.$procdff$4628 ($adff) from module axi4lite_arbiter_top (D = $flatten\u_write_arbiter.$shiftx$/work/openlane/axi4lite_arbiter_top_sv2v.v:0$999_Y, Q = \u_write_arbiter.latched_prot).
Adding EN signal on $flatten\u_write_arbiter.$procdff$4627 ($adff) from module axi4lite_arbiter_top (D = $flatten\u_write_arbiter.$shiftx$/work/openlane/axi4lite_arbiter_top_sv2v.v:0$910_Y, Q = \u_write_arbiter.latched_addr).
Adding EN signal on $flatten\u_write_arbiter.$procdff$4626 ($adff) from module axi4lite_arbiter_top (D = \u_write_arbiter.decode_invalid, Q = \u_write_arbiter.target_invalid_r).
Adding EN signal on $flatten\u_write_arbiter.$procdff$4625 ($adff) from module axi4lite_arbiter_top (D = \u_write_arbiter.decode_slave_sel, Q = \u_write_arbiter.target_slave_r).
Adding EN signal on $flatten\u_write_arbiter.$procdff$4624 ($adff) from module axi4lite_arbiter_top (D = \u_write_arbiter.arb_master_id, Q = \u_write_arbiter.owner_id_r).
Adding EN signal on $flatten\u_write_arbiter.$procdff$4623 ($adff) from module axi4lite_arbiter_top (D = $flatten\u_write_arbiter.$0\w_state[1:0], Q = \u_write_arbiter.w_state).
Adding EN signal on $flatten\u_write_arbiter.$procdff$4622 ($adff) from module axi4lite_arbiter_top (D = \s_axi_wstrb [15:12], Q = \u_write_arbiter.w_buf_strb [15:12]).
Adding EN signal on $flatten\u_write_arbiter.$procdff$4622 ($adff) from module axi4lite_arbiter_top (D = \s_axi_wstrb [11:8], Q = \u_write_arbiter.w_buf_strb [11:8]).
Adding EN signal on $flatten\u_write_arbiter.$procdff$4622 ($adff) from module axi4lite_arbiter_top (D = \s_axi_wstrb [7:4], Q = \u_write_arbiter.w_buf_strb [7:4]).
Adding EN signal on $flatten\u_write_arbiter.$procdff$4622 ($adff) from module axi4lite_arbiter_top (D = \s_axi_wstrb [3:0], Q = \u_write_arbiter.w_buf_strb [3:0]).
Adding EN signal on $flatten\u_write_arbiter.$procdff$4621 ($adff) from module axi4lite_arbiter_top (D = \s_axi_wdata [127:96], Q = \u_write_arbiter.w_buf_data [127:96]).
Adding EN signal on $flatten\u_write_arbiter.$procdff$4621 ($adff) from module axi4lite_arbiter_top (D = \s_axi_wdata [95:64], Q = \u_write_arbiter.w_buf_data [95:64]).
Adding EN signal on $flatten\u_write_arbiter.$procdff$4621 ($adff) from module axi4lite_arbiter_top (D = \s_axi_wdata [63:32], Q = \u_write_arbiter.w_buf_data [63:32]).
Adding EN signal on $flatten\u_write_arbiter.$procdff$4621 ($adff) from module axi4lite_arbiter_top (D = \s_axi_wdata [31:0], Q = \u_write_arbiter.w_buf_data [31:0]).
Adding EN signal on $flatten\u_write_arbiter.$procdff$4619 ($adff) from module axi4lite_arbiter_top (D = \s_axi_awprot [11:9], Q = \u_write_arbiter.aw_buf_prot [11:9]).
Adding EN signal on $flatten\u_write_arbiter.$procdff$4619 ($adff) from module axi4lite_arbiter_top (D = \s_axi_awprot [8:6], Q = \u_write_arbiter.aw_buf_prot [8:6]).
Adding EN signal on $flatten\u_write_arbiter.$procdff$4619 ($adff) from module axi4lite_arbiter_top (D = \s_axi_awprot [5:3], Q = \u_write_arbiter.aw_buf_prot [5:3]).
Adding EN signal on $flatten\u_write_arbiter.$procdff$4619 ($adff) from module axi4lite_arbiter_top (D = \s_axi_awprot [2:0], Q = \u_write_arbiter.aw_buf_prot [2:0]).
Adding EN signal on $flatten\u_write_arbiter.$procdff$4618 ($adff) from module axi4lite_arbiter_top (D = \s_axi_awaddr [127:96], Q = \u_write_arbiter.aw_buf_addr [127:96]).
Adding EN signal on $flatten\u_write_arbiter.$procdff$4618 ($adff) from module axi4lite_arbiter_top (D = \s_axi_awaddr [95:64], Q = \u_write_arbiter.aw_buf_addr [95:64]).
Adding EN signal on $flatten\u_write_arbiter.$procdff$4618 ($adff) from module axi4lite_arbiter_top (D = \s_axi_awaddr [63:32], Q = \u_write_arbiter.aw_buf_addr [63:32]).
Adding EN signal on $flatten\u_write_arbiter.$procdff$4618 ($adff) from module axi4lite_arbiter_top (D = \s_axi_awaddr [31:0], Q = \u_write_arbiter.aw_buf_addr [31:0]).
Adding EN signal on $flatten\u_read_arbiter.\u_read_qos.$procdff$4659 ($adff) from module axi4lite_arbiter_top (D = $flatten\u_read_arbiter.\u_read_qos.$0\m0_burst_count[7:0], Q = \u_read_arbiter.u_read_qos.m0_burst_count).
Adding EN signal on $flatten\u_read_arbiter.\u_read_qos.$procdff$4650 ($adff) from module axi4lite_arbiter_top (D = $flatten\u_read_arbiter.\u_read_qos.$0\current_master[1:0], Q = \u_read_arbiter.u_read_qos.current_master).
Adding EN signal on $flatten\u_read_arbiter.$procdff$4649 ($adff) from module axi4lite_arbiter_top (D = $flatten\u_read_arbiter.$0\r_state[1:0], Q = \u_read_arbiter.r_state).
Adding EN signal on $flatten\u_read_arbiter.$procdff$4647 ($adff) from module axi4lite_arbiter_top (D = $flatten\u_read_arbiter.$shiftx$/work/openlane/axi4lite_arbiter_top_sv2v.v:0$860_Y, Q = \u_read_arbiter.latched_prot).
Adding EN signal on $flatten\u_read_arbiter.$procdff$4646 ($adff) from module axi4lite_arbiter_top (D = $flatten\u_read_arbiter.$shiftx$/work/openlane/axi4lite_arbiter_top_sv2v.v:0$850_Y, Q = \u_read_arbiter.latched_addr).
Adding EN signal on $flatten\u_read_arbiter.$procdff$4645 ($adff) from module axi4lite_arbiter_top (D = \u_read_arbiter.decode_invalid, Q = \u_read_arbiter.target_invalid_r).
Adding EN signal on $flatten\u_read_arbiter.$procdff$4644 ($adff) from module axi4lite_arbiter_top (D = \u_read_arbiter.decode_slave_sel, Q = \u_read_arbiter.target_slave_r).
Adding EN signal on $flatten\u_read_arbiter.$procdff$4643 ($adff) from module axi4lite_arbiter_top (D = \u_read_arbiter.arb_master_id, Q = \u_read_arbiter.owner_id_r).

25.7. Executing OPT_CLEAN pass (remove unused cells and wires).
Finding unused cells or wires in module \axi4lite_arbiter_top..
Removed 45 unused cells and 123 unused wires.
<suppressed ~46 debug messages>

25.8. Executing OPT_EXPR pass (perform const folding).
Optimizing module axi4lite_arbiter_top.
<suppressed ~3 debug messages>

25.9. Rerunning OPT passes. (Maybe there is more to do..)

25.10. Executing OPT_MUXTREE pass (detect dead branches in mux trees).
Running muxtree optimizer on module \axi4lite_arbiter_top..
  Creating internal representation of mux trees.
  Evaluating internal representation of mux trees.
  Analyzing evaluation results.
Removed 0 multiplexer ports.
<suppressed ~104 debug messages>

25.11. Executing OPT_REDUCE pass (consolidate $*mux and $reduce_* inputs).
  Optimizing cells in module \axi4lite_arbiter_top.
Performed a total of 0 changes.

25.12. Executing OPT_MERGE pass (detect identical cells).
Finding identical cells in module `\axi4lite_arbiter_top'.
<suppressed ~36 debug messages>
Removed a total of 12 cells.

25.13. Executing OPT_DFF pass (perform DFF optimizations).

25.14. Executing OPT_CLEAN pass (remove unused cells and wires).
Finding unused cells or wires in module \axi4lite_arbiter_top..
Removed 0 unused cells and 12 unused wires.
<suppressed ~1 debug messages>

25.15. Executing OPT_EXPR pass (perform const folding).
Optimizing module axi4lite_arbiter_top.

25.16. Rerunning OPT passes. (Maybe there is more to do..)

25.17. Executing OPT_MUXTREE pass (detect dead branches in mux trees).
Running muxtree optimizer on module \axi4lite_arbiter_top..
  Creating internal representation of mux trees.
  Evaluating internal representation of mux trees.
  Analyzing evaluation results.
Removed 0 multiplexer ports.
<suppressed ~104 debug messages>

25.18. Executing OPT_REDUCE pass (consolidate $*mux and $reduce_* inputs).
  Optimizing cells in module \axi4lite_arbiter_top.
Performed a total of 0 changes.

25.19. Executing OPT_MERGE pass (detect identical cells).
Finding identical cells in module `\axi4lite_arbiter_top'.
Removed a total of 0 cells.

25.20. Executing OPT_DFF pass (perform DFF optimizations).

25.21. Executing OPT_CLEAN pass (remove unused cells and wires).
Finding unused cells or wires in module \axi4lite_arbiter_top..

25.22. Executing OPT_EXPR pass (perform const folding).
Optimizing module axi4lite_arbiter_top.

25.23. Finished OPT passes. (There is nothing left to do.)

26. Executing WREDUCE pass (reducing word size of cells).
Removed top 32 bits (of 64) from port A of cell axi4lite_arbiter_top.$flatten\u_write_arbiter.\u_write_decoder.$lt$/work/openlane/axi4lite_arbiter_top_sv2v.v:23$548 ($lt).
Removed top 47 bits (of 64) from port B of cell axi4lite_arbiter_top.$flatten\u_write_arbiter.\u_write_decoder.$lt$/work/openlane/axi4lite_arbiter_top_sv2v.v:23$548 ($lt).
Removed top 32 bits (of 64) from port A of cell axi4lite_arbiter_top.$flatten\u_write_arbiter.\u_write_decoder.$ge$/work/openlane/axi4lite_arbiter_top_sv2v.v:27$550 ($ge).
Removed top 47 bits (of 64) from port B of cell axi4lite_arbiter_top.$flatten\u_write_arbiter.\u_write_decoder.$ge$/work/openlane/axi4lite_arbiter_top_sv2v.v:27$550 ($ge).
Removed top 32 bits (of 64) from port A of cell axi4lite_arbiter_top.$flatten\u_write_arbiter.\u_write_decoder.$lt$/work/openlane/axi4lite_arbiter_top_sv2v.v:27$552 ($lt).
Removed top 46 bits (of 64) from port B of cell axi4lite_arbiter_top.$flatten\u_write_arbiter.\u_write_decoder.$lt$/work/openlane/axi4lite_arbiter_top_sv2v.v:27$552 ($lt).
Removed top 3 bits (of 4) from port B of cell axi4lite_arbiter_top.$flatten\u_write_arbiter.\u_write_qos.$gt$/work/openlane/axi4lite_arbiter_top_sv2v.v:147$642 ($gt).
Removed top 3 bits (of 4) from port B of cell axi4lite_arbiter_top.$flatten\u_write_arbiter.\u_write_qos.$sub$/work/openlane/axi4lite_arbiter_top_sv2v.v:148$643 ($sub).
Removed top 3 bits (of 4) from port B of cell axi4lite_arbiter_top.$flatten\u_write_arbiter.\u_write_qos.$gt$/work/openlane/axi4lite_arbiter_top_sv2v.v:154$644 ($gt).
Removed top 3 bits (of 4) from port B of cell axi4lite_arbiter_top.$flatten\u_write_arbiter.\u_write_qos.$sub$/work/openlane/axi4lite_arbiter_top_sv2v.v:155$645 ($sub).
Removed top 3 bits (of 4) from port B of cell axi4lite_arbiter_top.$flatten\u_write_arbiter.\u_write_qos.$gt$/work/openlane/axi4lite_arbiter_top_sv2v.v:161$646 ($gt).
Removed top 3 bits (of 4) from port B of cell axi4lite_arbiter_top.$flatten\u_write_arbiter.\u_write_qos.$sub$/work/openlane/axi4lite_arbiter_top_sv2v.v:162$647 ($sub).
Removed top 3 bits (of 4) from port B of cell axi4lite_arbiter_top.$flatten\u_write_arbiter.\u_write_qos.$gt$/work/openlane/axi4lite_arbiter_top_sv2v.v:238$652 ($gt).
Removed top 3 bits (of 4) from port B of cell axi4lite_arbiter_top.$flatten\u_write_arbiter.\u_write_qos.$gt$/work/openlane/axi4lite_arbiter_top_sv2v.v:242$654 ($gt).
Removed top 3 bits (of 4) from port B of cell axi4lite_arbiter_top.$flatten\u_write_arbiter.\u_write_qos.$gt$/work/openlane/axi4lite_arbiter_top_sv2v.v:246$656 ($gt).
Removed top 1 bits (of 2) from port B of cell axi4lite_arbiter_top.$flatten\u_write_arbiter.\u_write_qos.$eq$/work/openlane/axi4lite_arbiter_top_sv2v.v:373$679 ($eq).
Removed top 7 bits (of 8) from port B of cell axi4lite_arbiter_top.$flatten\u_write_arbiter.\u_write_qos.$add$/work/openlane/axi4lite_arbiter_top_sv2v.v:374$684 ($add).
Removed top 7 bits (of 8) from port B of cell axi4lite_arbiter_top.$flatten\u_write_arbiter.\u_write_qos.$add$/work/openlane/axi4lite_arbiter_top_sv2v.v:378$692 ($add).
Removed top 7 bits (of 8) from port B of cell axi4lite_arbiter_top.$flatten\u_write_arbiter.\u_write_qos.$add$/work/openlane/axi4lite_arbiter_top_sv2v.v:382$700 ($add).
Removed top 7 bits (of 8) from port B of cell axi4lite_arbiter_top.$flatten\u_write_arbiter.\u_write_qos.$add$/work/openlane/axi4lite_arbiter_top_sv2v.v:400$707 ($add).
Removed top 7 bits (of 8) from mux cell axi4lite_arbiter_top.$flatten\u_write_arbiter.\u_write_qos.$procmux$2904 ($mux).
Removed top 1 bits (of 2) from mux cell axi4lite_arbiter_top.$flatten\u_write_arbiter.\u_write_qos.$procmux$3877 ($mux).
Removed top 1 bits (of 2) from mux cell axi4lite_arbiter_top.$flatten\u_write_arbiter.\u_write_qos.$procmux$4319 ($mux).
Removed top 1 bits (of 2) from port B of cell axi4lite_arbiter_top.$flatten\u_write_arbiter.$eq$/work/openlane/axi4lite_arbiter_top_sv2v.v:817$1031 ($eq).
Converting cell axi4lite_arbiter_top.$flatten\u_write_arbiter.$neg$/work/openlane/axi4lite_arbiter_top_sv2v.v:0$1016 ($neg) from signed to unsigned.
Removed top 1 bits (of 3) from port A of cell axi4lite_arbiter_top.$flatten\u_write_arbiter.$neg$/work/openlane/axi4lite_arbiter_top_sv2v.v:0$1016 ($neg).
Removed top 27 bits (of 32) from port B of cell axi4lite_arbiter_top.$flatten\u_write_arbiter.$shiftx$/work/openlane/axi4lite_arbiter_top_sv2v.v:0$1005 ($shiftx).
Removed top 24 bits (of 32) from port B of cell axi4lite_arbiter_top.$flatten\u_write_arbiter.$shiftx$/work/openlane/axi4lite_arbiter_top_sv2v.v:0$1002 ($shiftx).
Removed top 30 bits (of 32) from port B of cell axi4lite_arbiter_top.$flatten\u_write_arbiter.$mul$/work/openlane/axi4lite_arbiter_top_sv2v.v:780$997 ($mul).
Removed top 28 bits (of 32) from port Y of cell axi4lite_arbiter_top.$flatten\u_write_arbiter.$mul$/work/openlane/axi4lite_arbiter_top_sv2v.v:780$997 ($mul).
Removed top 32 bits (of 64) from port A of cell axi4lite_arbiter_top.$flatten\u_write_arbiter.\u_write_decoder.$ge$/work/openlane/axi4lite_arbiter_top_sv2v.v:23$546 ($ge).
Removed top 63 bits (of 64) from port B of cell axi4lite_arbiter_top.$flatten\u_write_arbiter.\u_write_decoder.$ge$/work/openlane/axi4lite_arbiter_top_sv2v.v:23$546 ($ge).
Removed top 24 bits (of 32) from port B of cell axi4lite_arbiter_top.$flatten\u_write_arbiter.$shiftx$/work/openlane/axi4lite_arbiter_top_sv2v.v:0$910 ($shiftx).
Removed top 2 bits (of 3) from port B of cell axi4lite_arbiter_top.$auto$opt_dff.cc:195:make_patterns_logic$5104 ($ne).
Removed top 2 bits (of 3) from port B of cell axi4lite_arbiter_top.$auto$opt_dff.cc:195:make_patterns_logic$5106 ($ne).
Removed top 1 bits (of 2) from port B of cell axi4lite_arbiter_top.$auto$opt_dff.cc:195:make_patterns_logic$5131 ($ne).
Removed top 1 bits (of 2) from port B of cell axi4lite_arbiter_top.$auto$fsm_map.cc:77:implement_pattern_cache$4886 ($eq).
Removed top 1 bits (of 2) from port B of cell axi4lite_arbiter_top.$auto$opt_dff.cc:195:make_patterns_logic$5141 ($ne).
Removed top 2 bits (of 3) from port B of cell axi4lite_arbiter_top.$auto$opt_dff.cc:195:make_patterns_logic$5143 ($ne).
Removed top 1 bits (of 2) from port B of cell axi4lite_arbiter_top.$auto$opt_dff.cc:195:make_patterns_logic$5071 ($ne).
Removed top 1 bits (of 2) from port B of cell axi4lite_arbiter_top.$auto$fsm_map.cc:77:implement_pattern_cache$5061 ($eq).
Removed top 1 bits (of 2) from port B of cell axi4lite_arbiter_top.$auto$opt_dff.cc:195:make_patterns_logic$5102 ($ne).
Removed top 32 bits (of 64) from port A of cell axi4lite_arbiter_top.$flatten\u_read_arbiter.\u_read_decoder.$lt$/work/openlane/axi4lite_arbiter_top_sv2v.v:23$548 ($lt).
Removed top 47 bits (of 64) from port B of cell axi4lite_arbiter_top.$flatten\u_read_arbiter.\u_read_decoder.$lt$/work/openlane/axi4lite_arbiter_top_sv2v.v:23$548 ($lt).
Removed top 32 bits (of 64) from port A of cell axi4lite_arbiter_top.$flatten\u_read_arbiter.\u_read_decoder.$ge$/work/openlane/axi4lite_arbiter_top_sv2v.v:27$550 ($ge).
Removed top 47 bits (of 64) from port B of cell axi4lite_arbiter_top.$flatten\u_read_arbiter.\u_read_decoder.$ge$/work/openlane/axi4lite_arbiter_top_sv2v.v:27$550 ($ge).
Removed top 32 bits (of 64) from port A of cell axi4lite_arbiter_top.$flatten\u_read_arbiter.\u_read_decoder.$lt$/work/openlane/axi4lite_arbiter_top_sv2v.v:27$552 ($lt).
Removed top 46 bits (of 64) from port B of cell axi4lite_arbiter_top.$flatten\u_read_arbiter.\u_read_decoder.$lt$/work/openlane/axi4lite_arbiter_top_sv2v.v:27$552 ($lt).
Removed top 3 bits (of 4) from port B of cell axi4lite_arbiter_top.$flatten\u_read_arbiter.\u_read_qos.$gt$/work/openlane/axi4lite_arbiter_top_sv2v.v:147$642 ($gt).
Removed top 3 bits (of 4) from port B of cell axi4lite_arbiter_top.$flatten\u_read_arbiter.\u_read_qos.$sub$/work/openlane/axi4lite_arbiter_top_sv2v.v:148$643 ($sub).
Removed top 3 bits (of 4) from port B of cell axi4lite_arbiter_top.$flatten\u_read_arbiter.\u_read_qos.$gt$/work/openlane/axi4lite_arbiter_top_sv2v.v:154$644 ($gt).
Removed top 3 bits (of 4) from port B of cell axi4lite_arbiter_top.$flatten\u_read_arbiter.\u_read_qos.$sub$/work/openlane/axi4lite_arbiter_top_sv2v.v:155$645 ($sub).
Removed top 3 bits (of 4) from port B of cell axi4lite_arbiter_top.$flatten\u_read_arbiter.\u_read_qos.$gt$/work/openlane/axi4lite_arbiter_top_sv2v.v:161$646 ($gt).
Removed top 3 bits (of 4) from port B of cell axi4lite_arbiter_top.$flatten\u_read_arbiter.\u_read_qos.$sub$/work/openlane/axi4lite_arbiter_top_sv2v.v:162$647 ($sub).
Removed top 3 bits (of 4) from port B of cell axi4lite_arbiter_top.$flatten\u_read_arbiter.\u_read_qos.$gt$/work/openlane/axi4lite_arbiter_top_sv2v.v:238$652 ($gt).
Removed top 3 bits (of 4) from port B of cell axi4lite_arbiter_top.$flatten\u_read_arbiter.\u_read_qos.$gt$/work/openlane/axi4lite_arbiter_top_sv2v.v:242$654 ($gt).
Removed top 3 bits (of 4) from port B of cell axi4lite_arbiter_top.$flatten\u_read_arbiter.\u_read_qos.$gt$/work/openlane/axi4lite_arbiter_top_sv2v.v:246$656 ($gt).
Removed top 1 bits (of 2) from port B of cell axi4lite_arbiter_top.$flatten\u_read_arbiter.\u_read_qos.$eq$/work/openlane/axi4lite_arbiter_top_sv2v.v:373$679 ($eq).
Removed top 7 bits (of 8) from port B of cell axi4lite_arbiter_top.$flatten\u_read_arbiter.\u_read_qos.$add$/work/openlane/axi4lite_arbiter_top_sv2v.v:374$684 ($add).
Removed top 7 bits (of 8) from port B of cell axi4lite_arbiter_top.$flatten\u_read_arbiter.\u_read_qos.$add$/work/openlane/axi4lite_arbiter_top_sv2v.v:378$692 ($add).
Removed top 7 bits (of 8) from port B of cell axi4lite_arbiter_top.$flatten\u_read_arbiter.\u_read_qos.$add$/work/openlane/axi4lite_arbiter_top_sv2v.v:382$700 ($add).
Removed top 7 bits (of 8) from port B of cell axi4lite_arbiter_top.$flatten\u_read_arbiter.\u_read_qos.$add$/work/openlane/axi4lite_arbiter_top_sv2v.v:400$707 ($add).
Removed top 7 bits (of 8) from mux cell axi4lite_arbiter_top.$flatten\u_read_arbiter.\u_read_qos.$procmux$2904 ($mux).
Removed top 1 bits (of 2) from mux cell axi4lite_arbiter_top.$flatten\u_read_arbiter.\u_read_qos.$procmux$3877 ($mux).
Removed top 1 bits (of 2) from mux cell axi4lite_arbiter_top.$flatten\u_read_arbiter.\u_read_qos.$procmux$4319 ($mux).
Converting cell axi4lite_arbiter_top.$flatten\u_read_arbiter.$neg$/work/openlane/axi4lite_arbiter_top_sv2v.v:0$876 ($neg) from signed to unsigned.
Removed top 1 bits (of 3) from port A of cell axi4lite_arbiter_top.$flatten\u_read_arbiter.$neg$/work/openlane/axi4lite_arbiter_top_sv2v.v:0$876 ($neg).
Removed top 1 bits (of 2) from port B of cell axi4lite_arbiter_top.$flatten\u_read_arbiter.$eq$/work/openlane/axi4lite_arbiter_top_sv2v.v:1001$865 ($eq).
Removed top 30 bits (of 32) from port B of cell axi4lite_arbiter_top.$flatten\u_read_arbiter.$mul$/work/openlane/axi4lite_arbiter_top_sv2v.v:978$858 ($mul).
Removed top 28 bits (of 32) from port Y of cell axi4lite_arbiter_top.$flatten\u_read_arbiter.$mul$/work/openlane/axi4lite_arbiter_top_sv2v.v:978$858 ($mul).
Removed top 32 bits (of 64) from port A of cell axi4lite_arbiter_top.$flatten\u_read_arbiter.\u_read_decoder.$ge$/work/openlane/axi4lite_arbiter_top_sv2v.v:23$546 ($ge).
Removed top 63 bits (of 64) from port B of cell axi4lite_arbiter_top.$flatten\u_read_arbiter.\u_read_decoder.$ge$/work/openlane/axi4lite_arbiter_top_sv2v.v:23$546 ($ge).
Removed top 24 bits (of 32) from port B of cell axi4lite_arbiter_top.$flatten\u_read_arbiter.$shiftx$/work/openlane/axi4lite_arbiter_top_sv2v.v:0$850 ($shiftx).
Removed top 1 bits (of 2) from port B of cell axi4lite_arbiter_top.$flatten\u_response_router.$procmux$2341_CMP0 ($eq).
Removed top 1 bits (of 2) from port B of cell axi4lite_arbiter_top.$flatten\u_response_router.$procmux$1514_CMP0 ($eq).
Removed top 28 bits (of 32) from wire axi4lite_arbiter_top.$flatten\u_read_arbiter.$add$/work/openlane/axi4lite_arbiter_top_sv2v.v:0$859_Y.
Removed top 1 bits (of 3) from wire axi4lite_arbiter_top.$flatten\u_read_arbiter.$shiftx$/work/openlane/axi4lite_arbiter_top_sv2v.v:0$860_Y.
Removed top 1 bits (of 2) from wire axi4lite_arbiter_top.$flatten\u_read_arbiter.\u_read_qos.$23\next_cand[1:0].
Removed top 1 bits (of 2) from wire axi4lite_arbiter_top.$flatten\u_read_arbiter.\u_read_qos.$8\next_cand[1:0].
Removed top 7 bits (of 8) from wire axi4lite_arbiter_top.$flatten\u_read_arbiter.\u_read_qos.$procmux$2904_Y.
Removed top 28 bits (of 32) from wire axi4lite_arbiter_top.$flatten\u_write_arbiter.$add$/work/openlane/axi4lite_arbiter_top_sv2v.v:0$998_Y.
Removed top 1 bits (of 2) from wire axi4lite_arbiter_top.$flatten\u_write_arbiter.\u_write_qos.$23\next_cand[1:0].
Removed top 1 bits (of 2) from wire axi4lite_arbiter_top.$flatten\u_write_arbiter.\u_write_qos.$8\next_cand[1:0].
Removed top 7 bits (of 8) from wire axi4lite_arbiter_top.$flatten\u_write_arbiter.\u_write_qos.$procmux$2904_Y.

27. Executing PEEPOPT pass (run peephole optimizers).
right shiftmul pattern in axi4lite_arbiter_top: shift=$flatten\u_read_arbiter.$shiftx$/work/openlane/axi4lite_arbiter_top_sv2v.v:0$860, mul=$flatten\u_read_arbiter.$mul$/work/openlane/axi4lite_arbiter_top_sv2v.v:978$858
right shiftmul pattern in axi4lite_arbiter_top: shift=$flatten\u_write_arbiter.$shiftx$/work/openlane/axi4lite_arbiter_top_sv2v.v:0$999, mul=$flatten\u_write_arbiter.$mul$/work/openlane/axi4lite_arbiter_top_sv2v.v:780$997

28. Executing OPT_CLEAN pass (remove unused cells and wires).
Finding unused cells or wires in module \axi4lite_arbiter_top..
Removed 2 unused cells and 11 unused wires.
<suppressed ~3 debug messages>

29. Executing ALUMACC pass (create $alu and $macc cells).
Extracting $alu and $macc cells in module axi4lite_arbiter_top:
  creating $macc model for $flatten\u_read_arbiter.$neg$/work/openlane/axi4lite_arbiter_top_sv2v.v:0$876 ($neg).
  creating $macc model for $flatten\u_read_arbiter.\u_read_qos.$add$/work/openlane/axi4lite_arbiter_top_sv2v.v:374$684 ($add).
  creating $macc model for $flatten\u_read_arbiter.\u_read_qos.$add$/work/openlane/axi4lite_arbiter_top_sv2v.v:378$692 ($add).
  creating $macc model for $flatten\u_read_arbiter.\u_read_qos.$add$/work/openlane/axi4lite_arbiter_top_sv2v.v:382$700 ($add).
  creating $macc model for $flatten\u_read_arbiter.\u_read_qos.$add$/work/openlane/axi4lite_arbiter_top_sv2v.v:400$707 ($add).
  creating $macc model for $flatten\u_read_arbiter.\u_read_qos.$sub$/work/openlane/axi4lite_arbiter_top_sv2v.v:148$643 ($sub).
  creating $macc model for $flatten\u_read_arbiter.\u_read_qos.$sub$/work/openlane/axi4lite_arbiter_top_sv2v.v:155$645 ($sub).
  creating $macc model for $flatten\u_read_arbiter.\u_read_qos.$sub$/work/openlane/axi4lite_arbiter_top_sv2v.v:162$647 ($sub).
  creating $macc model for $flatten\u_write_arbiter.$neg$/work/openlane/axi4lite_arbiter_top_sv2v.v:0$1016 ($neg).
  creating $macc model for $flatten\u_write_arbiter.\u_write_qos.$add$/work/openlane/axi4lite_arbiter_top_sv2v.v:374$684 ($add).
  creating $macc model for $flatten\u_write_arbiter.\u_write_qos.$add$/work/openlane/axi4lite_arbiter_top_sv2v.v:378$692 ($add).
  creating $macc model for $flatten\u_write_arbiter.\u_write_qos.$add$/work/openlane/axi4lite_arbiter_top_sv2v.v:382$700 ($add).
  creating $macc model for $flatten\u_write_arbiter.\u_write_qos.$add$/work/openlane/axi4lite_arbiter_top_sv2v.v:400$707 ($add).
  creating $macc model for $flatten\u_write_arbiter.\u_write_qos.$sub$/work/openlane/axi4lite_arbiter_top_sv2v.v:148$643 ($sub).
  creating $macc model for $flatten\u_write_arbiter.\u_write_qos.$sub$/work/openlane/axi4lite_arbiter_top_sv2v.v:155$645 ($sub).
  creating $macc model for $flatten\u_write_arbiter.\u_write_qos.$sub$/work/openlane/axi4lite_arbiter_top_sv2v.v:162$647 ($sub).
  creating $alu model for $macc $flatten\u_write_arbiter.\u_write_qos.$sub$/work/openlane/axi4lite_arbiter_top_sv2v.v:162$647.
  creating $alu model for $macc $flatten\u_write_arbiter.\u_write_qos.$sub$/work/openlane/axi4lite_arbiter_top_sv2v.v:155$645.
  creating $alu model for $macc $flatten\u_write_arbiter.\u_write_qos.$sub$/work/openlane/axi4lite_arbiter_top_sv2v.v:148$643.
  creating $alu model for $macc $flatten\u_write_arbiter.\u_write_qos.$add$/work/openlane/axi4lite_arbiter_top_sv2v.v:400$707.
  creating $alu model for $macc $flatten\u_write_arbiter.\u_write_qos.$add$/work/openlane/axi4lite_arbiter_top_sv2v.v:382$700.
  creating $alu model for $macc $flatten\u_write_arbiter.\u_write_qos.$add$/work/openlane/axi4lite_arbiter_top_sv2v.v:378$692.
  creating $alu model for $macc $flatten\u_write_arbiter.\u_write_qos.$add$/work/openlane/axi4lite_arbiter_top_sv2v.v:374$684.
  creating $alu model for $macc $flatten\u_write_arbiter.$neg$/work/openlane/axi4lite_arbiter_top_sv2v.v:0$1016.
  creating $alu model for $macc $flatten\u_read_arbiter.\u_read_qos.$sub$/work/openlane/axi4lite_arbiter_top_sv2v.v:162$647.
  creating $alu model for $macc $flatten\u_read_arbiter.\u_read_qos.$sub$/work/openlane/axi4lite_arbiter_top_sv2v.v:155$645.
  creating $alu model for $macc $flatten\u_read_arbiter.\u_read_qos.$sub$/work/openlane/axi4lite_arbiter_top_sv2v.v:148$643.
  creating $alu model for $macc $flatten\u_read_arbiter.\u_read_qos.$add$/work/openlane/axi4lite_arbiter_top_sv2v.v:400$707.
  creating $alu model for $macc $flatten\u_read_arbiter.\u_read_qos.$add$/work/openlane/axi4lite_arbiter_top_sv2v.v:382$700.
  creating $alu model for $macc $flatten\u_read_arbiter.\u_read_qos.$add$/work/openlane/axi4lite_arbiter_top_sv2v.v:378$692.
  creating $alu model for $macc $flatten\u_read_arbiter.\u_read_qos.$add$/work/openlane/axi4lite_arbiter_top_sv2v.v:374$684.
  creating $alu model for $macc $flatten\u_read_arbiter.$neg$/work/openlane/axi4lite_arbiter_top_sv2v.v:0$876.
  creating $alu model for $flatten\u_read_arbiter.\u_read_decoder.$ge$/work/openlane/axi4lite_arbiter_top_sv2v.v:23$546 ($ge): new $alu
  creating $alu model for $flatten\u_read_arbiter.\u_read_decoder.$ge$/work/openlane/axi4lite_arbiter_top_sv2v.v:27$550 ($ge): new $alu
  creating $alu model for $flatten\u_read_arbiter.\u_read_decoder.$lt$/work/openlane/axi4lite_arbiter_top_sv2v.v:23$548 ($lt): merged with $flatten\u_read_arbiter.\u_read_decoder.$ge$/work/openlane/axi4lite_arbiter_top_sv2v.v:27$550.
  creating $alu model for $flatten\u_read_arbiter.\u_read_decoder.$lt$/work/openlane/axi4lite_arbiter_top_sv2v.v:27$552 ($lt): new $alu
  creating $alu model for $flatten\u_read_arbiter.\u_read_qos.$ge$/work/openlane/axi4lite_arbiter_top_sv2v.v:123$631 ($ge): new $alu
  creating $alu model for $flatten\u_read_arbiter.\u_read_qos.$ge$/work/openlane/axi4lite_arbiter_top_sv2v.v:124$633 ($ge): new $alu
  creating $alu model for $flatten\u_read_arbiter.\u_read_qos.$ge$/work/openlane/axi4lite_arbiter_top_sv2v.v:125$635 ($ge): new $alu
  creating $alu model for $flatten\u_read_arbiter.\u_read_qos.$ge$/work/openlane/axi4lite_arbiter_top_sv2v.v:130$639 ($ge): new $alu
  creating $alu model for $flatten\u_read_arbiter.\u_read_qos.$gt$/work/openlane/axi4lite_arbiter_top_sv2v.v:147$642 ($gt): new $alu
  creating $alu model for $flatten\u_read_arbiter.\u_read_qos.$gt$/work/openlane/axi4lite_arbiter_top_sv2v.v:154$644 ($gt): new $alu
  creating $alu model for $flatten\u_read_arbiter.\u_read_qos.$gt$/work/openlane/axi4lite_arbiter_top_sv2v.v:161$646 ($gt): new $alu
  creating $alu model for $flatten\u_read_arbiter.\u_read_qos.$gt$/work/openlane/axi4lite_arbiter_top_sv2v.v:238$652 ($gt): new $alu
  creating $alu model for $flatten\u_read_arbiter.\u_read_qos.$gt$/work/openlane/axi4lite_arbiter_top_sv2v.v:242$654 ($gt): new $alu
  creating $alu model for $flatten\u_read_arbiter.\u_read_qos.$gt$/work/openlane/axi4lite_arbiter_top_sv2v.v:246$656 ($gt): new $alu
  creating $alu model for $flatten\u_read_arbiter.\u_read_qos.$lt$/work/openlane/axi4lite_arbiter_top_sv2v.v:374$683 ($lt): new $alu
  creating $alu model for $flatten\u_read_arbiter.\u_read_qos.$lt$/work/openlane/axi4lite_arbiter_top_sv2v.v:378$691 ($lt): new $alu
  creating $alu model for $flatten\u_read_arbiter.\u_read_qos.$lt$/work/openlane/axi4lite_arbiter_top_sv2v.v:382$699 ($lt): new $alu
  creating $alu model for $flatten\u_read_arbiter.\u_read_qos.$lt$/work/openlane/axi4lite_arbiter_top_sv2v.v:400$706 ($lt): new $alu
  creating $alu model for $flatten\u_write_arbiter.\u_write_decoder.$ge$/work/openlane/axi4lite_arbiter_top_sv2v.v:23$546 ($ge): new $alu
  creating $alu model for $flatten\u_write_arbiter.\u_write_decoder.$ge$/work/openlane/axi4lite_arbiter_top_sv2v.v:27$550 ($ge): new $alu
  creating $alu model for $flatten\u_write_arbiter.\u_write_decoder.$lt$/work/openlane/axi4lite_arbiter_top_sv2v.v:23$548 ($lt): merged with $flatten\u_write_arbiter.\u_write_decoder.$ge$/work/openlane/axi4lite_arbiter_top_sv2v.v:27$550.
  creating $alu model for $flatten\u_write_arbiter.\u_write_decoder.$lt$/work/openlane/axi4lite_arbiter_top_sv2v.v:27$552 ($lt): new $alu
  creating $alu model for $flatten\u_write_arbiter.\u_write_qos.$ge$/work/openlane/axi4lite_arbiter_top_sv2v.v:123$631 ($ge): new $alu
  creating $alu model for $flatten\u_write_arbiter.\u_write_qos.$ge$/work/openlane/axi4lite_arbiter_top_sv2v.v:124$633 ($ge): new $alu
  creating $alu model for $flatten\u_write_arbiter.\u_write_qos.$ge$/work/openlane/axi4lite_arbiter_top_sv2v.v:125$635 ($ge): new $alu
  creating $alu model for $flatten\u_write_arbiter.\u_write_qos.$ge$/work/openlane/axi4lite_arbiter_top_sv2v.v:130$639 ($ge): new $alu
  creating $alu model for $flatten\u_write_arbiter.\u_write_qos.$gt$/work/openlane/axi4lite_arbiter_top_sv2v.v:147$642 ($gt): new $alu
  creating $alu model for $flatten\u_write_arbiter.\u_write_qos.$gt$/work/openlane/axi4lite_arbiter_top_sv2v.v:154$644 ($gt): new $alu
  creating $alu model for $flatten\u_write_arbiter.\u_write_qos.$gt$/work/openlane/axi4lite_arbiter_top_sv2v.v:161$646 ($gt): new $alu
  creating $alu model for $flatten\u_write_arbiter.\u_write_qos.$gt$/work/openlane/axi4lite_arbiter_top_sv2v.v:238$652 ($gt): new $alu
  creating $alu model for $flatten\u_write_arbiter.\u_write_qos.$gt$/work/openlane/axi4lite_arbiter_top_sv2v.v:242$654 ($gt): new $alu
  creating $alu model for $flatten\u_write_arbiter.\u_write_qos.$gt$/work/openlane/axi4lite_arbiter_top_sv2v.v:246$656 ($gt): new $alu
  creating $alu model for $flatten\u_write_arbiter.\u_write_qos.$lt$/work/openlane/axi4lite_arbiter_top_sv2v.v:374$683 ($lt): new $alu
  creating $alu model for $flatten\u_write_arbiter.\u_write_qos.$lt$/work/openlane/axi4lite_arbiter_top_sv2v.v:378$691 ($lt): new $alu
  creating $alu model for $flatten\u_write_arbiter.\u_write_qos.$lt$/work/openlane/axi4lite_arbiter_top_sv2v.v:382$699 ($lt): new $alu
  creating $alu model for $flatten\u_write_arbiter.\u_write_qos.$lt$/work/openlane/axi4lite_arbiter_top_sv2v.v:400$706 ($lt): new $alu
  creating $alu cell for $flatten\u_write_arbiter.\u_write_qos.$lt$/work/openlane/axi4lite_arbiter_top_sv2v.v:400$706: $auto$alumacc.cc:485:replace_alu$5206
  creating $alu cell for $flatten\u_write_arbiter.\u_write_qos.$lt$/work/openlane/axi4lite_arbiter_top_sv2v.v:382$699: $auto$alumacc.cc:485:replace_alu$5211
  creating $alu cell for $flatten\u_write_arbiter.\u_write_qos.$lt$/work/openlane/axi4lite_arbiter_top_sv2v.v:378$691: $auto$alumacc.cc:485:replace_alu$5216
  creating $alu cell for $flatten\u_write_arbiter.\u_write_qos.$lt$/work/openlane/axi4lite_arbiter_top_sv2v.v:374$683: $auto$alumacc.cc:485:replace_alu$5221
  creating $alu cell for $flatten\u_write_arbiter.\u_write_qos.$gt$/work/openlane/axi4lite_arbiter_top_sv2v.v:246$656: $auto$alumacc.cc:485:replace_alu$5226
  creating $alu cell for $flatten\u_write_arbiter.\u_write_qos.$gt$/work/openlane/axi4lite_arbiter_top_sv2v.v:242$654: $auto$alumacc.cc:485:replace_alu$5231
  creating $alu cell for $flatten\u_write_arbiter.\u_write_qos.$gt$/work/openlane/axi4lite_arbiter_top_sv2v.v:238$652: $auto$alumacc.cc:485:replace_alu$5236
  creating $alu cell for $flatten\u_write_arbiter.\u_write_qos.$gt$/work/openlane/axi4lite_arbiter_top_sv2v.v:161$646: $auto$alumacc.cc:485:replace_alu$5241
  creating $alu cell for $flatten\u_write_arbiter.\u_write_qos.$gt$/work/openlane/axi4lite_arbiter_top_sv2v.v:154$644: $auto$alumacc.cc:485:replace_alu$5246
  creating $alu cell for $flatten\u_write_arbiter.\u_write_qos.$gt$/work/openlane/axi4lite_arbiter_top_sv2v.v:147$642: $auto$alumacc.cc:485:replace_alu$5251
  creating $alu cell for $flatten\u_write_arbiter.\u_write_qos.$ge$/work/openlane/axi4lite_arbiter_top_sv2v.v:130$639: $auto$alumacc.cc:485:replace_alu$5256
  creating $alu cell for $flatten\u_write_arbiter.\u_write_qos.$ge$/work/openlane/axi4lite_arbiter_top_sv2v.v:125$635: $auto$alumacc.cc:485:replace_alu$5265
  creating $alu cell for $flatten\u_write_arbiter.\u_write_qos.$ge$/work/openlane/axi4lite_arbiter_top_sv2v.v:124$633: $auto$alumacc.cc:485:replace_alu$5274
  creating $alu cell for $flatten\u_write_arbiter.\u_write_qos.$ge$/work/openlane/axi4lite_arbiter_top_sv2v.v:123$631: $auto$alumacc.cc:485:replace_alu$5283
  creating $alu cell for $flatten\u_write_arbiter.\u_write_decoder.$lt$/work/openlane/axi4lite_arbiter_top_sv2v.v:27$552: $auto$alumacc.cc:485:replace_alu$5292
  creating $alu cell for $flatten\u_write_arbiter.\u_write_decoder.$ge$/work/openlane/axi4lite_arbiter_top_sv2v.v:27$550, $flatten\u_write_arbiter.\u_write_decoder.$lt$/work/openlane/axi4lite_arbiter_top_sv2v.v:23$548: $auto$alumacc.cc:485:replace_alu$5303
  creating $alu cell for $flatten\u_write_arbiter.\u_write_decoder.$ge$/work/openlane/axi4lite_arbiter_top_sv2v.v:23$546: $auto$alumacc.cc:485:replace_alu$5316
  creating $alu cell for $flatten\u_read_arbiter.\u_read_qos.$lt$/work/openlane/axi4lite_arbiter_top_sv2v.v:400$706: $auto$alumacc.cc:485:replace_alu$5325
  creating $alu cell for $flatten\u_read_arbiter.\u_read_qos.$lt$/work/openlane/axi4lite_arbiter_top_sv2v.v:382$699: $auto$alumacc.cc:485:replace_alu$5330
  creating $alu cell for $flatten\u_read_arbiter.\u_read_qos.$lt$/work/openlane/axi4lite_arbiter_top_sv2v.v:378$691: $auto$alumacc.cc:485:replace_alu$5335
  creating $alu cell for $flatten\u_read_arbiter.\u_read_qos.$lt$/work/openlane/axi4lite_arbiter_top_sv2v.v:374$683: $auto$alumacc.cc:485:replace_alu$5340
  creating $alu cell for $flatten\u_read_arbiter.\u_read_qos.$gt$/work/openlane/axi4lite_arbiter_top_sv2v.v:246$656: $auto$alumacc.cc:485:replace_alu$5345
  creating $alu cell for $flatten\u_read_arbiter.\u_read_qos.$gt$/work/openlane/axi4lite_arbiter_top_sv2v.v:242$654: $auto$alumacc.cc:485:replace_alu$5350
  creating $alu cell for $flatten\u_read_arbiter.\u_read_qos.$gt$/work/openlane/axi4lite_arbiter_top_sv2v.v:238$652: $auto$alumacc.cc:485:replace_alu$5355
  creating $alu cell for $flatten\u_read_arbiter.\u_read_qos.$gt$/work/openlane/axi4lite_arbiter_top_sv2v.v:161$646: $auto$alumacc.cc:485:replace_alu$5360
  creating $alu cell for $flatten\u_read_arbiter.\u_read_qos.$gt$/work/openlane/axi4lite_arbiter_top_sv2v.v:154$644: $auto$alumacc.cc:485:replace_alu$5365
  creating $alu cell for $flatten\u_read_arbiter.\u_read_qos.$gt$/work/openlane/axi4lite_arbiter_top_sv2v.v:147$642: $auto$alumacc.cc:485:replace_alu$5370
  creating $alu cell for $flatten\u_read_arbiter.\u_read_qos.$ge$/work/openlane/axi4lite_arbiter_top_sv2v.v:130$639: $auto$alumacc.cc:485:replace_alu$5375
  creating $alu cell for $flatten\u_read_arbiter.\u_read_qos.$ge$/work/openlane/axi4lite_arbiter_top_sv2v.v:125$635: $auto$alumacc.cc:485:replace_alu$5384
  creating $alu cell for $flatten\u_read_arbiter.\u_read_qos.$ge$/work/openlane/axi4lite_arbiter_top_sv2v.v:124$633: $auto$alumacc.cc:485:replace_alu$5393
  creating $alu cell for $flatten\u_read_arbiter.\u_read_qos.$ge$/work/openlane/axi4lite_arbiter_top_sv2v.v:123$631: $auto$alumacc.cc:485:replace_alu$5402
  creating $alu cell for $flatten\u_read_arbiter.\u_read_decoder.$lt$/work/openlane/axi4lite_arbiter_top_sv2v.v:27$552: $auto$alumacc.cc:485:replace_alu$5411
  creating $alu cell for $flatten\u_read_arbiter.\u_read_decoder.$ge$/work/openlane/axi4lite_arbiter_top_sv2v.v:27$550, $flatten\u_read_arbiter.\u_read_decoder.$lt$/work/openlane/axi4lite_arbiter_top_sv2v.v:23$548: $auto$alumacc.cc:485:replace_alu$5422
  creating $alu cell for $flatten\u_read_arbiter.\u_read_decoder.$ge$/work/openlane/axi4lite_arbiter_top_sv2v.v:23$546: $auto$alumacc.cc:485:replace_alu$5435
  creating $alu cell for $flatten\u_read_arbiter.$neg$/work/openlane/axi4lite_arbiter_top_sv2v.v:0$876: $auto$alumacc.cc:485:replace_alu$5444
  creating $alu cell for $flatten\u_read_arbiter.\u_read_qos.$add$/work/openlane/axi4lite_arbiter_top_sv2v.v:374$684: $auto$alumacc.cc:485:replace_alu$5447
  creating $alu cell for $flatten\u_read_arbiter.\u_read_qos.$add$/work/openlane/axi4lite_arbiter_top_sv2v.v:378$692: $auto$alumacc.cc:485:replace_alu$5450
  creating $alu cell for $flatten\u_read_arbiter.\u_read_qos.$add$/work/openlane/axi4lite_arbiter_top_sv2v.v:382$700: $auto$alumacc.cc:485:replace_alu$5453
  creating $alu cell for $flatten\u_read_arbiter.\u_read_qos.$add$/work/openlane/axi4lite_arbiter_top_sv2v.v:400$707: $auto$alumacc.cc:485:replace_alu$5456
  creating $alu cell for $flatten\u_read_arbiter.\u_read_qos.$sub$/work/openlane/axi4lite_arbiter_top_sv2v.v:148$643: $auto$alumacc.cc:485:replace_alu$5459
  creating $alu cell for $flatten\u_read_arbiter.\u_read_qos.$sub$/work/openlane/axi4lite_arbiter_top_sv2v.v:155$645: $auto$alumacc.cc:485:replace_alu$5462
  creating $alu cell for $flatten\u_read_arbiter.\u_read_qos.$sub$/work/openlane/axi4lite_arbiter_top_sv2v.v:162$647: $auto$alumacc.cc:485:replace_alu$5465
  creating $alu cell for $flatten\u_write_arbiter.$neg$/work/openlane/axi4lite_arbiter_top_sv2v.v:0$1016: $auto$alumacc.cc:485:replace_alu$5468
  creating $alu cell for $flatten\u_write_arbiter.\u_write_qos.$add$/work/openlane/axi4lite_arbiter_top_sv2v.v:374$684: $auto$alumacc.cc:485:replace_alu$5471
  creating $alu cell for $flatten\u_write_arbiter.\u_write_qos.$add$/work/openlane/axi4lite_arbiter_top_sv2v.v:378$692: $auto$alumacc.cc:485:replace_alu$5474
  creating $alu cell for $flatten\u_write_arbiter.\u_write_qos.$add$/work/openlane/axi4lite_arbiter_top_sv2v.v:382$700: $auto$alumacc.cc:485:replace_alu$5477
  creating $alu cell for $flatten\u_write_arbiter.\u_write_qos.$add$/work/openlane/axi4lite_arbiter_top_sv2v.v:400$707: $auto$alumacc.cc:485:replace_alu$5480
  creating $alu cell for $flatten\u_write_arbiter.\u_write_qos.$sub$/work/openlane/axi4lite_arbiter_top_sv2v.v:148$643: $auto$alumacc.cc:485:replace_alu$5483
  creating $alu cell for $flatten\u_write_arbiter.\u_write_qos.$sub$/work/openlane/axi4lite_arbiter_top_sv2v.v:155$645: $auto$alumacc.cc:485:replace_alu$5486
  creating $alu cell for $flatten\u_write_arbiter.\u_write_qos.$sub$/work/openlane/axi4lite_arbiter_top_sv2v.v:162$647: $auto$alumacc.cc:485:replace_alu$5489
  created 50 $alu and 0 $macc cells.

30. Executing SHARE pass (SAT-based resource sharing).

31. Executing OPT pass (performing simple optimizations).

31.1. Executing OPT_EXPR pass (perform const folding).
Optimizing module axi4lite_arbiter_top.
<suppressed ~20 debug messages>

31.2. Executing OPT_MERGE pass (detect identical cells).
Finding identical cells in module `\axi4lite_arbiter_top'.
Removed a total of 0 cells.

31.3. Executing OPT_MUXTREE pass (detect dead branches in mux trees).
Running muxtree optimizer on module \axi4lite_arbiter_top..
  Creating internal representation of mux trees.
  Evaluating internal representation of mux trees.
  Analyzing evaluation results.
Removed 0 multiplexer ports.
<suppressed ~104 debug messages>

31.4. Executing OPT_REDUCE pass (consolidate $*mux and $reduce_* inputs).
  Optimizing cells in module \axi4lite_arbiter_top.
Performed a total of 0 changes.

31.5. Executing OPT_MERGE pass (detect identical cells).
Finding identical cells in module `\axi4lite_arbiter_top'.
<suppressed ~12 debug messages>
Removed a total of 4 cells.

31.6. Executing OPT_DFF pass (perform DFF optimizations).

31.7. Executing OPT_CLEAN pass (remove unused cells and wires).
Finding unused cells or wires in module \axi4lite_arbiter_top..
Removed 8 unused cells and 48 unused wires.
<suppressed ~9 debug messages>

31.8. Executing OPT_EXPR pass (perform const folding).
Optimizing module axi4lite_arbiter_top.

31.9. Rerunning OPT passes. (Maybe there is more to do..)

31.10. Executing OPT_MUXTREE pass (detect dead branches in mux trees).
Running muxtree optimizer on module \axi4lite_arbiter_top..
  Creating internal representation of mux trees.
  Evaluating internal representation of mux trees.
  Analyzing evaluation results.
Removed 0 multiplexer ports.
<suppressed ~108 debug messages>

31.11. Executing OPT_REDUCE pass (consolidate $*mux and $reduce_* inputs).
  Optimizing cells in module \axi4lite_arbiter_top.
Performed a total of 0 changes.

31.12. Executing OPT_MERGE pass (detect identical cells).
Finding identical cells in module `\axi4lite_arbiter_top'.
Removed a total of 0 cells.

31.13. Executing OPT_DFF pass (perform DFF optimizations).

31.14. Executing OPT_CLEAN pass (remove unused cells and wires).
Finding unused cells or wires in module \axi4lite_arbiter_top..

31.15. Executing OPT_EXPR pass (perform const folding).
Optimizing module axi4lite_arbiter_top.

31.16. Finished OPT passes. (There is nothing left to do.)

32. Executing MEMORY pass.

32.1. Executing OPT_MEM pass (optimize memories).
Performed a total of 0 transformations.

32.2. Executing OPT_MEM_PRIORITY pass (removing unnecessary memory write priority relations).
Performed a total of 0 transformations.

32.3. Executing OPT_MEM_FEEDBACK pass (finding memory read-to-write feedback paths).

32.4. Executing MEMORY_BMUX2ROM pass (converting muxes to ROMs).

32.5. Executing MEMORY_DFF pass (merging $dff cells to $memrd).

32.6. Executing OPT_CLEAN pass (remove unused cells and wires).
Finding unused cells or wires in module \axi4lite_arbiter_top..

32.7. Executing MEMORY_SHARE pass (consolidating $memrd/$memwr cells).

32.8. Executing OPT_MEM_WIDEN pass (optimize memories where all ports are wide).
Performed a total of 0 transformations.

32.9. Executing OPT_CLEAN pass (remove unused cells and wires).
Finding unused cells or wires in module \axi4lite_arbiter_top..

32.10. Executing MEMORY_COLLECT pass (generating $mem cells).

33. Executing OPT_CLEAN pass (remove unused cells and wires).
Finding unused cells or wires in module \axi4lite_arbiter_top..

34. Executing OPT pass (performing simple optimizations).

34.1. Executing OPT_EXPR pass (perform const folding).
Optimizing module axi4lite_arbiter_top.
<suppressed ~175 debug messages>

34.2. Executing OPT_MERGE pass (detect identical cells).
Finding identical cells in module `\axi4lite_arbiter_top'.
<suppressed ~33 debug messages>
Removed a total of 11 cells.

34.3. Executing OPT_DFF pass (perform DFF optimizations).

34.4. Executing OPT_CLEAN pass (remove unused cells and wires).
Finding unused cells or wires in module \axi4lite_arbiter_top..
Removed 9 unused cells and 81 unused wires.
<suppressed ~10 debug messages>

34.5. Finished fast OPT passes.

35. Executing MEMORY_MAP pass (converting memories to logic and flip-flops).

36. Executing OPT pass (performing simple optimizations).

36.1. Executing OPT_EXPR pass (perform const folding).
Optimizing module axi4lite_arbiter_top.

36.2. Executing OPT_MERGE pass (detect identical cells).
Finding identical cells in module `\axi4lite_arbiter_top'.
Removed a total of 0 cells.

36.3. Executing OPT_MUXTREE pass (detect dead branches in mux trees).
Running muxtree optimizer on module \axi4lite_arbiter_top..
  Creating internal representation of mux trees.
  Evaluating internal representation of mux trees.
      Replacing known input bits on port B of cell $flatten\u_read_arbiter.\u_read_qos.$procmux$4463: { $flatten\u_read_arbiter.\u_read_qos.$6\cand_valid[0:0] \u_read_arbiter.arb_starvation_unused } -> { $flatten\u_read_arbiter.\u_read_qos.$6\cand_valid[0:0] 1'1 }
      Replacing known input bits on port B of cell $flatten\u_write_arbiter.\u_write_qos.$procmux$4463: { $flatten\u_write_arbiter.\u_write_qos.$6\cand_valid[0:0] \u_write_arbiter.arb_starvation_unused } -> { $flatten\u_write_arbiter.\u_write_qos.$6\cand_valid[0:0] 1'1 }
  Analyzing evaluation results.
Removed 0 multiplexer ports.
<suppressed ~81 debug messages>

36.4. Executing OPT_REDUCE pass (consolidate $*mux and $reduce_* inputs).
  Optimizing cells in module \axi4lite_arbiter_top.
    New ctrl vector for $pmux cell $flatten\u_read_arbiter.$procmux$1383: { $flatten\u_read_arbiter.$procmux$1379_CMP $flatten\u_read_arbiter.$eq$/work/openlane/axi4lite_arbiter_top_sv2v.v:1001$865_Y }
    Consolidated identical input bits for $mux cell $flatten\u_read_arbiter.\u_read_decoder.$procmux$4597:
      Old ports: A=2'00, B=2'10, Y=$flatten\u_read_arbiter.\u_read_decoder.$2\slave_sel[1:0]
      New ports: A=1'0, B=1'1, Y=$flatten\u_read_arbiter.\u_read_decoder.$2\slave_sel[1:0] [1]
      New connections: $flatten\u_read_arbiter.\u_read_decoder.$2\slave_sel[1:0] [0] = 1'0
    Consolidated identical input bits for $mux cell $flatten\u_read_arbiter.\u_read_qos.$procmux$3767:
      Old ports: A=2'00, B=2'10, Y=$flatten\u_read_arbiter.\u_read_qos.$26\next_cand[1:0]
      New ports: A=1'0, B=1'1, Y=$flatten\u_read_arbiter.\u_read_qos.$26\next_cand[1:0] [1]
      New connections: $flatten\u_read_arbiter.\u_read_qos.$26\next_cand[1:0] [0] = 1'0
    Consolidated identical input bits for $mux cell $flatten\u_read_arbiter.\u_read_qos.$procmux$3993:
      Old ports: A=2'00, B=2'11, Y=$flatten\u_read_arbiter.\u_read_qos.$20\next_cand[1:0]
      New ports: A=1'0, B=1'1, Y=$flatten\u_read_arbiter.\u_read_qos.$20\next_cand[1:0] [0]
      New connections: $flatten\u_read_arbiter.\u_read_qos.$20\next_cand[1:0] [1] = $flatten\u_read_arbiter.\u_read_qos.$20\next_cand[1:0] [0]
    Consolidated identical input bits for $mux cell $flatten\u_read_arbiter.\u_read_qos.$procmux$4162:
      Old ports: A=2'00, B=2'11, Y=$flatten\u_read_arbiter.\u_read_qos.$14\next_cand[1:0]
      New ports: A=1'0, B=1'1, Y=$flatten\u_read_arbiter.\u_read_qos.$14\next_cand[1:0] [0]
      New connections: $flatten\u_read_arbiter.\u_read_qos.$14\next_cand[1:0] [1] = $flatten\u_read_arbiter.\u_read_qos.$14\next_cand[1:0] [0]
    Consolidated identical input bits for $mux cell $flatten\u_read_arbiter.\u_read_qos.$procmux$4245:
      Old ports: A=2'00, B=2'10, Y=$flatten\u_read_arbiter.\u_read_qos.$11\next_cand[1:0]
      New ports: A=1'0, B=1'1, Y=$flatten\u_read_arbiter.\u_read_qos.$11\next_cand[1:0] [1]
      New connections: $flatten\u_read_arbiter.\u_read_qos.$11\next_cand[1:0] [0] = 1'0
    Consolidated identical input bits for $mux cell $flatten\u_response_router.$procmux$2030:
      Old ports: A=2'00, B=2'11, Y=$flatten\u_response_router.$3\m_rresp[7:0] [7:6]
      New ports: A=1'0, B=1'1, Y=$flatten\u_response_router.$3\m_rresp[7:0] [6]
      New connections: $flatten\u_response_router.$3\m_rresp[7:0] [7] = $flatten\u_response_router.$3\m_rresp[7:0] [6]
    Consolidated identical input bits for $mux cell $flatten\u_response_router.$procmux$2042:
      Old ports: A=2'00, B=2'11, Y=$flatten\u_response_router.$3\m_rresp[7:0] [1:0]
      New ports: A=1'0, B=1'1, Y=$flatten\u_response_router.$3\m_rresp[7:0] [0]
      New connections: $flatten\u_response_router.$3\m_rresp[7:0] [1] = $flatten\u_response_router.$3\m_rresp[7:0] [0]
    Consolidated identical input bits for $mux cell $flatten\u_response_router.$procmux$2052:
      Old ports: A=2'00, B=2'11, Y=$flatten\u_response_router.$3\m_rresp[7:0] [5:4]
      New ports: A=1'0, B=1'1, Y=$flatten\u_response_router.$3\m_rresp[7:0] [4]
      New connections: $flatten\u_response_router.$3\m_rresp[7:0] [5] = $flatten\u_response_router.$3\m_rresp[7:0] [4]
    Consolidated identical input bits for $mux cell $flatten\u_response_router.$procmux$2063:
      Old ports: A=2'00, B=2'11, Y=$flatten\u_response_router.$3\m_rresp[7:0] [3:2]
      New ports: A=1'0, B=1'1, Y=$flatten\u_response_router.$3\m_rresp[7:0] [2]
      New connections: $flatten\u_response_router.$3\m_rresp[7:0] [3] = $flatten\u_response_router.$3\m_rresp[7:0] [2]
    Consolidated identical input bits for $mux cell $flatten\u_response_router.$procmux$2686:
      Old ports: A=2'00, B=2'11, Y=$flatten\u_response_router.$3\m_bresp[7:0] [7:6]
      New ports: A=1'0, B=1'1, Y=$flatten\u_response_router.$3\m_bresp[7:0] [6]
      New connections: $flatten\u_response_router.$3\m_bresp[7:0] [7] = $flatten\u_response_router.$3\m_bresp[7:0] [6]
    Consolidated identical input bits for $mux cell $flatten\u_response_router.$procmux$2698:
      Old ports: A=2'00, B=2'11, Y=$flatten\u_response_router.$3\m_bresp[7:0] [1:0]
      New ports: A=1'0, B=1'1, Y=$flatten\u_response_router.$3\m_bresp[7:0] [0]
      New connections: $flatten\u_response_router.$3\m_bresp[7:0] [1] = $flatten\u_response_router.$3\m_bresp[7:0] [0]
    Consolidated identical input bits for $mux cell $flatten\u_response_router.$procmux$2708:
      Old ports: A=2'00, B=2'11, Y=$flatten\u_response_router.$3\m_bresp[7:0] [5:4]
      New ports: A=1'0, B=1'1, Y=$flatten\u_response_router.$3\m_bresp[7:0] [4]
      New connections: $flatten\u_response_router.$3\m_bresp[7:0] [5] = $flatten\u_response_router.$3\m_bresp[7:0] [4]
    Consolidated identical input bits for $mux cell $flatten\u_response_router.$procmux$2719:
      Old ports: A=2'00, B=2'11, Y=$flatten\u_response_router.$3\m_bresp[7:0] [3:2]
      New ports: A=1'0, B=1'1, Y=$flatten\u_response_router.$3\m_bresp[7:0] [2]
      New connections: $flatten\u_response_router.$3\m_bresp[7:0] [3] = $flatten\u_response_router.$3\m_bresp[7:0] [2]
    Consolidated identical input bits for $mux cell $flatten\u_write_arbiter.\u_write_decoder.$procmux$4597:
      Old ports: A=2'00, B=2'10, Y=$flatten\u_write_arbiter.\u_write_decoder.$2\slave_sel[1:0]
      New ports: A=1'0, B=1'1, Y=$flatten\u_write_arbiter.\u_write_decoder.$2\slave_sel[1:0] [1]
      New connections: $flatten\u_write_arbiter.\u_write_decoder.$2\slave_sel[1:0] [0] = 1'0
    Consolidated identical input bits for $mux cell $flatten\u_write_arbiter.\u_write_qos.$procmux$3648:
      Old ports: A=2'00, B=2'11, Y=$flatten\u_write_arbiter.\u_write_qos.$20\next_cand[1:0]
      New ports: A=1'0, B=1'1, Y=$flatten\u_write_arbiter.\u_write_qos.$20\next_cand[1:0] [0]
      New connections: $flatten\u_write_arbiter.\u_write_qos.$20\next_cand[1:0] [1] = $flatten\u_write_arbiter.\u_write_qos.$20\next_cand[1:0] [0]
    Consolidated identical input bits for $mux cell $flatten\u_write_arbiter.\u_write_qos.$procmux$3767:
      Old ports: A=2'00, B=2'10, Y=$flatten\u_write_arbiter.\u_write_qos.$26\next_cand[1:0]
      New ports: A=1'0, B=1'1, Y=$flatten\u_write_arbiter.\u_write_qos.$26\next_cand[1:0] [1]
      New connections: $flatten\u_write_arbiter.\u_write_qos.$26\next_cand[1:0] [0] = 1'0
    Consolidated identical input bits for $mux cell $flatten\u_write_arbiter.\u_write_qos.$procmux$4162:
      Old ports: A=2'00, B=2'11, Y=$flatten\u_write_arbiter.\u_write_qos.$14\next_cand[1:0]
      New ports: A=1'0, B=1'1, Y=$flatten\u_write_arbiter.\u_write_qos.$14\next_cand[1:0] [0]
      New connections: $flatten\u_write_arbiter.\u_write_qos.$14\next_cand[1:0] [1] = $flatten\u_write_arbiter.\u_write_qos.$14\next_cand[1:0] [0]
    Consolidated identical input bits for $mux cell $flatten\u_write_arbiter.\u_write_qos.$procmux$4245:
      Old ports: A=2'00, B=2'10, Y=$flatten\u_write_arbiter.\u_write_qos.$11\next_cand[1:0]
      New ports: A=1'0, B=1'1, Y=$flatten\u_write_arbiter.\u_write_qos.$11\next_cand[1:0] [1]
      New connections: $flatten\u_write_arbiter.\u_write_qos.$11\next_cand[1:0] [0] = 1'0
  Optimizing cells in module \axi4lite_arbiter_top.
Performed a total of 19 changes.

36.5. Executing OPT_MERGE pass (detect identical cells).
Finding identical cells in module `\axi4lite_arbiter_top'.
Removed a total of 0 cells.

36.6. Executing OPT_SHARE pass.

36.7. Executing OPT_DFF pass (perform DFF optimizations).
Adding EN signal on $auto$ff.cc:266:slice$5134 ($adffe) from module axi4lite_arbiter_top (D = \u_read_arbiter.u_read_qos.next_cand, Q = \u_read_arbiter.u_read_qos.current_master).
Adding EN signal on $auto$ff.cc:266:slice$5074 ($adffe) from module axi4lite_arbiter_top (D = \u_write_arbiter.u_write_qos.next_cand, Q = \u_write_arbiter.u_write_qos.current_master).

36.8. Executing OPT_CLEAN pass (remove unused cells and wires).
Finding unused cells or wires in module \axi4lite_arbiter_top..
Removed 2 unused cells and 2 unused wires.
<suppressed ~3 debug messages>

36.9. Executing OPT_EXPR pass (perform const folding).
Optimizing module axi4lite_arbiter_top.
<suppressed ~18 debug messages>

36.10. Rerunning OPT passes. (Maybe there is more to do..)

36.11. Executing OPT_MUXTREE pass (detect dead branches in mux trees).
Running muxtree optimizer on module \axi4lite_arbiter_top..
  Creating internal representation of mux trees.
  Evaluating internal representation of mux trees.
  Analyzing evaluation results.
Removed 0 multiplexer ports.
<suppressed ~79 debug messages>

36.12. Executing OPT_REDUCE pass (consolidate $*mux and $reduce_* inputs).
  Optimizing cells in module \axi4lite_arbiter_top.
Performed a total of 0 changes.

36.13. Executing OPT_MERGE pass (detect identical cells).
Finding identical cells in module `\axi4lite_arbiter_top'.
Removed a total of 0 cells.

36.14. Executing OPT_SHARE pass.

36.15. Executing OPT_DFF pass (perform DFF optimizations).

36.16. Executing OPT_CLEAN pass (remove unused cells and wires).
Finding unused cells or wires in module \axi4lite_arbiter_top..
Removed 0 unused cells and 16 unused wires.
<suppressed ~1 debug messages>

36.17. Executing OPT_EXPR pass (perform const folding).
Optimizing module axi4lite_arbiter_top.

36.18. Rerunning OPT passes. (Maybe there is more to do..)

36.19. Executing OPT_MUXTREE pass (detect dead branches in mux trees).
Running muxtree optimizer on module \axi4lite_arbiter_top..
  Creating internal representation of mux trees.
  Evaluating internal representation of mux trees.
  Analyzing evaluation results.
Removed 0 multiplexer ports.
<suppressed ~79 debug messages>

36.20. Executing OPT_REDUCE pass (consolidate $*mux and $reduce_* inputs).
  Optimizing cells in module \axi4lite_arbiter_top.
Performed a total of 0 changes.

36.21. Executing OPT_MERGE pass (detect identical cells).
Finding identical cells in module `\axi4lite_arbiter_top'.
Removed a total of 0 cells.

36.22. Executing OPT_SHARE pass.

36.23. Executing OPT_DFF pass (perform DFF optimizations).

36.24. Executing OPT_CLEAN pass (remove unused cells and wires).
Finding unused cells or wires in module \axi4lite_arbiter_top..

36.25. Executing OPT_EXPR pass (perform const folding).
Optimizing module axi4lite_arbiter_top.

36.26. Finished OPT passes. (There is nothing left to do.)

37. Executing TECHMAP pass (map to technology primitives).

37.1. Executing Verilog-2005 frontend: /nix/store/vn1kmwhr52wisnfkmn6fk9g15p3klzs0-yosys/bin/../share/yosys/techmap.v
Parsing Verilog input from `/nix/store/vn1kmwhr52wisnfkmn6fk9g15p3klzs0-yosys/bin/../share/yosys/techmap.v' to AST representation.
Generating RTLIL representation for module `\_90_simplemap_bool_ops'.
Generating RTLIL representation for module `\_90_simplemap_reduce_ops'.
Generating RTLIL representation for module `\_90_simplemap_logic_ops'.
Generating RTLIL representation for module `\_90_simplemap_compare_ops'.
Generating RTLIL representation for module `\_90_simplemap_various'.
Generating RTLIL representation for module `\_90_simplemap_registers'.
Generating RTLIL representation for module `\_90_shift_ops_shr_shl_sshl_sshr'.
Generating RTLIL representation for module `\_90_shift_shiftx'.
Generating RTLIL representation for module `\_90_fa'.
Generating RTLIL representation for module `\_90_lcu'.
Generating RTLIL representation for module `\_90_alu'.
Generating RTLIL representation for module `\_90_macc'.
Generating RTLIL representation for module `\_90_alumacc'.
Generating RTLIL representation for module `\$__div_mod_u'.
Generating RTLIL representation for module `\$__div_mod_trunc'.
Generating RTLIL representation for module `\_90_div'.
Generating RTLIL representation for module `\_90_mod'.
Generating RTLIL representation for module `\$__div_mod_floor'.
Generating RTLIL representation for module `\_90_divfloor'.
Generating RTLIL representation for module `\_90_modfloor'.
Generating RTLIL representation for module `\_90_pow'.
Generating RTLIL representation for module `\_90_pmux'.
Generating RTLIL representation for module `\_90_demux'.
Generating RTLIL representation for module `\_90_lut'.
Successfully finished Verilog frontend.

37.2. Continuing TECHMAP pass.
Using extmapper simplemap for cells of type $adff.
Using extmapper simplemap for cells of type $reduce_and.
Using extmapper simplemap for cells of type $reduce_or.
Using template $paramod$6a42b6fefed750f8a1c58eab59479d960557103c\_90_alu for cells of type $alu.
Using extmapper simplemap for cells of type $logic_and.
Using template $paramod$dd7e7d5c03aea134912316b6b5bb7a107010ead9\_90_alu for cells of type $alu.
Using extmapper simplemap for cells of type $not.
Using extmapper simplemap for cells of type $mux.
Using extmapper simplemap for cells of type $or.
Using template $paramod$c85f7f36eaf20b9dfdd10e675753f6620fd8e4e5\_90_alu for cells of type $alu.
Using template $paramod$a1bc51c02ce12ac21eb18988e83292af48ed7d72\_90_alu for cells of type $alu.
Using template $paramod$8742280fdebca84e1c87f2a86ed84f62d558f4cc\_90_alu for cells of type $alu.
Using template $paramod$7af24cf7f572852703f08ef7a936c59efa2c57af\_90_alu for cells of type $alu.
Using extmapper simplemap for cells of type $logic_not.
Using template $paramod$32a7b7b86c07519b7537abc18e96f0331f97914d\_90_alu for cells of type $alu.
Using extmapper simplemap for cells of type $eq.
Using template $paramod$c3cd1564c35d873179656addd6052d7ea8b6d991\_90_alu for cells of type $alu.
Using extmapper simplemap for cells of type $reduce_bool.
Using template $paramod$c5c783b17ab1d780abfad8cfe6563a0a7b47a3b0\_90_pmux for cells of type $pmux.
Using template $paramod$521ce43182eecb9f60c72393a788160d2c356bf5\_90_pmux for cells of type $pmux.
Using extmapper simplemap for cells of type $and.
Using template $paramod$97565c3687be688407d1272a293bd9d0ae6852dc\_90_pmux for cells of type $pmux.
Using extmapper simplemap for cells of type $adffe.
Using template $paramod$ef8fb1849064cca7dc908988762d3374786d9fdb\_90_alu for cells of type $alu.
Using template $paramod$constmap:cf38e26b0fe3ffce0751f62c194754122449e312$paramod$64b19f47ed5f126636dbd98d727ec46a7ec08d71\_90_shift_shiftx for cells of type $shift.
Analyzing pattern of constant bits for this cell:
  Constant input on bit 0 of port A: 1'1
Creating constmapped module `$paramod$constmap:587bfd344aba6fff5ae2fc198a50240a44929441$paramod$64b19f47ed5f126636dbd98d727ec46a7ec08d71\_90_shift_shiftx'.

37.32. Executing OPT_MUXTREE pass (detect dead branches in mux trees).
Running muxtree optimizer on module $paramod$constmap:587bfd344aba6fff5ae2fc198a50240a44929441$paramod$64b19f47ed5f126636dbd98d727ec46a7ec08d71\_90_shift_shiftx..
  Creating internal representation of mux trees.
  Evaluating internal representation of mux trees.
  Analyzing evaluation results.
    dead port 2/2 on $mux $procmux$6470.
    dead port 2/2 on $mux $procmux$6464.
Removed 2 multiplexer ports.
<suppressed ~655 debug messages>

37.33. Executing OPT_EXPR pass (perform const folding).
Optimizing module $paramod$constmap:587bfd344aba6fff5ae2fc198a50240a44929441$paramod$64b19f47ed5f126636dbd98d727ec46a7ec08d71\_90_shift_shiftx.
<suppressed ~2 debug messages>
Removed 0 unused cells and 8 unused wires.
Using template $paramod$constmap:587bfd344aba6fff5ae2fc198a50240a44929441$paramod$64b19f47ed5f126636dbd98d727ec46a7ec08d71\_90_shift_shiftx for cells of type $shift.
Using extmapper simplemap for cells of type $logic_or.
Using template $paramod$constmap:aa6a3d8b9edd08232ffbad8a2e5cf75cb38497f7$paramod$afeb7ff3853816ca14c123e6ded90e10f86c6063\_90_shift_shiftx for cells of type $shiftx.
Using template $paramod$constmap:8d725965b4345b93a463cf613bda6b40f5fc4212$paramod$9a5e85de2634293e098361b0804876bff8c5a36f\_90_shift_shiftx for cells of type $shiftx.
Using template $paramod$constmap:43abcead286168184b30c01325c4e0628214469b$paramod$a5786330a0551f122a201886e9358ce03b934811\_90_shift_shiftx for cells of type $shiftx.
Using extmapper simplemap for cells of type $ne.
Analyzing pattern of constant bits for this cell:
Creating constmapped module `$paramod$constmap:9094605ead145fd11cdc4005ae96cf8bc645818b$paramod$64b19f47ed5f126636dbd98d727ec46a7ec08d71\_90_shift_shiftx'.

37.49. Executing OPT_MUXTREE pass (detect dead branches in mux trees).
Running muxtree optimizer on module $paramod$constmap:9094605ead145fd11cdc4005ae96cf8bc645818b$paramod$64b19f47ed5f126636dbd98d727ec46a7ec08d71\_90_shift_shiftx..
  Creating internal representation of mux trees.
  Evaluating internal representation of mux trees.
  Analyzing evaluation results.
    dead port 2/2 on $mux $procmux$6470.
    dead port 2/2 on $mux $procmux$6464.
Removed 2 multiplexer ports.
<suppressed ~896 debug messages>

37.50. Executing OPT_EXPR pass (perform const folding).
Optimizing module $paramod$constmap:9094605ead145fd11cdc4005ae96cf8bc645818b$paramod$64b19f47ed5f126636dbd98d727ec46a7ec08d71\_90_shift_shiftx.
<suppressed ~2 debug messages>
Removed 0 unused cells and 8 unused wires.
Using template $paramod$constmap:9094605ead145fd11cdc4005ae96cf8bc645818b$paramod$64b19f47ed5f126636dbd98d727ec46a7ec08d71\_90_shift_shiftx for cells of type $shift.
Using template $paramod$constmap:1ef046be63c9541309f2f19c4ef998a798f64488$paramod$7fe1424d9d826b3a6286885bc851fafa5143be2b\_90_shift_shiftx for cells of type $shiftx.
Using extmapper simplemap for cells of type $pos.
Using extmapper simplemap for cells of type $xor.
Using template $paramod\_90_lcu\WIDTH=32'00000000000000000000000000000100 for cells of type $lcu.
Using template $paramod\_90_lcu\WIDTH=32'00000000000000000000000000001000 for cells of type $lcu.
Using template $paramod\_90_lcu\WIDTH=32'00000000000000000000000000100000 for cells of type $lcu.
Using template $paramod\_90_lcu\WIDTH=32'00000000000000000000000000000011 for cells of type $lcu.
No more expansions possible.
<suppressed ~2938 debug messages>

38. Executing OPT pass (performing simple optimizations).

38.1. Executing OPT_EXPR pass (perform const folding).
Optimizing module axi4lite_arbiter_top.
<suppressed ~4027 debug messages>

38.2. Executing OPT_MERGE pass (detect identical cells).
Finding identical cells in module `\axi4lite_arbiter_top'.
<suppressed ~2709 debug messages>
Removed a total of 903 cells.

38.3. Executing OPT_DFF pass (perform DFF optimizations).

38.4. Executing OPT_CLEAN pass (remove unused cells and wires).
Finding unused cells or wires in module \axi4lite_arbiter_top..
Removed 996 unused cells and 3099 unused wires.
<suppressed ~997 debug messages>

38.5. Finished fast OPT passes.

39. Executing ABC pass (technology mapping using ABC).

39.1. Extracting gate netlist of module `\axi4lite_arbiter_top' to `<abc-temp-dir>/input.blif'..
Extracted 3539 gates and 4225 wires to a netlist network with 684 inputs and 424 outputs.

39.1.1. Executing ABC.
Running ABC command: "/nix/store/5bgsgwzww9f2z7wl7kga42xrf1vpmnql-yosys-abc/bin/abc" -s -f <abc-temp-dir>/abc.script 2>&1
ABC: ABC command line: "source <abc-temp-dir>/abc.script".
ABC: 
ABC: + read_blif <abc-temp-dir>/input.blif 
ABC: + read_library <abc-temp-dir>/stdcells.genlib 
ABC: Entered genlib library with 13 gates from file "<abc-temp-dir>/stdcells.genlib".
ABC: + strash 
ABC: + dretime 
ABC: + map 
ABC: + write_blif <abc-temp-dir>/output.blif 

39.1.2. Re-integrating ABC results.
ABC RESULTS:              XNOR cells:       16
ABC RESULTS:               XOR cells:      122
ABC RESULTS:               NOR cells:      135
ABC RESULTS:               AND cells:      110
ABC RESULTS:               NOT cells:      589
ABC RESULTS:                OR cells:      858
ABC RESULTS:               MUX cells:      901
ABC RESULTS:             ORNOT cells:       79
ABC RESULTS:              NAND cells:      158
ABC RESULTS:            ANDNOT cells:      790
ABC RESULTS:        internal signals:     3117
ABC RESULTS:           input signals:      684
ABC RESULTS:          output signals:      424
Removing temp directory.

40. Executing OPT pass (performing simple optimizations).

40.1. Executing OPT_EXPR pass (perform const folding).
Optimizing module axi4lite_arbiter_top.
<suppressed ~323 debug messages>

40.2. Executing OPT_MERGE pass (detect identical cells).
Finding identical cells in module `\axi4lite_arbiter_top'.
<suppressed ~33 debug messages>
Removed a total of 11 cells.

40.3. Executing OPT_DFF pass (perform DFF optimizations).

40.4. Executing OPT_CLEAN pass (remove unused cells and wires).
Finding unused cells or wires in module \axi4lite_arbiter_top..
Removed 5 unused cells and 2033 unused wires.
<suppressed ~66 debug messages>

40.5. Finished fast OPT passes.

41. Executing HIERARCHY pass (managing design hierarchy).

41.1. Analyzing design hierarchy..
Top module:  \axi4lite_arbiter_top

41.2. Analyzing design hierarchy..
Top module:  \axi4lite_arbiter_top
Removed 0 unused modules.

42. Printing statistics.

=== axi4lite_arbiter_top ===

   Number of wires:               3684
   Number of wire bits:           6977
   Number of public wires:         230
   Number of public wire bits:    3419
   Number of memories:               0
   Number of memory bits:            0
   Number of processes:              0
   Number of cells:               4261
     $_ANDNOT_                     789
     $_AND_                        110
     $_DFFE_PN0P_                  424
     $_DFF_PN0_                     84
     $_DFF_PN1_                     11
     $_MUX_                        901
     $_NAND_                       157
     $_NOR_                        134
     $_NOT_                        584
     $_ORNOT_                       73
     $_OR_                         856
     $_XNOR_                        16
     $_XOR_                        122

43. Executing CHECK pass (checking for obvious problems).
Checking module axi4lite_arbiter_top...
Found and reported 0 problems.

44. Generating Graphviz representation of design.
Writing dot description to `/work/openlane/runs/RUN_2026-08-28_23-33-37/06-yosys-synthesis/primitive_techmap.dot'.
Dumping module axi4lite_arbiter_top to page 1.

45. Executing OPT pass (performing simple optimizations).

45.1. Executing OPT_EXPR pass (perform const folding).
Optimizing module axi4lite_arbiter_top.

45.2. Executing OPT_MERGE pass (detect identical cells).
Finding identical cells in module `\axi4lite_arbiter_top'.
Removed a total of 0 cells.

45.3. Executing OPT_MUXTREE pass (detect dead branches in mux trees).
Running muxtree optimizer on module \axi4lite_arbiter_top..
  Creating internal representation of mux trees.
  No muxes found in this module.
Removed 0 multiplexer ports.

45.4. Executing OPT_REDUCE pass (consolidate $*mux and $reduce_* inputs).
  Optimizing cells in module \axi4lite_arbiter_top.
Performed a total of 0 changes.

45.5. Executing OPT_MERGE pass (detect identical cells).
Finding identical cells in module `\axi4lite_arbiter_top'.
Removed a total of 0 cells.

45.6. Executing OPT_DFF pass (perform DFF optimizations).

45.7. Executing OPT_CLEAN pass (remove unused cells and wires).
Finding unused cells or wires in module \axi4lite_arbiter_top..

45.8. Executing OPT_EXPR pass (perform const folding).
Optimizing module axi4lite_arbiter_top.

45.9. Finished OPT passes. (There is nothing left to do.)

46. Executing OPT_CLEAN pass (remove unused cells and wires).
Finding unused cells or wires in module \axi4lite_arbiter_top..
Removed 0 unused cells and 136 unused wires.
<suppressed ~136 debug messages>
{
   "creator": "Yosys 0.38 (git sha1 543faed9c8c, clang++ 16.0.6 -fPIC -Os)",
   "invocation": "stat -json -liberty /work/openlane/runs/RUN_2026-08-28_23-33-37/tmp/7d890448c012437f9519791ffa6a66a7.lib ",
   "modules": {
      "\\axi4lite_arbiter_top": {
         "num_wires":         3548,
         "num_wire_bits":     4930,
         "num_pub_wires":     94,
         "num_pub_wire_bits": 1372,
         "num_memories":      0,
         "num_memory_bits":   0,
         "num_processes":     0,
         "num_cells":         4261,
         "num_cells_by_type": {
            "$_ANDNOT_": 789,
            "$_AND_": 110,
            "$_DFFE_PN0P_": 424,
            "$_DFF_PN0_": 84,
            "$_DFF_PN1_": 11,
            "$_MUX_": 901,
            "$_NAND_": 157,
            "$_NOR_": 134,
            "$_NOT_": 584,
            "$_ORNOT_": 73,
            "$_OR_": 856,
            "$_XNOR_": 16,
            "$_XOR_": 122
         }
      }
   },
      "design": {
         "num_wires":         3548,
         "num_wire_bits":     4930,
         "num_pub_wires":     94,
         "num_pub_wire_bits": 1372,
         "num_memories":      0,
         "num_memory_bits":   0,
         "num_processes":     0,
         "num_cells":         4261,
         "num_cells_by_type": {
            "$_ANDNOT_": 789,
            "$_AND_": 110,
            "$_DFFE_PN0P_": 424,
            "$_DFF_PN0_": 84,
            "$_DFF_PN1_": 11,
            "$_MUX_": 901,
            "$_NAND_": 157,
            "$_NOR_": 134,
            "$_NOT_": 584,
            "$_ORNOT_": 73,
            "$_OR_": 856,
            "$_XNOR_": 16,
            "$_XOR_": 122
         }
      }
}

47. Printing statistics.

=== axi4lite_arbiter_top ===

   Number of wires:               3548
   Number of wire bits:           4930
   Number of public wires:          94
   Number of public wire bits:    1372
   Number of memories:               0
   Number of memory bits:            0
   Number of processes:              0
   Number of cells:               4261
     $_ANDNOT_                     789
     $_AND_                        110
     $_DFFE_PN0P_                  424
     $_DFF_PN0_                     84
     $_DFF_PN1_                     11
     $_MUX_                        901
     $_NAND_                       157
     $_NOR_                        134
     $_NOT_                        584
     $_ORNOT_                       73
     $_OR_                         856
     $_XNOR_                        16
     $_XOR_                        122

   Area for cell type $_NOT_ is unknown!
   Area for cell type $_AND_ is unknown!
   Area for cell type $_NAND_ is unknown!
   Area for cell type $_OR_ is unknown!
   Area for cell type $_NOR_ is unknown!
   Area for cell type $_XOR_ is unknown!
   Area for cell type $_XNOR_ is unknown!
   Area for cell type $_ANDNOT_ is unknown!
   Area for cell type $_ORNOT_ is unknown!
   Area for cell type $_MUX_ is unknown!
   Area for cell type $_DFF_PN0_ is unknown!
   Area for cell type $_DFF_PN1_ is unknown!
   Area for cell type $_DFFE_PN0P_ is unknown!

mapping tbuf
[INFO] Applying tri-state buffer mapping from '/.volare/volare/sky130/versions/bdc9412b3e468c102d01b7cf6337be06ec6e9c9a/sky130A/libs.tech/openlane/sky130_fd_sc_hd/tribuff_map.v'...

48. Executing TECHMAP pass (map to technology primitives).

48.1. Executing Verilog-2005 frontend: /.volare/volare/sky130/versions/bdc9412b3e468c102d01b7cf6337be06ec6e9c9a/sky130A/libs.tech/openlane/sky130_fd_sc_hd/tribuff_map.v
Parsing Verilog input from `/.volare/volare/sky130/versions/bdc9412b3e468c102d01b7cf6337be06ec6e9c9a/sky130A/libs.tech/openlane/sky130_fd_sc_hd/tribuff_map.v' to AST representation.
Generating RTLIL representation for module `\$_TBUF_'.
Successfully finished Verilog frontend.

48.2. Continuing TECHMAP pass.
No more expansions possible.
<suppressed ~3 debug messages>

49. Executing SIMPLEMAP pass (map simple cells to gate primitives).
[INFO] Applying latch mapping from '/.volare/volare/sky130/versions/bdc9412b3e468c102d01b7cf6337be06ec6e9c9a/sky130A/libs.tech/openlane/sky130_fd_sc_hd/latch_map.v'...

50. Executing TECHMAP pass (map to technology primitives).

50.1. Executing Verilog-2005 frontend: /.volare/volare/sky130/versions/bdc9412b3e468c102d01b7cf6337be06ec6e9c9a/sky130A/libs.tech/openlane/sky130_fd_sc_hd/latch_map.v
Parsing Verilog input from `/.volare/volare/sky130/versions/bdc9412b3e468c102d01b7cf6337be06ec6e9c9a/sky130A/libs.tech/openlane/sky130_fd_sc_hd/latch_map.v' to AST representation.
Generating RTLIL representation for module `\$_DLATCH_P_'.
Generating RTLIL representation for module `\$_DLATCH_N_'.
Successfully finished Verilog frontend.

50.2. Continuing TECHMAP pass.
No more expansions possible.
<suppressed ~4 debug messages>

51. Executing SIMPLEMAP pass (map simple cells to gate primitives).

52. Executing DFFLIBMAP pass (mapping DFF cells to sequential cells from liberty file).
  cell sky130_fd_sc_hd__dfxtp_2 (noninv, pins=3, area=21.27) is a direct match for cell type $_DFF_P_.
  cell sky130_fd_sc_hd__dfrtp_2 (noninv, pins=4, area=26.28) is a direct match for cell type $_DFF_PN0_.
  cell sky130_fd_sc_hd__dfstp_2 (noninv, pins=4, area=26.28) is a direct match for cell type $_DFF_PN1_.
  cell sky130_fd_sc_hd__dfbbn_2 (noninv, pins=6, area=35.03) is a direct match for cell type $_DFFSR_NNN_.
  final dff cell mappings:
    unmapped dff cell: $_DFF_N_
    \sky130_fd_sc_hd__dfxtp_2 _DFF_P_ (.CLK( C), .D( D), .Q( Q));
    unmapped dff cell: $_DFF_NN0_
    unmapped dff cell: $_DFF_NN1_
    unmapped dff cell: $_DFF_NP0_
    unmapped dff cell: $_DFF_NP1_
    \sky130_fd_sc_hd__dfrtp_2 _DFF_PN0_ (.CLK( C), .D( D), .Q( Q), .RESET_B( R));
    \sky130_fd_sc_hd__dfstp_2 _DFF_PN1_ (.CLK( C), .D( D), .Q( Q), .SET_B( R));
    unmapped dff cell: $_DFF_PP0_
    unmapped dff cell: $_DFF_PP1_
    \sky130_fd_sc_hd__dfbbn_2 _DFFSR_NNN_ (.CLK_N( C), .D( D), .Q( Q), .Q_N(~Q), .RESET_B( R), .SET_B( S));
    unmapped dff cell: $_DFFSR_NNP_
    unmapped dff cell: $_DFFSR_NPN_
    unmapped dff cell: $_DFFSR_NPP_
    unmapped dff cell: $_DFFSR_PNN_
    unmapped dff cell: $_DFFSR_PNP_
    unmapped dff cell: $_DFFSR_PPN_
    unmapped dff cell: $_DFFSR_PPP_

52.1. Executing DFFLEGALIZE pass (convert FFs to types supported by the target).
Mapping DFF cells in module `\axi4lite_arbiter_top':
  mapped 508 $_DFF_PN0_ cells to \sky130_fd_sc_hd__dfrtp_2 cells.
  mapped 11 $_DFF_PN1_ cells to \sky130_fd_sc_hd__dfstp_2 cells.
{
   "creator": "Yosys 0.38 (git sha1 543faed9c8c, clang++ 16.0.6 -fPIC -Os)",
   "invocation": "stat -json -liberty /work/openlane/runs/RUN_2026-08-28_23-33-37/tmp/7d890448c012437f9519791ffa6a66a7.lib ",
   "modules": {
      "\\axi4lite_arbiter_top": {
         "num_wires":         3972,
         "num_wire_bits":     5354,
         "num_pub_wires":     94,
         "num_pub_wire_bits": 1372,
         "num_memories":      0,
         "num_memory_bits":   0,
         "num_processes":     0,
         "num_cells":         4685,
         "area":              13636.828800,
         "num_cells_by_type": {
            "$_ANDNOT_": 789,
            "$_AND_": 110,
            "$_MUX_": 1325,
            "$_NAND_": 157,
            "$_NOR_": 134,
            "$_NOT_": 584,
            "$_ORNOT_": 73,
            "$_OR_": 856,
            "$_XNOR_": 16,
            "$_XOR_": 122,
            "sky130_fd_sc_hd__dfrtp_2": 508,
            "sky130_fd_sc_hd__dfstp_2": 11
         }
      }
   },
      "design": {
         "num_wires":         3972,
         "num_wire_bits":     5354,
         "num_pub_wires":     94,
         "num_pub_wire_bits": 1372,
         "num_memories":      0,
         "num_memory_bits":   0,
         "num_processes":     0,
         "num_cells":         4685,
         "area":              13636.828800,
         "num_cells_by_type": {
            "$_ANDNOT_": 789,
            "$_AND_": 110,
            "$_MUX_": 1325,
            "$_NAND_": 157,
            "$_NOR_": 134,
            "$_NOT_": 584,
            "$_ORNOT_": 73,
            "$_OR_": 856,
            "$_XNOR_": 16,
            "$_XOR_": 122,
            "sky130_fd_sc_hd__dfrtp_2": 508,
            "sky130_fd_sc_hd__dfstp_2": 11
         }
      }
}

53. Printing statistics.

=== axi4lite_arbiter_top ===

   Number of wires:               3972
   Number of wire bits:           5354
   Number of public wires:          94
   Number of public wire bits:    1372
   Number of memories:               0
   Number of memory bits:            0
   Number of processes:              0
   Number of cells:               4685
     $_ANDNOT_                     789
     $_AND_                        110
     $_MUX_                       1325
     $_NAND_                       157
     $_NOR_                        134
     $_NOT_                        584
     $_ORNOT_                       73
     $_OR_                         856
     $_XNOR_                        16
     $_XOR_                        122
     sky130_fd_sc_hd__dfrtp_2      508
     sky130_fd_sc_hd__dfstp_2       11

   Area for cell type $_NOT_ is unknown!
   Area for cell type $_AND_ is unknown!
   Area for cell type $_NAND_ is unknown!
   Area for cell type $_OR_ is unknown!
   Area for cell type $_NOR_ is unknown!
   Area for cell type $_XOR_ is unknown!
   Area for cell type $_XNOR_ is unknown!
   Area for cell type $_ANDNOT_ is unknown!
   Area for cell type $_ORNOT_ is unknown!
   Area for cell type $_MUX_ is unknown!

   Chip area for module '\axi4lite_arbiter_top': 13636.828800

[INFO] Using strategy "AREA 3"...

54. Executing ABC pass (technology mapping using ABC).

54.1. Extracting gate netlist of module `\axi4lite_arbiter_top' to `/tmp/yosys-abc-k39cCm/input.blif'..
Extracted 4166 gates and 5240 wires to a netlist network with 1074 inputs and 692 outputs.

54.1.1. Executing ABC.
Running ABC command: "/nix/store/5bgsgwzww9f2z7wl7kga42xrf1vpmnql-yosys-abc/bin/abc" -s -f /tmp/yosys-abc-k39cCm/abc.script 2>&1
ABC: ABC command line: "source /tmp/yosys-abc-k39cCm/abc.script".
ABC: 
ABC: + read_blif /tmp/yosys-abc-k39cCm/input.blif 
ABC: + read_lib -w /work/openlane/runs/RUN_2026-08-28_23-33-37/tmp/7d890448c012437f9519791ffa6a66a7.lib 
ABC: Parsing finished successfully.  Parsing time =     0.04 sec
ABC: Scl_LibertyReadGenlib() skipped sequential cell "sky130_fd_sc_hd__dfbbn_2".
ABC: Scl_LibertyReadGenlib() skipped sequential cell "sky130_fd_sc_hd__dfrbp_2".
ABC: Scl_LibertyReadGenlib() skipped sequential cell "sky130_fd_sc_hd__dfrtp_2".
ABC: Scl_LibertyReadGenlib() skipped sequential cell "sky130_fd_sc_hd__dfrtp_4".
ABC: Scl_LibertyReadGenlib() skipped sequential cell "sky130_fd_sc_hd__dfsbp_2".
ABC: Scl_LibertyReadGenlib() skipped sequential cell "sky130_fd_sc_hd__dfstp_2".
ABC: Scl_LibertyReadGenlib() skipped sequential cell "sky130_fd_sc_hd__dfstp_4".
ABC: Scl_LibertyReadGenlib() skipped sequential cell "sky130_fd_sc_hd__dfxbp_2".
ABC: Scl_LibertyReadGenlib() skipped sequential cell "sky130_fd_sc_hd__dfxtp_2".
ABC: Scl_LibertyReadGenlib() skipped sequential cell "sky130_fd_sc_hd__dfxtp_4".
ABC: Scl_LibertyReadGenlib() skipped sequential cell "sky130_fd_sc_hd__dlxtn_1".
ABC: Scl_LibertyReadGenlib() skipped sequential cell "sky130_fd_sc_hd__dlxtn_2".
ABC: Scl_LibertyReadGenlib() skipped sequential cell "sky130_fd_sc_hd__dlxtn_4".
ABC: Scl_LibertyReadGenlib() skipped sequential cell "sky130_fd_sc_hd__dlxtp_1".
ABC: Scl_LibertyReadGenlib() skipped three-state cell "sky130_fd_sc_hd__ebufn_2".
ABC: Scl_LibertyReadGenlib() skipped three-state cell "sky130_fd_sc_hd__ebufn_4".
ABC: Scl_LibertyReadGenlib() skipped three-state cell "sky130_fd_sc_hd__ebufn_8".
ABC: Library "sky130_fd_sc_hd__tt_025C_1v80" from "/work/openlane/runs/RUN_2026-08-28_23-33-37/tmp/7d890448c012437f9519791ffa6a66a7.lib" has 175 cells (17 skipped: 14 seq; 3 tri-state; 0 no func; 0 dont_use).  Time =     0.06 sec
ABC: Memory =    9.54 MB. Time =     0.06 sec
ABC: Warning: Detected 2 multi-output gates (for example, "sky130_fd_sc_hd__fa_1").
ABC: + read_constr -v /work/openlane/runs/RUN_2026-08-28_23-33-37/06-yosys-synthesis/synthesis.sdc 
ABC: Setting driving cell to be "sky130_fd_sc_hd__inv_2/Y".
ABC: Setting output load to be 33.442001.
ABC: + read_constr /work/openlane/runs/RUN_2026-08-28_23-33-37/06-yosys-synthesis/synthesis.sdc 
ABC: + strash 
ABC: + dch 
ABC: + map -B 0.9 
ABC: The cell delays are multiplied by the factor: <num_fanins> ^ (0.90).
ABC: + topo 
ABC: + stime -c 
ABC: Cannot find the default PI driving cell (sky130_fd_sc_hd__inv_2/Y) in the library.
ABC: WireLoad = "Small"  Gates =   2922 (  9.8 %)   Cap = 12.4 ff (  1.2 %)   Area =    22635.46 ( 90.2 %)   Delay =  6467.01 ps  (  2.9 %)               
ABC: + buffer -c -N 10 
ABC: Cannot find the default PI driving cell (sky130_fd_sc_hd__inv_2/Y) in the library.
ABC: + upsize -c 
ABC: Cannot find the default PI driving cell (sky130_fd_sc_hd__inv_2/Y) in the library.
ABC: + dnsize -c 
ABC: Cannot find the default PI driving cell (sky130_fd_sc_hd__inv_2/Y) in the library.
ABC: + stime -p 
ABC: Cannot find the default PI driving cell (sky130_fd_sc_hd__inv_2/Y) in the library.
ABC: WireLoad = "none"  Gates =   3418 ( 22.9 %)   Cap = 11.0 ff (  5.5 %)   Area =    25147.87 ( 76.9 %)   Delay =  2521.98 ps  ( 24.4 %)               
ABC: Path  0 --      13 : 0    5 pi                       A =   0.00  Df =   0.0   -0.0 ps  S =   0.0 ps  Cin =  0.0 ff  Cout =  24.6 ff  Cmax =   0.0 ff  G =    0  
ABC: Path  1 --    1827 : 2    2 sky130_fd_sc_hd__nand2_4 A =  11.26  Df =  58.6  -17.5 ps  S =  62.6 ps  Cin =  8.7 ff  Cout =  14.0 ff  Cmax = 530.1 ff  G =  153  
ABC: Path  2 --    1828 : 1   10 sky130_fd_sc_hd__buf_6   A =  11.26  Df = 216.7  -30.8 ps  S = 114.9 ps  Cin =  4.6 ff  Cout =  53.6 ff  Cmax = 785.5 ff  G = 1109  
ABC: Path  3 --    2340 : 2    6 sky130_fd_sc_hd__nor2_8  A =  20.02  Df = 352.1  -66.7 ps  S = 150.5 ps  Cin = 16.9 ff  Cout =  32.2 ff  Cmax = 433.1 ff  G =  182  
ABC: Path  4 --    2473 : 2    4 sky130_fd_sc_hd__nand2_4 A =  11.26  Df = 432.6  -62.5 ps  S =  87.5 ps  Cin =  8.7 ff  Cout =  16.6 ff  Cmax = 530.1 ff  G =  181  
ABC: Path  5 --    2474 : 2    1 sky130_fd_sc_hd__or2_4   A =   8.76  Df = 701.2 -206.8 ps  S =  53.0 ps  Cin =  2.4 ff  Cout =   8.8 ff  Cmax = 514.5 ff  G =  357  
ABC: Path  6 --    2477 : 2    2 sky130_fd_sc_hd__nand2_4 A =  11.26  Df = 761.9  -67.7 ps  S =  49.2 ps  Cin =  8.7 ff  Cout =   9.0 ff  Cmax = 530.1 ff  G =   99  
ABC: Path  7 --    3240 : 2    1 sky130_fd_sc_hd__nand2_2 A =   6.26  Df = 815.9  -52.4 ps  S =  67.8 ps  Cin =  4.4 ff  Cout =   9.3 ff  Cmax = 295.7 ff  G =  196  
ABC: Path  8 --    3241 : 2    3 sky130_fd_sc_hd__nor2_4  A =  11.26  Df = 927.3 -120.7 ps  S = 117.0 ps  Cin =  8.7 ff  Cout =  13.9 ff  Cmax = 251.8 ff  G =  152  
ABC: Path  9 --    3242 : 2    1 sky130_fd_sc_hd__nand2_2 A =   6.26  Df = 991.5  -59.1 ps  S =  45.1 ps  Cin =  4.4 ff  Cout =   4.6 ff  Cmax = 295.7 ff  G =   99  
ABC: Path 10 --    3243 : 2    1 sky130_fd_sc_hd__nand2_2 A =   6.26  Df =1050.8  -70.8 ps  S =  44.7 ps  Cin =  4.4 ff  Cout =   4.6 ff  Cmax = 295.7 ff  G =  100  
ABC: Path 11 --    3244 : 2    2 sky130_fd_sc_hd__nand2_2 A =   6.26  Df =1104.8  -57.1 ps  S =  82.1 ps  Cin =  4.4 ff  Cout =   9.1 ff  Cmax = 295.7 ff  G =  200  
ABC: Path 12 --    3245 : 2    1 sky130_fd_sc_hd__nand2_2 A =   6.26  Df =1174.3  -79.0 ps  S =  45.0 ps  Cin =  4.4 ff  Cout =   4.6 ff  Cmax = 295.7 ff  G =   99  
ABC: Path 13 --    3246 : 2    1 sky130_fd_sc_hd__nand2_2 A =   6.26  Df =1221.8  -68.5 ps  S =  45.1 ps  Cin =  4.4 ff  Cout =   4.6 ff  Cmax = 295.7 ff  G =   99  
ABC: Path 14 --    3247 : 2    3 sky130_fd_sc_hd__nand2_2 A =   6.26  Df =1299.5  -82.5 ps  S =  74.1 ps  Cin =  4.4 ff  Cout =  10.6 ff  Cmax = 295.7 ff  G =  232  
ABC: Path 15 --    3382 : 2    3 sky130_fd_sc_hd__nand2_2 A =   6.26  Df =1366.7  -71.2 ps  S =  76.3 ps  Cin =  4.4 ff  Cout =  11.0 ff  Cmax = 295.7 ff  G =  238  
ABC: Path 16 --    3383 : 2    2 sky130_fd_sc_hd__nand2_2 A =   6.26  Df =1459.1  -88.2 ps  S =  87.7 ps  Cin =  4.4 ff  Cout =  13.2 ff  Cmax = 295.7 ff  G =  291  
ABC: Path 17 --    3385 : 2    9 sky130_fd_sc_hd__nand2_4 A =  11.26  Df =1561.7  -53.1 ps  S = 138.4 ps  Cin =  8.7 ff  Cout =  41.7 ff  Cmax = 530.1 ff  G =  464  
ABC: Path 18 --    3386 : 1   10 sky130_fd_sc_hd__buf_6   A =  11.26  Df =1724.0  -51.3 ps  S =  92.0 ps  Cin =  4.6 ff  Cout =  41.0 ff  Cmax = 785.5 ff  G =  853  
ABC: Path 19 --    3395 : 1   10 sky130_fd_sc_hd__buf_6   A =  11.26  Df =1862.4  -42.9 ps  S =  86.4 ps  Cin =  4.6 ff  Cout =  38.2 ff  Cmax = 785.5 ff  G =  788  
ABC: Path 20 --    3594 : 1   10 sky130_fd_sc_hd__buf_6   A =  11.26  Df =1990.4  -44.9 ps  S =  60.8 ps  Cin =  4.6 ff  Cout =  24.4 ff  Cmax = 785.5 ff  G =  506  
ABC: Path 21 --    3697 : 4    1 sky130_fd_sc_hd__a211o_2 A =  10.01  Df =2254.0 -200.0 ps  S =  52.0 ps  Cin =  2.4 ff  Cout =   4.5 ff  Cmax = 325.0 ff  G =  181  
ABC: Path 22 --    3700 : 5    1 sky130_fd_sc_hd__o221a_4 A =  20.02  Df =2522.0 -227.4 ps  S = 128.5 ps  Cin =  4.5 ff  Cout =  33.4 ff  Cmax = 488.0 ff  G =  743  
ABC: Start-point = pi12 (\u_write_arbiter.arb_tx_done).  End-point = po308 ($auto$rtlil.cc:2684:MuxGate$19997).
ABC: + print_stats -m 
ABC: netlist                       : i/o = 1074/  692  lat =    0  nd =  3418  edge =   7681  area =25150.91  delay =1836.32  lev = 32
ABC: + write_blif /tmp/yosys-abc-k39cCm/output.blif 

54.1.2. Re-integrating ABC results.
ABC RESULTS:   sky130_fd_sc_hd__and3b_2 cells:        1
ABC RESULTS:   sky130_fd_sc_hd__or4b_2 cells:        1
ABC RESULTS:   sky130_fd_sc_hd__o31ai_2 cells:        1
ABC RESULTS:   sky130_fd_sc_hd__nor3_4 cells:        1
ABC RESULTS:   sky130_fd_sc_hd__xnor2_2 cells:        1
ABC RESULTS:   sky130_fd_sc_hd__and2b_2 cells:        1
ABC RESULTS:   sky130_fd_sc_hd__o2111ai_2 cells:        1
ABC RESULTS:   sky130_fd_sc_hd__o2bb2ai_2 cells:        1
ABC RESULTS:   sky130_fd_sc_hd__o22ai_2 cells:        3
ABC RESULTS:   sky130_fd_sc_hd__nand2b_2 cells:        2
ABC RESULTS:   sky130_fd_sc_hd__inv_4 cells:        6
ABC RESULTS:   sky130_fd_sc_hd__a311o_2 cells:        1
ABC RESULTS:   sky130_fd_sc_hd__nor2_8 cells:        1
ABC RESULTS:   sky130_fd_sc_hd__nor3_2 cells:        6
ABC RESULTS:   sky130_fd_sc_hd__o2111a_2 cells:        9
ABC RESULTS:   sky130_fd_sc_hd__a2bb2o_2 cells:        2
ABC RESULTS:   sky130_fd_sc_hd__a221o_2 cells:        4
ABC RESULTS:   sky130_fd_sc_hd__o31a_2 cells:       12
ABC RESULTS:   sky130_fd_sc_hd__o21bai_2 cells:        1
ABC RESULTS:   sky130_fd_sc_hd__a21bo_2 cells:        7
ABC RESULTS:   sky130_fd_sc_hd__o2bb2a_2 cells:        3
ABC RESULTS:   sky130_fd_sc_hd__a31oi_2 cells:        2
ABC RESULTS:   sky130_fd_sc_hd__nor3b_2 cells:        1
ABC RESULTS:   sky130_fd_sc_hd__a21boi_2 cells:        4
ABC RESULTS:   sky130_fd_sc_hd__nand3_4 cells:        1
ABC RESULTS:   sky130_fd_sc_hd__or2_4 cells:       12
ABC RESULTS:   sky130_fd_sc_hd__o221a_4 cells:        2
ABC RESULTS:   sky130_fd_sc_hd__o221a_2 cells:        6
ABC RESULTS:   sky130_fd_sc_hd__buf_8 cells:        2
ABC RESULTS:   sky130_fd_sc_hd__nor2_4 cells:        4
ABC RESULTS:   sky130_fd_sc_hd__nand2_4 cells:        7
ABC RESULTS:   sky130_fd_sc_hd__o22a_2 cells:       16
ABC RESULTS:   sky130_fd_sc_hd__xor2_2 cells:        2
ABC RESULTS:   sky130_fd_sc_hd__or3b_2 cells:        4
ABC RESULTS:   sky130_fd_sc_hd__a32o_2 cells:        3
ABC RESULTS:   sky130_fd_sc_hd__a41o_2 cells:        2
ABC RESULTS:   sky130_fd_sc_hd__and3_2 cells:       38
ABC RESULTS:   sky130_fd_sc_hd__or2b_2 cells:        5
ABC RESULTS:   sky130_fd_sc_hd__o311a_2 cells:       10
ABC RESULTS:   sky130_fd_sc_hd__and4_2 cells:        1
ABC RESULTS:   sky130_fd_sc_hd__a22oi_2 cells:        5
ABC RESULTS:   sky130_fd_sc_hd__a211o_2 cells:       23
ABC RESULTS:   sky130_fd_sc_hd__o211a_2 cells:       77
ABC RESULTS:   sky130_fd_sc_hd__a22o_2 cells:       21
ABC RESULTS:   sky130_fd_sc_hd__or3_2 cells:       10
ABC RESULTS:   sky130_fd_sc_hd__a31o_2 cells:       54
ABC RESULTS:   sky130_fd_sc_hd__a21o_2 cells:       97
ABC RESULTS:   sky130_fd_sc_hd__and2_2 cells:       47
ABC RESULTS:   sky130_fd_sc_hd__buf_1 cells:      408
ABC RESULTS:   sky130_fd_sc_hd__nand3b_2 cells:       82
ABC RESULTS:   sky130_fd_sc_hd__a21oi_2 cells:       28
ABC RESULTS:   sky130_fd_sc_hd__mux2_2 cells:      335
ABC RESULTS:   sky130_fd_sc_hd__o211ai_2 cells:        6
ABC RESULTS:   sky130_fd_sc_hd__o21ba_2 cells:       16
ABC RESULTS:   sky130_fd_sc_hd__buf_2 cells:       53
ABC RESULTS:   sky130_fd_sc_hd__buf_4 cells:       17
ABC RESULTS:   sky130_fd_sc_hd__o21ai_2 cells:      187
ABC RESULTS:   sky130_fd_sc_hd__buf_6 cells:       16
ABC RESULTS:   sky130_fd_sc_hd__or2_2 cells:      157
ABC RESULTS:   sky130_fd_sc_hd__o21a_2 cells:       23
ABC RESULTS:   sky130_fd_sc_hd__o21ai_4 cells:       31
ABC RESULTS:   sky130_fd_sc_hd__inv_2 cells:      280
ABC RESULTS:   sky130_fd_sc_hd__nor2_2 cells:      363
ABC RESULTS:   sky130_fd_sc_hd__nand3_2 cells:      184
ABC RESULTS:   sky130_fd_sc_hd__nand2_2 cells:      711
ABC RESULTS:        internal signals:     3474
ABC RESULTS:           input signals:     1074
ABC RESULTS:          output signals:      692
Removing temp directory.

55. Executing SETUNDEF pass (replace undef values with defined constants).

56. Executing HILOMAP pass (mapping to constant drivers).
Warning: Selection "sky130_fd_sc_hd__conb_1" did not match any module.
Warning: Selection "LO" did not match any object.

57. Executing SPLITNETS pass (splitting up multi-bit signals).

58. Executing OPT_CLEAN pass (remove unused cells and wires).
Finding unused cells or wires in module \axi4lite_arbiter_top..
Removed 0 unused cells and 5242 unused wires.
<suppressed ~17 debug messages>

59. Executing INSBUF pass (insert buffer cells for connected wires).
Add axi4lite_arbiter_top/$auto$insbuf.cc:97:execute$24183: \m_axi_araddr [32] -> \m_axi_araddr [0]
Add axi4lite_arbiter_top/$auto$insbuf.cc:97:execute$24184: \m_axi_araddr [33] -> \m_axi_araddr [1]
Add axi4lite_arbiter_top/$auto$insbuf.cc:97:execute$24185: \m_axi_araddr [34] -> \m_axi_araddr [2]
Add axi4lite_arbiter_top/$auto$insbuf.cc:97:execute$24186: \m_axi_araddr [35] -> \m_axi_araddr [3]
Add axi4lite_arbiter_top/$auto$insbuf.cc:97:execute$24187: \m_axi_araddr [36] -> \m_axi_araddr [4]
Add axi4lite_arbiter_top/$auto$insbuf.cc:97:execute$24188: \m_axi_araddr [37] -> \m_axi_araddr [5]
Add axi4lite_arbiter_top/$auto$insbuf.cc:97:execute$24189: \m_axi_araddr [38] -> \m_axi_araddr [6]
Add axi4lite_arbiter_top/$auto$insbuf.cc:97:execute$24190: \m_axi_araddr [39] -> \m_axi_araddr [7]
Add axi4lite_arbiter_top/$auto$insbuf.cc:97:execute$24191: \m_axi_araddr [40] -> \m_axi_araddr [8]
Add axi4lite_arbiter_top/$auto$insbuf.cc:97:execute$24192: \m_axi_araddr [41] -> \m_axi_araddr [9]
Add axi4lite_arbiter_top/$auto$insbuf.cc:97:execute$24193: \m_axi_araddr [42] -> \m_axi_araddr [10]
Add axi4lite_arbiter_top/$auto$insbuf.cc:97:execute$24194: \m_axi_araddr [43] -> \m_axi_araddr [11]
Add axi4lite_arbiter_top/$auto$insbuf.cc:97:execute$24195: \m_axi_araddr [44] -> \m_axi_araddr [12]
Add axi4lite_arbiter_top/$auto$insbuf.cc:97:execute$24196: \m_axi_araddr [45] -> \m_axi_araddr [13]
Add axi4lite_arbiter_top/$auto$insbuf.cc:97:execute$24197: \m_axi_araddr [46] -> \m_axi_araddr [14]
Add axi4lite_arbiter_top/$auto$insbuf.cc:97:execute$24198: \m_axi_araddr [47] -> \m_axi_araddr [15]
Add axi4lite_arbiter_top/$auto$insbuf.cc:97:execute$24199: \m_axi_araddr [48] -> \m_axi_araddr [16]
Add axi4lite_arbiter_top/$auto$insbuf.cc:97:execute$24200: \m_axi_araddr [49] -> \m_axi_araddr [17]
Add axi4lite_arbiter_top/$auto$insbuf.cc:97:execute$24201: \m_axi_araddr [50] -> \m_axi_araddr [18]
Add axi4lite_arbiter_top/$auto$insbuf.cc:97:execute$24202: \m_axi_araddr [51] -> \m_axi_araddr [19]
Add axi4lite_arbiter_top/$auto$insbuf.cc:97:execute$24203: \m_axi_araddr [52] -> \m_axi_araddr [20]
Add axi4lite_arbiter_top/$auto$insbuf.cc:97:execute$24204: \m_axi_araddr [53] -> \m_axi_araddr [21]
Add axi4lite_arbiter_top/$auto$insbuf.cc:97:execute$24205: \m_axi_araddr [54] -> \m_axi_araddr [22]
Add axi4lite_arbiter_top/$auto$insbuf.cc:97:execute$24206: \m_axi_araddr [55] -> \m_axi_araddr [23]
Add axi4lite_arbiter_top/$auto$insbuf.cc:97:execute$24207: \m_axi_araddr [56] -> \m_axi_araddr [24]
Add axi4lite_arbiter_top/$auto$insbuf.cc:97:execute$24208: \m_axi_araddr [57] -> \m_axi_araddr [25]
Add axi4lite_arbiter_top/$auto$insbuf.cc:97:execute$24209: \m_axi_araddr [58] -> \m_axi_araddr [26]
Add axi4lite_arbiter_top/$auto$insbuf.cc:97:execute$24210: \m_axi_araddr [59] -> \m_axi_araddr [27]
Add axi4lite_arbiter_top/$auto$insbuf.cc:97:execute$24211: \m_axi_araddr [60] -> \m_axi_araddr [28]
Add axi4lite_arbiter_top/$auto$insbuf.cc:97:execute$24212: \m_axi_araddr [61] -> \m_axi_araddr [29]
Add axi4lite_arbiter_top/$auto$insbuf.cc:97:execute$24213: \m_axi_araddr [62] -> \m_axi_araddr [30]
Add axi4lite_arbiter_top/$auto$insbuf.cc:97:execute$24214: \m_axi_araddr [63] -> \m_axi_araddr [31]
Add axi4lite_arbiter_top/$auto$insbuf.cc:97:execute$24215: \m_axi_arprot [3] -> \m_axi_arprot [0]
Add axi4lite_arbiter_top/$auto$insbuf.cc:97:execute$24216: \m_axi_arprot [4] -> \m_axi_arprot [1]
Add axi4lite_arbiter_top/$auto$insbuf.cc:97:execute$24217: \m_axi_arprot [5] -> \m_axi_arprot [2]
Add axi4lite_arbiter_top/$auto$insbuf.cc:97:execute$24218: \m_axi_awaddr [32] -> \m_axi_awaddr [0]
Add axi4lite_arbiter_top/$auto$insbuf.cc:97:execute$24219: \m_axi_awaddr [33] -> \m_axi_awaddr [1]
Add axi4lite_arbiter_top/$auto$insbuf.cc:97:execute$24220: \m_axi_awaddr [34] -> \m_axi_awaddr [2]
Add axi4lite_arbiter_top/$auto$insbuf.cc:97:execute$24221: \m_axi_awaddr [35] -> \m_axi_awaddr [3]
Add axi4lite_arbiter_top/$auto$insbuf.cc:97:execute$24222: \m_axi_awaddr [36] -> \m_axi_awaddr [4]
Add axi4lite_arbiter_top/$auto$insbuf.cc:97:execute$24223: \m_axi_awaddr [37] -> \m_axi_awaddr [5]
Add axi4lite_arbiter_top/$auto$insbuf.cc:97:execute$24224: \m_axi_awaddr [38] -> \m_axi_awaddr [6]
Add axi4lite_arbiter_top/$auto$insbuf.cc:97:execute$24225: \m_axi_awaddr [39] -> \m_axi_awaddr [7]
Add axi4lite_arbiter_top/$auto$insbuf.cc:97:execute$24226: \m_axi_awaddr [40] -> \m_axi_awaddr [8]
Add axi4lite_arbiter_top/$auto$insbuf.cc:97:execute$24227: \m_axi_awaddr [41] -> \m_axi_awaddr [9]
Add axi4lite_arbiter_top/$auto$insbuf.cc:97:execute$24228: \m_axi_awaddr [42] -> \m_axi_awaddr [10]
Add axi4lite_arbiter_top/$auto$insbuf.cc:97:execute$24229: \m_axi_awaddr [43] -> \m_axi_awaddr [11]
Add axi4lite_arbiter_top/$auto$insbuf.cc:97:execute$24230: \m_axi_awaddr [44] -> \m_axi_awaddr [12]
Add axi4lite_arbiter_top/$auto$insbuf.cc:97:execute$24231: \m_axi_awaddr [45] -> \m_axi_awaddr [13]
Add axi4lite_arbiter_top/$auto$insbuf.cc:97:execute$24232: \m_axi_awaddr [46] -> \m_axi_awaddr [14]
Add axi4lite_arbiter_top/$auto$insbuf.cc:97:execute$24233: \m_axi_awaddr [47] -> \m_axi_awaddr [15]
Add axi4lite_arbiter_top/$auto$insbuf.cc:97:execute$24234: \m_axi_awaddr [48] -> \m_axi_awaddr [16]
Add axi4lite_arbiter_top/$auto$insbuf.cc:97:execute$24235: \m_axi_awaddr [49] -> \m_axi_awaddr [17]
Add axi4lite_arbiter_top/$auto$insbuf.cc:97:execute$24236: \m_axi_awaddr [50] -> \m_axi_awaddr [18]
Add axi4lite_arbiter_top/$auto$insbuf.cc:97:execute$24237: \m_axi_awaddr [51] -> \m_axi_awaddr [19]
Add axi4lite_arbiter_top/$auto$insbuf.cc:97:execute$24238: \m_axi_awaddr [52] -> \m_axi_awaddr [20]
Add axi4lite_arbiter_top/$auto$insbuf.cc:97:execute$24239: \m_axi_awaddr [53] -> \m_axi_awaddr [21]
Add axi4lite_arbiter_top/$auto$insbuf.cc:97:execute$24240: \m_axi_awaddr [54] -> \m_axi_awaddr [22]
Add axi4lite_arbiter_top/$auto$insbuf.cc:97:execute$24241: \m_axi_awaddr [55] -> \m_axi_awaddr [23]
Add axi4lite_arbiter_top/$auto$insbuf.cc:97:execute$24242: \m_axi_awaddr [56] -> \m_axi_awaddr [24]
Add axi4lite_arbiter_top/$auto$insbuf.cc:97:execute$24243: \m_axi_awaddr [57] -> \m_axi_awaddr [25]
Add axi4lite_arbiter_top/$auto$insbuf.cc:97:execute$24244: \m_axi_awaddr [58] -> \m_axi_awaddr [26]
Add axi4lite_arbiter_top/$auto$insbuf.cc:97:execute$24245: \m_axi_awaddr [59] -> \m_axi_awaddr [27]
Add axi4lite_arbiter_top/$auto$insbuf.cc:97:execute$24246: \m_axi_awaddr [60] -> \m_axi_awaddr [28]
Add axi4lite_arbiter_top/$auto$insbuf.cc:97:execute$24247: \m_axi_awaddr [61] -> \m_axi_awaddr [29]
Add axi4lite_arbiter_top/$auto$insbuf.cc:97:execute$24248: \m_axi_awaddr [62] -> \m_axi_awaddr [30]
Add axi4lite_arbiter_top/$auto$insbuf.cc:97:execute$24249: \m_axi_awaddr [63] -> \m_axi_awaddr [31]
Add axi4lite_arbiter_top/$auto$insbuf.cc:97:execute$24250: \m_axi_awprot [3] -> \m_axi_awprot [0]
Add axi4lite_arbiter_top/$auto$insbuf.cc:97:execute$24251: \m_axi_awprot [4] -> \m_axi_awprot [1]
Add axi4lite_arbiter_top/$auto$insbuf.cc:97:execute$24252: \m_axi_awprot [5] -> \m_axi_awprot [2]
Add axi4lite_arbiter_top/$auto$insbuf.cc:97:execute$24253: \m_axi_wdata [32] -> \m_axi_wdata [0]
Add axi4lite_arbiter_top/$auto$insbuf.cc:97:execute$24254: \m_axi_wdata [33] -> \m_axi_wdata [1]
Add axi4lite_arbiter_top/$auto$insbuf.cc:97:execute$24255: \m_axi_wdata [34] -> \m_axi_wdata [2]
Add axi4lite_arbiter_top/$auto$insbuf.cc:97:execute$24256: \m_axi_wdata [35] -> \m_axi_wdata [3]
Add axi4lite_arbiter_top/$auto$insbuf.cc:97:execute$24257: \m_axi_wdata [36] -> \m_axi_wdata [4]
Add axi4lite_arbiter_top/$auto$insbuf.cc:97:execute$24258: \m_axi_wdata [37] -> \m_axi_wdata [5]
Add axi4lite_arbiter_top/$auto$insbuf.cc:97:execute$24259: \m_axi_wdata [38] -> \m_axi_wdata [6]
Add axi4lite_arbiter_top/$auto$insbuf.cc:97:execute$24260: \m_axi_wdata [39] -> \m_axi_wdata [7]
Add axi4lite_arbiter_top/$auto$insbuf.cc:97:execute$24261: \m_axi_wdata [40] -> \m_axi_wdata [8]
Add axi4lite_arbiter_top/$auto$insbuf.cc:97:execute$24262: \m_axi_wdata [41] -> \m_axi_wdata [9]
Add axi4lite_arbiter_top/$auto$insbuf.cc:97:execute$24263: \m_axi_wdata [42] -> \m_axi_wdata [10]
Add axi4lite_arbiter_top/$auto$insbuf.cc:97:execute$24264: \m_axi_wdata [43] -> \m_axi_wdata [11]
Add axi4lite_arbiter_top/$auto$insbuf.cc:97:execute$24265: \m_axi_wdata [44] -> \m_axi_wdata [12]
Add axi4lite_arbiter_top/$auto$insbuf.cc:97:execute$24266: \m_axi_wdata [45] -> \m_axi_wdata [13]
Add axi4lite_arbiter_top/$auto$insbuf.cc:97:execute$24267: \m_axi_wdata [46] -> \m_axi_wdata [14]
Add axi4lite_arbiter_top/$auto$insbuf.cc:97:execute$24268: \m_axi_wdata [47] -> \m_axi_wdata [15]
Add axi4lite_arbiter_top/$auto$insbuf.cc:97:execute$24269: \m_axi_wdata [48] -> \m_axi_wdata [16]
Add axi4lite_arbiter_top/$auto$insbuf.cc:97:execute$24270: \m_axi_wdata [49] -> \m_axi_wdata [17]
Add axi4lite_arbiter_top/$auto$insbuf.cc:97:execute$24271: \m_axi_wdata [50] -> \m_axi_wdata [18]
Add axi4lite_arbiter_top/$auto$insbuf.cc:97:execute$24272: \m_axi_wdata [51] -> \m_axi_wdata [19]
Add axi4lite_arbiter_top/$auto$insbuf.cc:97:execute$24273: \m_axi_wdata [52] -> \m_axi_wdata [20]
Add axi4lite_arbiter_top/$auto$insbuf.cc:97:execute$24274: \m_axi_wdata [53] -> \m_axi_wdata [21]
Add axi4lite_arbiter_top/$auto$insbuf.cc:97:execute$24275: \m_axi_wdata [54] -> \m_axi_wdata [22]
Add axi4lite_arbiter_top/$auto$insbuf.cc:97:execute$24276: \m_axi_wdata [55] -> \m_axi_wdata [23]
Add axi4lite_arbiter_top/$auto$insbuf.cc:97:execute$24277: \m_axi_wdata [56] -> \m_axi_wdata [24]
Add axi4lite_arbiter_top/$auto$insbuf.cc:97:execute$24278: \m_axi_wdata [57] -> \m_axi_wdata [25]
Add axi4lite_arbiter_top/$auto$insbuf.cc:97:execute$24279: \m_axi_wdata [58] -> \m_axi_wdata [26]
Add axi4lite_arbiter_top/$auto$insbuf.cc:97:execute$24280: \m_axi_wdata [59] -> \m_axi_wdata [27]
Add axi4lite_arbiter_top/$auto$insbuf.cc:97:execute$24281: \m_axi_wdata [60] -> \m_axi_wdata [28]
Add axi4lite_arbiter_top/$auto$insbuf.cc:97:execute$24282: \m_axi_wdata [61] -> \m_axi_wdata [29]
Add axi4lite_arbiter_top/$auto$insbuf.cc:97:execute$24283: \m_axi_wdata [62] -> \m_axi_wdata [30]
Add axi4lite_arbiter_top/$auto$insbuf.cc:97:execute$24284: \m_axi_wdata [63] -> \m_axi_wdata [31]
Add axi4lite_arbiter_top/$auto$insbuf.cc:97:execute$24285: \m_axi_wstrb [4] -> \m_axi_wstrb [0]
Add axi4lite_arbiter_top/$auto$insbuf.cc:97:execute$24286: \m_axi_wstrb [5] -> \m_axi_wstrb [1]
Add axi4lite_arbiter_top/$auto$insbuf.cc:97:execute$24287: \m_axi_wstrb [6] -> \m_axi_wstrb [2]
Add axi4lite_arbiter_top/$auto$insbuf.cc:97:execute$24288: \m_axi_wstrb [7] -> \m_axi_wstrb [3]

60. Executing CHECK pass (checking for obvious problems).
Checking module axi4lite_arbiter_top...
Found and reported 0 problems.
{
   "creator": "Yosys 0.38 (git sha1 543faed9c8c, clang++ 16.0.6 -fPIC -Os)",
   "invocation": "stat -json -liberty /work/openlane/runs/RUN_2026-08-28_23-33-37/tmp/7d890448c012437f9519791ffa6a66a7.lib ",
   "modules": {
      "\\axi4lite_arbiter_top": {
         "num_wires":         3704,
         "num_wire_bits":     4604,
         "num_pub_wires":     456,
         "num_pub_wire_bits": 1356,
         "num_memories":      0,
         "num_memory_bits":   0,
         "num_processes":     0,
         "num_cells":         4043,
         "area":              39315.206400,
         "num_cells_by_type": {
            "sky130_fd_sc_hd__a211o_2": 23,
            "sky130_fd_sc_hd__a21bo_2": 7,
            "sky130_fd_sc_hd__a21boi_2": 4,
            "sky130_fd_sc_hd__a21o_2": 97,
            "sky130_fd_sc_hd__a21oi_2": 28,
            "sky130_fd_sc_hd__a221o_2": 4,
            "sky130_fd_sc_hd__a22o_2": 21,
            "sky130_fd_sc_hd__a22oi_2": 5,
            "sky130_fd_sc_hd__a2bb2o_2": 2,
            "sky130_fd_sc_hd__a311o_2": 1,
            "sky130_fd_sc_hd__a31o_2": 54,
            "sky130_fd_sc_hd__a31oi_2": 2,
            "sky130_fd_sc_hd__a32o_2": 3,
            "sky130_fd_sc_hd__a41o_2": 2,
            "sky130_fd_sc_hd__and2_2": 47,
            "sky130_fd_sc_hd__and2b_2": 1,
            "sky130_fd_sc_hd__and3_2": 38,
            "sky130_fd_sc_hd__and3b_2": 1,
            "sky130_fd_sc_hd__and4_2": 1,
            "sky130_fd_sc_hd__buf_1": 408,
            "sky130_fd_sc_hd__buf_2": 159,
            "sky130_fd_sc_hd__buf_4": 17,
            "sky130_fd_sc_hd__buf_6": 16,
            "sky130_fd_sc_hd__buf_8": 2,
            "sky130_fd_sc_hd__dfrtp_2": 508,
            "sky130_fd_sc_hd__dfstp_2": 11,
            "sky130_fd_sc_hd__inv_2": 280,
            "sky130_fd_sc_hd__inv_4": 6,
            "sky130_fd_sc_hd__mux2_2": 335,
            "sky130_fd_sc_hd__nand2_2": 711,
            "sky130_fd_sc_hd__nand2_4": 7,
            "sky130_fd_sc_hd__nand2b_2": 2,
            "sky130_fd_sc_hd__nand3_2": 184,
            "sky130_fd_sc_hd__nand3_4": 1,
            "sky130_fd_sc_hd__nand3b_2": 82,
            "sky130_fd_sc_hd__nor2_2": 363,
            "sky130_fd_sc_hd__nor2_4": 4,
            "sky130_fd_sc_hd__nor2_8": 1,
            "sky130_fd_sc_hd__nor3_2": 6,
            "sky130_fd_sc_hd__nor3_4": 1,
            "sky130_fd_sc_hd__nor3b_2": 1,
            "sky130_fd_sc_hd__o2111a_2": 9,
            "sky130_fd_sc_hd__o2111ai_2": 1,
            "sky130_fd_sc_hd__o211a_2": 77,
            "sky130_fd_sc_hd__o211ai_2": 6,
            "sky130_fd_sc_hd__o21a_2": 23,
            "sky130_fd_sc_hd__o21ai_2": 187,
            "sky130_fd_sc_hd__o21ai_4": 31,
            "sky130_fd_sc_hd__o21ba_2": 16,
            "sky130_fd_sc_hd__o21bai_2": 1,
            "sky130_fd_sc_hd__o221a_2": 6,
            "sky130_fd_sc_hd__o221a_4": 2,
            "sky130_fd_sc_hd__o22a_2": 16,
            "sky130_fd_sc_hd__o22ai_2": 3,
            "sky130_fd_sc_hd__o2bb2a_2": 3,
            "sky130_fd_sc_hd__o2bb2ai_2": 1,
            "sky130_fd_sc_hd__o311a_2": 10,
            "sky130_fd_sc_hd__o31a_2": 12,
            "sky130_fd_sc_hd__o31ai_2": 1,
            "sky130_fd_sc_hd__or2_2": 157,
            "sky130_fd_sc_hd__or2_4": 12,
            "sky130_fd_sc_hd__or2b_2": 5,
            "sky130_fd_sc_hd__or3_2": 10,
            "sky130_fd_sc_hd__or3b_2": 4,
            "sky130_fd_sc_hd__or4b_2": 1,
            "sky130_fd_sc_hd__xnor2_2": 1,
            "sky130_fd_sc_hd__xor2_2": 2
         }
      }
   },
      "design": {
         "num_wires":         3704,
         "num_wire_bits":     4604,
         "num_pub_wires":     456,
         "num_pub_wire_bits": 1356,
         "num_memories":      0,
         "num_memory_bits":   0,
         "num_processes":     0,
         "num_cells":         4043,
         "area":              39315.206400,
         "num_cells_by_type": {
            "sky130_fd_sc_hd__a211o_2": 23,
            "sky130_fd_sc_hd__a21bo_2": 7,
            "sky130_fd_sc_hd__a21boi_2": 4,
            "sky130_fd_sc_hd__a21o_2": 97,
            "sky130_fd_sc_hd__a21oi_2": 28,
            "sky130_fd_sc_hd__a221o_2": 4,
            "sky130_fd_sc_hd__a22o_2": 21,
            "sky130_fd_sc_hd__a22oi_2": 5,
            "sky130_fd_sc_hd__a2bb2o_2": 2,
            "sky130_fd_sc_hd__a311o_2": 1,
            "sky130_fd_sc_hd__a31o_2": 54,
            "sky130_fd_sc_hd__a31oi_2": 2,
            "sky130_fd_sc_hd__a32o_2": 3,
            "sky130_fd_sc_hd__a41o_2": 2,
            "sky130_fd_sc_hd__and2_2": 47,
            "sky130_fd_sc_hd__and2b_2": 1,
            "sky130_fd_sc_hd__and3_2": 38,
            "sky130_fd_sc_hd__and3b_2": 1,
            "sky130_fd_sc_hd__and4_2": 1,
            "sky130_fd_sc_hd__buf_1": 408,
            "sky130_fd_sc_hd__buf_2": 159,
            "sky130_fd_sc_hd__buf_4": 17,
            "sky130_fd_sc_hd__buf_6": 16,
            "sky130_fd_sc_hd__buf_8": 2,
            "sky130_fd_sc_hd__dfrtp_2": 508,
            "sky130_fd_sc_hd__dfstp_2": 11,
            "sky130_fd_sc_hd__inv_2": 280,
            "sky130_fd_sc_hd__inv_4": 6,
            "sky130_fd_sc_hd__mux2_2": 335,
            "sky130_fd_sc_hd__nand2_2": 711,
            "sky130_fd_sc_hd__nand2_4": 7,
            "sky130_fd_sc_hd__nand2b_2": 2,
            "sky130_fd_sc_hd__nand3_2": 184,
            "sky130_fd_sc_hd__nand3_4": 1,
            "sky130_fd_sc_hd__nand3b_2": 82,
            "sky130_fd_sc_hd__nor2_2": 363,
            "sky130_fd_sc_hd__nor2_4": 4,
            "sky130_fd_sc_hd__nor2_8": 1,
            "sky130_fd_sc_hd__nor3_2": 6,
            "sky130_fd_sc_hd__nor3_4": 1,
            "sky130_fd_sc_hd__nor3b_2": 1,
            "sky130_fd_sc_hd__o2111a_2": 9,
            "sky130_fd_sc_hd__o2111ai_2": 1,
            "sky130_fd_sc_hd__o211a_2": 77,
            "sky130_fd_sc_hd__o211ai_2": 6,
            "sky130_fd_sc_hd__o21a_2": 23,
            "sky130_fd_sc_hd__o21ai_2": 187,
            "sky130_fd_sc_hd__o21ai_4": 31,
            "sky130_fd_sc_hd__o21ba_2": 16,
            "sky130_fd_sc_hd__o21bai_2": 1,
            "sky130_fd_sc_hd__o221a_2": 6,
            "sky130_fd_sc_hd__o221a_4": 2,
            "sky130_fd_sc_hd__o22a_2": 16,
            "sky130_fd_sc_hd__o22ai_2": 3,
            "sky130_fd_sc_hd__o2bb2a_2": 3,
            "sky130_fd_sc_hd__o2bb2ai_2": 1,
            "sky130_fd_sc_hd__o311a_2": 10,
            "sky130_fd_sc_hd__o31a_2": 12,
            "sky130_fd_sc_hd__o31ai_2": 1,
            "sky130_fd_sc_hd__or2_2": 157,
            "sky130_fd_sc_hd__or2_4": 12,
            "sky130_fd_sc_hd__or2b_2": 5,
            "sky130_fd_sc_hd__or3_2": 10,
            "sky130_fd_sc_hd__or3b_2": 4,
            "sky130_fd_sc_hd__or4b_2": 1,
            "sky130_fd_sc_hd__xnor2_2": 1,
            "sky130_fd_sc_hd__xor2_2": 2
         }
      }
}

61. Printing statistics.

=== axi4lite_arbiter_top ===

   Number of wires:               3704
   Number of wire bits:           4604
   Number of public wires:         456
   Number of public wire bits:    1356
   Number of memories:               0
   Number of memory bits:            0
   Number of processes:              0
   Number of cells:               4043
     sky130_fd_sc_hd__a211o_2       23
     sky130_fd_sc_hd__a21bo_2        7
     sky130_fd_sc_hd__a21boi_2       4
     sky130_fd_sc_hd__a21o_2        97
     sky130_fd_sc_hd__a21oi_2       28
     sky130_fd_sc_hd__a221o_2        4
     sky130_fd_sc_hd__a22o_2        21
     sky130_fd_sc_hd__a22oi_2        5
     sky130_fd_sc_hd__a2bb2o_2       2
     sky130_fd_sc_hd__a311o_2        1
     sky130_fd_sc_hd__a31o_2        54
     sky130_fd_sc_hd__a31oi_2        2
     sky130_fd_sc_hd__a32o_2         3
     sky130_fd_sc_hd__a41o_2         2
     sky130_fd_sc_hd__and2_2        47
     sky130_fd_sc_hd__and2b_2        1
     sky130_fd_sc_hd__and3_2        38
     sky130_fd_sc_hd__and3b_2        1
     sky130_fd_sc_hd__and4_2         1
     sky130_fd_sc_hd__buf_1        408
     sky130_fd_sc_hd__buf_2        159
     sky130_fd_sc_hd__buf_4         17
     sky130_fd_sc_hd__buf_6         16
     sky130_fd_sc_hd__buf_8          2
     sky130_fd_sc_hd__dfrtp_2      508
     sky130_fd_sc_hd__dfstp_2       11
     sky130_fd_sc_hd__inv_2        280
     sky130_fd_sc_hd__inv_4          6
     sky130_fd_sc_hd__mux2_2       335
     sky130_fd_sc_hd__nand2_2      711
     sky130_fd_sc_hd__nand2_4        7
     sky130_fd_sc_hd__nand2b_2       2
     sky130_fd_sc_hd__nand3_2      184
     sky130_fd_sc_hd__nand3_4        1
     sky130_fd_sc_hd__nand3b_2      82
     sky130_fd_sc_hd__nor2_2       363
     sky130_fd_sc_hd__nor2_4         4
     sky130_fd_sc_hd__nor2_8         1
     sky130_fd_sc_hd__nor3_2         6
     sky130_fd_sc_hd__nor3_4         1
     sky130_fd_sc_hd__nor3b_2        1
     sky130_fd_sc_hd__o2111a_2       9
     sky130_fd_sc_hd__o2111ai_2      1
     sky130_fd_sc_hd__o211a_2       77
     sky130_fd_sc_hd__o211ai_2       6
     sky130_fd_sc_hd__o21a_2        23
     sky130_fd_sc_hd__o21ai_2      187
     sky130_fd_sc_hd__o21ai_4       31
     sky130_fd_sc_hd__o21ba_2       16
     sky130_fd_sc_hd__o21bai_2       1
     sky130_fd_sc_hd__o221a_2        6
     sky130_fd_sc_hd__o221a_4        2
     sky130_fd_sc_hd__o22a_2        16
     sky130_fd_sc_hd__o22ai_2        3
     sky130_fd_sc_hd__o2bb2a_2       3
     sky130_fd_sc_hd__o2bb2ai_2      1
     sky130_fd_sc_hd__o311a_2       10
     sky130_fd_sc_hd__o31a_2        12
     sky130_fd_sc_hd__o31ai_2        1
     sky130_fd_sc_hd__or2_2        157
     sky130_fd_sc_hd__or2_4         12
     sky130_fd_sc_hd__or2b_2         5
     sky130_fd_sc_hd__or3_2         10
     sky130_fd_sc_hd__or3b_2         4
     sky130_fd_sc_hd__or4b_2         1
     sky130_fd_sc_hd__xnor2_2        1
     sky130_fd_sc_hd__xor2_2         2

   Chip area for module '\axi4lite_arbiter_top': 39315.206400

62. Executing Verilog backend.
Dumping module `\axi4lite_arbiter_top'.

63. Executing JSON backend.

Warnings: 2 unique messages, 2 total
End of script. Logfile hash: 48451f55c4, CPU: user 1.93s system 0.12s, MEM: 178.07 MB peak
Yosys 0.38 (git sha1 543faed9c8c, clang++ 16.0.6 -fPIC -Os)
Time spent: 34% 2x abc (1 sec), 13% 42x opt_expr (0 sec), ...
