[INFO GRT-0043] No OR_DEFAULT vias defined.
Net: _1053_
  Pin: _5361_/C (sky130_fd_sc_hd__nand3b_1)
    Layer: met2
      Partial area ratio:   41.02
      Required ratio:    0.00 (Gate area) 
      Partial area ratio:  205.31
      Required ratio: 3134.60 (Side area) 
      Cumulative area ratio:  177.24
      Required ratio:    0.00 (Cumulative area) 
      Cumulative area ratio:  888.00
      Required ratio:    0.00 (Cumulative side area) 

    Layer: met1
      Partial area ratio:  136.22
      Required ratio:    0.00 (Gate area) 
      Partial area ratio:  682.69
      Required ratio:  400.00 (Side area) (VIOLATED)
      Cumulative area ratio:  136.22
      Required ratio:    0.00 (Cumulative area) 
      Cumulative area ratio:  682.69
      Required ratio:    0.00 (Cumulative side area) 

    Layer: li1
      Partial area ratio:    0.00
      Required ratio:    0.00 (Gate area) 
      Partial area ratio:    0.00
      Required ratio:   75.00 (Side area) 
      Cumulative area ratio:    0.00
      Required ratio:    0.00 (Cumulative area) 
      Cumulative area ratio:    0.00
      Required ratio:    0.00 (Cumulative side area) 

    Layer: met3
      Partial area ratio:    6.23
      Required ratio:    0.00 (Gate area) 
      Partial area ratio:   33.57
      Required ratio: 3134.60 (Side area) 
      Cumulative area ratio:  183.47
      Required ratio:    0.00 (Cumulative area) 
      Cumulative area ratio:  921.57
      Required ratio:    0.00 (Cumulative side area) 

    Via: M2M3_PR
      Partial area ratio:    0.04
      Required ratio:    6.00 (Gate area) 
      Cumulative area ratio:    0.52
      Required ratio:    0.00 (Cumulative area) 

    Via: M1M2_PR
      Partial area ratio:    0.36
      Required ratio:    6.00 (Gate area) 
      Cumulative area ratio:    0.48
      Required ratio:    0.00 (Cumulative area) 

    Via: L1M1_PR
      Partial area ratio:    0.12
      Required ratio:    3.00 (Gate area) 
      Cumulative area ratio:    0.12
      Required ratio:    0.00 (Cumulative area) 

  Pin: _5417_/C (sky130_fd_sc_hd__nand3_1)
    Layer: met3
      Partial area ratio:    6.23
      Required ratio:    0.00 (Gate area) 
      Partial area ratio:   33.57
      Required ratio: 3134.60 (Side area) 
      Cumulative area ratio:   23.22
      Required ratio:    0.00 (Cumulative area) 
      Cumulative area ratio:  121.21
      Required ratio:    0.00 (Cumulative side area) 

    Layer: met2
      Partial area ratio:    2.06
      Required ratio:    0.00 (Gate area) 
      Partial area ratio:   10.52
      Required ratio:  400.00 (Side area) 
      Cumulative area ratio:    4.56
      Required ratio:    0.00 (Cumulative area) 
      Cumulative area ratio:   23.80
      Required ratio:    0.00 (Cumulative side area) 

    Layer: met1
      Partial area ratio:    2.50
      Required ratio:    0.00 (Gate area) 
      Partial area ratio:   13.28
      Required ratio:  400.00 (Side area) 
      Cumulative area ratio:    2.50
      Required ratio:    0.00 (Cumulative area) 
      Cumulative area ratio:   13.28
      Required ratio:    0.00 (Cumulative side area) 

    Layer: li1
      Partial area ratio:    0.00
      Required ratio:    0.00 (Gate area) 
      Partial area ratio:    0.00
      Required ratio:   75.00 (Side area) 
      Cumulative area ratio:    0.00
      Required ratio:    0.00 (Cumulative area) 
      Cumulative area ratio:    0.00
      Required ratio:    0.00 (Cumulative side area) 

    Via: M2M3_PR
      Partial area ratio:    0.08
      Required ratio:    6.00 (Gate area) 
      Cumulative area ratio:    0.38
      Required ratio:    0.00 (Cumulative area) 

    Via: M1M2_PR
      Partial area ratio:    0.18
      Required ratio:    6.00 (Gate area) 
      Cumulative area ratio:    0.30
      Required ratio:    0.00 (Cumulative area) 

    Via: L1M1_PR
      Partial area ratio:    0.12
      Required ratio:    3.00 (Gate area) 
      Cumulative area ratio:    0.12
      Required ratio:    0.00 (Cumulative area) 

  Pin: _5438_/C (sky130_fd_sc_hd__nand3_1)
    Layer: met3
      Partial area ratio:    6.23
      Required ratio:    0.00 (Gate area) 
      Partial area ratio:   33.57
      Required ratio: 3134.60 (Side area) 
      Cumulative area ratio:   21.80
      Required ratio:    0.00 (Cumulative area) 
      Cumulative area ratio:  114.14
      Required ratio:    0.00 (Cumulative side area) 

    Layer: met2
      Partial area ratio:    2.06
      Required ratio:    0.00 (Gate area) 
      Partial area ratio:   10.52
      Required ratio:  400.00 (Side area) 
      Cumulative area ratio:   15.57
      Required ratio:    0.00 (Cumulative area) 
      Cumulative area ratio:   80.57
      Required ratio:    0.00 (Cumulative side area) 

    Layer: met1
      Partial area ratio:    1.08
      Required ratio:    0.00 (Gate area) 
      Partial area ratio:    6.21
      Required ratio:  400.00 (Side area) 
      Cumulative area ratio:    1.08
      Required ratio:    0.00 (Cumulative area) 
      Cumulative area ratio:    6.21
      Required ratio:    0.00 (Cumulative side area) 

    Layer: li1
      Partial area ratio:    0.00
      Required ratio:    0.00 (Gate area) 
      Partial area ratio:    0.00
      Required ratio:   75.00 (Side area) 
      Cumulative area ratio:    0.00
      Required ratio:    0.00 (Cumulative area) 
      Cumulative area ratio:    0.00
      Required ratio:    0.00 (Cumulative side area) 

    Via: M2M3_PR
      Partial area ratio:    0.08
      Required ratio:    6.00 (Gate area) 
      Cumulative area ratio:    0.58
      Required ratio:    0.00 (Cumulative area) 

    Via: M1M2_PR
      Partial area ratio:    0.18
      Required ratio:    6.00 (Gate area) 
      Cumulative area ratio:    0.30
      Required ratio:    0.00 (Cumulative area) 

    Via: L1M1_PR
      Partial area ratio:    0.12
      Required ratio:    3.00 (Gate area) 
      Cumulative area ratio:    0.12
      Required ratio:    0.00 (Cumulative area) 

  Pin: _5421_/C (sky130_fd_sc_hd__nand3_1)
    Layer: met3
      Partial area ratio:    6.23
      Required ratio:    0.00 (Gate area) 
      Partial area ratio:   33.57
      Required ratio: 3134.60 (Side area) 
      Cumulative area ratio:   26.13
      Required ratio:    0.00 (Cumulative area) 
      Cumulative area ratio:  136.72
      Required ratio:    0.00 (Cumulative side area) 

    Layer: met2
      Partial area ratio:    1.33
      Required ratio:    0.00 (Gate area) 
      Partial area ratio:    6.77
      Required ratio:  400.00 (Side area) 
      Cumulative area ratio:    5.41
      Required ratio:    0.00 (Cumulative area) 
      Cumulative area ratio:   28.79
      Required ratio:    0.00 (Cumulative side area) 

    Layer: met1
      Partial area ratio:    4.09
      Required ratio:    0.00 (Gate area) 
      Partial area ratio:   22.02
      Required ratio:  400.00 (Side area) 
      Cumulative area ratio:    4.09
      Required ratio:    0.00 (Cumulative area) 
      Cumulative area ratio:   22.02
      Required ratio:    0.00 (Cumulative side area) 

    Layer: li1
      Partial area ratio:    0.00
      Required ratio:    0.00 (Gate area) 
      Partial area ratio:    0.00
      Required ratio:   75.00 (Side area) 
      Cumulative area ratio:    0.00
      Required ratio:    0.00 (Cumulative area) 
      Cumulative area ratio:    0.00
      Required ratio:    0.00 (Cumulative side area) 

    Via: M2M3_PR
      Partial area ratio:    0.05
      Required ratio:    6.00 (Gate area) 
      Cumulative area ratio:    0.31
      Required ratio:    0.00 (Cumulative area) 

    Via: M1M2_PR
      Partial area ratio:    0.14
      Required ratio:    6.00 (Gate area) 
      Cumulative area ratio:    0.25
      Required ratio:    0.00 (Cumulative area) 

    Via: L1M1_PR
      Partial area ratio:    0.12
      Required ratio:    3.00 (Gate area) 
      Cumulative area ratio:    0.12
      Required ratio:    0.00 (Cumulative area) 

  Pin: _5400_/C (sky130_fd_sc_hd__nand3_1)
    Layer: met3
      Partial area ratio:    6.23
      Required ratio:    0.00 (Gate area) 
      Partial area ratio:   33.57
      Required ratio: 3134.60 (Side area) 
      Cumulative area ratio:   26.13
      Required ratio:    0.00 (Cumulative area) 
      Cumulative area ratio:  136.72
      Required ratio:    0.00 (Cumulative side area) 

    Layer: met2
      Partial area ratio:    1.33
      Required ratio:    0.00 (Gate area) 
      Partial area ratio:    6.77
      Required ratio:  400.00 (Side area) 
      Cumulative area ratio:    5.41
      Required ratio:    0.00 (Cumulative area) 
      Cumulative area ratio:   28.79
      Required ratio:    0.00 (Cumulative side area) 

    Layer: met1
      Partial area ratio:    4.09
      Required ratio:    0.00 (Gate area) 
      Partial area ratio:   22.02
      Required ratio:  400.00 (Side area) 
      Cumulative area ratio:    4.09
      Required ratio:    0.00 (Cumulative area) 
      Cumulative area ratio:   22.02
      Required ratio:    0.00 (Cumulative side area) 

    Layer: li1
      Partial area ratio:    0.00
      Required ratio:    0.00 (Gate area) 
      Partial area ratio:    0.00
      Required ratio:   75.00 (Side area) 
      Cumulative area ratio:    0.00
      Required ratio:    0.00 (Cumulative area) 
      Cumulative area ratio:    0.00
      Required ratio:    0.00 (Cumulative side area) 

    Via: M2M3_PR
      Partial area ratio:    0.05
      Required ratio:    6.00 (Gate area) 
      Cumulative area ratio:    0.31
      Required ratio:    0.00 (Cumulative area) 

    Via: M1M2_PR
      Partial area ratio:    0.14
      Required ratio:    6.00 (Gate area) 
      Cumulative area ratio:    0.25
      Required ratio:    0.00 (Cumulative area) 

    Via: L1M1_PR
      Partial area ratio:    0.12
      Required ratio:    3.00 (Gate area) 
      Cumulative area ratio:    0.12
      Required ratio:    0.00 (Cumulative area) 

  Pin: _5381_/C (sky130_fd_sc_hd__nand3_1)
    Layer: met3
      Partial area ratio:    6.23
      Required ratio:    0.00 (Gate area) 
      Partial area ratio:   33.57
      Required ratio: 3134.60 (Side area) 
      Cumulative area ratio:   24.19
      Required ratio:    0.00 (Cumulative area) 
      Cumulative area ratio:  126.20
      Required ratio:    0.00 (Cumulative side area) 

    Layer: met2
      Partial area ratio:    1.33
      Required ratio:    0.00 (Gate area) 
      Partial area ratio:    6.77
      Required ratio:  400.00 (Side area) 
      Cumulative area ratio:    3.47
      Required ratio:    0.00 (Cumulative area) 
      Cumulative area ratio:   18.27
      Required ratio:    0.00 (Cumulative side area) 

    Layer: met1
      Partial area ratio:    2.14
      Required ratio:    0.00 (Gate area) 
      Partial area ratio:   11.50
      Required ratio:  400.00 (Side area) 
      Cumulative area ratio:    2.14
      Required ratio:    0.00 (Cumulative area) 
      Cumulative area ratio:   11.50
      Required ratio:    0.00 (Cumulative side area) 

    Layer: li1
      Partial area ratio:    0.00
      Required ratio:    0.00 (Gate area) 
      Partial area ratio:    0.00
      Required ratio:   75.00 (Side area) 
      Cumulative area ratio:    0.00
      Required ratio:    0.00 (Cumulative area) 
      Cumulative area ratio:    0.00
      Required ratio:    0.00 (Cumulative side area) 

    Via: M2M3_PR
      Partial area ratio:    0.05
      Required ratio:    6.00 (Gate area) 
      Cumulative area ratio:    0.35
      Required ratio:    0.00 (Cumulative area) 

    Via: M1M2_PR
      Partial area ratio:    0.18
      Required ratio:    6.00 (Gate area) 
      Cumulative area ratio:    0.30
      Required ratio:    0.00 (Cumulative area) 

    Via: L1M1_PR
      Partial area ratio:    0.12
      Required ratio:    3.00 (Gate area) 
      Cumulative area ratio:    0.12
      Required ratio:    0.00 (Cumulative area) 

  Pin: _5224_/A (sky130_fd_sc_hd__clkbuf_4)
    Layer: met3
      Partial area ratio:    6.23
      Required ratio:    0.00 (Gate area) 
      Partial area ratio:   33.57
      Required ratio: 3134.60 (Side area) 
      Cumulative area ratio:   20.72
      Required ratio:    0.00 (Cumulative area) 
      Cumulative area ratio:  107.94
      Required ratio:    0.00 (Cumulative side area) 

    Layer: met2
      Partial area ratio:    2.06
      Required ratio:    0.00 (Gate area) 
      Partial area ratio:   10.52
      Required ratio:  400.00 (Side area) 
      Cumulative area ratio:   14.49
      Required ratio:    0.00 (Cumulative area) 
      Cumulative area ratio:   74.36
      Required ratio:    0.00 (Cumulative side area) 

    Layer: met1
      Partial area ratio:   12.43
      Required ratio:    0.00 (Gate area) 
      Partial area ratio:   63.84
      Required ratio:  400.00 (Side area) 
      Cumulative area ratio:   12.43
      Required ratio:    0.00 (Cumulative area) 
      Cumulative area ratio:   63.84
      Required ratio:    0.00 (Cumulative side area) 

    Layer: li1
      Partial area ratio:    0.00
      Required ratio:    0.00 (Gate area) 
      Partial area ratio:    0.00
      Required ratio:   75.00 (Side area) 
      Cumulative area ratio:    0.00
      Required ratio:    0.00 (Cumulative area) 
      Cumulative area ratio:    0.00
      Required ratio:    0.00 (Cumulative side area) 

    Via: M2M3_PR
      Partial area ratio:    0.08
      Required ratio:    6.00 (Gate area) 
      Cumulative area ratio:    0.41
      Required ratio:    0.00 (Cumulative area) 

    Via: M1M2_PR
      Partial area ratio:    0.20
      Required ratio:    6.00 (Gate area) 
      Cumulative area ratio:    0.33
      Required ratio:    0.00 (Cumulative area) 

    Via: L1M1_PR
      Partial area ratio:    0.14
      Required ratio:    3.00 (Gate area) 
      Cumulative area ratio:    0.14
      Required ratio:    0.00 (Cumulative area) 

  Pin: _5364_/C (sky130_fd_sc_hd__nand3b_1)
    Layer: met3
      Partial area ratio:    6.23
      Required ratio:    0.00 (Gate area) 
      Partial area ratio:   33.57
      Required ratio: 3134.60 (Side area) 
      Cumulative area ratio:   20.72
      Required ratio:    0.00 (Cumulative area) 
      Cumulative area ratio:  107.94
      Required ratio:    0.00 (Cumulative side area) 

    Layer: met2
      Partial area ratio:    2.06
      Required ratio:    0.00 (Gate area) 
      Partial area ratio:   10.52
      Required ratio:  400.00 (Side area) 
      Cumulative area ratio:   14.49
      Required ratio:    0.00 (Cumulative area) 
      Cumulative area ratio:   74.36
      Required ratio:    0.00 (Cumulative side area) 

    Layer: met1
      Partial area ratio:   12.43
      Required ratio:    0.00 (Gate area) 
      Partial area ratio:   63.84
      Required ratio:  400.00 (Side area) 
      Cumulative area ratio:   12.43
      Required ratio:    0.00 (Cumulative area) 
      Cumulative area ratio:   63.84
      Required ratio:    0.00 (Cumulative side area) 

    Layer: li1
      Partial area ratio:    0.00
      Required ratio:    0.00 (Gate area) 
      Partial area ratio:    0.00
      Required ratio:   75.00 (Side area) 
      Cumulative area ratio:    0.00
      Required ratio:    0.00 (Cumulative area) 
      Cumulative area ratio:    0.00
      Required ratio:    0.00 (Cumulative side area) 

    Via: M2M3_PR
      Partial area ratio:    0.08
      Required ratio:    6.00 (Gate area) 
      Cumulative area ratio:    0.40
      Required ratio:    0.00 (Cumulative area) 

    Via: M1M2_PR
      Partial area ratio:    0.20
      Required ratio:    6.00 (Gate area) 
      Cumulative area ratio:    0.31
      Required ratio:    0.00 (Cumulative area) 

    Via: L1M1_PR
      Partial area ratio:    0.12
      Required ratio:    3.00 (Gate area) 
      Cumulative area ratio:    0.12
      Required ratio:    0.00 (Cumulative area) 

  Pin: _3871_/B (sky130_fd_sc_hd__nor2_1)
    Layer: met2
      Partial area ratio:   41.02
      Required ratio:    0.00 (Gate area) 
      Partial area ratio:  205.31
      Required ratio: 3134.60 (Side area) 
      Cumulative area ratio:  180.51
      Required ratio:    0.00 (Cumulative area) 
      Cumulative area ratio:  904.99
      Required ratio:    0.00 (Cumulative side area) 

    Layer: met3
      Partial area ratio:    6.23
      Required ratio:    0.00 (Gate area) 
      Partial area ratio:   33.57
      Required ratio: 3134.60 (Side area) 
      Cumulative area ratio:  186.74
      Required ratio:    0.00 (Cumulative area) 
      Cumulative area ratio:  938.57
      Required ratio:    0.00 (Cumulative side area) 

    Layer: met1
      Partial area ratio:    3.27
      Required ratio:    0.00 (Gate area) 
      Partial area ratio:   17.00
      Required ratio:  400.00 (Side area) 
      Cumulative area ratio:    3.27
      Required ratio:    0.00 (Cumulative area) 
      Cumulative area ratio:   17.00
      Required ratio:    0.00 (Cumulative side area) 

    Layer: li1
      Partial area ratio:    0.00
      Required ratio:    0.00 (Gate area) 
      Partial area ratio:    0.00
      Required ratio:   75.00 (Side area) 
      Cumulative area ratio:    0.00
      Required ratio:    0.00 (Cumulative area) 
      Cumulative area ratio:    0.00
      Required ratio:    0.00 (Cumulative side area) 

    Via: M2M3_PR
      Partial area ratio:    0.04
      Required ratio:    6.00 (Gate area) 
      Cumulative area ratio:    0.61
      Required ratio:    0.00 (Cumulative area) 

    Via: M1M2_PR
      Partial area ratio:    0.09
      Required ratio:    6.00 (Gate area) 
      Cumulative area ratio:    0.21
      Required ratio:    0.00 (Cumulative area) 

    Via: L1M1_PR
      Partial area ratio:    0.12
      Required ratio:    3.00 (Gate area) 
      Cumulative area ratio:    0.12
      Required ratio:    0.00 (Cumulative area) 

  Pin: _3781_/B (sky130_fd_sc_hd__nor2_2)
    Layer: met2
      Partial area ratio:   41.02
      Required ratio:    0.00 (Gate area) 
      Partial area ratio:  205.31
      Required ratio: 3134.60 (Side area) 
      Cumulative area ratio:  180.51
      Required ratio:    0.00 (Cumulative area) 
      Cumulative area ratio:  904.99
      Required ratio:    0.00 (Cumulative side area) 

    Layer: met3
      Partial area ratio:    6.23
      Required ratio:    0.00 (Gate area) 
      Partial area ratio:   33.57
      Required ratio: 3134.60 (Side area) 
      Cumulative area ratio:  186.74
      Required ratio:    0.00 (Cumulative area) 
      Cumulative area ratio:  938.57
      Required ratio:    0.00 (Cumulative side area) 

    Layer: met1
      Partial area ratio:    3.27
      Required ratio:    0.00 (Gate area) 
      Partial area ratio:   17.00
      Required ratio:  400.00 (Side area) 
      Cumulative area ratio:    3.27
      Required ratio:    0.00 (Cumulative area) 
      Cumulative area ratio:   17.00
      Required ratio:    0.00 (Cumulative side area) 

    Layer: li1
      Partial area ratio:    0.00
      Required ratio:    0.00 (Gate area) 
      Partial area ratio:    0.00
      Required ratio:   75.00 (Side area) 
      Cumulative area ratio:    0.00
      Required ratio:    0.00 (Cumulative area) 
      Cumulative area ratio:    0.00
      Required ratio:    0.00 (Cumulative side area) 

    Via: M2M3_PR
      Partial area ratio:    0.04
      Required ratio:    6.00 (Gate area) 
      Cumulative area ratio:    0.55
      Required ratio:    0.00 (Cumulative area) 

    Via: M1M2_PR
      Partial area ratio:    0.09
      Required ratio:    6.00 (Gate area) 
      Cumulative area ratio:    0.15
      Required ratio:    0.00 (Cumulative area) 

    Via: L1M1_PR
      Partial area ratio:    0.06
      Required ratio:    3.00 (Gate area) 
      Cumulative area ratio:    0.06
      Required ratio:    0.00 (Cumulative area) 


Net: _1304_
  Pin: _5899_/S (sky130_fd_sc_hd__mux2_1)
    Layer: met2
      Partial area ratio:   28.00
      Required ratio:    0.00 (Gate area) 
      Partial area ratio:  140.22
      Required ratio: 3744.80 (Side area) 
      Cumulative area ratio:   34.21
      Required ratio:    0.00 (Cumulative area) 
      Cumulative area ratio:  172.28
      Required ratio:    0.00 (Cumulative side area) 

    Layer: met1
      Partial area ratio:    6.22
      Required ratio:    0.00 (Gate area) 
      Partial area ratio:   32.06
      Required ratio:  400.00 (Side area) 
      Cumulative area ratio:    6.22
      Required ratio:    0.00 (Cumulative area) 
      Cumulative area ratio:   32.06
      Required ratio:    0.00 (Cumulative side area) 

    Layer: li1
      Partial area ratio:    0.00
      Required ratio:    0.00 (Gate area) 
      Partial area ratio:    0.00
      Required ratio:   75.00 (Side area) 
      Cumulative area ratio:    0.00
      Required ratio:    0.00 (Cumulative area) 
      Cumulative area ratio:    0.00
      Required ratio:    0.00 (Cumulative side area) 

    Via: M1M2_PR
      Partial area ratio:    0.13
      Required ratio:    6.00 (Gate area) 
      Cumulative area ratio:    0.25
      Required ratio:    0.00 (Cumulative area) 

    Via: L1M1_PR
      Partial area ratio:    0.11
      Required ratio:    3.00 (Gate area) 
      Cumulative area ratio:    0.11
      Required ratio:    0.00 (Cumulative area) 

  Pin: _5901_/S (sky130_fd_sc_hd__mux2_1)
    Layer: met2
      Partial area ratio:   28.00
      Required ratio:    0.00 (Gate area) 
      Partial area ratio:  140.22
      Required ratio: 3744.80 (Side area) 
      Cumulative area ratio:   34.21
      Required ratio:    0.00 (Cumulative area) 
      Cumulative area ratio:  172.28
      Required ratio:    0.00 (Cumulative side area) 

    Layer: met1
      Partial area ratio:    6.22
      Required ratio:    0.00 (Gate area) 
      Partial area ratio:   32.06
      Required ratio:  400.00 (Side area) 
      Cumulative area ratio:    6.22
      Required ratio:    0.00 (Cumulative area) 
      Cumulative area ratio:   32.06
      Required ratio:    0.00 (Cumulative side area) 

    Layer: li1
      Partial area ratio:    0.00
      Required ratio:    0.00 (Gate area) 
      Partial area ratio:    0.00
      Required ratio:   75.00 (Side area) 
      Cumulative area ratio:    0.00
      Required ratio:    0.00 (Cumulative area) 
      Cumulative area ratio:    0.00
      Required ratio:    0.00 (Cumulative side area) 

    Via: M1M2_PR
      Partial area ratio:    0.13
      Required ratio:    6.00 (Gate area) 
      Cumulative area ratio:    0.25
      Required ratio:    0.00 (Cumulative area) 

    Via: L1M1_PR
      Partial area ratio:    0.11
      Required ratio:    3.00 (Gate area) 
      Cumulative area ratio:    0.11
      Required ratio:    0.00 (Cumulative area) 

  Pin: _5903_/S (sky130_fd_sc_hd__mux2_1)
    Layer: met2
      Partial area ratio:   28.00
      Required ratio:    0.00 (Gate area) 
      Partial area ratio:  140.22
      Required ratio: 3744.80 (Side area) 
      Cumulative area ratio:   30.80
      Required ratio:    0.00 (Cumulative area) 
      Cumulative area ratio:  155.02
      Required ratio:    0.00 (Cumulative side area) 

    Layer: met1
      Partial area ratio:    2.80
      Required ratio:    0.00 (Gate area) 
      Partial area ratio:   14.80
      Required ratio:  400.00 (Side area) 
      Cumulative area ratio:    2.80
      Required ratio:    0.00 (Cumulative area) 
      Cumulative area ratio:   14.80
      Required ratio:    0.00 (Cumulative side area) 

    Layer: li1
      Partial area ratio:    0.00
      Required ratio:    0.00 (Gate area) 
      Partial area ratio:    0.00
      Required ratio:   75.00 (Side area) 
      Cumulative area ratio:    0.00
      Required ratio:    0.00 (Cumulative area) 
      Cumulative area ratio:    0.00
      Required ratio:    0.00 (Cumulative side area) 

    Via: M1M2_PR
      Partial area ratio:    0.18
      Required ratio:    6.00 (Gate area) 
      Cumulative area ratio:    0.29
      Required ratio:    0.00 (Cumulative area) 

    Via: L1M1_PR
      Partial area ratio:    0.11
      Required ratio:    3.00 (Gate area) 
      Cumulative area ratio:    0.11
      Required ratio:    0.00 (Cumulative area) 

  Pin: _5905_/S (sky130_fd_sc_hd__mux2_1)
    Layer: met2
      Partial area ratio:   28.00
      Required ratio:    0.00 (Gate area) 
      Partial area ratio:  140.22
      Required ratio: 3744.80 (Side area) 
      Cumulative area ratio:   31.25
      Required ratio:    0.00 (Cumulative area) 
      Cumulative area ratio:  157.68
      Required ratio:    0.00 (Cumulative side area) 

    Layer: met1
      Partial area ratio:    3.26
      Required ratio:    0.00 (Gate area) 
      Partial area ratio:   17.45
      Required ratio:  400.00 (Side area) 
      Cumulative area ratio:    3.26
      Required ratio:    0.00 (Cumulative area) 
      Cumulative area ratio:   17.45
      Required ratio:    0.00 (Cumulative side area) 

    Layer: li1
      Partial area ratio:    0.00
      Required ratio:    0.00 (Gate area) 
      Partial area ratio:    0.00
      Required ratio:   75.00 (Side area) 
      Cumulative area ratio:    0.00
      Required ratio:    0.00 (Cumulative area) 
      Cumulative area ratio:    0.00
      Required ratio:    0.00 (Cumulative side area) 

    Via: M1M2_PR
      Partial area ratio:    0.13
      Required ratio:    6.00 (Gate area) 
      Cumulative area ratio:    0.25
      Required ratio:    0.00 (Cumulative area) 

    Via: L1M1_PR
      Partial area ratio:    0.11
      Required ratio:    3.00 (Gate area) 
      Cumulative area ratio:    0.11
      Required ratio:    0.00 (Cumulative area) 

  Pin: _5909_/S (sky130_fd_sc_hd__mux2_1)
    Layer: met2
      Partial area ratio:   28.00
      Required ratio:    0.00 (Gate area) 
      Partial area ratio:  140.22
      Required ratio: 3744.80 (Side area) 
      Cumulative area ratio:   31.25
      Required ratio:    0.00 (Cumulative area) 
      Cumulative area ratio:  157.68
      Required ratio:    0.00 (Cumulative side area) 

    Layer: met1
      Partial area ratio:    3.26
      Required ratio:    0.00 (Gate area) 
      Partial area ratio:   17.45
      Required ratio:  400.00 (Side area) 
      Cumulative area ratio:    3.26
      Required ratio:    0.00 (Cumulative area) 
      Cumulative area ratio:   17.45
      Required ratio:    0.00 (Cumulative side area) 

    Layer: li1
      Partial area ratio:    0.00
      Required ratio:    0.00 (Gate area) 
      Partial area ratio:    0.00
      Required ratio:   75.00 (Side area) 
      Cumulative area ratio:    0.00
      Required ratio:    0.00 (Cumulative area) 
      Cumulative area ratio:    0.00
      Required ratio:    0.00 (Cumulative side area) 

    Via: M1M2_PR
      Partial area ratio:    0.13
      Required ratio:    6.00 (Gate area) 
      Cumulative area ratio:    0.25
      Required ratio:    0.00 (Cumulative area) 

    Via: L1M1_PR
      Partial area ratio:    0.11
      Required ratio:    3.00 (Gate area) 
      Cumulative area ratio:    0.11
      Required ratio:    0.00 (Cumulative area) 

  Pin: _4074_/A (sky130_fd_sc_hd__buf_12)
    Layer: met2
      Partial area ratio:   28.00
      Required ratio:    0.00 (Gate area) 
      Partial area ratio:  140.22
      Required ratio: 3744.80 (Side area) 
      Cumulative area ratio:  392.35
      Required ratio:    0.00 (Cumulative area) 
      Cumulative area ratio: 1964.31
      Required ratio:    0.00 (Cumulative side area) 

    Layer: met1
      Partial area ratio:   12.45
      Required ratio:    0.00 (Gate area) 
      Partial area ratio:   62.66
      Required ratio:  400.00 (Side area) 
      Cumulative area ratio:   12.45
      Required ratio:    0.00 (Cumulative area) 
      Cumulative area ratio:   62.66
      Required ratio:    0.00 (Cumulative side area) 

    Layer: li1
      Partial area ratio:    0.00
      Required ratio:    0.00 (Gate area) 
      Partial area ratio:    0.00
      Required ratio:   75.00 (Side area) 
      Cumulative area ratio:    0.00
      Required ratio:    0.00 (Cumulative area) 
      Cumulative area ratio:    0.00
      Required ratio:    0.00 (Cumulative side area) 

    Via: M1M2_PR
      Partial area ratio:    0.05
      Required ratio:    6.00 (Gate area) 
      Cumulative area ratio:    0.07
      Required ratio:    0.00 (Cumulative area) 

    Via: L1M1_PR
      Partial area ratio:    0.03
      Required ratio:    3.00 (Gate area) 
      Cumulative area ratio:    0.03
      Required ratio:    0.00 (Cumulative area) 

  Pin: _5897_/S (sky130_fd_sc_hd__mux2_1)
    Layer: met2
      Partial area ratio:   28.00
      Required ratio:    0.00 (Gate area) 
      Partial area ratio:  140.22
      Required ratio: 3744.80 (Side area) 
      Cumulative area ratio:  380.74
      Required ratio:    0.00 (Cumulative area) 
      Cumulative area ratio: 1906.67
      Required ratio:    0.00 (Cumulative side area) 

    Layer: met1
      Partial area ratio:    0.85
      Required ratio:    0.00 (Gate area) 
      Partial area ratio:    5.02
      Required ratio:  400.00 (Side area) 
      Cumulative area ratio:    0.85
      Required ratio:    0.00 (Cumulative area) 
      Cumulative area ratio:    5.02
      Required ratio:    0.00 (Cumulative side area) 

    Layer: li1
      Partial area ratio:    0.00
      Required ratio:    0.00 (Gate area) 
      Partial area ratio:    0.00
      Required ratio:   75.00 (Side area) 
      Cumulative area ratio:    0.00
      Required ratio:    0.00 (Cumulative area) 
      Cumulative area ratio:    0.00
      Required ratio:    0.00 (Cumulative side area) 

    Via: M1M2_PR
      Partial area ratio:    0.18
      Required ratio:    6.00 (Gate area) 
      Cumulative area ratio:    0.29
      Required ratio:    0.00 (Cumulative area) 

    Via: L1M1_PR
      Partial area ratio:    0.11
      Required ratio:    3.00 (Gate area) 
      Cumulative area ratio:    0.11
      Required ratio:    0.00 (Cumulative area) 

  Pin: _5855_/A (sky130_fd_sc_hd__buf_4)
    Layer: met2
      Partial area ratio:   28.00
      Required ratio:    0.00 (Gate area) 
      Partial area ratio:  140.22
      Required ratio: 3744.80 (Side area) 
      Cumulative area ratio:  383.89
      Required ratio:    0.00 (Cumulative area) 
      Cumulative area ratio: 1923.05
      Required ratio:    0.00 (Cumulative side area) 

    Layer: met1
      Partial area ratio:    4.00
      Required ratio:    0.00 (Gate area) 
      Partial area ratio:   21.40
      Required ratio:  400.00 (Side area) 
      Cumulative area ratio:    4.00
      Required ratio:    0.00 (Cumulative area) 
      Cumulative area ratio:   21.40
      Required ratio:    0.00 (Cumulative side area) 

    Layer: li1
      Partial area ratio:    0.00
      Required ratio:    0.00 (Gate area) 
      Partial area ratio:    0.00
      Required ratio:   75.00 (Side area) 
      Cumulative area ratio:    0.00
      Required ratio:    0.00 (Cumulative area) 
      Cumulative area ratio:    0.00
      Required ratio:    0.00 (Cumulative side area) 

    Via: M1M2_PR
      Partial area ratio:    0.14
      Required ratio:    6.00 (Gate area) 
      Cumulative area ratio:    0.25
      Required ratio:    0.00 (Cumulative area) 

    Via: L1M1_PR
      Partial area ratio:    0.12
      Required ratio:    3.00 (Gate area) 
      Cumulative area ratio:    0.12
      Required ratio:    0.00 (Cumulative area) 

  Pin: _5876_/A (sky130_fd_sc_hd__buf_4)
    Layer: met2
      Partial area ratio:   28.00
      Required ratio:    0.00 (Gate area) 
      Partial area ratio:  140.22
      Required ratio: 3744.80 (Side area) 
      Cumulative area ratio:  383.89
      Required ratio:    0.00 (Cumulative area) 
      Cumulative area ratio: 1923.05
      Required ratio:    0.00 (Cumulative side area) 

    Layer: met1
      Partial area ratio:    4.00
      Required ratio:    0.00 (Gate area) 
      Partial area ratio:   21.40
      Required ratio:  400.00 (Side area) 
      Cumulative area ratio:    4.00
      Required ratio:    0.00 (Cumulative area) 
      Cumulative area ratio:   21.40
      Required ratio:    0.00 (Cumulative side area) 

    Layer: li1
      Partial area ratio:    0.00
      Required ratio:    0.00 (Gate area) 
      Partial area ratio:    0.00
      Required ratio:   75.00 (Side area) 
      Cumulative area ratio:    0.00
      Required ratio:    0.00 (Cumulative area) 
      Cumulative area ratio:    0.00
      Required ratio:    0.00 (Cumulative side area) 

    Via: M1M2_PR
      Partial area ratio:    0.14
      Required ratio:    6.00 (Gate area) 
      Cumulative area ratio:    0.25
      Required ratio:    0.00 (Cumulative area) 

    Via: L1M1_PR
      Partial area ratio:    0.12
      Required ratio:    3.00 (Gate area) 
      Cumulative area ratio:    0.12
      Required ratio:    0.00 (Cumulative area) 

  Pin: _5907_/S (sky130_fd_sc_hd__mux2_1)
    Layer: met2
      Partial area ratio:   28.00
      Required ratio:    0.00 (Gate area) 
      Partial area ratio:  140.22
      Required ratio: 3744.80 (Side area) 
      Cumulative area ratio:  379.89
      Required ratio:    0.00 (Cumulative area) 
      Cumulative area ratio: 1901.65
      Required ratio:    0.00 (Cumulative side area) 

    Layer: met1
      Partial area ratio:  351.90
      Required ratio:    0.00 (Gate area) 
      Partial area ratio: 1761.42
      Required ratio:  400.00 (Side area) (VIOLATED)
      Cumulative area ratio:  351.90
      Required ratio:    0.00 (Cumulative area) 
      Cumulative area ratio: 1761.42
      Required ratio:    0.00 (Cumulative side area) 

    Layer: li1
      Partial area ratio:    0.00
      Required ratio:    0.00 (Gate area) 
      Partial area ratio:    0.00
      Required ratio:   75.00 (Side area) 
      Cumulative area ratio:    0.00
      Required ratio:    0.00 (Cumulative area) 
      Cumulative area ratio:    0.00
      Required ratio:    0.00 (Cumulative side area) 

    Via: M1M2_PR
      Partial area ratio:    0.27
      Required ratio:    6.00 (Gate area) 
      Cumulative area ratio:    0.38
      Required ratio:    0.00 (Cumulative area) 

    Via: L1M1_PR
      Partial area ratio:    0.11
      Required ratio:    3.00 (Gate area) 
      Cumulative area ratio:    0.11
      Required ratio:    0.00 (Cumulative area) 


Net: _1307_
  Pin: _5833_/S (sky130_fd_sc_hd__mux2_1)
    Layer: met2
      Partial area ratio:   31.78
      Required ratio:    0.00 (Gate area) 
      Partial area ratio:  159.27
      Required ratio: 3744.80 (Side area) 
      Cumulative area ratio:   36.02
      Required ratio:    0.00 (Cumulative area) 
      Cumulative area ratio:  181.25
      Required ratio:    0.00 (Cumulative side area) 

    Layer: met1
      Partial area ratio:    4.24
      Required ratio:    0.00 (Gate area) 
      Partial area ratio:   21.98
      Required ratio:  400.00 (Side area) 
      Cumulative area ratio:    4.24
      Required ratio:    0.00 (Cumulative area) 
      Cumulative area ratio:   21.98
      Required ratio:    0.00 (Cumulative side area) 

    Layer: li1
      Partial area ratio:    0.00
      Required ratio:    0.00 (Gate area) 
      Partial area ratio:    0.00
      Required ratio:   75.00 (Side area) 
      Cumulative area ratio:    0.00
      Required ratio:    0.00 (Cumulative area) 
      Cumulative area ratio:    0.00
      Required ratio:    0.00 (Cumulative side area) 

    Via: M1M2_PR
      Partial area ratio:    0.18
      Required ratio:    6.00 (Gate area) 
      Cumulative area ratio:    0.29
      Required ratio:    0.00 (Cumulative area) 

    Via: L1M1_PR
      Partial area ratio:    0.11
      Required ratio:    3.00 (Gate area) 
      Cumulative area ratio:    0.11
      Required ratio:    0.00 (Cumulative area) 

  Pin: _5837_/S (sky130_fd_sc_hd__mux2_1)
    Layer: met2
      Partial area ratio:   31.78
      Required ratio:    0.00 (Gate area) 
      Partial area ratio:  159.27
      Required ratio: 3744.80 (Side area) 
      Cumulative area ratio:   39.33
      Required ratio:    0.00 (Cumulative area) 
      Cumulative area ratio:  197.99
      Required ratio:    0.00 (Cumulative side area) 

    Layer: met1
      Partial area ratio:    7.55
      Required ratio:    0.00 (Gate area) 
      Partial area ratio:   38.72
      Required ratio:  400.00 (Side area) 
      Cumulative area ratio:    7.55
      Required ratio:    0.00 (Cumulative area) 
      Cumulative area ratio:   38.72
      Required ratio:    0.00 (Cumulative side area) 

    Layer: li1
      Partial area ratio:    0.00
      Required ratio:    0.00 (Gate area) 
      Partial area ratio:    0.00
      Required ratio:   75.00 (Side area) 
      Cumulative area ratio:    0.00
      Required ratio:    0.00 (Cumulative area) 
      Cumulative area ratio:    0.00
      Required ratio:    0.00 (Cumulative side area) 

    Via: M1M2_PR
      Partial area ratio:    0.18
      Required ratio:    6.00 (Gate area) 
      Cumulative area ratio:    0.29
      Required ratio:    0.00 (Cumulative area) 

    Via: L1M1_PR
      Partial area ratio:    0.11
      Required ratio:    3.00 (Gate area) 
      Cumulative area ratio:    0.11
      Required ratio:    0.00 (Cumulative area) 

  Pin: _4078_/A (sky130_fd_sc_hd__clkbuf_16)
    Layer: met2
      Partial area ratio:   31.78
      Required ratio:    0.00 (Gate area) 
      Partial area ratio:  159.27
      Required ratio: 3744.80 (Side area) 
      Cumulative area ratio:  149.98
      Required ratio:    0.00 (Cumulative area) 
      Cumulative area ratio:  751.67
      Required ratio:    0.00 (Cumulative side area) 

    Layer: met1
      Partial area ratio:  110.64
      Required ratio:    0.00 (Gate area) 
      Partial area ratio:  553.68
      Required ratio:  400.00 (Side area) (VIOLATED)
      Cumulative area ratio:  110.64
      Required ratio:    0.00 (Cumulative area) 
      Cumulative area ratio:  553.68
      Required ratio:    0.00 (Cumulative side area) 

    Layer: li1
      Partial area ratio:    0.00
      Required ratio:    0.00 (Gate area) 
      Partial area ratio:    0.00
      Required ratio:   75.00 (Side area) 
      Cumulative area ratio:    0.00
      Required ratio:    0.00 (Cumulative area) 
      Cumulative area ratio:    0.00
      Required ratio:    0.00 (Cumulative side area) 

    Via: M1M2_PR
      Partial area ratio:    0.08
      Required ratio:    6.00 (Gate area) 
      Cumulative area ratio:    0.11
      Required ratio:    0.00 (Cumulative area) 

    Via: L1M1_PR
      Partial area ratio:    0.03
      Required ratio:    3.00 (Gate area) 
      Cumulative area ratio:    0.03
      Required ratio:    0.00 (Cumulative area) 

  Pin: _5831_/S (sky130_fd_sc_hd__mux2_1)
    Layer: met2
      Partial area ratio:   31.78
      Required ratio:    0.00 (Gate area) 
      Partial area ratio:  159.27
      Required ratio: 3744.80 (Side area) 
      Cumulative area ratio:  151.16
      Required ratio:    0.00 (Cumulative area) 
      Cumulative area ratio:  758.35
      Required ratio:    0.00 (Cumulative side area) 

    Layer: met1
      Partial area ratio:    1.18
      Required ratio:    0.00 (Gate area) 
      Partial area ratio:    6.69
      Required ratio:  400.00 (Side area) 
      Cumulative area ratio:    1.18
      Required ratio:    0.00 (Cumulative area) 
      Cumulative area ratio:    6.69
      Required ratio:    0.00 (Cumulative side area) 

    Layer: li1
      Partial area ratio:    0.00
      Required ratio:    0.00 (Gate area) 
      Partial area ratio:    0.00
      Required ratio:   75.00 (Side area) 
      Cumulative area ratio:    0.00
      Required ratio:    0.00 (Cumulative area) 
      Cumulative area ratio:    0.00
      Required ratio:    0.00 (Cumulative side area) 

    Via: M1M2_PR
      Partial area ratio:    0.18
      Required ratio:    6.00 (Gate area) 
      Cumulative area ratio:    0.29
      Required ratio:    0.00 (Cumulative area) 

    Via: L1M1_PR
      Partial area ratio:    0.11
      Required ratio:    3.00 (Gate area) 
      Cumulative area ratio:    0.11
      Required ratio:    0.00 (Cumulative area) 

  Pin: _5810_/A (sky130_fd_sc_hd__clkbuf_4)
    Layer: met2
      Partial area ratio:   31.78
      Required ratio:    0.00 (Gate area) 
      Partial area ratio:  159.27
      Required ratio: 3744.80 (Side area) 
      Cumulative area ratio:  152.09
      Required ratio:    0.00 (Cumulative area) 
      Cumulative area ratio:  763.17
      Required ratio:    0.00 (Cumulative side area) 

    Layer: met1
      Partial area ratio:    2.12
      Required ratio:    0.00 (Gate area) 
      Partial area ratio:   11.50
      Required ratio:  400.00 (Side area) 
      Cumulative area ratio:    2.12
      Required ratio:    0.00 (Cumulative area) 
      Cumulative area ratio:   11.50
      Required ratio:    0.00 (Cumulative side area) 

    Layer: li1
      Partial area ratio:    0.00
      Required ratio:    0.00 (Gate area) 
      Partial area ratio:    0.00
      Required ratio:   75.00 (Side area) 
      Cumulative area ratio:    0.00
      Required ratio:    0.00 (Cumulative area) 
      Cumulative area ratio:    0.00
      Required ratio:    0.00 (Cumulative side area) 

    Via: M1M2_PR
      Partial area ratio:    0.21
      Required ratio:    6.00 (Gate area) 
      Cumulative area ratio:    0.35
      Required ratio:    0.00 (Cumulative area) 

    Via: L1M1_PR
      Partial area ratio:    0.14
      Required ratio:    3.00 (Gate area) 
      Cumulative area ratio:    0.14
      Required ratio:    0.00 (Cumulative area) 

  Pin: _5789_/A (sky130_fd_sc_hd__buf_4)
    Layer: met2
      Partial area ratio:   31.78
      Required ratio:    0.00 (Gate area) 
      Partial area ratio:  159.27
      Required ratio: 3744.80 (Side area) 
      Cumulative area ratio:  153.29
      Required ratio:    0.00 (Cumulative area) 
      Cumulative area ratio:  769.05
      Required ratio:    0.00 (Cumulative side area) 

    Layer: met1
      Partial area ratio:    3.32
      Required ratio:    0.00 (Gate area) 
      Partial area ratio:   17.38
      Required ratio:  400.00 (Side area) 
      Cumulative area ratio:    3.32
      Required ratio:    0.00 (Cumulative area) 
      Cumulative area ratio:   17.38
      Required ratio:    0.00 (Cumulative side area) 

    Layer: li1
      Partial area ratio:    0.00
      Required ratio:    0.00 (Gate area) 
      Partial area ratio:    0.00
      Required ratio:   75.00 (Side area) 
      Cumulative area ratio:    0.00
      Required ratio:    0.00 (Cumulative area) 
      Cumulative area ratio:    0.00
      Required ratio:    0.00 (Cumulative side area) 

    Via: M1M2_PR
      Partial area ratio:    0.18
      Required ratio:    6.00 (Gate area) 
      Cumulative area ratio:    0.30
      Required ratio:    0.00 (Cumulative area) 

    Via: L1M1_PR
      Partial area ratio:    0.12
      Required ratio:    3.00 (Gate area) 
      Cumulative area ratio:    0.12
      Required ratio:    0.00 (Cumulative area) 

  Pin: _5835_/S (sky130_fd_sc_hd__mux2_1)
    Layer: met2
      Partial area ratio:   31.78
      Required ratio:    0.00 (Gate area) 
      Partial area ratio:  159.27
      Required ratio: 3744.80 (Side area) 
      Cumulative area ratio:   39.33
      Required ratio:    0.00 (Cumulative area) 
      Cumulative area ratio:  197.99
      Required ratio:    0.00 (Cumulative side area) 

    Layer: met1
      Partial area ratio:    7.55
      Required ratio:    0.00 (Gate area) 
      Partial area ratio:   38.72
      Required ratio:  400.00 (Side area) 
      Cumulative area ratio:    7.55
      Required ratio:    0.00 (Cumulative area) 
      Cumulative area ratio:   38.72
      Required ratio:    0.00 (Cumulative side area) 

    Layer: li1
      Partial area ratio:    0.00
      Required ratio:    0.00 (Gate area) 
      Partial area ratio:    0.00
      Required ratio:   75.00 (Side area) 
      Cumulative area ratio:    0.00
      Required ratio:    0.00 (Cumulative area) 
      Cumulative area ratio:    0.00
      Required ratio:    0.00 (Cumulative side area) 

    Via: M1M2_PR
      Partial area ratio:    0.18
      Required ratio:    6.00 (Gate area) 
      Cumulative area ratio:    0.29
      Required ratio:    0.00 (Cumulative area) 

    Via: L1M1_PR
      Partial area ratio:    0.11
      Required ratio:    3.00 (Gate area) 
      Cumulative area ratio:    0.11
      Required ratio:    0.00 (Cumulative area) 

  Pin: _5839_/S (sky130_fd_sc_hd__mux2_1)
    Layer: met2
      Partial area ratio:   31.78
      Required ratio:    0.00 (Gate area) 
      Partial area ratio:  159.27
      Required ratio: 3744.80 (Side area) 
      Cumulative area ratio:   32.41
      Required ratio:    0.00 (Cumulative area) 
      Cumulative area ratio:  163.19
      Required ratio:    0.00 (Cumulative side area) 

    Layer: met1
      Partial area ratio:    0.63
      Required ratio:    0.00 (Gate area) 
      Partial area ratio:    3.92
      Required ratio:  400.00 (Side area) 
      Cumulative area ratio:    0.63
      Required ratio:    0.00 (Cumulative area) 
      Cumulative area ratio:    3.92
      Required ratio:    0.00 (Cumulative side area) 

    Layer: li1
      Partial area ratio:    0.00
      Required ratio:    0.00 (Gate area) 
      Partial area ratio:    0.00
      Required ratio:   75.00 (Side area) 
      Cumulative area ratio:    0.00
      Required ratio:    0.00 (Cumulative area) 
      Cumulative area ratio:    0.00
      Required ratio:    0.00 (Cumulative side area) 

    Via: M1M2_PR
      Partial area ratio:    0.18
      Required ratio:    6.00 (Gate area) 
      Cumulative area ratio:    0.29
      Required ratio:    0.00 (Cumulative area) 

    Via: L1M1_PR
      Partial area ratio:    0.11
      Required ratio:    3.00 (Gate area) 
      Cumulative area ratio:    0.11
      Required ratio:    0.00 (Cumulative area) 

  Pin: _5843_/S (sky130_fd_sc_hd__mux2_1)
    Layer: met2
      Partial area ratio:   31.78
      Required ratio:    0.00 (Gate area) 
      Partial area ratio:  159.27
      Required ratio: 3744.80 (Side area) 
      Cumulative area ratio:   41.12
      Required ratio:    0.00 (Cumulative area) 
      Cumulative area ratio:  207.14
      Required ratio:    0.00 (Cumulative side area) 

    Layer: met1
      Partial area ratio:    9.34
      Required ratio:    0.00 (Gate area) 
      Partial area ratio:   47.87
      Required ratio:  400.00 (Side area) 
      Cumulative area ratio:    9.34
      Required ratio:    0.00 (Cumulative area) 
      Cumulative area ratio:   47.87
      Required ratio:    0.00 (Cumulative side area) 

    Layer: li1
      Partial area ratio:    0.00
      Required ratio:    0.00 (Gate area) 
      Partial area ratio:    0.00
      Required ratio:   75.00 (Side area) 
      Cumulative area ratio:    0.00
      Required ratio:    0.00 (Cumulative area) 
      Cumulative area ratio:    0.00
      Required ratio:    0.00 (Cumulative side area) 

    Via: M1M2_PR
      Partial area ratio:    0.18
      Required ratio:    6.00 (Gate area) 
      Cumulative area ratio:    0.29
      Required ratio:    0.00 (Cumulative area) 

    Via: L1M1_PR
      Partial area ratio:    0.11
      Required ratio:    3.00 (Gate area) 
      Cumulative area ratio:    0.11
      Required ratio:    0.00 (Cumulative area) 

  Pin: _5841_/S (sky130_fd_sc_hd__mux2_1)
    Layer: met2
      Partial area ratio:   31.78
      Required ratio:    0.00 (Gate area) 
      Partial area ratio:  159.27
      Required ratio: 3744.80 (Side area) 
      Cumulative area ratio:   34.28
      Required ratio:    0.00 (Cumulative area) 
      Cumulative area ratio:  172.53
      Required ratio:    0.00 (Cumulative side area) 

    Layer: met1
      Partial area ratio:    2.50
      Required ratio:    0.00 (Gate area) 
      Partial area ratio:   13.26
      Required ratio:  400.00 (Side area) 
      Cumulative area ratio:    2.50
      Required ratio:    0.00 (Cumulative area) 
      Cumulative area ratio:   13.26
      Required ratio:    0.00 (Cumulative side area) 

    Layer: li1
      Partial area ratio:    0.00
      Required ratio:    0.00 (Gate area) 
      Partial area ratio:    0.00
      Required ratio:   75.00 (Side area) 
      Cumulative area ratio:    0.00
      Required ratio:    0.00 (Cumulative area) 
      Cumulative area ratio:    0.00
      Required ratio:    0.00 (Cumulative side area) 

    Via: M1M2_PR
      Partial area ratio:    0.18
      Required ratio:    6.00 (Gate area) 
      Cumulative area ratio:    0.29
      Required ratio:    0.00 (Cumulative area) 

    Via: L1M1_PR
      Partial area ratio:    0.11
      Required ratio:    3.00 (Gate area) 
      Cumulative area ratio:    0.11
      Required ratio:    0.00 (Cumulative area) 


Net: _1462_
  Pin: _4381_/A (sky130_fd_sc_hd__nor2_1)
    Layer: met2
      Partial area ratio:   35.21
      Required ratio:    0.00 (Gate area) 
      Partial area ratio:  176.43
      Required ratio: 3193.60 (Side area) 
      Cumulative area ratio:  240.77
      Required ratio:    0.00 (Cumulative area) 
      Cumulative area ratio: 1206.21
      Required ratio:    0.00 (Cumulative side area) 

    Layer: met1
      Partial area ratio:  205.56
      Required ratio:    0.00 (Gate area) 
      Partial area ratio: 1029.78
      Required ratio:  400.00 (Side area) (VIOLATED)
      Cumulative area ratio:  205.56
      Required ratio:    0.00 (Cumulative area) 
      Cumulative area ratio: 1029.78
      Required ratio:    0.00 (Cumulative side area) 

    Layer: li1
      Partial area ratio:    0.00
      Required ratio:    0.00 (Gate area) 
      Partial area ratio:    0.00
      Required ratio:   75.00 (Side area) 
      Cumulative area ratio:    0.00
      Required ratio:    0.00 (Cumulative area) 
      Cumulative area ratio:    0.00
      Required ratio:    0.00 (Cumulative side area) 

    Layer: met3
      Partial area ratio:    0.00
      Required ratio:    0.00 (Gate area) 
      Partial area ratio:    0.00
      Required ratio: 3193.60 (Side area) 
      Cumulative area ratio:  240.77
      Required ratio:    0.00 (Cumulative area) 
      Cumulative area ratio: 1206.21
      Required ratio:    0.00 (Cumulative side area) 

    Layer: met4
      Partial area ratio:    4.27
      Required ratio:    0.00 (Gate area) 
      Partial area ratio:   23.27
      Required ratio: 3193.60 (Side area) 
      Cumulative area ratio:  245.04
      Required ratio:    0.00 (Cumulative area) 
      Cumulative area ratio: 1229.48
      Required ratio:    0.00 (Cumulative side area) 

    Via: M2M3_PR
      Partial area ratio:    0.05
      Required ratio:    6.00 (Gate area) 
      Cumulative area ratio:    0.44
      Required ratio:    0.00 (Cumulative area) 

    Via: M1M2_PR
      Partial area ratio:    0.27
      Required ratio:    6.00 (Gate area) 
      Cumulative area ratio:    0.39
      Required ratio:    0.00 (Cumulative area) 

    Via: L1M1_PR
      Partial area ratio:    0.12
      Required ratio:    3.00 (Gate area) 
      Cumulative area ratio:    0.12
      Required ratio:    0.00 (Cumulative area) 

    Via: M3M4_PR
      Partial area ratio:    0.05
      Required ratio:    6.00 (Gate area) 
      Cumulative area ratio:    0.50
      Required ratio:    0.00 (Cumulative area) 

  Pin: _4281_/A (sky130_fd_sc_hd__nor2_1)
    Layer: met4
      Partial area ratio:    4.27
      Required ratio:    0.00 (Gate area) 
      Partial area ratio:   23.27
      Required ratio: 3193.60 (Side area) 
      Cumulative area ratio:    8.10
      Required ratio:    0.00 (Cumulative area) 
      Cumulative area ratio:   43.18
      Required ratio:    0.00 (Cumulative side area) 

    Layer: met3
      Partial area ratio:    0.00
      Required ratio:    0.00 (Gate area) 
      Partial area ratio:    0.00
      Required ratio:  400.00 (Side area) 
      Cumulative area ratio:    3.82
      Required ratio:    0.00 (Cumulative area) 
      Cumulative area ratio:   19.91
      Required ratio:    0.00 (Cumulative side area) 

    Layer: met2
      Partial area ratio:    0.00
      Required ratio:    0.00 (Gate area) 
      Partial area ratio:    0.00
      Required ratio:  400.00 (Side area) 
      Cumulative area ratio:    3.82
      Required ratio:    0.00 (Cumulative area) 
      Cumulative area ratio:   19.91
      Required ratio:    0.00 (Cumulative side area) 

    Layer: met1
      Partial area ratio:    3.82
      Required ratio:    0.00 (Gate area) 
      Partial area ratio:   19.91
      Required ratio:  400.00 (Side area) 
      Cumulative area ratio:    3.82
      Required ratio:    0.00 (Cumulative area) 
      Cumulative area ratio:   19.91
      Required ratio:    0.00 (Cumulative side area) 

    Layer: li1
      Partial area ratio:    0.00
      Required ratio:    0.00 (Gate area) 
      Partial area ratio:    0.00
      Required ratio:   75.00 (Side area) 
      Cumulative area ratio:    0.00
      Required ratio:    0.00 (Cumulative area) 
      Cumulative area ratio:    0.00
      Required ratio:    0.00 (Cumulative side area) 

    Via: M3M4_PR
      Partial area ratio:    0.16
      Required ratio:    6.00 (Gate area) 
      Cumulative area ratio:    0.62
      Required ratio:    0.00 (Cumulative area) 

    Via: M2M3_PR
      Partial area ratio:    0.16
      Required ratio:    6.00 (Gate area) 
      Cumulative area ratio:    0.46
      Required ratio:    0.00 (Cumulative area) 

    Via: M1M2_PR
      Partial area ratio:    0.18
      Required ratio:    6.00 (Gate area) 
      Cumulative area ratio:    0.30
      Required ratio:    0.00 (Cumulative area) 

    Via: L1M1_PR
      Partial area ratio:    0.12
      Required ratio:    3.00 (Gate area) 
      Cumulative area ratio:    0.12
      Required ratio:    0.00 (Cumulative area) 

  Pin: _4417_/A (sky130_fd_sc_hd__nor2_1)
    Layer: met2
      Partial area ratio:   35.21
      Required ratio:    0.00 (Gate area) 
      Partial area ratio:  176.43
      Required ratio: 3193.60 (Side area) 
      Cumulative area ratio:  322.37
      Required ratio:    0.00 (Cumulative area) 
      Cumulative area ratio: 1613.82
      Required ratio:    0.00 (Cumulative side area) 

    Layer: met3
      Partial area ratio:    0.00
      Required ratio:    0.00 (Gate area) 
      Partial area ratio:    0.00
      Required ratio: 3193.60 (Side area) 
      Cumulative area ratio:  322.37
      Required ratio:    0.00 (Cumulative area) 
      Cumulative area ratio: 1613.82
      Required ratio:    0.00 (Cumulative side area) 

    Layer: met4
      Partial area ratio:    4.27
      Required ratio:    0.00 (Gate area) 
      Partial area ratio:   23.27
      Required ratio: 3193.60 (Side area) 
      Cumulative area ratio:  326.64
      Required ratio:    0.00 (Cumulative area) 
      Cumulative area ratio: 1637.09
      Required ratio:    0.00 (Cumulative side area) 

    Layer: met1
      Partial area ratio:  287.16
      Required ratio:    0.00 (Gate area) 
      Partial area ratio: 1437.39
      Required ratio:  400.00 (Side area) (VIOLATED)
      Cumulative area ratio:  287.16
      Required ratio:    0.00 (Cumulative area) 
      Cumulative area ratio: 1437.39
      Required ratio:    0.00 (Cumulative side area) 

    Layer: li1
      Partial area ratio:    0.00
      Required ratio:    0.00 (Gate area) 
      Partial area ratio:    0.00
      Required ratio:   75.00 (Side area) 
      Cumulative area ratio:    0.00
      Required ratio:    0.00 (Cumulative area) 
      Cumulative area ratio:    0.00
      Required ratio:    0.00 (Cumulative side area) 

    Via: M2M3_PR
      Partial area ratio:    0.05
      Required ratio:    6.00 (Gate area) 
      Cumulative area ratio:    0.44
      Required ratio:    0.00 (Cumulative area) 

    Via: M3M4_PR
      Partial area ratio:    0.05
      Required ratio:    6.00 (Gate area) 
      Cumulative area ratio:    0.50
      Required ratio:    0.00 (Cumulative area) 

    Via: M1M2_PR
      Partial area ratio:    0.27
      Required ratio:    6.00 (Gate area) 
      Cumulative area ratio:    0.39
      Required ratio:    0.00 (Cumulative area) 

    Via: L1M1_PR
      Partial area ratio:    0.12
      Required ratio:    3.00 (Gate area) 
      Cumulative area ratio:    0.12
      Required ratio:    0.00 (Cumulative area) 

  Pin: _4453_/A (sky130_fd_sc_hd__nor2_1)
    Layer: met2
      Partial area ratio:   35.21
      Required ratio:    0.00 (Gate area) 
      Partial area ratio:  176.43
      Required ratio: 3193.60 (Side area) 
      Cumulative area ratio:  322.88
      Required ratio:    0.00 (Cumulative area) 
      Cumulative area ratio: 1617.16
      Required ratio:    0.00 (Cumulative side area) 

    Layer: met3
      Partial area ratio:    0.00
      Required ratio:    0.00 (Gate area) 
      Partial area ratio:    0.00
      Required ratio: 3193.60 (Side area) 
      Cumulative area ratio:  322.88
      Required ratio:    0.00 (Cumulative area) 
      Cumulative area ratio: 1617.16
      Required ratio:    0.00 (Cumulative side area) 

    Layer: met4
      Partial area ratio:    4.27
      Required ratio:    0.00 (Gate area) 
      Partial area ratio:   23.27
      Required ratio: 3193.60 (Side area) 
      Cumulative area ratio:  327.15
      Required ratio:    0.00 (Cumulative area) 
      Cumulative area ratio: 1640.43
      Required ratio:    0.00 (Cumulative side area) 

    Layer: met1
      Partial area ratio:    0.51
      Required ratio:    0.00 (Gate area) 
      Partial area ratio:    3.34
      Required ratio:  400.00 (Side area) 
      Cumulative area ratio:    0.51
      Required ratio:    0.00 (Cumulative area) 
      Cumulative area ratio:    3.34
      Required ratio:    0.00 (Cumulative side area) 

    Layer: li1
      Partial area ratio:    0.00
      Required ratio:    0.00 (Gate area) 
      Partial area ratio:    0.00
      Required ratio:   75.00 (Side area) 
      Cumulative area ratio:    0.00
      Required ratio:    0.00 (Cumulative area) 
      Cumulative area ratio:    0.00
      Required ratio:    0.00 (Cumulative side area) 

    Via: M2M3_PR
      Partial area ratio:    0.05
      Required ratio:    6.00 (Gate area) 
      Cumulative area ratio:    0.63
      Required ratio:    0.00 (Cumulative area) 

    Via: M3M4_PR
      Partial area ratio:    0.05
      Required ratio:    6.00 (Gate area) 
      Cumulative area ratio:    0.68
      Required ratio:    0.00 (Cumulative area) 

    Via: M1M2_PR
      Partial area ratio:    0.18
      Required ratio:    6.00 (Gate area) 
      Cumulative area ratio:    0.30
      Required ratio:    0.00 (Cumulative area) 

    Via: L1M1_PR
      Partial area ratio:    0.12
      Required ratio:    3.00 (Gate area) 
      Cumulative area ratio:    0.12
      Required ratio:    0.00 (Cumulative area) 


Net: _1464_
  Pin: _4305_/B (sky130_fd_sc_hd__nor2_1)
    Layer: met2
      Partial area ratio:   26.64
      Required ratio:    0.00 (Gate area) 
      Partial area ratio:  133.65
      Required ratio: 3669.20 (Side area) 
      Cumulative area ratio:  311.36
      Required ratio:    0.00 (Cumulative area) 
      Cumulative area ratio: 1559.67
      Required ratio:    0.00 (Cumulative side area) 

    Layer: met1
      Partial area ratio:    4.96
      Required ratio:    0.00 (Gate area) 
      Partial area ratio:   25.96
      Required ratio:  400.00 (Side area) 
      Cumulative area ratio:    4.96
      Required ratio:    0.00 (Cumulative area) 
      Cumulative area ratio:   25.96
      Required ratio:    0.00 (Cumulative side area) 

    Layer: li1
      Partial area ratio:    0.00
      Required ratio:    0.00 (Gate area) 
      Partial area ratio:    0.00
      Required ratio:   75.00 (Side area) 
      Cumulative area ratio:    0.00
      Required ratio:    0.00 (Cumulative area) 
      Cumulative area ratio:    0.00
      Required ratio:    0.00 (Cumulative side area) 

    Layer: met3
      Partial area ratio:   46.04
      Required ratio:    0.00 (Gate area) 
      Partial area ratio:  245.72
      Required ratio: 3669.20 (Side area) 
      Cumulative area ratio:  357.40
      Required ratio:    0.00 (Cumulative area) 
      Cumulative area ratio: 1805.39
      Required ratio:    0.00 (Cumulative side area) 

    Via: M2M3_PR
      Partial area ratio:    0.03
      Required ratio:    6.00 (Gate area) 
      Cumulative area ratio:    0.60
      Required ratio:    0.00 (Cumulative area) 

    Via: M1M2_PR
      Partial area ratio:    0.18
      Required ratio:    6.00 (Gate area) 
      Cumulative area ratio:    0.30
      Required ratio:    0.00 (Cumulative area) 

    Via: L1M1_PR
      Partial area ratio:    0.12
      Required ratio:    3.00 (Gate area) 
      Cumulative area ratio:    0.12
      Required ratio:    0.00 (Cumulative area) 

  Pin: _4296_/B (sky130_fd_sc_hd__nor2_1)
    Layer: met2
      Partial area ratio:   26.64
      Required ratio:    0.00 (Gate area) 
      Partial area ratio:  133.65
      Required ratio: 3669.20 (Side area) 
      Cumulative area ratio:  308.66
      Required ratio:    0.00 (Cumulative area) 
      Cumulative area ratio: 1545.76
      Required ratio:    0.00 (Cumulative side area) 

    Layer: met1
      Partial area ratio:    2.25
      Required ratio:    0.00 (Gate area) 
      Partial area ratio:   12.05
      Required ratio:  400.00 (Side area) 
      Cumulative area ratio:    2.25
      Required ratio:    0.00 (Cumulative area) 
      Cumulative area ratio:   12.05
      Required ratio:    0.00 (Cumulative side area) 

    Layer: li1
      Partial area ratio:    0.00
      Required ratio:    0.00 (Gate area) 
      Partial area ratio:    0.00
      Required ratio:   75.00 (Side area) 
      Cumulative area ratio:    0.00
      Required ratio:    0.00 (Cumulative area) 
      Cumulative area ratio:    0.00
      Required ratio:    0.00 (Cumulative side area) 

    Layer: met3
      Partial area ratio:   46.04
      Required ratio:    0.00 (Gate area) 
      Partial area ratio:  245.72
      Required ratio: 3669.20 (Side area) 
      Cumulative area ratio:  354.70
      Required ratio:    0.00 (Cumulative area) 
      Cumulative area ratio: 1791.48
      Required ratio:    0.00 (Cumulative side area) 

    Via: M2M3_PR
      Partial area ratio:    0.03
      Required ratio:    6.00 (Gate area) 
      Cumulative area ratio:    0.60
      Required ratio:    0.00 (Cumulative area) 

    Via: M1M2_PR
      Partial area ratio:    0.18
      Required ratio:    6.00 (Gate area) 
      Cumulative area ratio:    0.30
      Required ratio:    0.00 (Cumulative area) 

    Via: L1M1_PR
      Partial area ratio:    0.12
      Required ratio:    3.00 (Gate area) 
      Cumulative area ratio:    0.12
      Required ratio:    0.00 (Cumulative area) 

  Pin: _4302_/B (sky130_fd_sc_hd__nor2_1)
    Layer: met2
      Partial area ratio:   26.64
      Required ratio:    0.00 (Gate area) 
      Partial area ratio:  133.65
      Required ratio: 3669.20 (Side area) 
      Cumulative area ratio:  309.64
      Required ratio:    0.00 (Cumulative area) 
      Cumulative area ratio: 1550.68
      Required ratio:    0.00 (Cumulative side area) 

    Layer: met1
      Partial area ratio:    3.24
      Required ratio:    0.00 (Gate area) 
      Partial area ratio:   16.97
      Required ratio:  400.00 (Side area) 
      Cumulative area ratio:    3.24
      Required ratio:    0.00 (Cumulative area) 
      Cumulative area ratio:   16.97
      Required ratio:    0.00 (Cumulative side area) 

    Layer: li1
      Partial area ratio:    0.00
      Required ratio:    0.00 (Gate area) 
      Partial area ratio:    0.00
      Required ratio:   75.00 (Side area) 
      Cumulative area ratio:    0.00
      Required ratio:    0.00 (Cumulative area) 
      Cumulative area ratio:    0.00
      Required ratio:    0.00 (Cumulative side area) 

    Layer: met3
      Partial area ratio:   46.04
      Required ratio:    0.00 (Gate area) 
      Partial area ratio:  245.72
      Required ratio: 3669.20 (Side area) 
      Cumulative area ratio:  355.68
      Required ratio:    0.00 (Cumulative area) 
      Cumulative area ratio: 1796.40
      Required ratio:    0.00 (Cumulative side area) 

    Via: M2M3_PR
      Partial area ratio:    0.03
      Required ratio:    6.00 (Gate area) 
      Cumulative area ratio:    0.60
      Required ratio:    0.00 (Cumulative area) 

    Via: M1M2_PR
      Partial area ratio:    0.18
      Required ratio:    6.00 (Gate area) 
      Cumulative area ratio:    0.30
      Required ratio:    0.00 (Cumulative area) 

    Via: L1M1_PR
      Partial area ratio:    0.12
      Required ratio:    3.00 (Gate area) 
      Cumulative area ratio:    0.12
      Required ratio:    0.00 (Cumulative area) 

  Pin: _4308_/B (sky130_fd_sc_hd__nor2_1)
    Layer: met2
      Partial area ratio:   26.64
      Required ratio:    0.00 (Gate area) 
      Partial area ratio:  133.65
      Required ratio: 3669.20 (Side area) 
      Cumulative area ratio:  312.61
      Required ratio:    0.00 (Cumulative area) 
      Cumulative area ratio: 1566.29
      Required ratio:    0.00 (Cumulative side area) 

    Layer: met1
      Partial area ratio:    6.20
      Required ratio:    0.00 (Gate area) 
      Partial area ratio:   32.58
      Required ratio:  400.00 (Side area) 
      Cumulative area ratio:    6.20
      Required ratio:    0.00 (Cumulative area) 
      Cumulative area ratio:   32.58
      Required ratio:    0.00 (Cumulative side area) 

    Layer: li1
      Partial area ratio:    0.00
      Required ratio:    0.00 (Gate area) 
      Partial area ratio:    0.00
      Required ratio:   75.00 (Side area) 
      Cumulative area ratio:    0.00
      Required ratio:    0.00 (Cumulative area) 
      Cumulative area ratio:    0.00
      Required ratio:    0.00 (Cumulative side area) 

    Layer: met3
      Partial area ratio:   46.04
      Required ratio:    0.00 (Gate area) 
      Partial area ratio:  245.72
      Required ratio: 3669.20 (Side area) 
      Cumulative area ratio:  358.65
      Required ratio:    0.00 (Cumulative area) 
      Cumulative area ratio: 1812.01
      Required ratio:    0.00 (Cumulative side area) 

    Via: M2M3_PR
      Partial area ratio:    0.03
      Required ratio:    6.00 (Gate area) 
      Cumulative area ratio:    0.60
      Required ratio:    0.00 (Cumulative area) 

    Via: M1M2_PR
      Partial area ratio:    0.18
      Required ratio:    6.00 (Gate area) 
      Cumulative area ratio:    0.30
      Required ratio:    0.00 (Cumulative area) 

    Via: L1M1_PR
      Partial area ratio:    0.12
      Required ratio:    3.00 (Gate area) 
      Cumulative area ratio:    0.12
      Required ratio:    0.00 (Cumulative area) 

  Pin: _4299_/B (sky130_fd_sc_hd__nor2_1)
    Layer: met2
      Partial area ratio:   26.64
      Required ratio:    0.00 (Gate area) 
      Partial area ratio:  133.65
      Required ratio: 3669.20 (Side area) 
      Cumulative area ratio:  306.41
      Required ratio:    0.00 (Cumulative area) 
      Cumulative area ratio: 1533.71
      Required ratio:    0.00 (Cumulative side area) 

    Layer: met1
      Partial area ratio:  279.77
      Required ratio:    0.00 (Gate area) 
      Partial area ratio: 1400.06
      Required ratio:  400.00 (Side area) (VIOLATED)
      Cumulative area ratio:  279.77
      Required ratio:    0.00 (Cumulative area) 
      Cumulative area ratio: 1400.06
      Required ratio:    0.00 (Cumulative side area) 

    Layer: li1
      Partial area ratio:    0.00
      Required ratio:    0.00 (Gate area) 
      Partial area ratio:    0.00
      Required ratio:   75.00 (Side area) 
      Cumulative area ratio:    0.00
      Required ratio:    0.00 (Cumulative area) 
      Cumulative area ratio:    0.00
      Required ratio:    0.00 (Cumulative side area) 

    Layer: met3
      Partial area ratio:   46.04
      Required ratio:    0.00 (Gate area) 
      Partial area ratio:  245.72
      Required ratio: 3669.20 (Side area) 
      Cumulative area ratio:  352.45
      Required ratio:    0.00 (Cumulative area) 
      Cumulative area ratio: 1779.43
      Required ratio:    0.00 (Cumulative side area) 

    Via: M2M3_PR
      Partial area ratio:    0.03
      Required ratio:    6.00 (Gate area) 
      Cumulative area ratio:    0.42
      Required ratio:    0.00 (Cumulative area) 

    Via: M1M2_PR
      Partial area ratio:    0.27
      Required ratio:    6.00 (Gate area) 
      Cumulative area ratio:    0.39
      Required ratio:    0.00 (Cumulative area) 

    Via: L1M1_PR
      Partial area ratio:    0.12
      Required ratio:    3.00 (Gate area) 
      Cumulative area ratio:    0.12
      Required ratio:    0.00 (Cumulative area) 

  Pin: _4287_/B (sky130_fd_sc_hd__nor2_1)
    Layer: met3
      Partial area ratio:   46.04
      Required ratio:    0.00 (Gate area) 
      Partial area ratio:  245.72
      Required ratio: 3669.20 (Side area) 
      Cumulative area ratio:   66.45
      Required ratio:    0.00 (Cumulative area) 
      Cumulative area ratio:  349.23
      Required ratio:    0.00 (Cumulative side area) 

    Layer: met2
      Partial area ratio:   15.66
      Required ratio:    0.00 (Gate area) 
      Partial area ratio:   78.54
      Required ratio:  400.00 (Side area) 
      Cumulative area ratio:   20.42
      Required ratio:    0.00 (Cumulative area) 
      Cumulative area ratio:  103.51
      Required ratio:    0.00 (Cumulative side area) 

    Layer: met1
      Partial area ratio:    4.76
      Required ratio:    0.00 (Gate area) 
      Partial area ratio:   24.97
      Required ratio:  400.00 (Side area) 
      Cumulative area ratio:    4.76
      Required ratio:    0.00 (Cumulative area) 
      Cumulative area ratio:   24.97
      Required ratio:    0.00 (Cumulative side area) 

    Layer: li1
      Partial area ratio:    0.00
      Required ratio:    0.00 (Gate area) 
      Partial area ratio:    0.00
      Required ratio:   75.00 (Side area) 
      Cumulative area ratio:    0.00
      Required ratio:    0.00 (Cumulative area) 
      Cumulative area ratio:    0.00
      Required ratio:    0.00 (Cumulative side area) 

    Via: M2M3_PR
      Partial area ratio:    0.03
      Required ratio:    6.00 (Gate area) 
      Cumulative area ratio:    0.33
      Required ratio:    0.00 (Cumulative area) 

    Via: M1M2_PR
      Partial area ratio:    0.18
      Required ratio:    6.00 (Gate area) 
      Cumulative area ratio:    0.30
      Required ratio:    0.00 (Cumulative area) 

    Via: L1M1_PR
      Partial area ratio:    0.12
      Required ratio:    3.00 (Gate area) 
      Cumulative area ratio:    0.12
      Required ratio:    0.00 (Cumulative area) 

  Pin: _4281_/B (sky130_fd_sc_hd__nor2_1)
    Layer: met3
      Partial area ratio:   46.04
      Required ratio:    0.00 (Gate area) 
      Partial area ratio:  245.72
      Required ratio: 3669.20 (Side area) 
      Cumulative area ratio:   70.02
      Required ratio:    0.00 (Cumulative area) 
      Cumulative area ratio:  367.84
      Required ratio:    0.00 (Cumulative side area) 

    Layer: met2
      Partial area ratio:   15.66
      Required ratio:    0.00 (Gate area) 
      Partial area ratio:   78.54
      Required ratio:  400.00 (Side area) 
      Cumulative area ratio:   23.98
      Required ratio:    0.00 (Cumulative area) 
      Cumulative area ratio:  122.12
      Required ratio:    0.00 (Cumulative side area) 

    Layer: met1
      Partial area ratio:    3.56
      Required ratio:    0.00 (Gate area) 
      Partial area ratio:   18.61
      Required ratio:  400.00 (Side area) 
      Cumulative area ratio:    3.56
      Required ratio:    0.00 (Cumulative area) 
      Cumulative area ratio:   18.61
      Required ratio:    0.00 (Cumulative side area) 

    Layer: li1
      Partial area ratio:    0.00
      Required ratio:    0.00 (Gate area) 
      Partial area ratio:    0.00
      Required ratio:   75.00 (Side area) 
      Cumulative area ratio:    0.00
      Required ratio:    0.00 (Cumulative area) 
      Cumulative area ratio:    0.00
      Required ratio:    0.00 (Cumulative side area) 

    Via: M2M3_PR
      Partial area ratio:    0.03
      Required ratio:    6.00 (Gate area) 
      Cumulative area ratio:    0.51
      Required ratio:    0.00 (Cumulative area) 

    Via: M1M2_PR
      Partial area ratio:    0.18
      Required ratio:    6.00 (Gate area) 
      Cumulative area ratio:    0.30
      Required ratio:    0.00 (Cumulative area) 

    Via: L1M1_PR
      Partial area ratio:    0.12
      Required ratio:    3.00 (Gate area) 
      Cumulative area ratio:    0.12
      Required ratio:    0.00 (Cumulative area) 

  Pin: _4284_/B (sky130_fd_sc_hd__nor2_1)
    Layer: met3
      Partial area ratio:   46.04
      Required ratio:    0.00 (Gate area) 
      Partial area ratio:  245.72
      Required ratio: 3669.20 (Side area) 
      Cumulative area ratio:   66.45
      Required ratio:    0.00 (Cumulative area) 
      Cumulative area ratio:  349.23
      Required ratio:    0.00 (Cumulative side area) 

    Layer: met2
      Partial area ratio:   15.66
      Required ratio:    0.00 (Gate area) 
      Partial area ratio:   78.54
      Required ratio:  400.00 (Side area) 
      Cumulative area ratio:   20.42
      Required ratio:    0.00 (Cumulative area) 
      Cumulative area ratio:  103.51
      Required ratio:    0.00 (Cumulative side area) 

    Layer: met1
      Partial area ratio:    4.76
      Required ratio:    0.00 (Gate area) 
      Partial area ratio:   24.97
      Required ratio:  400.00 (Side area) 
      Cumulative area ratio:    4.76
      Required ratio:    0.00 (Cumulative area) 
      Cumulative area ratio:   24.97
      Required ratio:    0.00 (Cumulative side area) 

    Layer: li1
      Partial area ratio:    0.00
      Required ratio:    0.00 (Gate area) 
      Partial area ratio:    0.00
      Required ratio:   75.00 (Side area) 
      Cumulative area ratio:    0.00
      Required ratio:    0.00 (Cumulative area) 
      Cumulative area ratio:    0.00
      Required ratio:    0.00 (Cumulative side area) 

    Via: M2M3_PR
      Partial area ratio:    0.03
      Required ratio:    6.00 (Gate area) 
      Cumulative area ratio:    0.33
      Required ratio:    0.00 (Cumulative area) 

    Via: M1M2_PR
      Partial area ratio:    0.18
      Required ratio:    6.00 (Gate area) 
      Cumulative area ratio:    0.30
      Required ratio:    0.00 (Cumulative area) 

    Via: L1M1_PR
      Partial area ratio:    0.12
      Required ratio:    3.00 (Gate area) 
      Cumulative area ratio:    0.12
      Required ratio:    0.00 (Cumulative area) 

  Pin: _4293_/B (sky130_fd_sc_hd__nor2_1)
    Layer: met3
      Partial area ratio:   46.04
      Required ratio:    0.00 (Gate area) 
      Partial area ratio:  245.72
      Required ratio: 3669.20 (Side area) 
      Cumulative area ratio:   67.35
      Required ratio:    0.00 (Cumulative area) 
      Cumulative area ratio:  353.73
      Required ratio:    0.00 (Cumulative side area) 

    Layer: met2
      Partial area ratio:   15.66
      Required ratio:    0.00 (Gate area) 
      Partial area ratio:   78.54
      Required ratio:  400.00 (Side area) 
      Cumulative area ratio:   21.32
      Required ratio:    0.00 (Cumulative area) 
      Cumulative area ratio:  108.01
      Required ratio:    0.00 (Cumulative side area) 

    Layer: met1
      Partial area ratio:    5.66
      Required ratio:    0.00 (Gate area) 
      Partial area ratio:   29.47
      Required ratio:  400.00 (Side area) 
      Cumulative area ratio:    5.66
      Required ratio:    0.00 (Cumulative area) 
      Cumulative area ratio:   29.47
      Required ratio:    0.00 (Cumulative side area) 

    Layer: li1
      Partial area ratio:    0.00
      Required ratio:    0.00 (Gate area) 
      Partial area ratio:    0.00
      Required ratio:   75.00 (Side area) 
      Cumulative area ratio:    0.00
      Required ratio:    0.00 (Cumulative area) 
      Cumulative area ratio:    0.00
      Required ratio:    0.00 (Cumulative side area) 

    Via: M2M3_PR
      Partial area ratio:    0.03
      Required ratio:    6.00 (Gate area) 
      Cumulative area ratio:    0.42
      Required ratio:    0.00 (Cumulative area) 

    Via: M1M2_PR
      Partial area ratio:    0.27
      Required ratio:    6.00 (Gate area) 
      Cumulative area ratio:    0.39
      Required ratio:    0.00 (Cumulative area) 

    Via: L1M1_PR
      Partial area ratio:    0.12
      Required ratio:    3.00 (Gate area) 
      Cumulative area ratio:    0.12
      Required ratio:    0.00 (Cumulative area) 

  Pin: _4290_/B (sky130_fd_sc_hd__nor2_1)
    Layer: met3
      Partial area ratio:   46.04
      Required ratio:    0.00 (Gate area) 
      Partial area ratio:  245.72
      Required ratio: 3669.20 (Side area) 
      Cumulative area ratio:   69.25
      Required ratio:    0.00 (Cumulative area) 
      Cumulative area ratio:  364.02
      Required ratio:    0.00 (Cumulative side area) 

    Layer: met2
      Partial area ratio:   15.66
      Required ratio:    0.00 (Gate area) 
      Partial area ratio:   78.54
      Required ratio:  400.00 (Side area) 
      Cumulative area ratio:   23.22
      Required ratio:    0.00 (Cumulative area) 
      Cumulative area ratio:  118.30
      Required ratio:    0.00 (Cumulative side area) 

    Layer: met1
      Partial area ratio:    1.90
      Required ratio:    0.00 (Gate area) 
      Partial area ratio:   10.29
      Required ratio:  400.00 (Side area) 
      Cumulative area ratio:    1.90
      Required ratio:    0.00 (Cumulative area) 
      Cumulative area ratio:   10.29
      Required ratio:    0.00 (Cumulative side area) 

    Layer: li1
      Partial area ratio:    0.00
      Required ratio:    0.00 (Gate area) 
      Partial area ratio:    0.00
      Required ratio:   75.00 (Side area) 
      Cumulative area ratio:    0.00
      Required ratio:    0.00 (Cumulative area) 
      Cumulative area ratio:    0.00
      Required ratio:    0.00 (Cumulative side area) 

    Via: M2M3_PR
      Partial area ratio:    0.03
      Required ratio:    6.00 (Gate area) 
      Cumulative area ratio:    0.60
      Required ratio:    0.00 (Cumulative area) 

    Via: M1M2_PR
      Partial area ratio:    0.18
      Required ratio:    6.00 (Gate area) 
      Cumulative area ratio:    0.30
      Required ratio:    0.00 (Cumulative area) 

    Via: L1M1_PR
      Partial area ratio:    0.12
      Required ratio:    3.00 (Gate area) 
      Cumulative area ratio:    0.12
      Required ratio:    0.00 (Cumulative area) 


Net: _1466_
  Pin: _4418_/A (sky130_fd_sc_hd__nor2_1)
    Layer: met4
      Partial area ratio:   29.36
      Required ratio:    0.00 (Gate area) 
      Partial area ratio:  157.09
      Required ratio: 3193.60 (Side area) 
      Cumulative area ratio:   31.31
      Required ratio:    0.00 (Cumulative area) 
      Cumulative area ratio:  167.61
      Required ratio:    0.00 (Cumulative side area) 

    Layer: met3
      Partial area ratio:    0.00
      Required ratio:    0.00 (Gate area) 
      Partial area ratio:    0.00
      Required ratio:  400.00 (Side area) 
      Cumulative area ratio:    1.95
      Required ratio:    0.00 (Cumulative area) 
      Cumulative area ratio:   10.52
      Required ratio:    0.00 (Cumulative side area) 

    Layer: met2
      Partial area ratio:    0.00
      Required ratio:    0.00 (Gate area) 
      Partial area ratio:    0.00
      Required ratio:  400.00 (Side area) 
      Cumulative area ratio:    1.95
      Required ratio:    0.00 (Cumulative area) 
      Cumulative area ratio:   10.52
      Required ratio:    0.00 (Cumulative side area) 

    Layer: met1
      Partial area ratio:    1.95
      Required ratio:    0.00 (Gate area) 
      Partial area ratio:   10.52
      Required ratio:  400.00 (Side area) 
      Cumulative area ratio:    1.95
      Required ratio:    0.00 (Cumulative area) 
      Cumulative area ratio:   10.52
      Required ratio:    0.00 (Cumulative side area) 

    Layer: li1
      Partial area ratio:    0.00
      Required ratio:    0.00 (Gate area) 
      Partial area ratio:    0.00
      Required ratio:   75.00 (Side area) 
      Cumulative area ratio:    0.00
      Required ratio:    0.00 (Cumulative area) 
      Cumulative area ratio:    0.00
      Required ratio:    0.00 (Cumulative side area) 

    Via: M3M4_PR
      Partial area ratio:    0.16
      Required ratio:    6.00 (Gate area) 
      Cumulative area ratio:    0.62
      Required ratio:    0.00 (Cumulative area) 

    Via: M2M3_PR
      Partial area ratio:    0.16
      Required ratio:    6.00 (Gate area) 
      Cumulative area ratio:    0.46
      Required ratio:    0.00 (Cumulative area) 

    Via: M1M2_PR
      Partial area ratio:    0.18
      Required ratio:    6.00 (Gate area) 
      Cumulative area ratio:    0.30
      Required ratio:    0.00 (Cumulative area) 

    Via: L1M1_PR
      Partial area ratio:    0.12
      Required ratio:    3.00 (Gate area) 
      Cumulative area ratio:    0.12
      Required ratio:    0.00 (Cumulative area) 

  Pin: _4454_/A (sky130_fd_sc_hd__nor2_1)
    Layer: met1
      Partial area ratio:  314.34
      Required ratio:    0.00 (Gate area) 
      Partial area ratio: 1572.86
      Required ratio:  400.00 (Side area) (VIOLATED)
      Cumulative area ratio:  314.34
      Required ratio:    0.00 (Cumulative area) 
      Cumulative area ratio: 1572.86
      Required ratio:    0.00 (Cumulative side area) 

    Layer: met3
      Partial area ratio:    0.00
      Required ratio:    0.00 (Gate area) 
      Partial area ratio:    0.00
      Required ratio: 3193.60 (Side area) 
      Cumulative area ratio:  314.34
      Required ratio:    0.00 (Cumulative area) 
      Cumulative area ratio: 1572.86
      Required ratio:    0.00 (Cumulative side area) 

    Layer: met4
      Partial area ratio:   29.36
      Required ratio:    0.00 (Gate area) 
      Partial area ratio:  157.09
      Required ratio: 3193.60 (Side area) 
      Cumulative area ratio:  343.70
      Required ratio:    0.00 (Cumulative area) 
      Cumulative area ratio: 1729.96
      Required ratio:    0.00 (Cumulative side area) 

    Layer: li1
      Partial area ratio:    0.00
      Required ratio:    0.00 (Gate area) 
      Partial area ratio:    0.00
      Required ratio:   75.00 (Side area) 
      Cumulative area ratio:    0.00
      Required ratio:    0.00 (Cumulative area) 
      Cumulative area ratio:    0.00
      Required ratio:    0.00 (Cumulative side area) 

    Via: M2M3_PR
      Partial area ratio:    0.05
      Required ratio:    6.00 (Gate area) 
      Cumulative area ratio:    0.44
      Required ratio:    0.00 (Cumulative area) 

    Via: M1M2_PR
      Partial area ratio:    0.27
      Required ratio:    6.00 (Gate area) 
      Cumulative area ratio:    0.39
      Required ratio:    0.00 (Cumulative area) 

    Via: M3M4_PR
      Partial area ratio:    0.05
      Required ratio:    6.00 (Gate area) 
      Cumulative area ratio:    0.50
      Required ratio:    0.00 (Cumulative area) 

    Via: L1M1_PR
      Partial area ratio:    0.12
      Required ratio:    3.00 (Gate area) 
      Cumulative area ratio:    0.12
      Required ratio:    0.00 (Cumulative area) 

  Pin: _4284_/A (sky130_fd_sc_hd__nor2_1)
    Layer: met3
      Partial area ratio:    0.00
      Required ratio:    0.00 (Gate area) 
      Partial area ratio:    0.00
      Required ratio: 3193.60 (Side area) 
      Cumulative area ratio:  173.84
      Required ratio:    0.00 (Cumulative area) 
      Cumulative area ratio:  870.38
      Required ratio:    0.00 (Cumulative side area) 

    Layer: met4
      Partial area ratio:   29.36
      Required ratio:    0.00 (Gate area) 
      Partial area ratio:  157.09
      Required ratio: 3193.60 (Side area) 
      Cumulative area ratio:  203.20
      Required ratio:    0.00 (Cumulative area) 
      Cumulative area ratio: 1027.47
      Required ratio:    0.00 (Cumulative side area) 

    Layer: met1
      Partial area ratio:  173.84
      Required ratio:    0.00 (Gate area) 
      Partial area ratio:  870.38
      Required ratio:  400.00 (Side area) (VIOLATED)
      Cumulative area ratio:  173.84
      Required ratio:    0.00 (Cumulative area) 
      Cumulative area ratio:  870.38
      Required ratio:    0.00 (Cumulative side area) 

    Layer: li1
      Partial area ratio:    0.00
      Required ratio:    0.00 (Gate area) 
      Partial area ratio:    0.00
      Required ratio:   75.00 (Side area) 
      Cumulative area ratio:    0.00
      Required ratio:    0.00 (Cumulative area) 
      Cumulative area ratio:    0.00
      Required ratio:    0.00 (Cumulative side area) 

    Via: M2M3_PR
      Partial area ratio:    0.05
      Required ratio:    6.00 (Gate area) 
      Cumulative area ratio:    0.44
      Required ratio:    0.00 (Cumulative area) 

    Via: M3M4_PR
      Partial area ratio:    0.05
      Required ratio:    6.00 (Gate area) 
      Cumulative area ratio:    0.50
      Required ratio:    0.00 (Cumulative area) 

    Via: M1M2_PR
      Partial area ratio:    0.27
      Required ratio:    6.00 (Gate area) 
      Cumulative area ratio:    0.39
      Required ratio:    0.00 (Cumulative area) 

    Via: L1M1_PR
      Partial area ratio:    0.12
      Required ratio:    3.00 (Gate area) 
      Cumulative area ratio:    0.12
      Required ratio:    0.00 (Cumulative area) 

  Pin: _4382_/A (sky130_fd_sc_hd__nor2_1)
    Layer: met3
      Partial area ratio:    0.00
      Required ratio:    0.00 (Gate area) 
      Partial area ratio:    0.00
      Required ratio: 3193.60 (Side area) 
      Cumulative area ratio:  176.16
      Required ratio:    0.00 (Cumulative area) 
      Cumulative area ratio:  882.76
      Required ratio:    0.00 (Cumulative side area) 

    Layer: met4
      Partial area ratio:   29.36
      Required ratio:    0.00 (Gate area) 
      Partial area ratio:  157.09
      Required ratio: 3193.60 (Side area) 
      Cumulative area ratio:  205.52
      Required ratio:    0.00 (Cumulative area) 
      Cumulative area ratio: 1039.85
      Required ratio:    0.00 (Cumulative side area) 

    Layer: met1
      Partial area ratio:    2.32
      Required ratio:    0.00 (Gate area) 
      Partial area ratio:   12.39
      Required ratio:  400.00 (Side area) 
      Cumulative area ratio:    2.32
      Required ratio:    0.00 (Cumulative area) 
      Cumulative area ratio:   12.39
      Required ratio:    0.00 (Cumulative side area) 

    Layer: li1
      Partial area ratio:    0.00
      Required ratio:    0.00 (Gate area) 
      Partial area ratio:    0.00
      Required ratio:   75.00 (Side area) 
      Cumulative area ratio:    0.00
      Required ratio:    0.00 (Cumulative area) 
      Cumulative area ratio:    0.00
      Required ratio:    0.00 (Cumulative side area) 

    Via: M2M3_PR
      Partial area ratio:    0.05
      Required ratio:    6.00 (Gate area) 
      Cumulative area ratio:    0.63
      Required ratio:    0.00 (Cumulative area) 

    Via: M3M4_PR
      Partial area ratio:    0.05
      Required ratio:    6.00 (Gate area) 
      Cumulative area ratio:    0.68
      Required ratio:    0.00 (Cumulative area) 

    Via: M1M2_PR
      Partial area ratio:    0.18
      Required ratio:    6.00 (Gate area) 
      Cumulative area ratio:    0.30
      Required ratio:    0.00 (Cumulative area) 

    Via: L1M1_PR
      Partial area ratio:    0.12
      Required ratio:    3.00 (Gate area) 
      Cumulative area ratio:    0.12
      Required ratio:    0.00 (Cumulative area) 


Net: _1468_
  Pin: _4419_/A (sky130_fd_sc_hd__nor2_1)
    Layer: met1
      Partial area ratio:    2.64
      Required ratio:    0.00 (Gate area) 
      Partial area ratio:   13.97
      Required ratio:  400.00 (Side area) 
      Cumulative area ratio:    2.64
      Required ratio:    0.00 (Cumulative area) 
      Cumulative area ratio:   13.97
      Required ratio:    0.00 (Cumulative side area) 

    Layer: li1
      Partial area ratio:    0.00
      Required ratio:    0.00 (Gate area) 
      Partial area ratio:    0.00
      Required ratio:   75.00 (Side area) 
      Cumulative area ratio:    0.00
      Required ratio:    0.00 (Cumulative area) 
      Cumulative area ratio:    0.00
      Required ratio:    0.00 (Cumulative side area) 

    Via: M1M2_PR
      Partial area ratio:    0.18
      Required ratio:    6.00 (Gate area) 
      Cumulative area ratio:    0.30
      Required ratio:    0.00 (Cumulative area) 

    Via: L1M1_PR
      Partial area ratio:    0.12
      Required ratio:    3.00 (Gate area) 
      Cumulative area ratio:    0.12
      Required ratio:    0.00 (Cumulative area) 

  Pin: _4455_/A (sky130_fd_sc_hd__nor2_1)
    Layer: met1
      Partial area ratio:  307.68
      Required ratio:    0.00 (Gate area) 
      Partial area ratio: 1539.60
      Required ratio:  400.00 (Side area) (VIOLATED)
      Cumulative area ratio:  307.68
      Required ratio:    0.00 (Cumulative area) 
      Cumulative area ratio: 1539.60
      Required ratio:    0.00 (Cumulative side area) 

    Layer: li1
      Partial area ratio:    0.00
      Required ratio:    0.00 (Gate area) 
      Partial area ratio:    0.00
      Required ratio:   75.00 (Side area) 
      Cumulative area ratio:    0.00
      Required ratio:    0.00 (Cumulative area) 
      Cumulative area ratio:    0.00
      Required ratio:    0.00 (Cumulative side area) 

    Via: M1M2_PR
      Partial area ratio:    0.27
      Required ratio:    6.00 (Gate area) 
      Cumulative area ratio:    0.39
      Required ratio:    0.00 (Cumulative area) 

    Via: L1M1_PR
      Partial area ratio:    0.12
      Required ratio:    3.00 (Gate area) 
      Cumulative area ratio:    0.12
      Required ratio:    0.00 (Cumulative area) 

  Pin: _4383_/A (sky130_fd_sc_hd__nor2_1)
    Layer: met1
      Partial area ratio:  192.89
      Required ratio:    0.00 (Gate area) 
      Partial area ratio:  966.03
      Required ratio:  400.00 (Side area) (VIOLATED)
      Cumulative area ratio:  192.89
      Required ratio:    0.00 (Cumulative area) 
      Cumulative area ratio:  966.03
      Required ratio:    0.00 (Cumulative side area) 

    Layer: li1
      Partial area ratio:    0.00
      Required ratio:    0.00 (Gate area) 
      Partial area ratio:    0.00
      Required ratio:   75.00 (Side area) 
      Cumulative area ratio:    0.00
      Required ratio:    0.00 (Cumulative area) 
      Cumulative area ratio:    0.00
      Required ratio:    0.00 (Cumulative side area) 

    Via: M1M2_PR
      Partial area ratio:    0.27
      Required ratio:    6.00 (Gate area) 
      Cumulative area ratio:    0.39
      Required ratio:    0.00 (Cumulative area) 

    Via: L1M1_PR
      Partial area ratio:    0.12
      Required ratio:    3.00 (Gate area) 
      Cumulative area ratio:    0.12
      Required ratio:    0.00 (Cumulative area) 

  Pin: _4287_/A (sky130_fd_sc_hd__nor2_1)
    Layer: met1
      Partial area ratio:    3.43
      Required ratio:    0.00 (Gate area) 
      Partial area ratio:   17.93
      Required ratio:  400.00 (Side area) 
      Cumulative area ratio:    3.43
      Required ratio:    0.00 (Cumulative area) 
      Cumulative area ratio:   17.93
      Required ratio:    0.00 (Cumulative side area) 

    Layer: li1
      Partial area ratio:    0.00
      Required ratio:    0.00 (Gate area) 
      Partial area ratio:    0.00
      Required ratio:   75.00 (Side area) 
      Cumulative area ratio:    0.00
      Required ratio:    0.00 (Cumulative area) 
      Cumulative area ratio:    0.00
      Required ratio:    0.00 (Cumulative side area) 

    Via: M1M2_PR
      Partial area ratio:    0.18
      Required ratio:    6.00 (Gate area) 
      Cumulative area ratio:    0.30
      Required ratio:    0.00 (Cumulative area) 

    Via: L1M1_PR
      Partial area ratio:    0.12
      Required ratio:    3.00 (Gate area) 
      Cumulative area ratio:    0.12
      Required ratio:    0.00 (Cumulative area) 


Net: _1472_
  Pin: _4421_/A (sky130_fd_sc_hd__nor2_1)
    Layer: met2
      Partial area ratio:   50.82
      Required ratio:    0.00 (Gate area) 
      Partial area ratio:  254.49
      Required ratio: 3193.60 (Side area) 
      Cumulative area ratio:  373.85
      Required ratio:    0.00 (Cumulative area) 
      Cumulative area ratio: 1871.25
      Required ratio:    0.00 (Cumulative side area) 

    Layer: met1
      Partial area ratio:  323.04
      Required ratio:    0.00 (Gate area) 
      Partial area ratio: 1616.76
      Required ratio:  400.00 (Side area) (VIOLATED)
      Cumulative area ratio:  323.04
      Required ratio:    0.00 (Cumulative area) 
      Cumulative area ratio: 1616.76
      Required ratio:    0.00 (Cumulative side area) 

    Layer: li1
      Partial area ratio:    0.00
      Required ratio:    0.00 (Gate area) 
      Partial area ratio:    0.00
      Required ratio:   75.00 (Side area) 
      Cumulative area ratio:    0.00
      Required ratio:    0.00 (Cumulative area) 
      Cumulative area ratio:    0.00
      Required ratio:    0.00 (Cumulative side area) 

    Layer: met3
      Partial area ratio:   92.09
      Required ratio:    0.00 (Gate area) 
      Partial area ratio:  491.64
      Required ratio: 3193.60 (Side area) 
      Cumulative area ratio:  465.94
      Required ratio:    0.00 (Cumulative area) 
      Cumulative area ratio: 2362.88
      Required ratio:    0.00 (Cumulative side area) 

    Via: M2M3_PR
      Partial area ratio:    0.16
      Required ratio:    6.00 (Gate area) 
      Cumulative area ratio:    0.46
      Required ratio:    0.00 (Cumulative area) 

    Via: M1M2_PR
      Partial area ratio:    0.18
      Required ratio:    6.00 (Gate area) 
      Cumulative area ratio:    0.30
      Required ratio:    0.00 (Cumulative area) 

    Via: L1M1_PR
      Partial area ratio:    0.12
      Required ratio:    3.00 (Gate area) 
      Cumulative area ratio:    0.12
      Required ratio:    0.00 (Cumulative area) 

  Pin: _4293_/A (sky130_fd_sc_hd__nor2_1)
    Layer: met3
      Partial area ratio:   92.09
      Required ratio:    0.00 (Gate area) 
      Partial area ratio:  491.64
      Required ratio: 3193.60 (Side area) 
      Cumulative area ratio:  105.09
      Required ratio:    0.00 (Cumulative area) 
      Cumulative area ratio:  557.97
      Required ratio:    0.00 (Cumulative side area) 

    Layer: met2
      Partial area ratio:    7.83
      Required ratio:    0.00 (Gate area) 
      Partial area ratio:   39.29
      Required ratio:  400.00 (Side area) 
      Cumulative area ratio:   13.00
      Required ratio:    0.00 (Cumulative area) 
      Cumulative area ratio:   66.33
      Required ratio:    0.00 (Cumulative side area) 

    Layer: met1
      Partial area ratio:    5.17
      Required ratio:    0.00 (Gate area) 
      Partial area ratio:   27.04
      Required ratio:  400.00 (Side area) 
      Cumulative area ratio:    5.17
      Required ratio:    0.00 (Cumulative area) 
      Cumulative area ratio:   27.04
      Required ratio:    0.00 (Cumulative side area) 

    Layer: li1
      Partial area ratio:    0.00
      Required ratio:    0.00 (Gate area) 
      Partial area ratio:    0.00
      Required ratio:   75.00 (Side area) 
      Cumulative area ratio:    0.00
      Required ratio:    0.00 (Cumulative area) 
      Cumulative area ratio:    0.00
      Required ratio:    0.00 (Cumulative side area) 

    Via: M2M3_PR
      Partial area ratio:    0.05
      Required ratio:    6.00 (Gate area) 
      Cumulative area ratio:    0.35
      Required ratio:    0.00 (Cumulative area) 

    Via: M1M2_PR
      Partial area ratio:    0.18
      Required ratio:    6.00 (Gate area) 
      Cumulative area ratio:    0.30
      Required ratio:    0.00 (Cumulative area) 

    Via: L1M1_PR
      Partial area ratio:    0.12
      Required ratio:    3.00 (Gate area) 
      Cumulative area ratio:    0.12
      Required ratio:    0.00 (Cumulative area) 

  Pin: _4457_/A (sky130_fd_sc_hd__nor2_1)
    Layer: met3
      Partial area ratio:   92.09
      Required ratio:    0.00 (Gate area) 
      Partial area ratio:  491.64
      Required ratio: 3193.60 (Side area) 
      Cumulative area ratio:  103.09
      Required ratio:    0.00 (Cumulative area) 
      Cumulative area ratio:  547.73
      Required ratio:    0.00 (Cumulative side area) 

    Layer: met2
      Partial area ratio:    7.83
      Required ratio:    0.00 (Gate area) 
      Partial area ratio:   39.29
      Required ratio:  400.00 (Side area) 
      Cumulative area ratio:   10.99
      Required ratio:    0.00 (Cumulative area) 
      Cumulative area ratio:   56.09
      Required ratio:    0.00 (Cumulative side area) 

    Layer: met1
      Partial area ratio:    3.16
      Required ratio:    0.00 (Gate area) 
      Partial area ratio:   16.80
      Required ratio:  400.00 (Side area) 
      Cumulative area ratio:    3.16
      Required ratio:    0.00 (Cumulative area) 
      Cumulative area ratio:   16.80
      Required ratio:    0.00 (Cumulative side area) 

    Layer: li1
      Partial area ratio:    0.00
      Required ratio:    0.00 (Gate area) 
      Partial area ratio:    0.00
      Required ratio:   75.00 (Side area) 
      Cumulative area ratio:    0.00
      Required ratio:    0.00 (Cumulative area) 
      Cumulative area ratio:    0.00
      Required ratio:    0.00 (Cumulative side area) 

    Via: M2M3_PR
      Partial area ratio:    0.05
      Required ratio:    6.00 (Gate area) 
      Cumulative area ratio:    0.31
      Required ratio:    0.00 (Cumulative area) 

    Via: M1M2_PR
      Partial area ratio:    0.14
      Required ratio:    6.00 (Gate area) 
      Cumulative area ratio:    0.25
      Required ratio:    0.00 (Cumulative area) 

    Via: L1M1_PR
      Partial area ratio:    0.12
      Required ratio:    3.00 (Gate area) 
      Cumulative area ratio:    0.12
      Required ratio:    0.00 (Cumulative area) 

  Pin: _4385_/A (sky130_fd_sc_hd__nor2_1)
    Layer: met3
      Partial area ratio:   92.09
      Required ratio:    0.00 (Gate area) 
      Partial area ratio:  491.64
      Required ratio: 3193.60 (Side area) 
      Cumulative area ratio:  103.09
      Required ratio:    0.00 (Cumulative area) 
      Cumulative area ratio:  547.73
      Required ratio:    0.00 (Cumulative side area) 

    Layer: met2
      Partial area ratio:    7.83
      Required ratio:    0.00 (Gate area) 
      Partial area ratio:   39.29
      Required ratio:  400.00 (Side area) 
      Cumulative area ratio:   10.99
      Required ratio:    0.00 (Cumulative area) 
      Cumulative area ratio:   56.09
      Required ratio:    0.00 (Cumulative side area) 

    Layer: met1
      Partial area ratio:    3.16
      Required ratio:    0.00 (Gate area) 
      Partial area ratio:   16.80
      Required ratio:  400.00 (Side area) 
      Cumulative area ratio:    3.16
      Required ratio:    0.00 (Cumulative area) 
      Cumulative area ratio:   16.80
      Required ratio:    0.00 (Cumulative side area) 

    Layer: li1
      Partial area ratio:    0.00
      Required ratio:    0.00 (Gate area) 
      Partial area ratio:    0.00
      Required ratio:   75.00 (Side area) 
      Cumulative area ratio:    0.00
      Required ratio:    0.00 (Cumulative area) 
      Cumulative area ratio:    0.00
      Required ratio:    0.00 (Cumulative side area) 

    Via: M2M3_PR
      Partial area ratio:    0.05
      Required ratio:    6.00 (Gate area) 
      Cumulative area ratio:    0.31
      Required ratio:    0.00 (Cumulative area) 

    Via: M1M2_PR
      Partial area ratio:    0.14
      Required ratio:    6.00 (Gate area) 
      Cumulative area ratio:    0.25
      Required ratio:    0.00 (Cumulative area) 

    Via: L1M1_PR
      Partial area ratio:    0.12
      Required ratio:    3.00 (Gate area) 
      Cumulative area ratio:    0.12
      Required ratio:    0.00 (Cumulative area) 


Net: _1474_
  Pin: _4422_/A (sky130_fd_sc_hd__nor2_1)
    Layer: met1
      Partial area ratio:  248.07
      Required ratio:    0.00 (Gate area) 
      Partial area ratio: 1241.96
      Required ratio:  400.00 (Side area) (VIOLATED)
      Cumulative area ratio:  248.07
      Required ratio:    0.00 (Cumulative area) 
      Cumulative area ratio: 1241.96
      Required ratio:    0.00 (Cumulative side area) 

    Layer: li1
      Partial area ratio:    0.00
      Required ratio:    0.00 (Gate area) 
      Partial area ratio:    0.00
      Required ratio:   75.00 (Side area) 
      Cumulative area ratio:    0.00
      Required ratio:    0.00 (Cumulative area) 
      Cumulative area ratio:    0.00
      Required ratio:    0.00 (Cumulative side area) 

    Layer: met3
      Partial area ratio:  108.82
      Required ratio:    0.00 (Gate area) 
      Partial area ratio:  580.85
      Required ratio: 3193.60 (Side area) 
      Cumulative area ratio:  356.89
      Required ratio:    0.00 (Cumulative area) 
      Cumulative area ratio: 1822.80
      Required ratio:    0.00 (Cumulative side area) 

    Via: M2M3_PR
      Partial area ratio:    0.08
      Required ratio:    6.00 (Gate area) 
      Cumulative area ratio:    0.47
      Required ratio:    0.00 (Cumulative area) 

    Via: M1M2_PR
      Partial area ratio:    0.27
      Required ratio:    6.00 (Gate area) 
      Cumulative area ratio:    0.39
      Required ratio:    0.00 (Cumulative area) 

    Via: L1M1_PR
      Partial area ratio:    0.12
      Required ratio:    3.00 (Gate area) 
      Cumulative area ratio:    0.12
      Required ratio:    0.00 (Cumulative area) 

  Pin: _4296_/A (sky130_fd_sc_hd__nor2_1)
    Layer: met1
      Partial area ratio:    1.76
      Required ratio:    0.00 (Gate area) 
      Partial area ratio:    9.62
      Required ratio:  400.00 (Side area) 
      Cumulative area ratio:    1.76
      Required ratio:    0.00 (Cumulative area) 
      Cumulative area ratio:    9.62
      Required ratio:    0.00 (Cumulative side area) 

    Layer: li1
      Partial area ratio:    0.00
      Required ratio:    0.00 (Gate area) 
      Partial area ratio:    0.00
      Required ratio:   75.00 (Side area) 
      Cumulative area ratio:    0.00
      Required ratio:    0.00 (Cumulative area) 
      Cumulative area ratio:    0.00
      Required ratio:    0.00 (Cumulative side area) 

    Layer: met3
      Partial area ratio:  108.82
      Required ratio:    0.00 (Gate area) 
      Partial area ratio:  580.85
      Required ratio: 3193.60 (Side area) 
      Cumulative area ratio:  358.66
      Required ratio:    0.00 (Cumulative area) 
      Cumulative area ratio: 1832.42
      Required ratio:    0.00 (Cumulative side area) 

    Via: M2M3_PR
      Partial area ratio:    0.08
      Required ratio:    6.00 (Gate area) 
      Cumulative area ratio:    0.65
      Required ratio:    0.00 (Cumulative area) 

    Via: M1M2_PR
      Partial area ratio:    0.18
      Required ratio:    6.00 (Gate area) 
      Cumulative area ratio:    0.30
      Required ratio:    0.00 (Cumulative area) 

    Via: L1M1_PR
      Partial area ratio:    0.12
      Required ratio:    3.00 (Gate area) 
      Cumulative area ratio:    0.12
      Required ratio:    0.00 (Cumulative area) 

  Pin: _4386_/A (sky130_fd_sc_hd__nor2_1)
    Layer: met3
      Partial area ratio:  108.82
      Required ratio:    0.00 (Gate area) 
      Partial area ratio:  580.85
      Required ratio: 3193.60 (Side area) 
      Cumulative area ratio:  113.05
      Required ratio:    0.00 (Cumulative area) 
      Cumulative area ratio:  603.02
      Required ratio:    0.00 (Cumulative side area) 

    Layer: met2
      Partial area ratio:    3.94
      Required ratio:    0.00 (Gate area) 
      Partial area ratio:   19.91
      Required ratio:  400.00 (Side area) 
      Cumulative area ratio:    4.24
      Required ratio:    0.00 (Cumulative area) 
      Cumulative area ratio:   22.17
      Required ratio:    0.00 (Cumulative side area) 

    Layer: met1
      Partial area ratio:    0.29
      Required ratio:    0.00 (Gate area) 
      Partial area ratio:    2.26
      Required ratio:  400.00 (Side area) 
      Cumulative area ratio:    0.29
      Required ratio:    0.00 (Cumulative area) 
      Cumulative area ratio:    2.26
      Required ratio:    0.00 (Cumulative side area) 

    Layer: li1
      Partial area ratio:    0.00
      Required ratio:    0.00 (Gate area) 
      Partial area ratio:    0.00
      Required ratio:   75.00 (Side area) 
      Cumulative area ratio:    0.00
      Required ratio:    0.00 (Cumulative area) 
      Cumulative area ratio:    0.00
      Required ratio:    0.00 (Cumulative side area) 

    Via: M2M3_PR
      Partial area ratio:    0.08
      Required ratio:    6.00 (Gate area) 
      Cumulative area ratio:    0.38
      Required ratio:    0.00 (Cumulative area) 

    Via: M1M2_PR
      Partial area ratio:    0.18
      Required ratio:    6.00 (Gate area) 
      Cumulative area ratio:    0.30
      Required ratio:    0.00 (Cumulative area) 

    Via: L1M1_PR
      Partial area ratio:    0.12
      Required ratio:    3.00 (Gate area) 
      Cumulative area ratio:    0.12
      Required ratio:    0.00 (Cumulative area) 

  Pin: _4458_/A (sky130_fd_sc_hd__nor2_1)
    Layer: met3
      Partial area ratio:  108.82
      Required ratio:    0.00 (Gate area) 
      Partial area ratio:  580.85
      Required ratio: 3193.60 (Side area) 
      Cumulative area ratio:  114.74
      Required ratio:    0.00 (Cumulative area) 
      Cumulative area ratio:  611.45
      Required ratio:    0.00 (Cumulative side area) 

    Layer: met2
      Partial area ratio:    3.94
      Required ratio:    0.00 (Gate area) 
      Partial area ratio:   19.91
      Required ratio:  400.00 (Side area) 
      Cumulative area ratio:    5.92
      Required ratio:    0.00 (Cumulative area) 
      Cumulative area ratio:   30.60
      Required ratio:    0.00 (Cumulative side area) 

    Layer: met1
      Partial area ratio:    1.98
      Required ratio:    0.00 (Gate area) 
      Partial area ratio:   10.69
      Required ratio:  400.00 (Side area) 
      Cumulative area ratio:    1.98
      Required ratio:    0.00 (Cumulative area) 
      Cumulative area ratio:   10.69
      Required ratio:    0.00 (Cumulative side area) 

    Layer: li1
      Partial area ratio:    0.00
      Required ratio:    0.00 (Gate area) 
      Partial area ratio:    0.00
      Required ratio:   75.00 (Side area) 
      Cumulative area ratio:    0.00
      Required ratio:    0.00 (Cumulative area) 
      Cumulative area ratio:    0.00
      Required ratio:    0.00 (Cumulative side area) 

    Via: M2M3_PR
      Partial area ratio:    0.08
      Required ratio:    6.00 (Gate area) 
      Cumulative area ratio:    0.38
      Required ratio:    0.00 (Cumulative area) 

    Via: M1M2_PR
      Partial area ratio:    0.18
      Required ratio:    6.00 (Gate area) 
      Cumulative area ratio:    0.30
      Required ratio:    0.00 (Cumulative area) 

    Via: L1M1_PR
      Partial area ratio:    0.12
      Required ratio:    3.00 (Gate area) 
      Cumulative area ratio:    0.12
      Required ratio:    0.00 (Cumulative area) 


Net: _1480_
  Pin: _4425_/A (sky130_fd_sc_hd__nor2_1)
    Layer: met2
      Partial area ratio:   78.18
      Required ratio:    0.00 (Gate area) 
      Partial area ratio:  391.49
      Required ratio: 3193.60 (Side area) 
      Cumulative area ratio:  405.89
      Required ratio:    0.00 (Cumulative area) 
      Cumulative area ratio: 2032.80
      Required ratio:    0.00 (Cumulative side area) 

    Layer: met1
      Partial area ratio:    2.06
      Required ratio:    0.00 (Gate area) 
      Partial area ratio:   11.09
      Required ratio:  400.00 (Side area) 
      Cumulative area ratio:    2.06
      Required ratio:    0.00 (Cumulative area) 
      Cumulative area ratio:   11.09
      Required ratio:    0.00 (Cumulative side area) 

    Layer: li1
      Partial area ratio:    0.00
      Required ratio:    0.00 (Gate area) 
      Partial area ratio:    0.00
      Required ratio:   75.00 (Side area) 
      Cumulative area ratio:    0.00
      Required ratio:    0.00 (Cumulative area) 
      Cumulative area ratio:    0.00
      Required ratio:    0.00 (Cumulative side area) 

    Layer: met3
      Partial area ratio:   92.09
      Required ratio:    0.00 (Gate area) 
      Partial area ratio:  491.64
      Required ratio: 3193.60 (Side area) 
      Cumulative area ratio:  497.98
      Required ratio:    0.00 (Cumulative area) 
      Cumulative area ratio: 2524.44
      Required ratio:    0.00 (Cumulative side area) 

    Via: M2M3_PR
      Partial area ratio:    0.08
      Required ratio:    6.00 (Gate area) 
      Cumulative area ratio:    0.65
      Required ratio:    0.00 (Cumulative area) 

    Via: M1M2_PR
      Partial area ratio:    0.18
      Required ratio:    6.00 (Gate area) 
      Cumulative area ratio:    0.30
      Required ratio:    0.00 (Cumulative area) 

    Via: L1M1_PR
      Partial area ratio:    0.12
      Required ratio:    3.00 (Gate area) 
      Cumulative area ratio:    0.12
      Required ratio:    0.00 (Cumulative area) 

  Pin: _4305_/A (sky130_fd_sc_hd__nor2_1)
    Layer: met2
      Partial area ratio:   78.18
      Required ratio:    0.00 (Gate area) 
      Partial area ratio:  391.49
      Required ratio: 3193.60 (Side area) 
      Cumulative area ratio:  403.83
      Required ratio:    0.00 (Cumulative area) 
      Cumulative area ratio: 2021.71
      Required ratio:    0.00 (Cumulative side area) 

    Layer: met1
      Partial area ratio:  325.65
      Required ratio:    0.00 (Gate area) 
      Partial area ratio: 1630.22
      Required ratio:  400.00 (Side area) (VIOLATED)
      Cumulative area ratio:  325.65
      Required ratio:    0.00 (Cumulative area) 
      Cumulative area ratio: 1630.22
      Required ratio:    0.00 (Cumulative side area) 

    Layer: li1
      Partial area ratio:    0.00
      Required ratio:    0.00 (Gate area) 
      Partial area ratio:    0.00
      Required ratio:   75.00 (Side area) 
      Cumulative area ratio:    0.00
      Required ratio:    0.00 (Cumulative area) 
      Cumulative area ratio:    0.00
      Required ratio:    0.00 (Cumulative side area) 

    Layer: met3
      Partial area ratio:   92.09
      Required ratio:    0.00 (Gate area) 
      Partial area ratio:  491.64
      Required ratio: 3193.60 (Side area) 
      Cumulative area ratio:  495.92
      Required ratio:    0.00 (Cumulative area) 
      Cumulative area ratio: 2513.35
      Required ratio:    0.00 (Cumulative side area) 

    Via: M2M3_PR
      Partial area ratio:    0.08
      Required ratio:    6.00 (Gate area) 
      Cumulative area ratio:    0.47
      Required ratio:    0.00 (Cumulative area) 

    Via: M1M2_PR
      Partial area ratio:    0.27
      Required ratio:    6.00 (Gate area) 
      Cumulative area ratio:    0.39
      Required ratio:    0.00 (Cumulative area) 

    Via: L1M1_PR
      Partial area ratio:    0.12
      Required ratio:    3.00 (Gate area) 
      Cumulative area ratio:    0.12
      Required ratio:    0.00 (Cumulative area) 

  Pin: _4389_/A (sky130_fd_sc_hd__nor2_1)
    Layer: met3
      Partial area ratio:   92.09
      Required ratio:    0.00 (Gate area) 
      Partial area ratio:  491.64
      Required ratio: 3193.60 (Side area) 
      Cumulative area ratio:   98.57
      Required ratio:    0.00 (Cumulative area) 
      Cumulative area ratio:  525.04
      Required ratio:    0.00 (Cumulative side area) 

    Layer: met2
      Partial area ratio:    5.89
      Required ratio:    0.00 (Gate area) 
      Partial area ratio:   29.67
      Required ratio:  400.00 (Side area) 
      Cumulative area ratio:    6.48
      Required ratio:    0.00 (Cumulative area) 
      Cumulative area ratio:   33.40
      Required ratio:    0.00 (Cumulative side area) 

    Layer: met1
      Partial area ratio:    0.59
      Required ratio:    0.00 (Gate area) 
      Partial area ratio:    3.73
      Required ratio:  400.00 (Side area) 
      Cumulative area ratio:    0.59
      Required ratio:    0.00 (Cumulative area) 
      Cumulative area ratio:    3.73
      Required ratio:    0.00 (Cumulative side area) 

    Layer: li1
      Partial area ratio:    0.00
      Required ratio:    0.00 (Gate area) 
      Partial area ratio:    0.00
      Required ratio:   75.00 (Side area) 
      Cumulative area ratio:    0.00
      Required ratio:    0.00 (Cumulative area) 
      Cumulative area ratio:    0.00
      Required ratio:    0.00 (Cumulative side area) 

    Via: M2M3_PR
      Partial area ratio:    0.08
      Required ratio:    6.00 (Gate area) 
      Cumulative area ratio:    0.38
      Required ratio:    0.00 (Cumulative area) 

    Via: M1M2_PR
      Partial area ratio:    0.18
      Required ratio:    6.00 (Gate area) 
      Cumulative area ratio:    0.30
      Required ratio:    0.00 (Cumulative area) 

    Via: L1M1_PR
      Partial area ratio:    0.12
      Required ratio:    3.00 (Gate area) 
      Cumulative area ratio:    0.12
      Required ratio:    0.00 (Cumulative area) 

  Pin: _4461_/A (sky130_fd_sc_hd__nor2_1)
    Layer: met3
      Partial area ratio:   92.09
      Required ratio:    0.00 (Gate area) 
      Partial area ratio:  491.64
      Required ratio: 3193.60 (Side area) 
      Cumulative area ratio:   99.69
      Required ratio:    0.00 (Cumulative area) 
      Cumulative area ratio:  530.64
      Required ratio:    0.00 (Cumulative side area) 

    Layer: met2
      Partial area ratio:    5.89
      Required ratio:    0.00 (Gate area) 
      Partial area ratio:   29.67
      Required ratio:  400.00 (Side area) 
      Cumulative area ratio:    7.60
      Required ratio:    0.00 (Cumulative area) 
      Cumulative area ratio:   39.00
      Required ratio:    0.00 (Cumulative side area) 

    Layer: met1
      Partial area ratio:    1.71
      Required ratio:    0.00 (Gate area) 
      Partial area ratio:    9.33
      Required ratio:  400.00 (Side area) 
      Cumulative area ratio:    1.71
      Required ratio:    0.00 (Cumulative area) 
      Cumulative area ratio:    9.33
      Required ratio:    0.00 (Cumulative side area) 

    Layer: li1
      Partial area ratio:    0.00
      Required ratio:    0.00 (Gate area) 
      Partial area ratio:    0.00
      Required ratio:   75.00 (Side area) 
      Cumulative area ratio:    0.00
      Required ratio:    0.00 (Cumulative area) 
      Cumulative area ratio:    0.00
      Required ratio:    0.00 (Cumulative side area) 

    Via: M2M3_PR
      Partial area ratio:    0.08
      Required ratio:    6.00 (Gate area) 
      Cumulative area ratio:    0.38
      Required ratio:    0.00 (Cumulative area) 

    Via: M1M2_PR
      Partial area ratio:    0.18
      Required ratio:    6.00 (Gate area) 
      Cumulative area ratio:    0.30
      Required ratio:    0.00 (Cumulative area) 

    Via: L1M1_PR
      Partial area ratio:    0.12
      Required ratio:    3.00 (Gate area) 
      Cumulative area ratio:    0.12
      Required ratio:    0.00 (Cumulative area) 


Net: _1482_
  Pin: _4462_/A (sky130_fd_sc_hd__nor2_1)
    Layer: met1
      Partial area ratio:  442.69
      Required ratio:    0.00 (Gate area) 
      Partial area ratio: 2215.45
      Required ratio:  400.00 (Side area) (VIOLATED)
      Cumulative area ratio:  442.69
      Required ratio:    0.00 (Cumulative area) 
      Cumulative area ratio: 2215.45
      Required ratio:    0.00 (Cumulative side area) 

    Layer: li1
      Partial area ratio:    0.00
      Required ratio:    0.00 (Gate area) 
      Partial area ratio:    0.00
      Required ratio:   75.00 (Side area) 
      Cumulative area ratio:    0.00
      Required ratio:    0.00 (Cumulative area) 
      Cumulative area ratio:    0.00
      Required ratio:    0.00 (Cumulative side area) 

    Via: M1M2_PR
      Partial area ratio:    0.36
      Required ratio:    6.00 (Gate area) 
      Cumulative area ratio:    0.48
      Required ratio:    0.00 (Cumulative area) 

    Via: L1M1_PR
      Partial area ratio:    0.12
      Required ratio:    3.00 (Gate area) 
      Cumulative area ratio:    0.12
      Required ratio:    0.00 (Cumulative area) 

  Pin: _4390_/A (sky130_fd_sc_hd__nor2_1)
    Layer: met1
      Partial area ratio:    3.29
      Required ratio:    0.00 (Gate area) 
      Partial area ratio:   17.25
      Required ratio:  400.00 (Side area) 
      Cumulative area ratio:    3.29
      Required ratio:    0.00 (Cumulative area) 
      Cumulative area ratio:   17.25
      Required ratio:    0.00 (Cumulative side area) 

    Layer: li1
      Partial area ratio:    0.00
      Required ratio:    0.00 (Gate area) 
      Partial area ratio:    0.00
      Required ratio:   75.00 (Side area) 
      Cumulative area ratio:    0.00
      Required ratio:    0.00 (Cumulative area) 
      Cumulative area ratio:    0.00
      Required ratio:    0.00 (Cumulative side area) 

    Via: M1M2_PR
      Partial area ratio:    0.18
      Required ratio:    6.00 (Gate area) 
      Cumulative area ratio:    0.30
      Required ratio:    0.00 (Cumulative area) 

    Via: L1M1_PR
      Partial area ratio:    0.12
      Required ratio:    3.00 (Gate area) 
      Cumulative area ratio:    0.12
      Required ratio:    0.00 (Cumulative area) 

  Pin: _4308_/A (sky130_fd_sc_hd__nor2_1)
    Layer: met1
      Partial area ratio:    2.40
      Required ratio:    0.00 (Gate area) 
      Partial area ratio:   12.78
      Required ratio:  400.00 (Side area) 
      Cumulative area ratio:    2.40
      Required ratio:    0.00 (Cumulative area) 
      Cumulative area ratio:   12.78
      Required ratio:    0.00 (Cumulative side area) 

    Layer: li1
      Partial area ratio:    0.00
      Required ratio:    0.00 (Gate area) 
      Partial area ratio:    0.00
      Required ratio:   75.00 (Side area) 
      Cumulative area ratio:    0.00
      Required ratio:    0.00 (Cumulative area) 
      Cumulative area ratio:    0.00
      Required ratio:    0.00 (Cumulative side area) 

    Via: M1M2_PR
      Partial area ratio:    0.18
      Required ratio:    6.00 (Gate area) 
      Cumulative area ratio:    0.30
      Required ratio:    0.00 (Cumulative area) 

    Via: L1M1_PR
      Partial area ratio:    0.12
      Required ratio:    3.00 (Gate area) 
      Cumulative area ratio:    0.12
      Required ratio:    0.00 (Cumulative area) 

  Pin: _4426_/A (sky130_fd_sc_hd__nor2_1)
    Layer: met1
      Partial area ratio:    1.74
      Required ratio:    0.00 (Gate area) 
      Partial area ratio:    9.50
      Required ratio:  400.00 (Side area) 
      Cumulative area ratio:    1.74
      Required ratio:    0.00 (Cumulative area) 
      Cumulative area ratio:    9.50
      Required ratio:    0.00 (Cumulative side area) 

    Layer: li1
      Partial area ratio:    0.00
      Required ratio:    0.00 (Gate area) 
      Partial area ratio:    0.00
      Required ratio:   75.00 (Side area) 
      Cumulative area ratio:    0.00
      Required ratio:    0.00 (Cumulative area) 
      Cumulative area ratio:    0.00
      Required ratio:    0.00 (Cumulative side area) 

    Via: M1M2_PR
      Partial area ratio:    0.18
      Required ratio:    6.00 (Gate area) 
      Cumulative area ratio:    0.30
      Required ratio:    0.00 (Cumulative area) 

    Via: L1M1_PR
      Partial area ratio:    0.12
      Required ratio:    3.00 (Gate area) 
      Cumulative area ratio:    0.12
      Required ratio:    0.00 (Cumulative area) 


Net: _1485_
  Pin: _4428_/A (sky130_fd_sc_hd__nor2_4)
    Layer: met4
      Partial area ratio:   13.19
      Required ratio:    0.00 (Gate area) 
      Partial area ratio:   70.65
      Required ratio: 3193.60 (Side area) 
      Cumulative area ratio:   41.34
      Required ratio:    0.00 (Cumulative area) 
      Cumulative area ratio:  212.03
      Required ratio:    0.00 (Cumulative side area) 

    Layer: met3
      Partial area ratio:    0.00
      Required ratio:    0.00 (Gate area) 
      Partial area ratio:    0.00
      Required ratio:  400.00 (Side area) 
      Cumulative area ratio:   28.14
      Required ratio:    0.00 (Cumulative area) 
      Cumulative area ratio:  141.39
      Required ratio:    0.00 (Cumulative side area) 

    Layer: met2
      Partial area ratio:   26.26
      Required ratio:    0.00 (Gate area) 
      Partial area ratio:  131.60
      Required ratio:  400.00 (Side area) 
      Cumulative area ratio:   28.14
      Required ratio:    0.00 (Cumulative area) 
      Cumulative area ratio:  141.39
      Required ratio:    0.00 (Cumulative side area) 

    Layer: met1
      Partial area ratio:    1.88
      Required ratio:    0.00 (Gate area) 
      Partial area ratio:    9.79
      Required ratio:  400.00 (Side area) 
      Cumulative area ratio:    1.88
      Required ratio:    0.00 (Cumulative area) 
      Cumulative area ratio:    9.79
      Required ratio:    0.00 (Cumulative side area) 

    Layer: li1
      Partial area ratio:    0.00
      Required ratio:    0.00 (Gate area) 
      Partial area ratio:    0.00
      Required ratio:   75.00 (Side area) 
      Cumulative area ratio:    0.00
      Required ratio:    0.00 (Cumulative area) 
      Cumulative area ratio:    0.00
      Required ratio:    0.00 (Cumulative side area) 

    Via: M3M4_PR
      Partial area ratio:    0.02
      Required ratio:    6.00 (Gate area) 
      Cumulative area ratio:    0.12
      Required ratio:    0.00 (Cumulative area) 

    Via: M2M3_PR
      Partial area ratio:    0.02
      Required ratio:    6.00 (Gate area) 
      Cumulative area ratio:    0.10
      Required ratio:    0.00 (Cumulative area) 

    Via: M1M2_PR
      Partial area ratio:    0.05
      Required ratio:    6.00 (Gate area) 
      Cumulative area ratio:    0.07
      Required ratio:    0.00 (Cumulative area) 

    Via: L1M1_PR
      Partial area ratio:    0.03
      Required ratio:    3.00 (Gate area) 
      Cumulative area ratio:    0.03
      Required ratio:    0.00 (Cumulative area) 

  Pin: _4313_/A (sky130_fd_sc_hd__nor2_1)
    Layer: met4
      Partial area ratio:   13.19
      Required ratio:    0.00 (Gate area) 
      Partial area ratio:   70.65
      Required ratio: 3193.60 (Side area) 
      Cumulative area ratio:  259.15
      Required ratio:    0.00 (Cumulative area) 
      Cumulative area ratio: 1302.28
      Required ratio:    0.00 (Cumulative side area) 

    Layer: met3
      Partial area ratio:    0.00
      Required ratio:    0.00 (Gate area) 
      Partial area ratio:    0.00
      Required ratio:  400.00 (Side area) 
      Cumulative area ratio:  245.95
      Required ratio:    0.00 (Cumulative area) 
      Cumulative area ratio: 1231.63
      Required ratio:    0.00 (Cumulative side area) 

    Layer: met2
      Partial area ratio:   26.26
      Required ratio:    0.00 (Gate area) 
      Partial area ratio:  131.60
      Required ratio:  400.00 (Side area) 
      Cumulative area ratio:  245.95
      Required ratio:    0.00 (Cumulative area) 
      Cumulative area ratio: 1231.63
      Required ratio:    0.00 (Cumulative side area) 

    Layer: met1
      Partial area ratio:  219.69
      Required ratio:    0.00 (Gate area) 
      Partial area ratio: 1100.03
      Required ratio:  400.00 (Side area) (VIOLATED)
      Cumulative area ratio:  219.69
      Required ratio:    0.00 (Cumulative area) 
      Cumulative area ratio: 1100.03
      Required ratio:    0.00 (Cumulative side area) 

    Layer: li1
      Partial area ratio:    0.00
      Required ratio:    0.00 (Gate area) 
      Partial area ratio:    0.00
      Required ratio:   75.00 (Side area) 
      Cumulative area ratio:    0.00
      Required ratio:    0.00 (Cumulative area) 
      Cumulative area ratio:    0.00
      Required ratio:    0.00 (Cumulative side area) 

    Via: M3M4_PR
      Partial area ratio:    0.02
      Required ratio:    6.00 (Gate area) 
      Cumulative area ratio:    0.44
      Required ratio:    0.00 (Cumulative area) 

    Via: M2M3_PR
      Partial area ratio:    0.02
      Required ratio:    6.00 (Gate area) 
      Cumulative area ratio:    0.41
      Required ratio:    0.00 (Cumulative area) 

    Via: M1M2_PR
      Partial area ratio:    0.27
      Required ratio:    6.00 (Gate area) 
      Cumulative area ratio:    0.39
      Required ratio:    0.00 (Cumulative area) 

    Via: L1M1_PR
      Partial area ratio:    0.12
      Required ratio:    3.00 (Gate area) 
      Cumulative area ratio:    0.12
      Required ratio:    0.00 (Cumulative area) 

  Pin: _4392_/A (sky130_fd_sc_hd__nor2_1)
    Layer: met4
      Partial area ratio:   13.19
      Required ratio:    0.00 (Gate area) 
      Partial area ratio:   70.65
      Required ratio: 3193.60 (Side area) 
      Cumulative area ratio:  268.06
      Required ratio:    0.00 (Cumulative area) 
      Cumulative area ratio: 1348.04
      Required ratio:    0.00 (Cumulative side area) 

    Layer: met3
      Partial area ratio:    0.00
      Required ratio:    0.00 (Gate area) 
      Partial area ratio:    0.00
      Required ratio:  400.00 (Side area) 
      Cumulative area ratio:  254.87
      Required ratio:    0.00 (Cumulative area) 
      Cumulative area ratio: 1277.39
      Required ratio:    0.00 (Cumulative side area) 

    Layer: met2
      Partial area ratio:   26.26
      Required ratio:    0.00 (Gate area) 
      Partial area ratio:  131.60
      Required ratio:  400.00 (Side area) 
      Cumulative area ratio:  254.87
      Required ratio:    0.00 (Cumulative area) 
      Cumulative area ratio: 1277.39
      Required ratio:    0.00 (Cumulative side area) 

    Layer: met1
      Partial area ratio:    8.91
      Required ratio:    0.00 (Gate area) 
      Partial area ratio:   45.76
      Required ratio:  400.00 (Side area) 
      Cumulative area ratio:    8.91
      Required ratio:    0.00 (Cumulative area) 
      Cumulative area ratio:   45.76
      Required ratio:    0.00 (Cumulative side area) 

    Layer: li1
      Partial area ratio:    0.00
      Required ratio:    0.00 (Gate area) 
      Partial area ratio:    0.00
      Required ratio:   75.00 (Side area) 
      Cumulative area ratio:    0.00
      Required ratio:    0.00 (Cumulative area) 
      Cumulative area ratio:    0.00
      Required ratio:    0.00 (Cumulative side area) 

    Via: M3M4_PR
      Partial area ratio:    0.02
      Required ratio:    6.00 (Gate area) 
      Cumulative area ratio:    0.62
      Required ratio:    0.00 (Cumulative area) 

    Via: M2M3_PR
      Partial area ratio:    0.02
      Required ratio:    6.00 (Gate area) 
      Cumulative area ratio:    0.59
      Required ratio:    0.00 (Cumulative area) 

    Via: M1M2_PR
      Partial area ratio:    0.18
      Required ratio:    6.00 (Gate area) 
      Cumulative area ratio:    0.30
      Required ratio:    0.00 (Cumulative area) 

    Via: L1M1_PR
      Partial area ratio:    0.12
      Required ratio:    3.00 (Gate area) 
      Cumulative area ratio:    0.12
      Required ratio:    0.00 (Cumulative area) 

  Pin: _4464_/A (sky130_fd_sc_hd__nor2_1)
    Layer: met4
      Partial area ratio:   13.19
      Required ratio:    0.00 (Gate area) 
      Partial area ratio:   70.65
      Required ratio: 3193.60 (Side area) 
      Cumulative area ratio:  260.49
      Required ratio:    0.00 (Cumulative area) 
      Cumulative area ratio: 1309.80
      Required ratio:    0.00 (Cumulative side area) 

    Layer: met3
      Partial area ratio:    0.00
      Required ratio:    0.00 (Gate area) 
      Partial area ratio:    0.00
      Required ratio:  400.00 (Side area) 
      Cumulative area ratio:  247.30
      Required ratio:    0.00 (Cumulative area) 
      Cumulative area ratio: 1239.15
      Required ratio:    0.00 (Cumulative side area) 

    Layer: met2
      Partial area ratio:   26.26
      Required ratio:    0.00 (Gate area) 
      Partial area ratio:  131.60
      Required ratio:  400.00 (Side area) 
      Cumulative area ratio:  247.30
      Required ratio:    0.00 (Cumulative area) 
      Cumulative area ratio: 1239.15
      Required ratio:    0.00 (Cumulative side area) 

    Layer: met1
      Partial area ratio:    1.35
      Required ratio:    0.00 (Gate area) 
      Partial area ratio:    7.52
      Required ratio:  400.00 (Side area) 
      Cumulative area ratio:    1.35
      Required ratio:    0.00 (Cumulative area) 
      Cumulative area ratio:    7.52
      Required ratio:    0.00 (Cumulative side area) 

    Layer: li1
      Partial area ratio:    0.00
      Required ratio:    0.00 (Gate area) 
      Partial area ratio:    0.00
      Required ratio:   75.00 (Side area) 
      Cumulative area ratio:    0.00
      Required ratio:    0.00 (Cumulative area) 
      Cumulative area ratio:    0.00
      Required ratio:    0.00 (Cumulative side area) 

    Via: M3M4_PR
      Partial area ratio:    0.02
      Required ratio:    6.00 (Gate area) 
      Cumulative area ratio:    0.62
      Required ratio:    0.00 (Cumulative area) 

    Via: M2M3_PR
      Partial area ratio:    0.02
      Required ratio:    6.00 (Gate area) 
      Cumulative area ratio:    0.59
      Required ratio:    0.00 (Cumulative area) 

    Via: M1M2_PR
      Partial area ratio:    0.18
      Required ratio:    6.00 (Gate area) 
      Cumulative area ratio:    0.30
      Required ratio:    0.00 (Cumulative area) 

    Via: L1M1_PR
      Partial area ratio:    0.12
      Required ratio:    3.00 (Gate area) 
      Cumulative area ratio:    0.12
      Required ratio:    0.00 (Cumulative area) 


Net: _1492_
  Pin: _4431_/A (sky130_fd_sc_hd__nor2_8)
    Layer: met1
      Partial area ratio:    1.29
      Required ratio:    0.00 (Gate area) 
      Partial area ratio:    6.65
      Required ratio:  400.00 (Side area) 
      Cumulative area ratio:    1.29
      Required ratio:    0.00 (Cumulative area) 
      Cumulative area ratio:    6.65
      Required ratio:    0.00 (Cumulative side area) 

    Layer: li1
      Partial area ratio:    0.00
      Required ratio:    0.00 (Gate area) 
      Partial area ratio:    0.00
      Required ratio:   75.00 (Side area) 
      Cumulative area ratio:    0.00
      Required ratio:    0.00 (Cumulative area) 
      Cumulative area ratio:    0.00
      Required ratio:    0.00 (Cumulative side area) 

    Via: M1M2_PR
      Partial area ratio:    0.02
      Required ratio:    6.00 (Gate area) 
      Cumulative area ratio:    0.04
      Required ratio:    0.00 (Cumulative area) 

    Via: L1M1_PR
      Partial area ratio:    0.01
      Required ratio:    3.00 (Gate area) 
      Cumulative area ratio:    0.01
      Required ratio:    0.00 (Cumulative area) 

  Pin: _4322_/A (sky130_fd_sc_hd__nor2_1)
    Layer: met1
      Partial area ratio:    0.60
      Required ratio:    0.00 (Gate area) 
      Partial area ratio:    3.79
      Required ratio:  400.00 (Side area) 
      Cumulative area ratio:    0.60
      Required ratio:    0.00 (Cumulative area) 
      Cumulative area ratio:    3.79
      Required ratio:    0.00 (Cumulative side area) 

    Layer: li1
      Partial area ratio:    0.00
      Required ratio:    0.00 (Gate area) 
      Partial area ratio:    0.00
      Required ratio:   75.00 (Side area) 
      Cumulative area ratio:    0.00
      Required ratio:    0.00 (Cumulative area) 
      Cumulative area ratio:    0.00
      Required ratio:    0.00 (Cumulative side area) 

    Via: M1M2_PR
      Partial area ratio:    0.18
      Required ratio:    6.00 (Gate area) 
      Cumulative area ratio:    0.30
      Required ratio:    0.00 (Cumulative area) 

    Via: L1M1_PR
      Partial area ratio:    0.12
      Required ratio:    3.00 (Gate area) 
      Cumulative area ratio:    0.12
      Required ratio:    0.00 (Cumulative area) 

  Pin: _4395_/A (sky130_fd_sc_hd__nor2_1)
    Layer: met1
      Partial area ratio:    0.52
      Required ratio:    0.00 (Gate area) 
      Partial area ratio:    3.39
      Required ratio:  400.00 (Side area) 
      Cumulative area ratio:    0.52
      Required ratio:    0.00 (Cumulative area) 
      Cumulative area ratio:    3.39
      Required ratio:    0.00 (Cumulative side area) 

    Layer: li1
      Partial area ratio:    0.00
      Required ratio:    0.00 (Gate area) 
      Partial area ratio:    0.00
      Required ratio:   75.00 (Side area) 
      Cumulative area ratio:    0.00
      Required ratio:    0.00 (Cumulative area) 
      Cumulative area ratio:    0.00
      Required ratio:    0.00 (Cumulative side area) 

    Via: M1M2_PR
      Partial area ratio:    0.18
      Required ratio:    6.00 (Gate area) 
      Cumulative area ratio:    0.30
      Required ratio:    0.00 (Cumulative area) 

    Via: L1M1_PR
      Partial area ratio:    0.12
      Required ratio:    3.00 (Gate area) 
      Cumulative area ratio:    0.12
      Required ratio:    0.00 (Cumulative area) 

  Pin: _4467_/A (sky130_fd_sc_hd__nor2_1)
    Layer: met1
      Partial area ratio:  221.44
      Required ratio:    0.00 (Gate area) 
      Partial area ratio: 1108.80
      Required ratio:  400.00 (Side area) (VIOLATED)
      Cumulative area ratio:  221.44
      Required ratio:    0.00 (Cumulative area) 
      Cumulative area ratio: 1108.80
      Required ratio:    0.00 (Cumulative side area) 

    Layer: li1
      Partial area ratio:    0.00
      Required ratio:    0.00 (Gate area) 
      Partial area ratio:    0.00
      Required ratio:   75.00 (Side area) 
      Cumulative area ratio:    0.00
      Required ratio:    0.00 (Cumulative area) 
      Cumulative area ratio:    0.00
      Required ratio:    0.00 (Cumulative side area) 

    Via: M1M2_PR
      Partial area ratio:    0.27
      Required ratio:    6.00 (Gate area) 
      Cumulative area ratio:    0.39
      Required ratio:    0.00 (Cumulative area) 

    Via: L1M1_PR
      Partial area ratio:    0.12
      Required ratio:    3.00 (Gate area) 
      Cumulative area ratio:    0.12
      Required ratio:    0.00 (Cumulative area) 


Net: _1496_
  Pin: _4433_/A (sky130_fd_sc_hd__nor2_4)
    Layer: met2
      Partial area ratio:   37.80
      Required ratio:    0.00 (Gate area) 
      Partial area ratio:  189.31
      Required ratio: 3193.60 (Side area) 
      Cumulative area ratio:   42.40
      Required ratio:    0.00 (Cumulative area) 
      Cumulative area ratio:  212.72
      Required ratio:    0.00 (Cumulative side area) 

    Layer: met1
      Partial area ratio:    4.60
      Required ratio:    0.00 (Gate area) 
      Partial area ratio:   23.41
      Required ratio:  400.00 (Side area) 
      Cumulative area ratio:    4.60
      Required ratio:    0.00 (Cumulative area) 
      Cumulative area ratio:   23.41
      Required ratio:    0.00 (Cumulative side area) 

    Layer: li1
      Partial area ratio:    0.00
      Required ratio:    0.00 (Gate area) 
      Partial area ratio:    0.00
      Required ratio:   75.00 (Side area) 
      Cumulative area ratio:    0.00
      Required ratio:    0.00 (Cumulative area) 
      Cumulative area ratio:    0.00
      Required ratio:    0.00 (Cumulative side area) 

    Layer: met3
      Partial area ratio:    0.00
      Required ratio:    0.00 (Gate area) 
      Partial area ratio:    0.00
      Required ratio: 3193.60 (Side area) 
      Cumulative area ratio:   42.40
      Required ratio:    0.00 (Cumulative area) 
      Cumulative area ratio:  212.72
      Required ratio:    0.00 (Cumulative side area) 

    Layer: met4
      Partial area ratio:    6.03
      Required ratio:    0.00 (Gate area) 
      Partial area ratio:   32.42
      Required ratio: 3193.60 (Side area) 
      Cumulative area ratio:   48.42
      Required ratio:    0.00 (Cumulative area) 
      Cumulative area ratio:  245.14
      Required ratio:    0.00 (Cumulative side area) 

    Via: M2M3_PR
      Partial area ratio:    0.03
      Required ratio:    6.00 (Gate area) 
      Cumulative area ratio:    0.10
      Required ratio:    0.00 (Cumulative area) 

    Via: M1M2_PR
      Partial area ratio:    0.05
      Required ratio:    6.00 (Gate area) 
      Cumulative area ratio:    0.07
      Required ratio:    0.00 (Cumulative area) 

    Via: L1M1_PR
      Partial area ratio:    0.03
      Required ratio:    3.00 (Gate area) 
      Cumulative area ratio:    0.03
      Required ratio:    0.00 (Cumulative area) 

    Via: M3M4_PR
      Partial area ratio:    0.03
      Required ratio:    6.00 (Gate area) 
      Cumulative area ratio:    0.13
      Required ratio:    0.00 (Cumulative area) 

  Pin: _4328_/A (sky130_fd_sc_hd__nor2_1)
    Layer: met2
      Partial area ratio:   37.80
      Required ratio:    0.00 (Gate area) 
      Partial area ratio:  189.31
      Required ratio: 3193.60 (Side area) 
      Cumulative area ratio:  224.80
      Required ratio:    0.00 (Cumulative area) 
      Cumulative area ratio: 1127.11
      Required ratio:    0.00 (Cumulative side area) 

    Layer: met1
      Partial area ratio:    4.79
      Required ratio:    0.00 (Gate area) 
      Partial area ratio:   25.12
      Required ratio:  400.00 (Side area) 
      Cumulative area ratio:    4.79
      Required ratio:    0.00 (Cumulative area) 
      Cumulative area ratio:   25.12
      Required ratio:    0.00 (Cumulative side area) 

    Layer: li1
      Partial area ratio:    0.00
      Required ratio:    0.00 (Gate area) 
      Partial area ratio:    0.00
      Required ratio:   75.00 (Side area) 
      Cumulative area ratio:    0.00
      Required ratio:    0.00 (Cumulative area) 
      Cumulative area ratio:    0.00
      Required ratio:    0.00 (Cumulative side area) 

    Layer: met3
      Partial area ratio:    0.00
      Required ratio:    0.00 (Gate area) 
      Partial area ratio:    0.00
      Required ratio: 3193.60 (Side area) 
      Cumulative area ratio:  224.80
      Required ratio:    0.00 (Cumulative area) 
      Cumulative area ratio: 1127.11
      Required ratio:    0.00 (Cumulative side area) 

    Layer: met4
      Partial area ratio:    6.03
      Required ratio:    0.00 (Gate area) 
      Partial area ratio:   32.42
      Required ratio: 3193.60 (Side area) 
      Cumulative area ratio:  230.83
      Required ratio:    0.00 (Cumulative area) 
      Cumulative area ratio: 1159.52
      Required ratio:    0.00 (Cumulative side area) 

    Via: M2M3_PR
      Partial area ratio:    0.03
      Required ratio:    6.00 (Gate area) 
      Cumulative area ratio:    0.69
      Required ratio:    0.00 (Cumulative area) 

    Via: M1M2_PR
      Partial area ratio:    0.27
      Required ratio:    6.00 (Gate area) 
      Cumulative area ratio:    0.39
      Required ratio:    0.00 (Cumulative area) 

    Via: L1M1_PR
      Partial area ratio:    0.12
      Required ratio:    3.00 (Gate area) 
      Cumulative area ratio:    0.12
      Required ratio:    0.00 (Cumulative area) 

    Via: M3M4_PR
      Partial area ratio:    0.03
      Required ratio:    6.00 (Gate area) 
      Cumulative area ratio:    0.72
      Required ratio:    0.00 (Cumulative area) 

  Pin: _4397_/A (sky130_fd_sc_hd__nor2_1)
    Layer: met4
      Partial area ratio:    6.03
      Required ratio:    0.00 (Gate area) 
      Partial area ratio:   32.42
      Required ratio: 3193.60 (Side area) 
      Cumulative area ratio:    7.98
      Required ratio:    0.00 (Cumulative area) 
      Cumulative area ratio:   42.99
      Required ratio:    0.00 (Cumulative side area) 

    Layer: met3
      Partial area ratio:    0.00
      Required ratio:    0.00 (Gate area) 
      Partial area ratio:    0.00
      Required ratio:  400.00 (Side area) 
      Cumulative area ratio:    1.96
      Required ratio:    0.00 (Cumulative area) 
      Cumulative area ratio:   10.58
      Required ratio:    0.00 (Cumulative side area) 

    Layer: met2
      Partial area ratio:    0.00
      Required ratio:    0.00 (Gate area) 
      Partial area ratio:    0.00
      Required ratio:  400.00 (Side area) 
      Cumulative area ratio:    1.96
      Required ratio:    0.00 (Cumulative area) 
      Cumulative area ratio:   10.58
      Required ratio:    0.00 (Cumulative side area) 

    Layer: met1
      Partial area ratio:    1.96
      Required ratio:    0.00 (Gate area) 
      Partial area ratio:   10.58
      Required ratio:  400.00 (Side area) 
      Cumulative area ratio:    1.96
      Required ratio:    0.00 (Cumulative area) 
      Cumulative area ratio:   10.58
      Required ratio:    0.00 (Cumulative side area) 

    Layer: li1
      Partial area ratio:    0.00
      Required ratio:    0.00 (Gate area) 
      Partial area ratio:    0.00
      Required ratio:   75.00 (Side area) 
      Cumulative area ratio:    0.00
      Required ratio:    0.00 (Cumulative area) 
      Cumulative area ratio:    0.00
      Required ratio:    0.00 (Cumulative side area) 

    Via: M3M4_PR
      Partial area ratio:    0.16
      Required ratio:    6.00 (Gate area) 
      Cumulative area ratio:    0.62
      Required ratio:    0.00 (Cumulative area) 

    Via: M2M3_PR
      Partial area ratio:    0.16
      Required ratio:    6.00 (Gate area) 
      Cumulative area ratio:    0.46
      Required ratio:    0.00 (Cumulative area) 

    Via: M1M2_PR
      Partial area ratio:    0.18
      Required ratio:    6.00 (Gate area) 
      Cumulative area ratio:    0.30
      Required ratio:    0.00 (Cumulative area) 

    Via: L1M1_PR
      Partial area ratio:    0.12
      Required ratio:    3.00 (Gate area) 
      Cumulative area ratio:    0.12
      Required ratio:    0.00 (Cumulative area) 

  Pin: _4469_/A (sky130_fd_sc_hd__nor2_1)
    Layer: met2
      Partial area ratio:   37.80
      Required ratio:    0.00 (Gate area) 
      Partial area ratio:  189.31
      Required ratio: 3193.60 (Side area) 
      Cumulative area ratio:  220.02
      Required ratio:    0.00 (Cumulative area) 
      Cumulative area ratio: 1101.99
      Required ratio:    0.00 (Cumulative side area) 

    Layer: met1
      Partial area ratio:  182.22
      Required ratio:    0.00 (Gate area) 
      Partial area ratio:  912.69
      Required ratio:  400.00 (Side area) (VIOLATED)
      Cumulative area ratio:  182.22
      Required ratio:    0.00 (Cumulative area) 
      Cumulative area ratio:  912.69
      Required ratio:    0.00 (Cumulative side area) 

    Layer: met3
      Partial area ratio:    0.00
      Required ratio:    0.00 (Gate area) 
      Partial area ratio:    0.00
      Required ratio: 3193.60 (Side area) 
      Cumulative area ratio:  220.02
      Required ratio:    0.00 (Cumulative area) 
      Cumulative area ratio: 1101.99
      Required ratio:    0.00 (Cumulative side area) 

    Layer: met4
      Partial area ratio:    6.03
      Required ratio:    0.00 (Gate area) 
      Partial area ratio:   32.42
      Required ratio: 3193.60 (Side area) 
      Cumulative area ratio:  226.04
      Required ratio:    0.00 (Cumulative area) 
      Cumulative area ratio: 1134.41
      Required ratio:    0.00 (Cumulative side area) 

    Layer: li1
      Partial area ratio:    0.00
      Required ratio:    0.00 (Gate area) 
      Partial area ratio:    0.00
      Required ratio:   75.00 (Side area) 
      Cumulative area ratio:    0.00
      Required ratio:    0.00 (Cumulative area) 
      Cumulative area ratio:    0.00
      Required ratio:    0.00 (Cumulative side area) 

    Via: M2M3_PR
      Partial area ratio:    0.03
      Required ratio:    6.00 (Gate area) 
      Cumulative area ratio:    0.42
      Required ratio:    0.00 (Cumulative area) 

    Via: M1M2_PR
      Partial area ratio:    0.27
      Required ratio:    6.00 (Gate area) 
      Cumulative area ratio:    0.39
      Required ratio:    0.00 (Cumulative area) 

    Via: M3M4_PR
      Partial area ratio:    0.03
      Required ratio:    6.00 (Gate area) 
      Cumulative area ratio:    0.44
      Required ratio:    0.00 (Cumulative area) 

    Via: L1M1_PR
      Partial area ratio:    0.12
      Required ratio:    3.00 (Gate area) 
      Cumulative area ratio:    0.12
      Required ratio:    0.00 (Cumulative area) 


Net: _1498_
  Pin: _4434_/A (sky130_fd_sc_hd__nor2_4)
    Layer: met2
      Partial area ratio:   36.30
      Required ratio:    0.00 (Gate area) 
      Partial area ratio:  181.78
      Required ratio: 3193.60 (Side area) 
      Cumulative area ratio:   38.18
      Required ratio:    0.00 (Cumulative area) 
      Cumulative area ratio:  191.60
      Required ratio:    0.00 (Cumulative side area) 

    Layer: met1
      Partial area ratio:    1.88
      Required ratio:    0.00 (Gate area) 
      Partial area ratio:    9.82
      Required ratio:  400.00 (Side area) 
      Cumulative area ratio:    1.88
      Required ratio:    0.00 (Cumulative area) 
      Cumulative area ratio:    9.82
      Required ratio:    0.00 (Cumulative side area) 

    Layer: li1
      Partial area ratio:    0.00
      Required ratio:    0.00 (Gate area) 
      Partial area ratio:    0.00
      Required ratio:   75.00 (Side area) 
      Cumulative area ratio:    0.00
      Required ratio:    0.00 (Cumulative area) 
      Cumulative area ratio:    0.00
      Required ratio:    0.00 (Cumulative side area) 

    Via: M1M2_PR
      Partial area ratio:    0.05
      Required ratio:    6.00 (Gate area) 
      Cumulative area ratio:    0.07
      Required ratio:    0.00 (Cumulative area) 

    Via: L1M1_PR
      Partial area ratio:    0.03
      Required ratio:    3.00 (Gate area) 
      Cumulative area ratio:    0.03
      Required ratio:    0.00 (Cumulative area) 

  Pin: _4398_/A (sky130_fd_sc_hd__nor2_1)
    Layer: met2
      Partial area ratio:   36.30
      Required ratio:    0.00 (Gate area) 
      Partial area ratio:  181.78
      Required ratio: 3193.60 (Side area) 
      Cumulative area ratio:  248.57
      Required ratio:    0.00 (Cumulative area) 
      Cumulative area ratio: 1244.70
      Required ratio:    0.00 (Cumulative side area) 

    Layer: met1
      Partial area ratio:  212.27
      Required ratio:    0.00 (Gate area) 
      Partial area ratio: 1062.93
      Required ratio:  400.00 (Side area) (VIOLATED)
      Cumulative area ratio:  212.27
      Required ratio:    0.00 (Cumulative area) 
      Cumulative area ratio: 1062.93
      Required ratio:    0.00 (Cumulative side area) 

    Layer: li1
      Partial area ratio:    0.00
      Required ratio:    0.00 (Gate area) 
      Partial area ratio:    0.00
      Required ratio:   75.00 (Side area) 
      Cumulative area ratio:    0.00
      Required ratio:    0.00 (Cumulative area) 
      Cumulative area ratio:    0.00
      Required ratio:    0.00 (Cumulative side area) 

    Via: M1M2_PR
      Partial area ratio:    0.27
      Required ratio:    6.00 (Gate area) 
      Cumulative area ratio:    0.39
      Required ratio:    0.00 (Cumulative area) 

    Via: L1M1_PR
      Partial area ratio:    0.12
      Required ratio:    3.00 (Gate area) 
      Cumulative area ratio:    0.12
      Required ratio:    0.00 (Cumulative area) 

  Pin: _4331_/A (sky130_fd_sc_hd__nor2_1)
    Layer: met2
      Partial area ratio:   36.30
      Required ratio:    0.00 (Gate area) 
      Partial area ratio:  181.78
      Required ratio: 3193.60 (Side area) 
      Cumulative area ratio:  259.29
      Required ratio:    0.00 (Cumulative area) 
      Cumulative area ratio: 1300.70
      Required ratio:    0.00 (Cumulative side area) 

    Layer: met1
      Partial area ratio:    4.96
      Required ratio:    0.00 (Gate area) 
      Partial area ratio:   25.96
      Required ratio:  400.00 (Side area) 
      Cumulative area ratio:    4.96
      Required ratio:    0.00 (Cumulative area) 
      Cumulative area ratio:   25.96
      Required ratio:    0.00 (Cumulative side area) 

    Layer: li1
      Partial area ratio:    0.00
      Required ratio:    0.00 (Gate area) 
      Partial area ratio:    0.00
      Required ratio:   75.00 (Side area) 
      Cumulative area ratio:    0.00
      Required ratio:    0.00 (Cumulative area) 
      Cumulative area ratio:    0.00
      Required ratio:    0.00 (Cumulative side area) 

    Via: M1M2_PR
      Partial area ratio:    0.18
      Required ratio:    6.00 (Gate area) 
      Cumulative area ratio:    0.30
      Required ratio:    0.00 (Cumulative area) 

    Via: L1M1_PR
      Partial area ratio:    0.12
      Required ratio:    3.00 (Gate area) 
      Cumulative area ratio:    0.12
      Required ratio:    0.00 (Cumulative area) 

  Pin: _4470_/A (sky130_fd_sc_hd__nor2_1)
    Layer: met2
      Partial area ratio:   36.30
      Required ratio:    0.00 (Gate area) 
      Partial area ratio:  181.78
      Required ratio: 3193.60 (Side area) 
      Cumulative area ratio:  254.34
      Required ratio:    0.00 (Cumulative area) 
      Cumulative area ratio: 1274.74
      Required ratio:    0.00 (Cumulative side area) 

    Layer: met1
      Partial area ratio:    5.77
      Required ratio:    0.00 (Gate area) 
      Partial area ratio:   30.04
      Required ratio:  400.00 (Side area) 
      Cumulative area ratio:    5.77
      Required ratio:    0.00 (Cumulative area) 
      Cumulative area ratio:   30.04
      Required ratio:    0.00 (Cumulative side area) 

    Layer: li1
      Partial area ratio:    0.00
      Required ratio:    0.00 (Gate area) 
      Partial area ratio:    0.00
      Required ratio:   75.00 (Side area) 
      Cumulative area ratio:    0.00
      Required ratio:    0.00 (Cumulative area) 
      Cumulative area ratio:    0.00
      Required ratio:    0.00 (Cumulative side area) 

    Via: M1M2_PR
      Partial area ratio:    0.27
      Required ratio:    6.00 (Gate area) 
      Cumulative area ratio:    0.39
      Required ratio:    0.00 (Cumulative area) 

    Via: L1M1_PR
      Partial area ratio:    0.12
      Required ratio:    3.00 (Gate area) 
      Cumulative area ratio:    0.12
      Required ratio:    0.00 (Cumulative area) 


Net: _1500_
  Pin: _4435_/A (sky130_fd_sc_hd__nor2_8)
    Layer: met2
      Partial area ratio:   24.52
      Required ratio:    0.00 (Gate area) 
      Partial area ratio:  122.77
      Required ratio: 3193.60 (Side area) 
      Cumulative area ratio:   24.73
      Required ratio:    0.00 (Cumulative area) 
      Cumulative area ratio:  123.93
      Required ratio:    0.00 (Cumulative side area) 

    Layer: met1
      Partial area ratio:    0.21
      Required ratio:    0.00 (Gate area) 
      Partial area ratio:    1.15
      Required ratio:  400.00 (Side area) 
      Cumulative area ratio:    0.21
      Required ratio:    0.00 (Cumulative area) 
      Cumulative area ratio:    1.15
      Required ratio:    0.00 (Cumulative side area) 

    Layer: li1
      Partial area ratio:    0.00
      Required ratio:    0.00 (Gate area) 
      Partial area ratio:    0.00
      Required ratio:   75.00 (Side area) 
      Cumulative area ratio:    0.00
      Required ratio:    0.00 (Cumulative area) 
      Cumulative area ratio:    0.00
      Required ratio:    0.00 (Cumulative side area) 

    Via: M1M2_PR
      Partial area ratio:    0.02
      Required ratio:    6.00 (Gate area) 
      Cumulative area ratio:    0.04
      Required ratio:    0.00 (Cumulative area) 

    Via: L1M1_PR
      Partial area ratio:    0.01
      Required ratio:    3.00 (Gate area) 
      Cumulative area ratio:    0.01
      Required ratio:    0.00 (Cumulative area) 

  Pin: _4334_/A (sky130_fd_sc_hd__nor2_1)
    Layer: met2
      Partial area ratio:   24.52
      Required ratio:    0.00 (Gate area) 
      Partial area ratio:  122.77
      Required ratio: 3193.60 (Side area) 
      Cumulative area ratio:  236.70
      Required ratio:    0.00 (Cumulative area) 
      Cumulative area ratio: 1185.25
      Required ratio:    0.00 (Cumulative side area) 

    Layer: met1
      Partial area ratio:  212.18
      Required ratio:    0.00 (Gate area) 
      Partial area ratio: 1062.47
      Required ratio:  400.00 (Side area) (VIOLATED)
      Cumulative area ratio:  212.18
      Required ratio:    0.00 (Cumulative area) 
      Cumulative area ratio: 1062.47
      Required ratio:    0.00 (Cumulative side area) 

    Layer: li1
      Partial area ratio:    0.00
      Required ratio:    0.00 (Gate area) 
      Partial area ratio:    0.00
      Required ratio:   75.00 (Side area) 
      Cumulative area ratio:    0.00
      Required ratio:    0.00 (Cumulative area) 
      Cumulative area ratio:    0.00
      Required ratio:    0.00 (Cumulative side area) 

    Via: M1M2_PR
      Partial area ratio:    0.27
      Required ratio:    6.00 (Gate area) 
      Cumulative area ratio:    0.39
      Required ratio:    0.00 (Cumulative area) 

    Via: L1M1_PR
      Partial area ratio:    0.12
      Required ratio:    3.00 (Gate area) 
      Cumulative area ratio:    0.12
      Required ratio:    0.00 (Cumulative area) 

  Pin: _4471_/A (sky130_fd_sc_hd__nor2_1)
    Layer: met2
      Partial area ratio:   24.52
      Required ratio:    0.00 (Gate area) 
      Partial area ratio:  122.77
      Required ratio: 3193.60 (Side area) 
      Cumulative area ratio:  242.48
      Required ratio:    0.00 (Cumulative area) 
      Cumulative area ratio: 1215.73
      Required ratio:    0.00 (Cumulative side area) 

    Layer: met1
      Partial area ratio:    5.78
      Required ratio:    0.00 (Gate area) 
      Partial area ratio:   30.49
      Required ratio:  400.00 (Side area) 
      Cumulative area ratio:    5.78
      Required ratio:    0.00 (Cumulative area) 
      Cumulative area ratio:   30.49
      Required ratio:    0.00 (Cumulative side area) 

    Layer: li1
      Partial area ratio:    0.00
      Required ratio:    0.00 (Gate area) 
      Partial area ratio:    0.00
      Required ratio:   75.00 (Side area) 
      Cumulative area ratio:    0.00
      Required ratio:    0.00 (Cumulative area) 
      Cumulative area ratio:    0.00
      Required ratio:    0.00 (Cumulative side area) 

    Via: M1M2_PR
      Partial area ratio:    0.18
      Required ratio:    6.00 (Gate area) 
      Cumulative area ratio:    0.30
      Required ratio:    0.00 (Cumulative area) 

    Via: L1M1_PR
      Partial area ratio:    0.12
      Required ratio:    3.00 (Gate area) 
      Cumulative area ratio:    0.12
      Required ratio:    0.00 (Cumulative area) 

  Pin: _4399_/A (sky130_fd_sc_hd__nor2_1)
    Layer: met2
      Partial area ratio:   24.52
      Required ratio:    0.00 (Gate area) 
      Partial area ratio:  122.77
      Required ratio: 3193.60 (Side area) 
      Cumulative area ratio:  239.34
      Required ratio:    0.00 (Cumulative area) 
      Cumulative area ratio: 1199.27
      Required ratio:    0.00 (Cumulative side area) 

    Layer: met1
      Partial area ratio:    2.65
      Required ratio:    0.00 (Gate area) 
      Partial area ratio:   14.03
      Required ratio:  400.00 (Side area) 
      Cumulative area ratio:    2.65
      Required ratio:    0.00 (Cumulative area) 
      Cumulative area ratio:   14.03
      Required ratio:    0.00 (Cumulative side area) 

    Layer: li1
      Partial area ratio:    0.00
      Required ratio:    0.00 (Gate area) 
      Partial area ratio:    0.00
      Required ratio:   75.00 (Side area) 
      Cumulative area ratio:    0.00
      Required ratio:    0.00 (Cumulative area) 
      Cumulative area ratio:    0.00
      Required ratio:    0.00 (Cumulative side area) 

    Via: M1M2_PR
      Partial area ratio:    0.18
      Required ratio:    6.00 (Gate area) 
      Cumulative area ratio:    0.30
      Required ratio:    0.00 (Cumulative area) 

    Via: L1M1_PR
      Partial area ratio:    0.12
      Required ratio:    3.00 (Gate area) 
      Cumulative area ratio:    0.12
      Required ratio:    0.00 (Cumulative area) 


Net: _1502_
  Pin: _4436_/A (sky130_fd_sc_hd__nor2_4)
    Layer: met2
      Partial area ratio:   34.61
      Required ratio:    0.00 (Gate area) 
      Partial area ratio:  173.30
      Required ratio: 3193.60 (Side area) 
      Cumulative area ratio:   46.12
      Required ratio:    0.00 (Cumulative area) 
      Cumulative area ratio:  231.23
      Required ratio:    0.00 (Cumulative side area) 

    Layer: met1
      Partial area ratio:   11.51
      Required ratio:    0.00 (Gate area) 
      Partial area ratio:   57.93
      Required ratio:  400.00 (Side area) 
      Cumulative area ratio:   11.51
      Required ratio:    0.00 (Cumulative area) 
      Cumulative area ratio:   57.93
      Required ratio:    0.00 (Cumulative side area) 

    Layer: li1
      Partial area ratio:    0.00
      Required ratio:    0.00 (Gate area) 
      Partial area ratio:    0.00
      Required ratio:   75.00 (Side area) 
      Cumulative area ratio:    0.00
      Required ratio:    0.00 (Cumulative area) 
      Cumulative area ratio:    0.00
      Required ratio:    0.00 (Cumulative side area) 

    Via: M1M2_PR
      Partial area ratio:    0.05
      Required ratio:    6.00 (Gate area) 
      Cumulative area ratio:    0.07
      Required ratio:    0.00 (Cumulative area) 

    Via: L1M1_PR
      Partial area ratio:    0.03
      Required ratio:    3.00 (Gate area) 
      Cumulative area ratio:    0.03
      Required ratio:    0.00 (Cumulative area) 

  Pin: _4337_/A (sky130_fd_sc_hd__nor2_1)
    Layer: met2
      Partial area ratio:   34.61
      Required ratio:    0.00 (Gate area) 
      Partial area ratio:  173.30
      Required ratio: 3193.60 (Side area) 
      Cumulative area ratio:  254.58
      Required ratio:    0.00 (Cumulative area) 
      Cumulative area ratio: 1277.46
      Required ratio:    0.00 (Cumulative side area) 

    Layer: met1
      Partial area ratio:    1.80
      Required ratio:    0.00 (Gate area) 
      Partial area ratio:    9.79
      Required ratio:  400.00 (Side area) 
      Cumulative area ratio:    1.80
      Required ratio:    0.00 (Cumulative area) 
      Cumulative area ratio:    9.79
      Required ratio:    0.00 (Cumulative side area) 

    Layer: li1
      Partial area ratio:    0.00
      Required ratio:    0.00 (Gate area) 
      Partial area ratio:    0.00
      Required ratio:   75.00 (Side area) 
      Cumulative area ratio:    0.00
      Required ratio:    0.00 (Cumulative area) 
      Cumulative area ratio:    0.00
      Required ratio:    0.00 (Cumulative side area) 

    Via: M1M2_PR
      Partial area ratio:    0.18
      Required ratio:    6.00 (Gate area) 
      Cumulative area ratio:    0.30
      Required ratio:    0.00 (Cumulative area) 

    Via: L1M1_PR
      Partial area ratio:    0.12
      Required ratio:    3.00 (Gate area) 
      Cumulative area ratio:    0.12
      Required ratio:    0.00 (Cumulative area) 

  Pin: _4400_/A (sky130_fd_sc_hd__nor2_1)
    Layer: met2
      Partial area ratio:   34.61
      Required ratio:    0.00 (Gate area) 
      Partial area ratio:  173.30
      Required ratio: 3193.60 (Side area) 
      Cumulative area ratio:  252.78
      Required ratio:    0.00 (Cumulative area) 
      Cumulative area ratio: 1267.68
      Required ratio:    0.00 (Cumulative side area) 

    Layer: met1
      Partial area ratio:    5.52
      Required ratio:    0.00 (Gate area) 
      Partial area ratio:   29.19
      Required ratio:  400.00 (Side area) 
      Cumulative area ratio:    5.52
      Required ratio:    0.00 (Cumulative area) 
      Cumulative area ratio:   29.19
      Required ratio:    0.00 (Cumulative side area) 

    Layer: li1
      Partial area ratio:    0.00
      Required ratio:    0.00 (Gate area) 
      Partial area ratio:    0.00
      Required ratio:   75.00 (Side area) 
      Cumulative area ratio:    0.00
      Required ratio:    0.00 (Cumulative area) 
      Cumulative area ratio:    0.00
      Required ratio:    0.00 (Cumulative side area) 

    Via: M1M2_PR
      Partial area ratio:    0.27
      Required ratio:    6.00 (Gate area) 
      Cumulative area ratio:    0.39
      Required ratio:    0.00 (Cumulative area) 

    Via: L1M1_PR
      Partial area ratio:    0.12
      Required ratio:    3.00 (Gate area) 
      Cumulative area ratio:    0.12
      Required ratio:    0.00 (Cumulative area) 

  Pin: _4472_/A (sky130_fd_sc_hd__nor2_1)
    Layer: met2
      Partial area ratio:   34.61
      Required ratio:    0.00 (Gate area) 
      Partial area ratio:  173.30
      Required ratio: 3193.60 (Side area) 
      Cumulative area ratio:  247.26
      Required ratio:    0.00 (Cumulative area) 
      Cumulative area ratio: 1238.49
      Required ratio:    0.00 (Cumulative side area) 

    Layer: met1
      Partial area ratio:  212.64
      Required ratio:    0.00 (Gate area) 
      Partial area ratio: 1065.19
      Required ratio:  400.00 (Side area) (VIOLATED)
      Cumulative area ratio:  212.64
      Required ratio:    0.00 (Cumulative area) 
      Cumulative area ratio: 1065.19
      Required ratio:    0.00 (Cumulative side area) 

    Layer: li1
      Partial area ratio:    0.00
      Required ratio:    0.00 (Gate area) 
      Partial area ratio:    0.00
      Required ratio:   75.00 (Side area) 
      Cumulative area ratio:    0.00
      Required ratio:    0.00 (Cumulative area) 
      Cumulative area ratio:    0.00
      Required ratio:    0.00 (Cumulative side area) 

    Via: M1M2_PR
      Partial area ratio:    0.27
      Required ratio:    6.00 (Gate area) 
      Cumulative area ratio:    0.39
      Required ratio:    0.00 (Cumulative area) 

    Via: L1M1_PR
      Partial area ratio:    0.12
      Required ratio:    3.00 (Gate area) 
      Cumulative area ratio:    0.12
      Required ratio:    0.00 (Cumulative area) 


Net: _1507_
  Pin: _4345_/A (sky130_fd_sc_hd__nor2_1)
    Layer: met1
      Partial area ratio:    1.50
      Required ratio:    0.00 (Gate area) 
      Partial area ratio:    8.32
      Required ratio:  400.00 (Side area) 
      Cumulative area ratio:    1.50
      Required ratio:    0.00 (Cumulative area) 
      Cumulative area ratio:    8.32
      Required ratio:    0.00 (Cumulative side area) 

    Layer: li1
      Partial area ratio:    0.00
      Required ratio:    0.00 (Gate area) 
      Partial area ratio:    0.00
      Required ratio:   75.00 (Side area) 
      Cumulative area ratio:    0.00
      Required ratio:    0.00 (Cumulative area) 
      Cumulative area ratio:    0.00
      Required ratio:    0.00 (Cumulative side area) 

    Via: M1M2_PR
      Partial area ratio:    0.18
      Required ratio:    6.00 (Gate area) 
      Cumulative area ratio:    0.30
      Required ratio:    0.00 (Cumulative area) 

    Via: L1M1_PR
      Partial area ratio:    0.12
      Required ratio:    3.00 (Gate area) 
      Cumulative area ratio:    0.12
      Required ratio:    0.00 (Cumulative area) 

  Pin: _4475_/A (sky130_fd_sc_hd__nor2_1)
    Layer: met1
      Partial area ratio:    1.92
      Required ratio:    0.00 (Gate area) 
      Partial area ratio:   10.41
      Required ratio:  400.00 (Side area) 
      Cumulative area ratio:    1.92
      Required ratio:    0.00 (Cumulative area) 
      Cumulative area ratio:   10.41
      Required ratio:    0.00 (Cumulative side area) 

    Layer: li1
      Partial area ratio:    0.00
      Required ratio:    0.00 (Gate area) 
      Partial area ratio:    0.00
      Required ratio:   75.00 (Side area) 
      Cumulative area ratio:    0.00
      Required ratio:    0.00 (Cumulative area) 
      Cumulative area ratio:    0.00
      Required ratio:    0.00 (Cumulative side area) 

    Via: M1M2_PR
      Partial area ratio:    0.18
      Required ratio:    6.00 (Gate area) 
      Cumulative area ratio:    0.30
      Required ratio:    0.00 (Cumulative area) 

    Via: L1M1_PR
      Partial area ratio:    0.12
      Required ratio:    3.00 (Gate area) 
      Cumulative area ratio:    0.12
      Required ratio:    0.00 (Cumulative area) 

  Pin: _4403_/A (sky130_fd_sc_hd__nor2_1)
    Layer: met1
      Partial area ratio:  201.35
      Required ratio:    0.00 (Gate area) 
      Partial area ratio: 1008.34
      Required ratio:  400.00 (Side area) (VIOLATED)
      Cumulative area ratio:  201.35
      Required ratio:    0.00 (Cumulative area) 
      Cumulative area ratio: 1008.34
      Required ratio:    0.00 (Cumulative side area) 

    Layer: li1
      Partial area ratio:    0.00
      Required ratio:    0.00 (Gate area) 
      Partial area ratio:    0.00
      Required ratio:   75.00 (Side area) 
      Cumulative area ratio:    0.00
      Required ratio:    0.00 (Cumulative area) 
      Cumulative area ratio:    0.00
      Required ratio:    0.00 (Cumulative side area) 

    Via: M1M2_PR
      Partial area ratio:    0.27
      Required ratio:    6.00 (Gate area) 
      Cumulative area ratio:    0.39
      Required ratio:    0.00 (Cumulative area) 

    Via: L1M1_PR
      Partial area ratio:    0.12
      Required ratio:    3.00 (Gate area) 
      Cumulative area ratio:    0.12
      Required ratio:    0.00 (Cumulative area) 

  Pin: _4439_/A (sky130_fd_sc_hd__nor2_1)
    Layer: met1
      Partial area ratio:  298.33
      Required ratio:    0.00 (Gate area) 
      Partial area ratio: 1492.82
      Required ratio:  400.00 (Side area) (VIOLATED)
      Cumulative area ratio:  298.33
      Required ratio:    0.00 (Cumulative area) 
      Cumulative area ratio: 1492.82
      Required ratio:    0.00 (Cumulative side area) 

    Layer: li1
      Partial area ratio:    0.00
      Required ratio:    0.00 (Gate area) 
      Partial area ratio:    0.00
      Required ratio:   75.00 (Side area) 
      Cumulative area ratio:    0.00
      Required ratio:    0.00 (Cumulative area) 
      Cumulative area ratio:    0.00
      Required ratio:    0.00 (Cumulative side area) 

    Via: M1M2_PR
      Partial area ratio:    0.18
      Required ratio:    6.00 (Gate area) 
      Cumulative area ratio:    0.30
      Required ratio:    0.00 (Cumulative area) 

    Via: L1M1_PR
      Partial area ratio:    0.12
      Required ratio:    3.00 (Gate area) 
      Cumulative area ratio:    0.12
      Required ratio:    0.00 (Cumulative area) 


Net: _1510_
  Pin: _4440_/A (sky130_fd_sc_hd__nor2_1)
    Layer: met4
      Partial area ratio:   54.55
      Required ratio:    0.00 (Gate area) 
      Partial area ratio:  291.88
      Required ratio: 3193.60 (Side area) 
      Cumulative area ratio:   83.25
      Required ratio:    0.00 (Cumulative area) 
      Cumulative area ratio:  446.60
      Required ratio:    0.00 (Cumulative side area) 

    Layer: met3
      Partial area ratio:   25.45
      Required ratio:    0.00 (Gate area) 
      Partial area ratio:  137.70
      Required ratio:  400.00 (Side area) 
      Cumulative area ratio:   28.70
      Required ratio:    0.00 (Cumulative area) 
      Cumulative area ratio:  154.72
      Required ratio:    0.00 (Cumulative side area) 

    Layer: met2
      Partial area ratio:    0.00
      Required ratio:    0.00 (Gate area) 
      Partial area ratio:    0.00
      Required ratio:  400.00 (Side area) 
      Cumulative area ratio:    3.25
      Required ratio:    0.00 (Cumulative area) 
      Cumulative area ratio:   17.03
      Required ratio:    0.00 (Cumulative side area) 

    Layer: met1
      Partial area ratio:    3.25
      Required ratio:    0.00 (Gate area) 
      Partial area ratio:   17.03
      Required ratio:  400.00 (Side area) 
      Cumulative area ratio:    3.25
      Required ratio:    0.00 (Cumulative area) 
      Cumulative area ratio:   17.03
      Required ratio:    0.00 (Cumulative side area) 

    Layer: li1
      Partial area ratio:    0.00
      Required ratio:    0.00 (Gate area) 
      Partial area ratio:    0.00
      Required ratio:   75.00 (Side area) 
      Cumulative area ratio:    0.00
      Required ratio:    0.00 (Cumulative area) 
      Cumulative area ratio:    0.00
      Required ratio:    0.00 (Cumulative side area) 

    Via: M3M4_PR
      Partial area ratio:    0.16
      Required ratio:    6.00 (Gate area) 
      Cumulative area ratio:    0.62
      Required ratio:    0.00 (Cumulative area) 

    Via: M2M3_PR
      Partial area ratio:    0.16
      Required ratio:    6.00 (Gate area) 
      Cumulative area ratio:    0.46
      Required ratio:    0.00 (Cumulative area) 

    Via: M1M2_PR
      Partial area ratio:    0.18
      Required ratio:    6.00 (Gate area) 
      Cumulative area ratio:    0.30
      Required ratio:    0.00 (Cumulative area) 

    Via: L1M1_PR
      Partial area ratio:    0.12
      Required ratio:    3.00 (Gate area) 
      Cumulative area ratio:    0.12
      Required ratio:    0.00 (Cumulative area) 

  Pin: _4476_/A (sky130_fd_sc_hd__nor2_1)
    Layer: met3
      Partial area ratio:  619.27
      Required ratio:    0.00 (Gate area) 
      Partial area ratio: 3304.73
      Required ratio: 3193.60 (Side area) (VIOLATED)
      Cumulative area ratio:  820.84
      Required ratio:    0.00 (Cumulative area) 
      Cumulative area ratio: 4314.54
      Required ratio:    0.00 (Cumulative side area) 

    Layer: met4
      Partial area ratio:   54.55
      Required ratio:    0.00 (Gate area) 
      Partial area ratio:  291.88
      Required ratio: 3193.60 (Side area) 
      Cumulative area ratio:  875.38
      Required ratio:    0.00 (Cumulative area) 
      Cumulative area ratio: 4606.42
      Required ratio:    0.00 (Cumulative side area) 

    Layer: met1
      Partial area ratio:  201.57
      Required ratio:    0.00 (Gate area) 
      Partial area ratio: 1009.81
      Required ratio:  400.00 (Side area) (VIOLATED)
      Cumulative area ratio:  201.57
      Required ratio:    0.00 (Cumulative area) 
      Cumulative area ratio: 1009.81
      Required ratio:    0.00 (Cumulative side area) 

    Layer: li1
      Partial area ratio:    0.00
      Required ratio:    0.00 (Gate area) 
      Partial area ratio:    0.00
      Required ratio:   75.00 (Side area) 
      Cumulative area ratio:    0.00
      Required ratio:    0.00 (Cumulative area) 
      Cumulative area ratio:    0.00
      Required ratio:    0.00 (Cumulative side area) 

    Layer: met3
      Partial area ratio:  619.27
      Required ratio:    0.00 (Gate area) 
      Partial area ratio: 3304.73
      Required ratio: 3193.60 (Side area) (VIOLATED)
      Cumulative area ratio:  820.84
      Required ratio:    0.00 (Cumulative area) 
      Cumulative area ratio: 4314.54
      Required ratio:    0.00 (Cumulative side area) 

    Via: M2M3_PR
      Partial area ratio:    0.32
      Required ratio:    6.00 (Gate area) 
      Cumulative area ratio:    0.71
      Required ratio:    0.00 (Cumulative area) 

    Via: M3M4_PR
      Partial area ratio:    0.16
      Required ratio:    6.00 (Gate area) 
      Cumulative area ratio:    0.87
      Required ratio:    0.00 (Cumulative area) 

    Via: M1M2_PR
      Partial area ratio:    0.27
      Required ratio:    6.00 (Gate area) 
      Cumulative area ratio:    0.39
      Required ratio:    0.00 (Cumulative area) 

    Via: L1M1_PR
      Partial area ratio:    0.12
      Required ratio:    3.00 (Gate area) 
      Cumulative area ratio:    0.12
      Required ratio:    0.00 (Cumulative area) 

    Via: M3M4_PR
      Partial area ratio:    0.16
      Required ratio:    6.00 (Gate area) 
      Cumulative area ratio:    0.87
      Required ratio:    0.00 (Cumulative area) 

  Pin: _4404_/A (sky130_fd_sc_hd__nor2_1)
    Layer: met3
      Partial area ratio:    0.00
      Required ratio:    0.00 (Gate area) 
      Partial area ratio:    0.00
      Required ratio:  400.00 (Side area) 
      Cumulative area ratio:   11.60
      Required ratio:    0.00 (Cumulative area) 
      Cumulative area ratio:   58.97
      Required ratio:    0.00 (Cumulative side area) 

    Layer: met2
      Partial area ratio:    9.80
      Required ratio:    0.00 (Gate area) 
      Partial area ratio:   49.18
      Required ratio:  400.00 (Side area) 
      Cumulative area ratio:   11.60
      Required ratio:    0.00 (Cumulative area) 
      Cumulative area ratio:   58.97
      Required ratio:    0.00 (Cumulative side area) 

    Layer: met1
      Partial area ratio:    1.80
      Required ratio:    0.00 (Gate area) 
      Partial area ratio:    9.79
      Required ratio:  400.00 (Side area) 
      Cumulative area ratio:    1.80
      Required ratio:    0.00 (Cumulative area) 
      Cumulative area ratio:    9.79
      Required ratio:    0.00 (Cumulative side area) 

    Layer: li1
      Partial area ratio:    0.00
      Required ratio:    0.00 (Gate area) 
      Partial area ratio:    0.00
      Required ratio:   75.00 (Side area) 
      Cumulative area ratio:    0.00
      Required ratio:    0.00 (Cumulative area) 
      Cumulative area ratio:    0.00
      Required ratio:    0.00 (Cumulative side area) 

    Via: M3M4_PR
      Partial area ratio:    0.08
      Required ratio:    6.00 (Gate area) 
      Cumulative area ratio:    0.46
      Required ratio:    0.00 (Cumulative area) 

    Via: M2M3_PR
      Partial area ratio:    0.08
      Required ratio:    6.00 (Gate area) 
      Cumulative area ratio:    0.38
      Required ratio:    0.00 (Cumulative area) 

    Via: M1M2_PR
      Partial area ratio:    0.18
      Required ratio:    6.00 (Gate area) 
      Cumulative area ratio:    0.30
      Required ratio:    0.00 (Cumulative area) 

    Via: L1M1_PR
      Partial area ratio:    0.12
      Required ratio:    3.00 (Gate area) 
      Cumulative area ratio:    0.12
      Required ratio:    0.00 (Cumulative area) 

  Pin: _4348_/A (sky130_fd_sc_hd__nor2_1)
    Layer: met3
      Partial area ratio:    0.00
      Required ratio:    0.00 (Gate area) 
      Partial area ratio:    0.00
      Required ratio:  400.00 (Side area) 
      Cumulative area ratio:   21.10
      Required ratio:    0.00 (Cumulative area) 
      Cumulative area ratio:  107.28
      Required ratio:    0.00 (Cumulative side area) 

    Layer: met2
      Partial area ratio:    9.80
      Required ratio:    0.00 (Gate area) 
      Partial area ratio:   49.18
      Required ratio:  400.00 (Side area) 
      Cumulative area ratio:   21.10
      Required ratio:    0.00 (Cumulative area) 
      Cumulative area ratio:  107.28
      Required ratio:    0.00 (Cumulative side area) 

    Layer: met1
      Partial area ratio:   11.30
      Required ratio:    0.00 (Gate area) 
      Partial area ratio:   58.09
      Required ratio:  400.00 (Side area) 
      Cumulative area ratio:   11.30
      Required ratio:    0.00 (Cumulative area) 
      Cumulative area ratio:   58.09
      Required ratio:    0.00 (Cumulative side area) 

    Layer: li1
      Partial area ratio:    0.00
      Required ratio:    0.00 (Gate area) 
      Partial area ratio:    0.00
      Required ratio:   75.00 (Side area) 
      Cumulative area ratio:    0.00
      Required ratio:    0.00 (Cumulative area) 
      Cumulative area ratio:    0.00
      Required ratio:    0.00 (Cumulative side area) 

    Via: M3M4_PR
      Partial area ratio:    0.08
      Required ratio:    6.00 (Gate area) 
      Cumulative area ratio:    0.46
      Required ratio:    0.00 (Cumulative area) 

    Via: M2M3_PR
      Partial area ratio:    0.08
      Required ratio:    6.00 (Gate area) 
      Cumulative area ratio:    0.38
      Required ratio:    0.00 (Cumulative area) 

    Via: M1M2_PR
      Partial area ratio:    0.18
      Required ratio:    6.00 (Gate area) 
      Cumulative area ratio:    0.30
      Required ratio:    0.00 (Cumulative area) 

    Via: L1M1_PR
      Partial area ratio:    0.12
      Required ratio:    3.00 (Gate area) 
      Cumulative area ratio:    0.12
      Required ratio:    0.00 (Cumulative area) 


Net: _1512_
  Pin: _4405_/A (sky130_fd_sc_hd__nor2_1)
    Layer: met2
      Partial area ratio:   17.60
      Required ratio:    0.00 (Gate area) 
      Partial area ratio:   88.21
      Required ratio: 3193.60 (Side area) 
      Cumulative area ratio:  268.05
      Required ratio:    0.00 (Cumulative area) 
      Cumulative area ratio: 1342.22
      Required ratio:    0.00 (Cumulative side area) 

    Layer: met1
      Partial area ratio:  250.44
      Required ratio:    0.00 (Gate area) 
      Partial area ratio: 1254.00
      Required ratio:  400.00 (Side area) (VIOLATED)
      Cumulative area ratio:  250.44
      Required ratio:    0.00 (Cumulative area) 
      Cumulative area ratio: 1254.00
      Required ratio:    0.00 (Cumulative side area) 

    Layer: li1
      Partial area ratio:    0.00
      Required ratio:    0.00 (Gate area) 
      Partial area ratio:    0.00
      Required ratio:   75.00 (Side area) 
      Cumulative area ratio:    0.00
      Required ratio:    0.00 (Cumulative area) 
      Cumulative area ratio:    0.00
      Required ratio:    0.00 (Cumulative side area) 

    Layer: met3
      Partial area ratio:    0.00
      Required ratio:    0.00 (Gate area) 
      Partial area ratio:    0.00
      Required ratio: 3193.60 (Side area) 
      Cumulative area ratio:  268.05
      Required ratio:    0.00 (Cumulative area) 
      Cumulative area ratio: 1342.22
      Required ratio:    0.00 (Cumulative side area) 

    Layer: met4
      Partial area ratio:   39.82
      Required ratio:    0.00 (Gate area) 
      Partial area ratio:  212.85
      Required ratio: 3193.60 (Side area) 
      Cumulative area ratio:  307.87
      Required ratio:    0.00 (Cumulative area) 
      Cumulative area ratio: 1555.07
      Required ratio:    0.00 (Cumulative side area) 

    Via: M2M3_PR
      Partial area ratio:    0.08
      Required ratio:    6.00 (Gate area) 
      Cumulative area ratio:    0.38
      Required ratio:    0.00 (Cumulative area) 

    Via: M1M2_PR
      Partial area ratio:    0.18
      Required ratio:    6.00 (Gate area) 
      Cumulative area ratio:    0.30
      Required ratio:    0.00 (Cumulative area) 

    Via: L1M1_PR
      Partial area ratio:    0.12
      Required ratio:    3.00 (Gate area) 
      Cumulative area ratio:    0.12
      Required ratio:    0.00 (Cumulative area) 

    Via: M3M4_PR
      Partial area ratio:    0.08
      Required ratio:    6.00 (Gate area) 
      Cumulative area ratio:    0.46
      Required ratio:    0.00 (Cumulative area) 

  Pin: _4477_/A (sky130_fd_sc_hd__nor2_1)
    Layer: met4
      Partial area ratio:   39.82
      Required ratio:    0.00 (Gate area) 
      Partial area ratio:  212.85
      Required ratio: 3193.60 (Side area) 
      Cumulative area ratio:   78.19
      Required ratio:    0.00 (Cumulative area) 
      Cumulative area ratio:  406.67
      Required ratio:    0.00 (Cumulative side area) 

    Layer: met3
      Partial area ratio:    0.00
      Required ratio:    0.00 (Gate area) 
      Partial area ratio:    0.00
      Required ratio:  400.00 (Side area) 
      Cumulative area ratio:   38.37
      Required ratio:    0.00 (Cumulative area) 
      Cumulative area ratio:  193.82
      Required ratio:    0.00 (Cumulative side area) 

    Layer: met2
      Partial area ratio:   29.35
      Required ratio:    0.00 (Gate area) 
      Partial area ratio:  147.16
      Required ratio:  400.00 (Side area) 
      Cumulative area ratio:   38.37
      Required ratio:    0.00 (Cumulative area) 
      Cumulative area ratio:  193.82
      Required ratio:    0.00 (Cumulative side area) 

    Layer: met1
      Partial area ratio:    9.02
      Required ratio:    0.00 (Gate area) 
      Partial area ratio:   46.67
      Required ratio:  400.00 (Side area) 
      Cumulative area ratio:    9.02
      Required ratio:    0.00 (Cumulative area) 
      Cumulative area ratio:   46.67
      Required ratio:    0.00 (Cumulative side area) 

    Layer: li1
      Partial area ratio:    0.00
      Required ratio:    0.00 (Gate area) 
      Partial area ratio:    0.00
      Required ratio:   75.00 (Side area) 
      Cumulative area ratio:    0.00
      Required ratio:    0.00 (Cumulative area) 
      Cumulative area ratio:    0.00
      Required ratio:    0.00 (Cumulative side area) 

    Via: M3M4_PR
      Partial area ratio:    0.08
      Required ratio:    6.00 (Gate area) 
      Cumulative area ratio:    0.46
      Required ratio:    0.00 (Cumulative area) 

    Via: M2M3_PR
      Partial area ratio:    0.08
      Required ratio:    6.00 (Gate area) 
      Cumulative area ratio:    0.38
      Required ratio:    0.00 (Cumulative area) 

    Via: M1M2_PR
      Partial area ratio:    0.18
      Required ratio:    6.00 (Gate area) 
      Cumulative area ratio:    0.30
      Required ratio:    0.00 (Cumulative area) 

    Via: L1M1_PR
      Partial area ratio:    0.12
      Required ratio:    3.00 (Gate area) 
      Cumulative area ratio:    0.12
      Required ratio:    0.00 (Cumulative area) 

  Pin: _4351_/A (sky130_fd_sc_hd__nor2_1)
    Layer: met4
      Partial area ratio:   39.82
      Required ratio:    0.00 (Gate area) 
      Partial area ratio:  212.85
      Required ratio: 3193.60 (Side area) 
      Cumulative area ratio:   71.64
      Required ratio:    0.00 (Cumulative area) 
      Cumulative area ratio:  373.13
      Required ratio:    0.00 (Cumulative side area) 

    Layer: met3
      Partial area ratio:    0.00
      Required ratio:    0.00 (Gate area) 
      Partial area ratio:    0.00
      Required ratio:  400.00 (Side area) 
      Cumulative area ratio:   31.82
      Required ratio:    0.00 (Cumulative area) 
      Cumulative area ratio:  160.28
      Required ratio:    0.00 (Cumulative side area) 

    Layer: met2
      Partial area ratio:   29.35
      Required ratio:    0.00 (Gate area) 
      Partial area ratio:  147.16
      Required ratio:  400.00 (Side area) 
      Cumulative area ratio:   31.82
      Required ratio:    0.00 (Cumulative area) 
      Cumulative area ratio:  160.28
      Required ratio:    0.00 (Cumulative side area) 

    Layer: met1
      Partial area ratio:    2.47
      Required ratio:    0.00 (Gate area) 
      Partial area ratio:   13.12
      Required ratio:  400.00 (Side area) 
      Cumulative area ratio:    2.47
      Required ratio:    0.00 (Cumulative area) 
      Cumulative area ratio:   13.12
      Required ratio:    0.00 (Cumulative side area) 

    Layer: li1
      Partial area ratio:    0.00
      Required ratio:    0.00 (Gate area) 
      Partial area ratio:    0.00
      Required ratio:   75.00 (Side area) 
      Cumulative area ratio:    0.00
      Required ratio:    0.00 (Cumulative area) 
      Cumulative area ratio:    0.00
      Required ratio:    0.00 (Cumulative side area) 

    Via: M3M4_PR
      Partial area ratio:    0.08
      Required ratio:    6.00 (Gate area) 
      Cumulative area ratio:    0.46
      Required ratio:    0.00 (Cumulative area) 

    Via: M2M3_PR
      Partial area ratio:    0.08
      Required ratio:    6.00 (Gate area) 
      Cumulative area ratio:    0.38
      Required ratio:    0.00 (Cumulative area) 

    Via: M1M2_PR
      Partial area ratio:    0.18
      Required ratio:    6.00 (Gate area) 
      Cumulative area ratio:    0.30
      Required ratio:    0.00 (Cumulative area) 

    Via: L1M1_PR
      Partial area ratio:    0.12
      Required ratio:    3.00 (Gate area) 
      Cumulative area ratio:    0.12
      Required ratio:    0.00 (Cumulative area) 

  Pin: _4441_/A (sky130_fd_sc_hd__nor2_1)
    Layer: met2
      Partial area ratio:   17.60
      Required ratio:    0.00 (Gate area) 
      Partial area ratio:   88.21
      Required ratio: 3193.60 (Side area) 
      Cumulative area ratio:  268.05
      Required ratio:    0.00 (Cumulative area) 
      Cumulative area ratio: 1342.22
      Required ratio:    0.00 (Cumulative side area) 

    Layer: met1
      Partial area ratio:  250.44
      Required ratio:    0.00 (Gate area) 
      Partial area ratio: 1254.00
      Required ratio:  400.00 (Side area) (VIOLATED)
      Cumulative area ratio:  250.44
      Required ratio:    0.00 (Cumulative area) 
      Cumulative area ratio: 1254.00
      Required ratio:    0.00 (Cumulative side area) 

    Layer: met3
      Partial area ratio:    0.00
      Required ratio:    0.00 (Gate area) 
      Partial area ratio:    0.00
      Required ratio: 3193.60 (Side area) 
      Cumulative area ratio:  268.05
      Required ratio:    0.00 (Cumulative area) 
      Cumulative area ratio: 1342.22
      Required ratio:    0.00 (Cumulative side area) 

    Layer: met4
      Partial area ratio:   39.82
      Required ratio:    0.00 (Gate area) 
      Partial area ratio:  212.85
      Required ratio: 3193.60 (Side area) 
      Cumulative area ratio:  307.87
      Required ratio:    0.00 (Cumulative area) 
      Cumulative area ratio: 1555.07
      Required ratio:    0.00 (Cumulative side area) 

    Layer: li1
      Partial area ratio:    0.00
      Required ratio:    0.00 (Gate area) 
      Partial area ratio:    0.00
      Required ratio:   75.00 (Side area) 
      Cumulative area ratio:    0.00
      Required ratio:    0.00 (Cumulative area) 
      Cumulative area ratio:    0.00
      Required ratio:    0.00 (Cumulative side area) 

    Via: M2M3_PR
      Partial area ratio:    0.08
      Required ratio:    6.00 (Gate area) 
      Cumulative area ratio:    0.38
      Required ratio:    0.00 (Cumulative area) 

    Via: M1M2_PR
      Partial area ratio:    0.18
      Required ratio:    6.00 (Gate area) 
      Cumulative area ratio:    0.30
      Required ratio:    0.00 (Cumulative area) 

    Via: M3M4_PR
      Partial area ratio:    0.08
      Required ratio:    6.00 (Gate area) 
      Cumulative area ratio:    0.46
      Required ratio:    0.00 (Cumulative area) 

    Via: L1M1_PR
      Partial area ratio:    0.12
      Required ratio:    3.00 (Gate area) 
      Cumulative area ratio:    0.12
      Required ratio:    0.00 (Cumulative area) 


Net: _1514_
  Pin: _4442_/A (sky130_fd_sc_hd__nor2_1)
    Layer: met1
      Partial area ratio:  266.81
      Required ratio:    0.00 (Gate area) 
      Partial area ratio: 1335.23
      Required ratio:  400.00 (Side area) (VIOLATED)
      Cumulative area ratio:  266.81
      Required ratio:    0.00 (Cumulative area) 
      Cumulative area ratio: 1335.23
      Required ratio:    0.00 (Cumulative side area) 

    Layer: li1
      Partial area ratio:    0.00
      Required ratio:    0.00 (Gate area) 
      Partial area ratio:    0.00
      Required ratio:   75.00 (Side area) 
      Cumulative area ratio:    0.00
      Required ratio:    0.00 (Cumulative area) 
      Cumulative area ratio:    0.00
      Required ratio:    0.00 (Cumulative side area) 

    Via: M1M2_PR
      Partial area ratio:    0.18
      Required ratio:    6.00 (Gate area) 
      Cumulative area ratio:    0.30
      Required ratio:    0.00 (Cumulative area) 

    Via: L1M1_PR
      Partial area ratio:    0.12
      Required ratio:    3.00 (Gate area) 
      Cumulative area ratio:    0.12
      Required ratio:    0.00 (Cumulative area) 

  Pin: _4354_/A (sky130_fd_sc_hd__nor2_1)
    Layer: met1
      Partial area ratio:    0.75
      Required ratio:    0.00 (Gate area) 
      Partial area ratio:    4.53
      Required ratio:  400.00 (Side area) 
      Cumulative area ratio:    0.75
      Required ratio:    0.00 (Cumulative area) 
      Cumulative area ratio:    4.53
      Required ratio:    0.00 (Cumulative side area) 

    Layer: li1
      Partial area ratio:    0.00
      Required ratio:    0.00 (Gate area) 
      Partial area ratio:    0.00
      Required ratio:   75.00 (Side area) 
      Cumulative area ratio:    0.00
      Required ratio:    0.00 (Cumulative area) 
      Cumulative area ratio:    0.00
      Required ratio:    0.00 (Cumulative side area) 

    Via: M1M2_PR
      Partial area ratio:    0.18
      Required ratio:    6.00 (Gate area) 
      Cumulative area ratio:    0.30
      Required ratio:    0.00 (Cumulative area) 

    Via: L1M1_PR
      Partial area ratio:    0.12
      Required ratio:    3.00 (Gate area) 
      Cumulative area ratio:    0.12
      Required ratio:    0.00 (Cumulative area) 

  Pin: _4406_/A (sky130_fd_sc_hd__nor2_1)
    Layer: met1
      Partial area ratio:    1.98
      Required ratio:    0.00 (Gate area) 
      Partial area ratio:   10.69
      Required ratio:  400.00 (Side area) 
      Cumulative area ratio:    1.98
      Required ratio:    0.00 (Cumulative area) 
      Cumulative area ratio:   10.69
      Required ratio:    0.00 (Cumulative side area) 

    Layer: li1
      Partial area ratio:    0.00
      Required ratio:    0.00 (Gate area) 
      Partial area ratio:    0.00
      Required ratio:   75.00 (Side area) 
      Cumulative area ratio:    0.00
      Required ratio:    0.00 (Cumulative area) 
      Cumulative area ratio:    0.00
      Required ratio:    0.00 (Cumulative side area) 

    Via: M1M2_PR
      Partial area ratio:    0.18
      Required ratio:    6.00 (Gate area) 
      Cumulative area ratio:    0.30
      Required ratio:    0.00 (Cumulative area) 

    Via: L1M1_PR
      Partial area ratio:    0.12
      Required ratio:    3.00 (Gate area) 
      Cumulative area ratio:    0.12
      Required ratio:    0.00 (Cumulative area) 

  Pin: _4478_/A (sky130_fd_sc_hd__nor2_1)
    Layer: met1
      Partial area ratio:  228.62
      Required ratio:    0.00 (Gate area) 
      Partial area ratio: 1144.66
      Required ratio:  400.00 (Side area) (VIOLATED)
      Cumulative area ratio:  228.62
      Required ratio:    0.00 (Cumulative area) 
      Cumulative area ratio: 1144.66
      Required ratio:    0.00 (Cumulative side area) 

    Layer: li1
      Partial area ratio:    0.00
      Required ratio:    0.00 (Gate area) 
      Partial area ratio:    0.00
      Required ratio:   75.00 (Side area) 
      Cumulative area ratio:    0.00
      Required ratio:    0.00 (Cumulative area) 
      Cumulative area ratio:    0.00
      Required ratio:    0.00 (Cumulative side area) 

    Via: M1M2_PR
      Partial area ratio:    0.27
      Required ratio:    6.00 (Gate area) 
      Cumulative area ratio:    0.39
      Required ratio:    0.00 (Cumulative area) 

    Via: L1M1_PR
      Partial area ratio:    0.12
      Required ratio:    3.00 (Gate area) 
      Cumulative area ratio:    0.12
      Required ratio:    0.00 (Cumulative area) 


Net: _1516_
  Pin: _4357_/A (sky130_fd_sc_hd__nor2_1)
    Layer: met2
      Partial area ratio:   42.06
      Required ratio:    0.00 (Gate area) 
      Partial area ratio:  210.78
      Required ratio: 3193.60 (Side area) 
      Cumulative area ratio:  251.29
      Required ratio:    0.00 (Cumulative area) 
      Cumulative area ratio: 1260.13
      Required ratio:    0.00 (Cumulative side area) 

    Layer: met1
      Partial area ratio:   14.82
      Required ratio:    0.00 (Gate area) 
      Partial area ratio:   75.68
      Required ratio:  400.00 (Side area) 
      Cumulative area ratio:   14.82
      Required ratio:    0.00 (Cumulative area) 
      Cumulative area ratio:   75.68
      Required ratio:    0.00 (Cumulative side area) 

    Layer: li1
      Partial area ratio:    0.00
      Required ratio:    0.00 (Gate area) 
      Partial area ratio:    0.00
      Required ratio:   75.00 (Side area) 
      Cumulative area ratio:    0.00
      Required ratio:    0.00 (Cumulative area) 
      Cumulative area ratio:    0.00
      Required ratio:    0.00 (Cumulative side area) 

    Via: M1M2_PR
      Partial area ratio:    0.18
      Required ratio:    6.00 (Gate area) 
      Cumulative area ratio:    0.30
      Required ratio:    0.00 (Cumulative area) 

    Via: L1M1_PR
      Partial area ratio:    0.12
      Required ratio:    3.00 (Gate area) 
      Cumulative area ratio:    0.12
      Required ratio:    0.00 (Cumulative area) 

  Pin: _4479_/A (sky130_fd_sc_hd__nor2_1)
    Layer: met2
      Partial area ratio:   42.06
      Required ratio:    0.00 (Gate area) 
      Partial area ratio:  210.78
      Required ratio: 3193.60 (Side area) 
      Cumulative area ratio:  242.40
      Required ratio:    0.00 (Cumulative area) 
      Cumulative area ratio: 1215.27
      Required ratio:    0.00 (Cumulative side area) 

    Layer: met1
      Partial area ratio:    5.93
      Required ratio:    0.00 (Gate area) 
      Partial area ratio:   30.83
      Required ratio:  400.00 (Side area) 
      Cumulative area ratio:    5.93
      Required ratio:    0.00 (Cumulative area) 
      Cumulative area ratio:   30.83
      Required ratio:    0.00 (Cumulative side area) 

    Layer: li1
      Partial area ratio:    0.00
      Required ratio:    0.00 (Gate area) 
      Partial area ratio:    0.00
      Required ratio:   75.00 (Side area) 
      Cumulative area ratio:    0.00
      Required ratio:    0.00 (Cumulative area) 
      Cumulative area ratio:    0.00
      Required ratio:    0.00 (Cumulative side area) 

    Via: M1M2_PR
      Partial area ratio:    0.18
      Required ratio:    6.00 (Gate area) 
      Cumulative area ratio:    0.30
      Required ratio:    0.00 (Cumulative area) 

    Via: L1M1_PR
      Partial area ratio:    0.12
      Required ratio:    3.00 (Gate area) 
      Cumulative area ratio:    0.12
      Required ratio:    0.00 (Cumulative area) 

  Pin: _4407_/A (sky130_fd_sc_hd__nor2_1)
    Layer: met2
      Partial area ratio:   42.06
      Required ratio:    0.00 (Gate area) 
      Partial area ratio:  210.78
      Required ratio: 3193.60 (Side area) 
      Cumulative area ratio:  236.47
      Required ratio:    0.00 (Cumulative area) 
      Cumulative area ratio: 1184.44
      Required ratio:    0.00 (Cumulative side area) 

    Layer: met1
      Partial area ratio:  194.42
      Required ratio:    0.00 (Gate area) 
      Partial area ratio:  973.66
      Required ratio:  400.00 (Side area) (VIOLATED)
      Cumulative area ratio:  194.42
      Required ratio:    0.00 (Cumulative area) 
      Cumulative area ratio:  973.66
      Required ratio:    0.00 (Cumulative side area) 

    Layer: li1
      Partial area ratio:    0.00
      Required ratio:    0.00 (Gate area) 
      Partial area ratio:    0.00
      Required ratio:   75.00 (Side area) 
      Cumulative area ratio:    0.00
      Required ratio:    0.00 (Cumulative area) 
      Cumulative area ratio:    0.00
      Required ratio:    0.00 (Cumulative side area) 

    Via: M1M2_PR
      Partial area ratio:    0.27
      Required ratio:    6.00 (Gate area) 
      Cumulative area ratio:    0.39
      Required ratio:    0.00 (Cumulative area) 

    Via: L1M1_PR
      Partial area ratio:    0.12
      Required ratio:    3.00 (Gate area) 
      Cumulative area ratio:    0.12
      Required ratio:    0.00 (Cumulative area) 

  Pin: _4443_/A (sky130_fd_sc_hd__nor2_1)
    Layer: met2
      Partial area ratio:   42.06
      Required ratio:    0.00 (Gate area) 
      Partial area ratio:  210.78
      Required ratio: 3193.60 (Side area) 
      Cumulative area ratio:  348.17
      Required ratio:    0.00 (Cumulative area) 
      Cumulative area ratio: 1742.52
      Required ratio:    0.00 (Cumulative side area) 

    Layer: met1
      Partial area ratio:  306.11
      Required ratio:    0.00 (Gate area) 
      Partial area ratio: 1531.74
      Required ratio:  400.00 (Side area) (VIOLATED)
      Cumulative area ratio:  306.11
      Required ratio:    0.00 (Cumulative area) 
      Cumulative area ratio: 1531.74
      Required ratio:    0.00 (Cumulative side area) 

    Layer: li1
      Partial area ratio:    0.00
      Required ratio:    0.00 (Gate area) 
      Partial area ratio:    0.00
      Required ratio:   75.00 (Side area) 
      Cumulative area ratio:    0.00
      Required ratio:    0.00 (Cumulative area) 
      Cumulative area ratio:    0.00
      Required ratio:    0.00 (Cumulative side area) 

    Via: M1M2_PR
      Partial area ratio:    0.18
      Required ratio:    6.00 (Gate area) 
      Cumulative area ratio:    0.30
      Required ratio:    0.00 (Cumulative area) 

    Via: L1M1_PR
      Partial area ratio:    0.12
      Required ratio:    3.00 (Gate area) 
      Cumulative area ratio:    0.12
      Required ratio:    0.00 (Cumulative area) 


Net: _1518_
  Pin: _4360_/A (sky130_fd_sc_hd__nor2_1)
    Layer: met1
      Partial area ratio:  212.62
      Required ratio:    0.00 (Gate area) 
      Partial area ratio: 1064.28
      Required ratio:  400.00 (Side area) (VIOLATED)
      Cumulative area ratio:  212.62
      Required ratio:    0.00 (Cumulative area) 
      Cumulative area ratio: 1064.28
      Required ratio:    0.00 (Cumulative side area) 

    Layer: li1
      Partial area ratio:    0.00
      Required ratio:    0.00 (Gate area) 
      Partial area ratio:    0.00
      Required ratio:   75.00 (Side area) 
      Cumulative area ratio:    0.00
      Required ratio:    0.00 (Cumulative area) 
      Cumulative area ratio:    0.00
      Required ratio:    0.00 (Cumulative side area) 

    Layer: met3
      Partial area ratio:    0.00
      Required ratio:    0.00 (Gate area) 
      Partial area ratio:    0.00
      Required ratio: 3193.60 (Side area) 
      Cumulative area ratio:  212.62
      Required ratio:    0.00 (Cumulative area) 
      Cumulative area ratio: 1064.28
      Required ratio:    0.00 (Cumulative side area) 

    Layer: met4
      Partial area ratio:   52.45
      Required ratio:    0.00 (Gate area) 
      Partial area ratio:  280.73
      Required ratio: 3193.60 (Side area) 
      Cumulative area ratio:  265.07
      Required ratio:    0.00 (Cumulative area) 
      Cumulative area ratio: 1345.01
      Required ratio:    0.00 (Cumulative side area) 

    Layer: met3
      Partial area ratio:    0.00
      Required ratio:    0.00 (Gate area) 
      Partial area ratio:    0.00
      Required ratio: 3193.60 (Side area) 
      Cumulative area ratio:  212.62
      Required ratio:    0.00 (Cumulative area) 
      Cumulative area ratio: 1064.28
      Required ratio:    0.00 (Cumulative side area) 

    Via: M2M3_PR
      Partial area ratio:    0.16
      Required ratio:    6.00 (Gate area) 
      Cumulative area ratio:    0.55
      Required ratio:    0.00 (Cumulative area) 

    Via: M1M2_PR
      Partial area ratio:    0.27
      Required ratio:    6.00 (Gate area) 
      Cumulative area ratio:    0.39
      Required ratio:    0.00 (Cumulative area) 

    Via: L1M1_PR
      Partial area ratio:    0.12
      Required ratio:    3.00 (Gate area) 
      Cumulative area ratio:    0.12
      Required ratio:    0.00 (Cumulative area) 

    Via: M3M4_PR
      Partial area ratio:    0.08
      Required ratio:    6.00 (Gate area) 
      Cumulative area ratio:    0.63
      Required ratio:    0.00 (Cumulative area) 

    Via: M3M4_PR
      Partial area ratio:    0.08
      Required ratio:    6.00 (Gate area) 
      Cumulative area ratio:    0.63
      Required ratio:    0.00 (Cumulative area) 

  Pin: _4480_/A (sky130_fd_sc_hd__nor2_1)
    Layer: met4
      Partial area ratio:   52.45
      Required ratio:    0.00 (Gate area) 
      Partial area ratio:  280.73
      Required ratio: 3193.60 (Side area) 
      Cumulative area ratio:   53.20
      Required ratio:    0.00 (Cumulative area) 
      Cumulative area ratio:  285.25
      Required ratio:    0.00 (Cumulative side area) 

    Layer: met3
      Partial area ratio:    0.00
      Required ratio:    0.00 (Gate area) 
      Partial area ratio:    0.00
      Required ratio:  400.00 (Side area) 
      Cumulative area ratio:    0.75
      Required ratio:    0.00 (Cumulative area) 
      Cumulative area ratio:    4.53
      Required ratio:    0.00 (Cumulative side area) 

    Layer: met2
      Partial area ratio:    0.00
      Required ratio:    0.00 (Gate area) 
      Partial area ratio:    0.00
      Required ratio:  400.00 (Side area) 
      Cumulative area ratio:    0.75
      Required ratio:    0.00 (Cumulative area) 
      Cumulative area ratio:    4.53
      Required ratio:    0.00 (Cumulative side area) 

    Layer: met1
      Partial area ratio:    0.75
      Required ratio:    0.00 (Gate area) 
      Partial area ratio:    4.53
      Required ratio:  400.00 (Side area) 
      Cumulative area ratio:    0.75
      Required ratio:    0.00 (Cumulative area) 
      Cumulative area ratio:    4.53
      Required ratio:    0.00 (Cumulative side area) 

    Layer: li1
      Partial area ratio:    0.00
      Required ratio:    0.00 (Gate area) 
      Partial area ratio:    0.00
      Required ratio:   75.00 (Side area) 
      Cumulative area ratio:    0.00
      Required ratio:    0.00 (Cumulative area) 
      Cumulative area ratio:    0.00
      Required ratio:    0.00 (Cumulative side area) 

    Via: M3M4_PR
      Partial area ratio:    0.16
      Required ratio:    6.00 (Gate area) 
      Cumulative area ratio:    0.62
      Required ratio:    0.00 (Cumulative area) 

    Via: M2M3_PR
      Partial area ratio:    0.16
      Required ratio:    6.00 (Gate area) 
      Cumulative area ratio:    0.46
      Required ratio:    0.00 (Cumulative area) 

    Via: M1M2_PR
      Partial area ratio:    0.18
      Required ratio:    6.00 (Gate area) 
      Cumulative area ratio:    0.30
      Required ratio:    0.00 (Cumulative area) 

    Via: L1M1_PR
      Partial area ratio:    0.12
      Required ratio:    3.00 (Gate area) 
      Cumulative area ratio:    0.12
      Required ratio:    0.00 (Cumulative area) 

  Pin: _4444_/A (sky130_fd_sc_hd__nor2_1)
    Layer: met3
      Partial area ratio:    0.00
      Required ratio:    0.00 (Gate area) 
      Partial area ratio:    0.00
      Required ratio:  400.00 (Side area) 
      Cumulative area ratio:    2.09
      Required ratio:    0.00 (Cumulative area) 
      Cumulative area ratio:   11.26
      Required ratio:    0.00 (Cumulative side area) 

    Layer: met2
      Partial area ratio:    0.00
      Required ratio:    0.00 (Gate area) 
      Partial area ratio:    0.00
      Required ratio:  400.00 (Side area) 
      Cumulative area ratio:    2.09
      Required ratio:    0.00 (Cumulative area) 
      Cumulative area ratio:   11.26
      Required ratio:    0.00 (Cumulative side area) 

    Layer: met1
      Partial area ratio:    2.09
      Required ratio:    0.00 (Gate area) 
      Partial area ratio:   11.26
      Required ratio:  400.00 (Side area) 
      Cumulative area ratio:    2.09
      Required ratio:    0.00 (Cumulative area) 
      Cumulative area ratio:   11.26
      Required ratio:    0.00 (Cumulative side area) 

    Layer: li1
      Partial area ratio:    0.00
      Required ratio:    0.00 (Gate area) 
      Partial area ratio:    0.00
      Required ratio:   75.00 (Side area) 
      Cumulative area ratio:    0.00
      Required ratio:    0.00 (Cumulative area) 
      Cumulative area ratio:    0.00
      Required ratio:    0.00 (Cumulative side area) 

    Via: M3M4_PR
      Partial area ratio:    0.16
      Required ratio:    6.00 (Gate area) 
      Cumulative area ratio:    0.62
      Required ratio:    0.00 (Cumulative area) 

    Via: M2M3_PR
      Partial area ratio:    0.16
      Required ratio:    6.00 (Gate area) 
      Cumulative area ratio:    0.46
      Required ratio:    0.00 (Cumulative area) 

    Via: M1M2_PR
      Partial area ratio:    0.18
      Required ratio:    6.00 (Gate area) 
      Cumulative area ratio:    0.30
      Required ratio:    0.00 (Cumulative area) 

    Via: L1M1_PR
      Partial area ratio:    0.12
      Required ratio:    3.00 (Gate area) 
      Cumulative area ratio:    0.12
      Required ratio:    0.00 (Cumulative area) 

  Pin: _4408_/A (sky130_fd_sc_hd__nor2_1)
    Layer: met3
      Partial area ratio:    0.00
      Required ratio:    0.00 (Gate area) 
      Partial area ratio:    0.00
      Required ratio: 3193.60 (Side area) 
      Cumulative area ratio:  286.56
      Required ratio:    0.00 (Cumulative area) 
      Cumulative area ratio: 1434.00
      Required ratio:    0.00 (Cumulative side area) 

    Layer: met4
      Partial area ratio:   52.45
      Required ratio:    0.00 (Gate area) 
      Partial area ratio:  280.73
      Required ratio: 3193.60 (Side area) 
      Cumulative area ratio:  339.02
      Required ratio:    0.00 (Cumulative area) 
      Cumulative area ratio: 1714.72
      Required ratio:    0.00 (Cumulative side area) 

    Layer: met1
      Partial area ratio:  286.56
      Required ratio:    0.00 (Gate area) 
      Partial area ratio: 1434.00
      Required ratio:  400.00 (Side area) (VIOLATED)
      Cumulative area ratio:  286.56
      Required ratio:    0.00 (Cumulative area) 
      Cumulative area ratio: 1434.00
      Required ratio:    0.00 (Cumulative side area) 

    Layer: met3
      Partial area ratio:    0.00
      Required ratio:    0.00 (Gate area) 
      Partial area ratio:    0.00
      Required ratio: 3193.60 (Side area) 
      Cumulative area ratio:  286.56
      Required ratio:    0.00 (Cumulative area) 
      Cumulative area ratio: 1434.00
      Required ratio:    0.00 (Cumulative side area) 

    Layer: li1
      Partial area ratio:    0.00
      Required ratio:    0.00 (Gate area) 
      Partial area ratio:    0.00
      Required ratio:   75.00 (Side area) 
      Cumulative area ratio:    0.00
      Required ratio:    0.00 (Cumulative area) 
      Cumulative area ratio:    0.00
      Required ratio:    0.00 (Cumulative side area) 

    Via: M2M3_PR
      Partial area ratio:    0.16
      Required ratio:    6.00 (Gate area) 
      Cumulative area ratio:    0.55
      Required ratio:    0.00 (Cumulative area) 

    Via: M3M4_PR
      Partial area ratio:    0.08
      Required ratio:    6.00 (Gate area) 
      Cumulative area ratio:    0.63
      Required ratio:    0.00 (Cumulative area) 

    Via: M1M2_PR
      Partial area ratio:    0.27
      Required ratio:    6.00 (Gate area) 
      Cumulative area ratio:    0.39
      Required ratio:    0.00 (Cumulative area) 

    Via: M3M4_PR
      Partial area ratio:    0.08
      Required ratio:    6.00 (Gate area) 
      Cumulative area ratio:    0.63
      Required ratio:    0.00 (Cumulative area) 

    Via: L1M1_PR
      Partial area ratio:    0.12
      Required ratio:    3.00 (Gate area) 
      Cumulative area ratio:    0.12
      Required ratio:    0.00 (Cumulative area) 


Net: _1520_
  Pin: _4363_/A (sky130_fd_sc_hd__nor2_1)
    Layer: met2
      Partial area ratio:   23.50
      Required ratio:    0.00 (Gate area) 
      Partial area ratio:  117.88
      Required ratio: 3193.60 (Side area) 
      Cumulative area ratio:  515.44
      Required ratio:    0.00 (Cumulative area) 
      Cumulative area ratio: 2580.36
      Required ratio:    0.00 (Cumulative side area) 

    Layer: met1
      Partial area ratio:   33.66
      Required ratio:    0.00 (Gate area) 
      Partial area ratio:  169.47
      Required ratio:  400.00 (Side area) 
      Cumulative area ratio:   33.66
      Required ratio:    0.00 (Cumulative area) 
      Cumulative area ratio:  169.47
      Required ratio:    0.00 (Cumulative side area) 

    Layer: li1
      Partial area ratio:    0.00
      Required ratio:    0.00 (Gate area) 
      Partial area ratio:    0.00
      Required ratio:   75.00 (Side area) 
      Cumulative area ratio:    0.00
      Required ratio:    0.00 (Cumulative area) 
      Cumulative area ratio:    0.00
      Required ratio:    0.00 (Cumulative side area) 

    Layer: met3
      Partial area ratio:    4.36
      Required ratio:    0.00 (Gate area) 
      Partial area ratio:   24.24
      Required ratio: 3193.60 (Side area) 
      Cumulative area ratio:  519.80
      Required ratio:    0.00 (Cumulative area) 
      Cumulative area ratio: 2604.60
      Required ratio:    0.00 (Cumulative side area) 

    Layer: met4
      Partial area ratio:   77.55
      Required ratio:    0.00 (Gate area) 
      Partial area ratio:  414.55
      Required ratio: 3193.60 (Side area) 
      Cumulative area ratio:  597.35
      Required ratio:    0.00 (Cumulative area) 
      Cumulative area ratio: 3019.14
      Required ratio:    0.00 (Cumulative side area) 

    Layer: met3
      Partial area ratio:    4.36
      Required ratio:    0.00 (Gate area) 
      Partial area ratio:   24.24
      Required ratio: 3193.60 (Side area) 
      Cumulative area ratio:  519.80
      Required ratio:    0.00 (Cumulative area) 
      Cumulative area ratio: 2604.60
      Required ratio:    0.00 (Cumulative side area) 

    Via: M2M3_PR
      Partial area ratio:    0.16
      Required ratio:    6.00 (Gate area) 
      Cumulative area ratio:    0.91
      Required ratio:    0.00 (Cumulative area) 

    Via: M1M2_PR
      Partial area ratio:    0.27
      Required ratio:    6.00 (Gate area) 
      Cumulative area ratio:    0.39
      Required ratio:    0.00 (Cumulative area) 

    Via: L1M1_PR
      Partial area ratio:    0.12
      Required ratio:    3.00 (Gate area) 
      Cumulative area ratio:    0.12
      Required ratio:    0.00 (Cumulative area) 

    Via: M3M4_PR
      Partial area ratio:    0.08
      Required ratio:    6.00 (Gate area) 
      Cumulative area ratio:    1.00
      Required ratio:    0.00 (Cumulative area) 

    Via: M3M4_PR
      Partial area ratio:    0.08
      Required ratio:    6.00 (Gate area) 
      Cumulative area ratio:    1.00
      Required ratio:    0.00 (Cumulative area) 

  Pin: _4481_/A (sky130_fd_sc_hd__nor2_1)
    Layer: met4
      Partial area ratio:   77.55
      Required ratio:    0.00 (Gate area) 
      Partial area ratio:  414.55
      Required ratio: 3193.60 (Side area) 
      Cumulative area ratio:   79.75
      Required ratio:    0.00 (Cumulative area) 
      Cumulative area ratio:  426.37
      Required ratio:    0.00 (Cumulative side area) 

    Layer: met3
      Partial area ratio:    0.00
      Required ratio:    0.00 (Gate area) 
      Partial area ratio:    0.00
      Required ratio:  400.00 (Side area) 
      Cumulative area ratio:    2.21
      Required ratio:    0.00 (Cumulative area) 
      Cumulative area ratio:   11.82
      Required ratio:    0.00 (Cumulative side area) 

    Layer: met2
      Partial area ratio:    0.00
      Required ratio:    0.00 (Gate area) 
      Partial area ratio:    0.00
      Required ratio:  400.00 (Side area) 
      Cumulative area ratio:    2.21
      Required ratio:    0.00 (Cumulative area) 
      Cumulative area ratio:   11.82
      Required ratio:    0.00 (Cumulative side area) 

    Layer: met1
      Partial area ratio:    2.21
      Required ratio:    0.00 (Gate area) 
      Partial area ratio:   11.82
      Required ratio:  400.00 (Side area) 
      Cumulative area ratio:    2.21
      Required ratio:    0.00 (Cumulative area) 
      Cumulative area ratio:   11.82
      Required ratio:    0.00 (Cumulative side area) 

    Layer: li1
      Partial area ratio:    0.00
      Required ratio:    0.00 (Gate area) 
      Partial area ratio:    0.00
      Required ratio:   75.00 (Side area) 
      Cumulative area ratio:    0.00
      Required ratio:    0.00 (Cumulative area) 
      Cumulative area ratio:    0.00
      Required ratio:    0.00 (Cumulative side area) 

    Via: M3M4_PR
      Partial area ratio:    0.16
      Required ratio:    6.00 (Gate area) 
      Cumulative area ratio:    0.62
      Required ratio:    0.00 (Cumulative area) 

    Via: M2M3_PR
      Partial area ratio:    0.16
      Required ratio:    6.00 (Gate area) 
      Cumulative area ratio:    0.46
      Required ratio:    0.00 (Cumulative area) 

    Via: M1M2_PR
      Partial area ratio:    0.18
      Required ratio:    6.00 (Gate area) 
      Cumulative area ratio:    0.30
      Required ratio:    0.00 (Cumulative area) 

    Via: L1M1_PR
      Partial area ratio:    0.12
      Required ratio:    3.00 (Gate area) 
      Cumulative area ratio:    0.12
      Required ratio:    0.00 (Cumulative area) 

  Pin: _4409_/A (sky130_fd_sc_hd__nor2_1)
    Layer: met3
      Partial area ratio:    0.00
      Required ratio:    0.00 (Gate area) 
      Partial area ratio:    0.00
      Required ratio:  400.00 (Side area) 
      Cumulative area ratio:    2.93
      Required ratio:    0.00 (Cumulative area) 
      Cumulative area ratio:   15.44
      Required ratio:    0.00 (Cumulative side area) 

    Layer: met2
      Partial area ratio:    0.00
      Required ratio:    0.00 (Gate area) 
      Partial area ratio:    0.00
      Required ratio:  400.00 (Side area) 
      Cumulative area ratio:    2.93
      Required ratio:    0.00 (Cumulative area) 
      Cumulative area ratio:   15.44
      Required ratio:    0.00 (Cumulative side area) 

    Layer: met1
      Partial area ratio:    2.93
      Required ratio:    0.00 (Gate area) 
      Partial area ratio:   15.44
      Required ratio:  400.00 (Side area) 
      Cumulative area ratio:    2.93
      Required ratio:    0.00 (Cumulative area) 
      Cumulative area ratio:   15.44
      Required ratio:    0.00 (Cumulative side area) 

    Layer: li1
      Partial area ratio:    0.00
      Required ratio:    0.00 (Gate area) 
      Partial area ratio:    0.00
      Required ratio:   75.00 (Side area) 
      Cumulative area ratio:    0.00
      Required ratio:    0.00 (Cumulative area) 
      Cumulative area ratio:    0.00
      Required ratio:    0.00 (Cumulative side area) 

    Via: M3M4_PR
      Partial area ratio:    0.16
      Required ratio:    6.00 (Gate area) 
      Cumulative area ratio:    0.62
      Required ratio:    0.00 (Cumulative area) 

    Via: M2M3_PR
      Partial area ratio:    0.16
      Required ratio:    6.00 (Gate area) 
      Cumulative area ratio:    0.46
      Required ratio:    0.00 (Cumulative area) 

    Via: M1M2_PR
      Partial area ratio:    0.18
      Required ratio:    6.00 (Gate area) 
      Cumulative area ratio:    0.30
      Required ratio:    0.00 (Cumulative area) 

    Via: L1M1_PR
      Partial area ratio:    0.12
      Required ratio:    3.00 (Gate area) 
      Cumulative area ratio:    0.12
      Required ratio:    0.00 (Cumulative area) 

  Pin: _4445_/A (sky130_fd_sc_hd__nor2_1)
    Layer: met2
      Partial area ratio:   23.50
      Required ratio:    0.00 (Gate area) 
      Partial area ratio:  117.88
      Required ratio: 3193.60 (Side area) 
      Cumulative area ratio:  481.78
      Required ratio:    0.00 (Cumulative area) 
      Cumulative area ratio: 2410.88
      Required ratio:    0.00 (Cumulative side area) 

    Layer: met1
      Partial area ratio:  458.28
      Required ratio:    0.00 (Gate area) 
      Partial area ratio: 2293.00
      Required ratio:  400.00 (Side area) (VIOLATED)
      Cumulative area ratio:  458.28
      Required ratio:    0.00 (Cumulative area) 
      Cumulative area ratio: 2293.00
      Required ratio:    0.00 (Cumulative side area) 

    Layer: met3
      Partial area ratio:    4.36
      Required ratio:    0.00 (Gate area) 
      Partial area ratio:   24.24
      Required ratio: 3193.60 (Side area) 
      Cumulative area ratio:  486.14
      Required ratio:    0.00 (Cumulative area) 
      Cumulative area ratio: 2435.13
      Required ratio:    0.00 (Cumulative side area) 

    Layer: met4
      Partial area ratio:   77.55
      Required ratio:    0.00 (Gate area) 
      Partial area ratio:  414.55
      Required ratio: 3193.60 (Side area) 
      Cumulative area ratio:  563.69
      Required ratio:    0.00 (Cumulative area) 
      Cumulative area ratio: 2849.67
      Required ratio:    0.00 (Cumulative side area) 

    Layer: met3
      Partial area ratio:    4.36
      Required ratio:    0.00 (Gate area) 
      Partial area ratio:   24.24
      Required ratio: 3193.60 (Side area) 
      Cumulative area ratio:  486.14
      Required ratio:    0.00 (Cumulative area) 
      Cumulative area ratio: 2435.13
      Required ratio:    0.00 (Cumulative side area) 

    Layer: li1
      Partial area ratio:    0.00
      Required ratio:    0.00 (Gate area) 
      Partial area ratio:    0.00
      Required ratio:   75.00 (Side area) 
      Cumulative area ratio:    0.00
      Required ratio:    0.00 (Cumulative area) 
      Cumulative area ratio:    0.00
      Required ratio:    0.00 (Cumulative side area) 

    Via: M2M3_PR
      Partial area ratio:    0.16
      Required ratio:    6.00 (Gate area) 
      Cumulative area ratio:    0.64
      Required ratio:    0.00 (Cumulative area) 

    Via: M1M2_PR
      Partial area ratio:    0.36
      Required ratio:    6.00 (Gate area) 
      Cumulative area ratio:    0.48
      Required ratio:    0.00 (Cumulative area) 

    Via: M3M4_PR
      Partial area ratio:    0.08
      Required ratio:    6.00 (Gate area) 
      Cumulative area ratio:    0.72
      Required ratio:    0.00 (Cumulative area) 

    Via: M3M4_PR
      Partial area ratio:    0.08
      Required ratio:    6.00 (Gate area) 
      Cumulative area ratio:    0.72
      Required ratio:    0.00 (Cumulative area) 

    Via: L1M1_PR
      Partial area ratio:    0.12
      Required ratio:    3.00 (Gate area) 
      Cumulative area ratio:    0.12
      Required ratio:    0.00 (Cumulative area) 


Net: _1522_
  Pin: _4446_/A (sky130_fd_sc_hd__nor2_1)
    Layer: met1
      Partial area ratio:    1.84
      Required ratio:    0.00 (Gate area) 
      Partial area ratio:   10.01
      Required ratio:  400.00 (Side area) 
      Cumulative area ratio:    1.84
      Required ratio:    0.00 (Cumulative area) 
      Cumulative area ratio:   10.01
      Required ratio:    0.00 (Cumulative side area) 

    Layer: li1
      Partial area ratio:    0.00
      Required ratio:    0.00 (Gate area) 
      Partial area ratio:    0.00
      Required ratio:   75.00 (Side area) 
      Cumulative area ratio:    0.00
      Required ratio:    0.00 (Cumulative area) 
      Cumulative area ratio:    0.00
      Required ratio:    0.00 (Cumulative side area) 

    Layer: met3
      Partial area ratio:    2.91
      Required ratio:    0.00 (Gate area) 
      Partial area ratio:   16.16
      Required ratio: 3193.60 (Side area) 
      Cumulative area ratio:   18.63
      Required ratio:    0.00 (Cumulative area) 
      Cumulative area ratio:   96.77
      Required ratio:    0.00 (Cumulative side area) 

    Layer: met4
      Partial area ratio:   35.64
      Required ratio:    0.00 (Gate area) 
      Partial area ratio:  190.55
      Required ratio: 3193.60 (Side area) 
      Cumulative area ratio:   54.27
      Required ratio:    0.00 (Cumulative area) 
      Cumulative area ratio:  287.31
      Required ratio:    0.00 (Cumulative side area) 

    Via: M2M3_PR
      Partial area ratio:    0.05
      Required ratio:    6.00 (Gate area) 
      Cumulative area ratio:    0.63
      Required ratio:    0.00 (Cumulative area) 

    Via: M1M2_PR
      Partial area ratio:    0.18
      Required ratio:    6.00 (Gate area) 
      Cumulative area ratio:    0.30
      Required ratio:    0.00 (Cumulative area) 

    Via: L1M1_PR
      Partial area ratio:    0.12
      Required ratio:    3.00 (Gate area) 
      Cumulative area ratio:    0.12
      Required ratio:    0.00 (Cumulative area) 

    Via: M3M4_PR
      Partial area ratio:    0.05
      Required ratio:    6.00 (Gate area) 
      Cumulative area ratio:    0.68
      Required ratio:    0.00 (Cumulative area) 

  Pin: _4410_/A (sky130_fd_sc_hd__nor2_1)
    Layer: met1
      Partial area ratio:   13.88
      Required ratio:    0.00 (Gate area) 
      Partial area ratio:   70.59
      Required ratio:  400.00 (Side area) 
      Cumulative area ratio:   13.88
      Required ratio:    0.00 (Cumulative area) 
      Cumulative area ratio:   70.59
      Required ratio:    0.00 (Cumulative side area) 

    Layer: li1
      Partial area ratio:    0.00
      Required ratio:    0.00 (Gate area) 
      Partial area ratio:    0.00
      Required ratio:   75.00 (Side area) 
      Cumulative area ratio:    0.00
      Required ratio:    0.00 (Cumulative area) 
      Cumulative area ratio:    0.00
      Required ratio:    0.00 (Cumulative side area) 

    Layer: met3
      Partial area ratio:    2.91
      Required ratio:    0.00 (Gate area) 
      Partial area ratio:   16.16
      Required ratio: 3193.60 (Side area) 
      Cumulative area ratio:   16.79
      Required ratio:    0.00 (Cumulative area) 
      Cumulative area ratio:   86.76
      Required ratio:    0.00 (Cumulative side area) 

    Layer: met4
      Partial area ratio:   35.64
      Required ratio:    0.00 (Gate area) 
      Partial area ratio:  190.55
      Required ratio: 3193.60 (Side area) 
      Cumulative area ratio:   52.43
      Required ratio:    0.00 (Cumulative area) 
      Cumulative area ratio:  277.30
      Required ratio:    0.00 (Cumulative side area) 

    Via: M2M3_PR
      Partial area ratio:    0.05
      Required ratio:    6.00 (Gate area) 
      Cumulative area ratio:    0.44
      Required ratio:    0.00 (Cumulative area) 

    Via: M1M2_PR
      Partial area ratio:    0.27
      Required ratio:    6.00 (Gate area) 
      Cumulative area ratio:    0.39
      Required ratio:    0.00 (Cumulative area) 

    Via: L1M1_PR
      Partial area ratio:    0.12
      Required ratio:    3.00 (Gate area) 
      Cumulative area ratio:    0.12
      Required ratio:    0.00 (Cumulative area) 

    Via: M3M4_PR
      Partial area ratio:    0.05
      Required ratio:    6.00 (Gate area) 
      Cumulative area ratio:    0.50
      Required ratio:    0.00 (Cumulative area) 

  Pin: _4482_/A (sky130_fd_sc_hd__nor2_1)
    Layer: met1
      Partial area ratio:  201.78
      Required ratio:    0.00 (Gate area) 
      Partial area ratio: 1010.09
      Required ratio:  400.00 (Side area) (VIOLATED)
      Cumulative area ratio:  201.78
      Required ratio:    0.00 (Cumulative area) 
      Cumulative area ratio: 1010.09
      Required ratio:    0.00 (Cumulative side area) 

    Layer: li1
      Partial area ratio:    0.00
      Required ratio:    0.00 (Gate area) 
      Partial area ratio:    0.00
      Required ratio:   75.00 (Side area) 
      Cumulative area ratio:    0.00
      Required ratio:    0.00 (Cumulative area) 
      Cumulative area ratio:    0.00
      Required ratio:    0.00 (Cumulative side area) 

    Layer: met3
      Partial area ratio:    2.91
      Required ratio:    0.00 (Gate area) 
      Partial area ratio:   16.16
      Required ratio: 3193.60 (Side area) 
      Cumulative area ratio:  204.69
      Required ratio:    0.00 (Cumulative area) 
      Cumulative area ratio: 1026.25
      Required ratio:    0.00 (Cumulative side area) 

    Layer: met4
      Partial area ratio:   35.64
      Required ratio:    0.00 (Gate area) 
      Partial area ratio:  190.55
      Required ratio: 3193.60 (Side area) 
      Cumulative area ratio:  240.33
      Required ratio:    0.00 (Cumulative area) 
      Cumulative area ratio: 1216.80
      Required ratio:    0.00 (Cumulative side area) 

    Via: M2M3_PR
      Partial area ratio:    0.05
      Required ratio:    6.00 (Gate area) 
      Cumulative area ratio:    0.44
      Required ratio:    0.00 (Cumulative area) 

    Via: M1M2_PR
      Partial area ratio:    0.27
      Required ratio:    6.00 (Gate area) 
      Cumulative area ratio:    0.39
      Required ratio:    0.00 (Cumulative area) 

    Via: L1M1_PR
      Partial area ratio:    0.12
      Required ratio:    3.00 (Gate area) 
      Cumulative area ratio:    0.12
      Required ratio:    0.00 (Cumulative area) 

    Via: M3M4_PR
      Partial area ratio:    0.05
      Required ratio:    6.00 (Gate area) 
      Cumulative area ratio:    0.50
      Required ratio:    0.00 (Cumulative area) 

  Pin: _4366_/A (sky130_fd_sc_hd__nor2_1)
    Layer: met4
      Partial area ratio:   35.64
      Required ratio:    0.00 (Gate area) 
      Partial area ratio:  190.55
      Required ratio: 3193.60 (Side area) 
      Cumulative area ratio:   36.77
      Required ratio:    0.00 (Cumulative area) 
      Cumulative area ratio:  196.99
      Required ratio:    0.00 (Cumulative side area) 

    Layer: met3
      Partial area ratio:    0.00
      Required ratio:    0.00 (Gate area) 
      Partial area ratio:    0.00
      Required ratio:  400.00 (Side area) 
      Cumulative area ratio:    1.13
      Required ratio:    0.00 (Cumulative area) 
      Cumulative area ratio:    6.45
      Required ratio:    0.00 (Cumulative side area) 

    Layer: met2
      Partial area ratio:    0.00
      Required ratio:    0.00 (Gate area) 
      Partial area ratio:    0.00
      Required ratio:  400.00 (Side area) 
      Cumulative area ratio:    1.13
      Required ratio:    0.00 (Cumulative area) 
      Cumulative area ratio:    6.45
      Required ratio:    0.00 (Cumulative side area) 

    Layer: met1
      Partial area ratio:    1.13
      Required ratio:    0.00 (Gate area) 
      Partial area ratio:    6.45
      Required ratio:  400.00 (Side area) 
      Cumulative area ratio:    1.13
      Required ratio:    0.00 (Cumulative area) 
      Cumulative area ratio:    6.45
      Required ratio:    0.00 (Cumulative side area) 

    Layer: li1
      Partial area ratio:    0.00
      Required ratio:    0.00 (Gate area) 
      Partial area ratio:    0.00
      Required ratio:   75.00 (Side area) 
      Cumulative area ratio:    0.00
      Required ratio:    0.00 (Cumulative area) 
      Cumulative area ratio:    0.00
      Required ratio:    0.00 (Cumulative side area) 

    Via: M3M4_PR
      Partial area ratio:    0.16
      Required ratio:    6.00 (Gate area) 
      Cumulative area ratio:    0.62
      Required ratio:    0.00 (Cumulative area) 

    Via: M2M3_PR
      Partial area ratio:    0.16
      Required ratio:    6.00 (Gate area) 
      Cumulative area ratio:    0.46
      Required ratio:    0.00 (Cumulative area) 

    Via: M1M2_PR
      Partial area ratio:    0.18
      Required ratio:    6.00 (Gate area) 
      Cumulative area ratio:    0.30
      Required ratio:    0.00 (Cumulative area) 

    Via: L1M1_PR
      Partial area ratio:    0.12
      Required ratio:    3.00 (Gate area) 
      Cumulative area ratio:    0.12
      Required ratio:    0.00 (Cumulative area) 


Net: _1524_
  Pin: _4411_/A (sky130_fd_sc_hd__nor2_1)
    Layer: met1
      Partial area ratio:    2.31
      Required ratio:    0.00 (Gate area) 
      Partial area ratio:   12.33
      Required ratio:  400.00 (Side area) 
      Cumulative area ratio:    2.31
      Required ratio:    0.00 (Cumulative area) 
      Cumulative area ratio:   12.33
      Required ratio:    0.00 (Cumulative side area) 

    Layer: li1
      Partial area ratio:    0.00
      Required ratio:    0.00 (Gate area) 
      Partial area ratio:    0.00
      Required ratio:   75.00 (Side area) 
      Cumulative area ratio:    0.00
      Required ratio:    0.00 (Cumulative area) 
      Cumulative area ratio:    0.00
      Required ratio:    0.00 (Cumulative side area) 

    Layer: met3
      Partial area ratio:  117.18
      Required ratio:    0.00 (Gate area) 
      Partial area ratio:  625.45
      Required ratio: 3193.60 (Side area) 
      Cumulative area ratio:  390.95
      Required ratio:    0.00 (Cumulative area) 
      Cumulative area ratio: 1996.27
      Required ratio:    0.00 (Cumulative side area) 

    Via: M2M3_PR
      Partial area ratio:    0.08
      Required ratio:    6.00 (Gate area) 
      Cumulative area ratio:    0.65
      Required ratio:    0.00 (Cumulative area) 

    Via: M1M2_PR
      Partial area ratio:    0.18
      Required ratio:    6.00 (Gate area) 
      Cumulative area ratio:    0.30
      Required ratio:    0.00 (Cumulative area) 

    Via: L1M1_PR
      Partial area ratio:    0.12
      Required ratio:    3.00 (Gate area) 
      Cumulative area ratio:    0.12
      Required ratio:    0.00 (Cumulative area) 

  Pin: _4447_/A (sky130_fd_sc_hd__nor2_1)
    Layer: met1
      Partial area ratio:  271.46
      Required ratio:    0.00 (Gate area) 
      Partial area ratio: 1358.48
      Required ratio:  400.00 (Side area) (VIOLATED)
      Cumulative area ratio:  271.46
      Required ratio:    0.00 (Cumulative area) 
      Cumulative area ratio: 1358.48
      Required ratio:    0.00 (Cumulative side area) 

    Layer: li1
      Partial area ratio:    0.00
      Required ratio:    0.00 (Gate area) 
      Partial area ratio:    0.00
      Required ratio:   75.00 (Side area) 
      Cumulative area ratio:    0.00
      Required ratio:    0.00 (Cumulative area) 
      Cumulative area ratio:    0.00
      Required ratio:    0.00 (Cumulative side area) 

    Layer: met3
      Partial area ratio:  117.18
      Required ratio:    0.00 (Gate area) 
      Partial area ratio:  625.45
      Required ratio: 3193.60 (Side area) 
      Cumulative area ratio:  388.64
      Required ratio:    0.00 (Cumulative area) 
      Cumulative area ratio: 1983.94
      Required ratio:    0.00 (Cumulative side area) 

    Via: M2M3_PR
      Partial area ratio:    0.08
      Required ratio:    6.00 (Gate area) 
      Cumulative area ratio:    0.47
      Required ratio:    0.00 (Cumulative area) 

    Via: M1M2_PR
      Partial area ratio:    0.27
      Required ratio:    6.00 (Gate area) 
      Cumulative area ratio:    0.39
      Required ratio:    0.00 (Cumulative area) 

    Via: L1M1_PR
      Partial area ratio:    0.12
      Required ratio:    3.00 (Gate area) 
      Cumulative area ratio:    0.12
      Required ratio:    0.00 (Cumulative area) 

  Pin: _4483_/A (sky130_fd_sc_hd__nor2_1)
    Layer: met3
      Partial area ratio:  117.18
      Required ratio:    0.00 (Gate area) 
      Partial area ratio:  625.45
      Required ratio: 3193.60 (Side area) 
      Cumulative area ratio:  149.40
      Required ratio:    0.00 (Cumulative area) 
      Cumulative area ratio:  787.52
      Required ratio:    0.00 (Cumulative side area) 

    Layer: met2
      Partial area ratio:   31.26
      Required ratio:    0.00 (Gate area) 
      Partial area ratio:  156.52
      Required ratio:  400.00 (Side area) 
      Cumulative area ratio:   32.21
      Required ratio:    0.00 (Cumulative area) 
      Cumulative area ratio:  162.06
      Required ratio:    0.00 (Cumulative side area) 

    Layer: met1
      Partial area ratio:    0.95
      Required ratio:    0.00 (Gate area) 
      Partial area ratio:    5.54
      Required ratio:  400.00 (Side area) 
      Cumulative area ratio:    0.95
      Required ratio:    0.00 (Cumulative area) 
      Cumulative area ratio:    5.54
      Required ratio:    0.00 (Cumulative side area) 

    Layer: li1
      Partial area ratio:    0.00
      Required ratio:    0.00 (Gate area) 
      Partial area ratio:    0.00
      Required ratio:   75.00 (Side area) 
      Cumulative area ratio:    0.00
      Required ratio:    0.00 (Cumulative area) 
      Cumulative area ratio:    0.00
      Required ratio:    0.00 (Cumulative side area) 

    Via: M2M3_PR
      Partial area ratio:    0.08
      Required ratio:    6.00 (Gate area) 
      Cumulative area ratio:    0.38
      Required ratio:    0.00 (Cumulative area) 

    Via: M1M2_PR
      Partial area ratio:    0.18
      Required ratio:    6.00 (Gate area) 
      Cumulative area ratio:    0.30
      Required ratio:    0.00 (Cumulative area) 

    Via: L1M1_PR
      Partial area ratio:    0.12
      Required ratio:    3.00 (Gate area) 
      Cumulative area ratio:    0.12
      Required ratio:    0.00 (Cumulative area) 

  Pin: _4369_/A (sky130_fd_sc_hd__nor2_1)
    Layer: met3
      Partial area ratio:  117.18
      Required ratio:    0.00 (Gate area) 
      Partial area ratio:  625.45
      Required ratio: 3193.60 (Side area) 
      Cumulative area ratio:  151.51
      Required ratio:    0.00 (Cumulative area) 
      Cumulative area ratio:  798.09
      Required ratio:    0.00 (Cumulative side area) 

    Layer: met2
      Partial area ratio:   31.26
      Required ratio:    0.00 (Gate area) 
      Partial area ratio:  156.52
      Required ratio:  400.00 (Side area) 
      Cumulative area ratio:   34.33
      Required ratio:    0.00 (Cumulative area) 
      Cumulative area ratio:  172.64
      Required ratio:    0.00 (Cumulative side area) 

    Layer: met1
      Partial area ratio:    3.07
      Required ratio:    0.00 (Gate area) 
      Partial area ratio:   16.12
      Required ratio:  400.00 (Side area) 
      Cumulative area ratio:    3.07
      Required ratio:    0.00 (Cumulative area) 
      Cumulative area ratio:   16.12
      Required ratio:    0.00 (Cumulative side area) 

    Layer: li1
      Partial area ratio:    0.00
      Required ratio:    0.00 (Gate area) 
      Partial area ratio:    0.00
      Required ratio:   75.00 (Side area) 
      Cumulative area ratio:    0.00
      Required ratio:    0.00 (Cumulative area) 
      Cumulative area ratio:    0.00
      Required ratio:    0.00 (Cumulative side area) 

    Via: M2M3_PR
      Partial area ratio:    0.08
      Required ratio:    6.00 (Gate area) 
      Cumulative area ratio:    0.38
      Required ratio:    0.00 (Cumulative area) 

    Via: M1M2_PR
      Partial area ratio:    0.18
      Required ratio:    6.00 (Gate area) 
      Cumulative area ratio:    0.30
      Required ratio:    0.00 (Cumulative area) 

    Via: L1M1_PR
      Partial area ratio:    0.12
      Required ratio:    3.00 (Gate area) 
      Cumulative area ratio:    0.12
      Required ratio:    0.00 (Cumulative area) 


Net: _1526_
  Pin: _4484_/A (sky130_fd_sc_hd__nor2_1)
    Layer: met2
      Partial area ratio:   56.00
      Required ratio:    0.00 (Gate area) 
      Partial area ratio:  280.25
      Required ratio: 3193.60 (Side area) 
      Cumulative area ratio:  158.37
      Required ratio:    0.00 (Cumulative area) 
      Cumulative area ratio:  793.10
      Required ratio:    0.00 (Cumulative side area) 

    Layer: met1
      Partial area ratio:  102.37
      Required ratio:    0.00 (Gate area) 
      Partial area ratio:  512.85
      Required ratio:  400.00 (Side area) (VIOLATED)
      Cumulative area ratio:  102.37
      Required ratio:    0.00 (Cumulative area) 
      Cumulative area ratio:  512.85
      Required ratio:    0.00 (Cumulative side area) 

    Layer: li1
      Partial area ratio:    0.00
      Required ratio:    0.00 (Gate area) 
      Partial area ratio:    0.00
      Required ratio:   75.00 (Side area) 
      Cumulative area ratio:    0.00
      Required ratio:    0.00 (Cumulative area) 
      Cumulative area ratio:    0.00
      Required ratio:    0.00 (Cumulative side area) 

    Layer: met3
      Partial area ratio:    0.00
      Required ratio:    0.00 (Gate area) 
      Partial area ratio:    0.00
      Required ratio: 3193.60 (Side area) 
      Cumulative area ratio:  158.37
      Required ratio:    0.00 (Cumulative area) 
      Cumulative area ratio:  793.10
      Required ratio:    0.00 (Cumulative side area) 

    Layer: met4
      Partial area ratio:   23.09
      Required ratio:    0.00 (Gate area) 
      Partial area ratio:  123.64
      Required ratio: 3193.60 (Side area) 
      Cumulative area ratio:  181.46
      Required ratio:    0.00 (Cumulative area) 
      Cumulative area ratio:  916.73
      Required ratio:    0.00 (Cumulative side area) 

    Via: M2M3_PR
      Partial area ratio:    0.05
      Required ratio:    6.00 (Gate area) 
      Cumulative area ratio:    0.31
      Required ratio:    0.00 (Cumulative area) 

    Via: M1M2_PR
      Partial area ratio:    0.14
      Required ratio:    6.00 (Gate area) 
      Cumulative area ratio:    0.25
      Required ratio:    0.00 (Cumulative area) 

    Via: L1M1_PR
      Partial area ratio:    0.12
      Required ratio:    3.00 (Gate area) 
      Cumulative area ratio:    0.12
      Required ratio:    0.00 (Cumulative area) 

    Via: M3M4_PR
      Partial area ratio:    0.05
      Required ratio:    6.00 (Gate area) 
      Cumulative area ratio:    0.36
      Required ratio:    0.00 (Cumulative area) 

  Pin: _4372_/A (sky130_fd_sc_hd__nor2_1)
    Layer: met2
      Partial area ratio:   56.00
      Required ratio:    0.00 (Gate area) 
      Partial area ratio:  280.25
      Required ratio: 3193.60 (Side area) 
      Cumulative area ratio:  158.37
      Required ratio:    0.00 (Cumulative area) 
      Cumulative area ratio:  793.10
      Required ratio:    0.00 (Cumulative side area) 

    Layer: met1
      Partial area ratio:  102.37
      Required ratio:    0.00 (Gate area) 
      Partial area ratio:  512.85
      Required ratio:  400.00 (Side area) (VIOLATED)
      Cumulative area ratio:  102.37
      Required ratio:    0.00 (Cumulative area) 
      Cumulative area ratio:  512.85
      Required ratio:    0.00 (Cumulative side area) 

    Layer: li1
      Partial area ratio:    0.00
      Required ratio:    0.00 (Gate area) 
      Partial area ratio:    0.00
      Required ratio:   75.00 (Side area) 
      Cumulative area ratio:    0.00
      Required ratio:    0.00 (Cumulative area) 
      Cumulative area ratio:    0.00
      Required ratio:    0.00 (Cumulative side area) 

    Layer: met3
      Partial area ratio:    0.00
      Required ratio:    0.00 (Gate area) 
      Partial area ratio:    0.00
      Required ratio: 3193.60 (Side area) 
      Cumulative area ratio:  158.37
      Required ratio:    0.00 (Cumulative area) 
      Cumulative area ratio:  793.10
      Required ratio:    0.00 (Cumulative side area) 

    Layer: met4
      Partial area ratio:   23.09
      Required ratio:    0.00 (Gate area) 
      Partial area ratio:  123.64
      Required ratio: 3193.60 (Side area) 
      Cumulative area ratio:  181.46
      Required ratio:    0.00 (Cumulative area) 
      Cumulative area ratio:  916.73
      Required ratio:    0.00 (Cumulative side area) 

    Via: M2M3_PR
      Partial area ratio:    0.05
      Required ratio:    6.00 (Gate area) 
      Cumulative area ratio:    0.31
      Required ratio:    0.00 (Cumulative area) 

    Via: M1M2_PR
      Partial area ratio:    0.14
      Required ratio:    6.00 (Gate area) 
      Cumulative area ratio:    0.25
      Required ratio:    0.00 (Cumulative area) 

    Via: L1M1_PR
      Partial area ratio:    0.12
      Required ratio:    3.00 (Gate area) 
      Cumulative area ratio:    0.12
      Required ratio:    0.00 (Cumulative area) 

    Via: M3M4_PR
      Partial area ratio:    0.05
      Required ratio:    6.00 (Gate area) 
      Cumulative area ratio:    0.36
      Required ratio:    0.00 (Cumulative area) 

  Pin: _4412_/A (sky130_fd_sc_hd__nor2_1)
    Layer: met4
      Partial area ratio:   23.09
      Required ratio:    0.00 (Gate area) 
      Partial area ratio:  123.64
      Required ratio: 3193.60 (Side area) 
      Cumulative area ratio:   25.41
      Required ratio:    0.00 (Cumulative area) 
      Cumulative area ratio:  136.02
      Required ratio:    0.00 (Cumulative side area) 

    Layer: met3
      Partial area ratio:    0.00
      Required ratio:    0.00 (Gate area) 
      Partial area ratio:    0.00
      Required ratio:  400.00 (Side area) 
      Cumulative area ratio:    2.32
      Required ratio:    0.00 (Cumulative area) 
      Cumulative area ratio:   12.39
      Required ratio:    0.00 (Cumulative side area) 

    Layer: met2
      Partial area ratio:    0.00
      Required ratio:    0.00 (Gate area) 
      Partial area ratio:    0.00
      Required ratio:  400.00 (Side area) 
      Cumulative area ratio:    2.32
      Required ratio:    0.00 (Cumulative area) 
      Cumulative area ratio:   12.39
      Required ratio:    0.00 (Cumulative side area) 

    Layer: met1
      Partial area ratio:    2.32
      Required ratio:    0.00 (Gate area) 
      Partial area ratio:   12.39
      Required ratio:  400.00 (Side area) 
      Cumulative area ratio:    2.32
      Required ratio:    0.00 (Cumulative area) 
      Cumulative area ratio:   12.39
      Required ratio:    0.00 (Cumulative side area) 

    Layer: li1
      Partial area ratio:    0.00
      Required ratio:    0.00 (Gate area) 
      Partial area ratio:    0.00
      Required ratio:   75.00 (Side area) 
      Cumulative area ratio:    0.00
      Required ratio:    0.00 (Cumulative area) 
      Cumulative area ratio:    0.00
      Required ratio:    0.00 (Cumulative side area) 

    Via: M3M4_PR
      Partial area ratio:    0.16
      Required ratio:    6.00 (Gate area) 
      Cumulative area ratio:    0.62
      Required ratio:    0.00 (Cumulative area) 

    Via: M2M3_PR
      Partial area ratio:    0.16
      Required ratio:    6.00 (Gate area) 
      Cumulative area ratio:    0.46
      Required ratio:    0.00 (Cumulative area) 

    Via: M1M2_PR
      Partial area ratio:    0.18
      Required ratio:    6.00 (Gate area) 
      Cumulative area ratio:    0.30
      Required ratio:    0.00 (Cumulative area) 

    Via: L1M1_PR
      Partial area ratio:    0.12
      Required ratio:    3.00 (Gate area) 
      Cumulative area ratio:    0.12
      Required ratio:    0.00 (Cumulative area) 

  Pin: _4448_/A (sky130_fd_sc_hd__nor2_1)
    Layer: met2
      Partial area ratio:   56.00
      Required ratio:    0.00 (Gate area) 
      Partial area ratio:  280.25
      Required ratio: 3193.60 (Side area) 
      Cumulative area ratio:  351.14
      Required ratio:    0.00 (Cumulative area) 
      Cumulative area ratio: 1757.17
      Required ratio:    0.00 (Cumulative side area) 

    Layer: met1
      Partial area ratio:  295.15
      Required ratio:    0.00 (Gate area) 
      Partial area ratio: 1476.93
      Required ratio:  400.00 (Side area) (VIOLATED)
      Cumulative area ratio:  295.15
      Required ratio:    0.00 (Cumulative area) 
      Cumulative area ratio: 1476.93
      Required ratio:    0.00 (Cumulative side area) 

    Layer: met3
      Partial area ratio:    0.00
      Required ratio:    0.00 (Gate area) 
      Partial area ratio:    0.00
      Required ratio: 3193.60 (Side area) 
      Cumulative area ratio:  351.14
      Required ratio:    0.00 (Cumulative area) 
      Cumulative area ratio: 1757.17
      Required ratio:    0.00 (Cumulative side area) 

    Layer: met4
      Partial area ratio:   23.09
      Required ratio:    0.00 (Gate area) 
      Partial area ratio:  123.64
      Required ratio: 3193.60 (Side area) 
      Cumulative area ratio:  374.24
      Required ratio:    0.00 (Cumulative area) 
      Cumulative area ratio: 1880.81
      Required ratio:    0.00 (Cumulative side area) 

    Layer: li1
      Partial area ratio:    0.00
      Required ratio:    0.00 (Gate area) 
      Partial area ratio:    0.00
      Required ratio:   75.00 (Side area) 
      Cumulative area ratio:    0.00
      Required ratio:    0.00 (Cumulative area) 
      Cumulative area ratio:    0.00
      Required ratio:    0.00 (Cumulative side area) 

    Via: M2M3_PR
      Partial area ratio:    0.05
      Required ratio:    6.00 (Gate area) 
      Cumulative area ratio:    0.44
      Required ratio:    0.00 (Cumulative area) 

    Via: M1M2_PR
      Partial area ratio:    0.27
      Required ratio:    6.00 (Gate area) 
      Cumulative area ratio:    0.39
      Required ratio:    0.00 (Cumulative area) 

    Via: M3M4_PR
      Partial area ratio:    0.05
      Required ratio:    6.00 (Gate area) 
      Cumulative area ratio:    0.50
      Required ratio:    0.00 (Cumulative area) 

    Via: L1M1_PR
      Partial area ratio:    0.12
      Required ratio:    3.00 (Gate area) 
      Cumulative area ratio:    0.12
      Required ratio:    0.00 (Cumulative area) 


Net: _1530_
  Pin: _4450_/A (sky130_fd_sc_hd__nor2_1)
    Layer: met1
      Partial area ratio:  156.82
      Required ratio:    0.00 (Gate area) 
      Partial area ratio:  785.70
      Required ratio:  400.00 (Side area) (VIOLATED)
      Cumulative area ratio:  156.82
      Required ratio:    0.00 (Cumulative area) 
      Cumulative area ratio:  785.70
      Required ratio:    0.00 (Cumulative side area) 

    Layer: li1
      Partial area ratio:    0.00
      Required ratio:    0.00 (Gate area) 
      Partial area ratio:    0.00
      Required ratio:   75.00 (Side area) 
      Cumulative area ratio:    0.00
      Required ratio:    0.00 (Cumulative area) 
      Cumulative area ratio:    0.00
      Required ratio:    0.00 (Cumulative side area) 

    Layer: met3
      Partial area ratio:  133.94
      Required ratio:    0.00 (Gate area) 
      Partial area ratio:  714.99
      Required ratio: 3193.60 (Side area) 
      Cumulative area ratio:  290.76
      Required ratio:    0.00 (Cumulative area) 
      Cumulative area ratio: 1500.69
      Required ratio:    0.00 (Cumulative side area) 

    Layer: met4
      Partial area ratio:   25.18
      Required ratio:    0.00 (Gate area) 
      Partial area ratio:  134.79
      Required ratio: 3193.60 (Side area) 
      Cumulative area ratio:  315.94
      Required ratio:    0.00 (Cumulative area) 
      Cumulative area ratio: 1635.47
      Required ratio:    0.00 (Cumulative side area) 

    Via: M2M3_PR
      Partial area ratio:    0.08
      Required ratio:    6.00 (Gate area) 
      Cumulative area ratio:    0.33
      Required ratio:    0.00 (Cumulative area) 

    Via: M1M2_PR
      Partial area ratio:    0.14
      Required ratio:    6.00 (Gate area) 
      Cumulative area ratio:    0.25
      Required ratio:    0.00 (Cumulative area) 

    Via: L1M1_PR
      Partial area ratio:    0.12
      Required ratio:    3.00 (Gate area) 
      Cumulative area ratio:    0.12
      Required ratio:    0.00 (Cumulative area) 

    Via: M3M4_PR
      Partial area ratio:    0.05
      Required ratio:    6.00 (Gate area) 
      Cumulative area ratio:    0.39
      Required ratio:    0.00 (Cumulative area) 

  Pin: _4414_/A (sky130_fd_sc_hd__nor2_1)
    Layer: met1
      Partial area ratio:  156.82
      Required ratio:    0.00 (Gate area) 
      Partial area ratio:  785.70
      Required ratio:  400.00 (Side area) (VIOLATED)
      Cumulative area ratio:  156.82
      Required ratio:    0.00 (Cumulative area) 
      Cumulative area ratio:  785.70
      Required ratio:    0.00 (Cumulative side area) 

    Layer: li1
      Partial area ratio:    0.00
      Required ratio:    0.00 (Gate area) 
      Partial area ratio:    0.00
      Required ratio:   75.00 (Side area) 
      Cumulative area ratio:    0.00
      Required ratio:    0.00 (Cumulative area) 
      Cumulative area ratio:    0.00
      Required ratio:    0.00 (Cumulative side area) 

    Layer: met3
      Partial area ratio:  133.94
      Required ratio:    0.00 (Gate area) 
      Partial area ratio:  714.99
      Required ratio: 3193.60 (Side area) 
      Cumulative area ratio:  290.76
      Required ratio:    0.00 (Cumulative area) 
      Cumulative area ratio: 1500.69
      Required ratio:    0.00 (Cumulative side area) 

    Layer: met4
      Partial area ratio:   25.18
      Required ratio:    0.00 (Gate area) 
      Partial area ratio:  134.79
      Required ratio: 3193.60 (Side area) 
      Cumulative area ratio:  315.94
      Required ratio:    0.00 (Cumulative area) 
      Cumulative area ratio: 1635.47
      Required ratio:    0.00 (Cumulative side area) 

    Via: M2M3_PR
      Partial area ratio:    0.08
      Required ratio:    6.00 (Gate area) 
      Cumulative area ratio:    0.33
      Required ratio:    0.00 (Cumulative area) 

    Via: M1M2_PR
      Partial area ratio:    0.14
      Required ratio:    6.00 (Gate area) 
      Cumulative area ratio:    0.25
      Required ratio:    0.00 (Cumulative area) 

    Via: L1M1_PR
      Partial area ratio:    0.12
      Required ratio:    3.00 (Gate area) 
      Cumulative area ratio:    0.12
      Required ratio:    0.00 (Cumulative area) 

    Via: M3M4_PR
      Partial area ratio:    0.05
      Required ratio:    6.00 (Gate area) 
      Cumulative area ratio:    0.39
      Required ratio:    0.00 (Cumulative area) 

  Pin: _4378_/A (sky130_fd_sc_hd__nor2_1)
    Layer: met4
      Partial area ratio:   25.18
      Required ratio:    0.00 (Gate area) 
      Partial area ratio:  134.79
      Required ratio: 3193.60 (Side area) 
      Cumulative area ratio:   26.04
      Required ratio:    0.00 (Cumulative area) 
      Cumulative area ratio:  139.88
      Required ratio:    0.00 (Cumulative side area) 

    Layer: met3
      Partial area ratio:    0.00
      Required ratio:    0.00 (Gate area) 
      Partial area ratio:    0.00
      Required ratio:  400.00 (Side area) 
      Cumulative area ratio:    0.86
      Required ratio:    0.00 (Cumulative area) 
      Cumulative area ratio:    5.09
      Required ratio:    0.00 (Cumulative side area) 

    Layer: met2
      Partial area ratio:    0.00
      Required ratio:    0.00 (Gate area) 
      Partial area ratio:    0.00
      Required ratio:  400.00 (Side area) 
      Cumulative area ratio:    0.86
      Required ratio:    0.00 (Cumulative area) 
      Cumulative area ratio:    5.09
      Required ratio:    0.00 (Cumulative side area) 

    Layer: met1
      Partial area ratio:    0.86
      Required ratio:    0.00 (Gate area) 
      Partial area ratio:    5.09
      Required ratio:  400.00 (Side area) 
      Cumulative area ratio:    0.86
      Required ratio:    0.00 (Cumulative area) 
      Cumulative area ratio:    5.09
      Required ratio:    0.00 (Cumulative side area) 

    Layer: li1
      Partial area ratio:    0.00
      Required ratio:    0.00 (Gate area) 
      Partial area ratio:    0.00
      Required ratio:   75.00 (Side area) 
      Cumulative area ratio:    0.00
      Required ratio:    0.00 (Cumulative area) 
      Cumulative area ratio:    0.00
      Required ratio:    0.00 (Cumulative side area) 

    Via: M3M4_PR
      Partial area ratio:    0.16
      Required ratio:    6.00 (Gate area) 
      Cumulative area ratio:    0.62
      Required ratio:    0.00 (Cumulative area) 

    Via: M2M3_PR
      Partial area ratio:    0.16
      Required ratio:    6.00 (Gate area) 
      Cumulative area ratio:    0.46
      Required ratio:    0.00 (Cumulative area) 

    Via: M1M2_PR
      Partial area ratio:    0.18
      Required ratio:    6.00 (Gate area) 
      Cumulative area ratio:    0.30
      Required ratio:    0.00 (Cumulative area) 

    Via: L1M1_PR
      Partial area ratio:    0.12
      Required ratio:    3.00 (Gate area) 
      Cumulative area ratio:    0.12
      Required ratio:    0.00 (Cumulative area) 

  Pin: _4486_/A (sky130_fd_sc_hd__nor2_1)
    Layer: met3
      Partial area ratio:  133.94
      Required ratio:    0.00 (Gate area) 
      Partial area ratio:  714.99
      Required ratio: 3193.60 (Side area) 
      Cumulative area ratio:  135.95
      Required ratio:    0.00 (Cumulative area) 
      Cumulative area ratio:  725.85
      Required ratio:    0.00 (Cumulative side area) 

    Layer: met4
      Partial area ratio:   25.18
      Required ratio:    0.00 (Gate area) 
      Partial area ratio:  134.79
      Required ratio: 3193.60 (Side area) 
      Cumulative area ratio:  161.13
      Required ratio:    0.00 (Cumulative area) 
      Cumulative area ratio:  860.64
      Required ratio:    0.00 (Cumulative side area) 

    Layer: met2
      Partial area ratio:    0.00
      Required ratio:    0.00 (Gate area) 
      Partial area ratio:    0.00
      Required ratio:  400.00 (Side area) 
      Cumulative area ratio:    2.01
      Required ratio:    0.00 (Cumulative area) 
      Cumulative area ratio:   10.86
      Required ratio:    0.00 (Cumulative side area) 

    Layer: met1
      Partial area ratio:    2.01
      Required ratio:    0.00 (Gate area) 
      Partial area ratio:   10.86
      Required ratio:  400.00 (Side area) 
      Cumulative area ratio:    2.01
      Required ratio:    0.00 (Cumulative area) 
      Cumulative area ratio:   10.86
      Required ratio:    0.00 (Cumulative side area) 

    Layer: li1
      Partial area ratio:    0.00
      Required ratio:    0.00 (Gate area) 
      Partial area ratio:    0.00
      Required ratio:   75.00 (Side area) 
      Cumulative area ratio:    0.00
      Required ratio:    0.00 (Cumulative area) 
      Cumulative area ratio:    0.00
      Required ratio:    0.00 (Cumulative side area) 

    Via: M3M4_PR
      Partial area ratio:    0.05
      Required ratio:    6.00 (Gate area) 
      Cumulative area ratio:    0.51
      Required ratio:    0.00 (Cumulative area) 

    Via: M2M3_PR
      Partial area ratio:    0.16
      Required ratio:    6.00 (Gate area) 
      Cumulative area ratio:    0.46
      Required ratio:    0.00 (Cumulative area) 

    Via: M1M2_PR
      Partial area ratio:    0.18
      Required ratio:    6.00 (Gate area) 
      Cumulative area ratio:    0.30
      Required ratio:    0.00 (Cumulative area) 

    Via: L1M1_PR
      Partial area ratio:    0.12
      Required ratio:    3.00 (Gate area) 
      Cumulative area ratio:    0.12
      Required ratio:    0.00 (Cumulative area) 


Net: _1535_
  Pin: _4427_/A (sky130_fd_sc_hd__buf_12)
    Layer: met4
      Partial area ratio:    1.13
      Required ratio:    0.00 (Gate area) 
      Partial area ratio:    6.28
      Required ratio: 3744.80 (Side area) 
      Cumulative area ratio:  121.77
      Required ratio:    0.00 (Cumulative area) 
      Cumulative area ratio:  647.93
      Required ratio:    0.00 (Cumulative side area) 

    Layer: met3
      Partial area ratio:  113.00
      Required ratio:    0.00 (Gate area) 
      Partial area ratio:  603.15
      Required ratio:  400.00 (Side area) (VIOLATED)
      Cumulative area ratio:  120.64
      Required ratio:    0.00 (Cumulative area) 
      Cumulative area ratio:  641.65
      Required ratio:    0.00 (Cumulative side area) 

    Layer: met2
      Partial area ratio:    6.85
      Required ratio:    0.00 (Gate area) 
      Partial area ratio:   34.35
      Required ratio:  400.00 (Side area) 
      Cumulative area ratio:    7.64
      Required ratio:    0.00 (Cumulative area) 
      Cumulative area ratio:   38.50
      Required ratio:    0.00 (Cumulative side area) 

    Layer: met1
      Partial area ratio:    0.79
      Required ratio:    0.00 (Gate area) 
      Partial area ratio:    4.15
      Required ratio:  400.00 (Side area) 
      Cumulative area ratio:    0.79
      Required ratio:    0.00 (Cumulative area) 
      Cumulative area ratio:    4.15
      Required ratio:    0.00 (Cumulative side area) 

    Layer: li1
      Partial area ratio:    0.00
      Required ratio:    0.00 (Gate area) 
      Partial area ratio:    0.00
      Required ratio:   75.00 (Side area) 
      Cumulative area ratio:    0.00
      Required ratio:    0.00 (Cumulative area) 
      Cumulative area ratio:    0.00
      Required ratio:    0.00 (Cumulative side area) 

    Via: M3M4_PR
      Partial area ratio:    0.04
      Required ratio:    6.00 (Gate area) 
      Cumulative area ratio:    0.16
      Required ratio:    0.00 (Cumulative area) 

    Via: M2M3_PR
      Partial area ratio:    0.04
      Required ratio:    6.00 (Gate area) 
      Cumulative area ratio:    0.12
      Required ratio:    0.00 (Cumulative area) 

    Via: M1M2_PR
      Partial area ratio:    0.05
      Required ratio:    6.00 (Gate area) 
      Cumulative area ratio:    0.07
      Required ratio:    0.00 (Cumulative area) 

    Via: L1M1_PR
      Partial area ratio:    0.03
      Required ratio:    3.00 (Gate area) 
      Cumulative area ratio:    0.03
      Required ratio:    0.00 (Cumulative area) 

  Pin: _4450_/B (sky130_fd_sc_hd__nor2_1)
    Layer: met1
      Partial area ratio:    1.96
      Required ratio:    0.00 (Gate area) 
      Partial area ratio:   10.58
      Required ratio:  400.00 (Side area) 
      Cumulative area ratio:    1.96
      Required ratio:    0.00 (Cumulative area) 
      Cumulative area ratio:   10.58
      Required ratio:    0.00 (Cumulative side area) 

    Layer: li1
      Partial area ratio:    0.00
      Required ratio:    0.00 (Gate area) 
      Partial area ratio:    0.00
      Required ratio:   75.00 (Side area) 
      Cumulative area ratio:    0.00
      Required ratio:    0.00 (Cumulative area) 
      Cumulative area ratio:    0.00
      Required ratio:    0.00 (Cumulative side area) 

    Via: M1M2_PR
      Partial area ratio:    0.18
      Required ratio:    6.00 (Gate area) 
      Cumulative area ratio:    0.30
      Required ratio:    0.00 (Cumulative area) 

    Via: L1M1_PR
      Partial area ratio:    0.12
      Required ratio:    3.00 (Gate area) 
      Cumulative area ratio:    0.12
      Required ratio:    0.00 (Cumulative area) 

  Pin: _4449_/B (sky130_fd_sc_hd__nor2_1)
    Layer: met1
      Partial area ratio:    2.18
      Required ratio:    0.00 (Gate area) 
      Partial area ratio:   11.71
      Required ratio:  400.00 (Side area) 
      Cumulative area ratio:    2.18
      Required ratio:    0.00 (Cumulative area) 
      Cumulative area ratio:   11.71
      Required ratio:    0.00 (Cumulative side area) 

    Layer: li1
      Partial area ratio:    0.00
      Required ratio:    0.00 (Gate area) 
      Partial area ratio:    0.00
      Required ratio:   75.00 (Side area) 
      Cumulative area ratio:    0.00
      Required ratio:    0.00 (Cumulative area) 
      Cumulative area ratio:    0.00
      Required ratio:    0.00 (Cumulative side area) 

    Via: M1M2_PR
      Partial area ratio:    0.18
      Required ratio:    6.00 (Gate area) 
      Cumulative area ratio:    0.30
      Required ratio:    0.00 (Cumulative area) 

    Via: L1M1_PR
      Partial area ratio:    0.12
      Required ratio:    3.00 (Gate area) 
      Cumulative area ratio:    0.12
      Required ratio:    0.00 (Cumulative area) 

  Pin: _4416_/A (sky130_fd_sc_hd__clkbuf_4)
    Layer: met1
      Partial area ratio:    2.20
      Required ratio:    0.00 (Gate area) 
      Partial area ratio:   11.90
      Required ratio:  400.00 (Side area) 
      Cumulative area ratio:    2.20
      Required ratio:    0.00 (Cumulative area) 
      Cumulative area ratio:   11.90
      Required ratio:    0.00 (Cumulative side area) 

    Layer: li1
      Partial area ratio:    0.00
      Required ratio:    0.00 (Gate area) 
      Partial area ratio:    0.00
      Required ratio:   75.00 (Side area) 
      Cumulative area ratio:    0.00
      Required ratio:    0.00 (Cumulative area) 
      Cumulative area ratio:    0.00
      Required ratio:    0.00 (Cumulative side area) 

    Via: M1M2_PR
      Partial area ratio:    0.16
      Required ratio:    6.00 (Gate area) 
      Cumulative area ratio:    0.29
      Required ratio:    0.00 (Cumulative area) 

    Via: L1M1_PR
      Partial area ratio:    0.14
      Required ratio:    3.00 (Gate area) 
      Cumulative area ratio:    0.14
      Required ratio:    0.00 (Cumulative area) 

  Pin: _4438_/A (sky130_fd_sc_hd__clkbuf_4)
    Layer: met1
      Partial area ratio:    2.20
      Required ratio:    0.00 (Gate area) 
      Partial area ratio:   11.90
      Required ratio:  400.00 (Side area) 
      Cumulative area ratio:    2.20
      Required ratio:    0.00 (Cumulative area) 
      Cumulative area ratio:   11.90
      Required ratio:    0.00 (Cumulative side area) 

    Layer: li1
      Partial area ratio:    0.00
      Required ratio:    0.00 (Gate area) 
      Partial area ratio:    0.00
      Required ratio:   75.00 (Side area) 
      Cumulative area ratio:    0.00
      Required ratio:    0.00 (Cumulative area) 
      Cumulative area ratio:    0.00
      Required ratio:    0.00 (Cumulative side area) 

    Via: M1M2_PR
      Partial area ratio:    0.16
      Required ratio:    6.00 (Gate area) 
      Cumulative area ratio:    0.29
      Required ratio:    0.00 (Cumulative area) 

    Via: L1M1_PR
      Partial area ratio:    0.14
      Required ratio:    3.00 (Gate area) 
      Cumulative area ratio:    0.14
      Required ratio:    0.00 (Cumulative area) 


Net: _1544_
  Pin: _4489_/B (sky130_fd_sc_hd__and3_1)
    Layer: met2
      Partial area ratio:   99.74
      Required ratio:    0.00 (Gate area) 
      Partial area ratio:  499.11
      Required ratio: 2956.40 (Side area) 
      Cumulative area ratio:  306.83
      Required ratio:    0.00 (Cumulative area) 
      Cumulative area ratio: 1537.13
      Required ratio:    0.00 (Cumulative side area) 

    Layer: met1
      Partial area ratio:  207.09
      Required ratio:    0.00 (Gate area) 
      Partial area ratio: 1038.02
      Required ratio:  400.00 (Side area) (VIOLATED)
      Cumulative area ratio:  207.09
      Required ratio:    0.00 (Cumulative area) 
      Cumulative area ratio: 1038.02
      Required ratio:    0.00 (Cumulative side area) 

    Layer: li1
      Partial area ratio:    0.00
      Required ratio:    0.00 (Gate area) 
      Partial area ratio:    0.00
      Required ratio:   75.00 (Side area) 
      Cumulative area ratio:    0.00
      Required ratio:    0.00 (Cumulative area) 
      Cumulative area ratio:    0.00
      Required ratio:    0.00 (Cumulative side area) 

    Via: M1M2_PR
      Partial area ratio:    0.30
      Required ratio:    6.00 (Gate area) 
      Cumulative area ratio:    0.53
      Required ratio:    0.00 (Cumulative area) 

    Via: L1M1_PR
      Partial area ratio:    0.23
      Required ratio:    3.00 (Gate area) 
      Cumulative area ratio:    0.23
      Required ratio:    0.00 (Cumulative area) 

  Pin: _4512_/B (sky130_fd_sc_hd__and3_1)
    Layer: met2
      Partial area ratio:   99.74
      Required ratio:    0.00 (Gate area) 
      Partial area ratio:  499.11
      Required ratio: 2956.40 (Side area) 
      Cumulative area ratio:  306.83
      Required ratio:    0.00 (Cumulative area) 
      Cumulative area ratio: 1537.13
      Required ratio:    0.00 (Cumulative side area) 

    Layer: met1
      Partial area ratio:  207.09
      Required ratio:    0.00 (Gate area) 
      Partial area ratio: 1038.02
      Required ratio:  400.00 (Side area) (VIOLATED)
      Cumulative area ratio:  207.09
      Required ratio:    0.00 (Cumulative area) 
      Cumulative area ratio: 1038.02
      Required ratio:    0.00 (Cumulative side area) 

    Layer: li1
      Partial area ratio:    0.00
      Required ratio:    0.00 (Gate area) 
      Partial area ratio:    0.00
      Required ratio:   75.00 (Side area) 
      Cumulative area ratio:    0.00
      Required ratio:    0.00 (Cumulative area) 
      Cumulative area ratio:    0.00
      Required ratio:    0.00 (Cumulative side area) 

    Via: M1M2_PR
      Partial area ratio:    0.30
      Required ratio:    6.00 (Gate area) 
      Cumulative area ratio:    0.53
      Required ratio:    0.00 (Cumulative area) 

    Via: L1M1_PR
      Partial area ratio:    0.23
      Required ratio:    3.00 (Gate area) 
      Cumulative area ratio:    0.23
      Required ratio:    0.00 (Cumulative area) 

  Pin: _4498_/B (sky130_fd_sc_hd__and3_1)
    Layer: met2
      Partial area ratio:   99.74
      Required ratio:    0.00 (Gate area) 
      Partial area ratio:  499.11
      Required ratio: 2956.40 (Side area) 
      Cumulative area ratio:  313.05
      Required ratio:    0.00 (Cumulative area) 
      Cumulative area ratio: 1569.80
      Required ratio:    0.00 (Cumulative side area) 

    Layer: met1
      Partial area ratio:    6.22
      Required ratio:    0.00 (Gate area) 
      Partial area ratio:   32.67
      Required ratio:  400.00 (Side area) 
      Cumulative area ratio:    6.22
      Required ratio:    0.00 (Cumulative area) 
      Cumulative area ratio:   32.67
      Required ratio:    0.00 (Cumulative side area) 

    Layer: li1
      Partial area ratio:    0.00
      Required ratio:    0.00 (Gate area) 
      Partial area ratio:    0.00
      Required ratio:   75.00 (Side area) 
      Cumulative area ratio:    0.00
      Required ratio:    0.00 (Cumulative area) 
      Cumulative area ratio:    0.00
      Required ratio:    0.00 (Cumulative side area) 

    Via: M1M2_PR
      Partial area ratio:    0.36
      Required ratio:    6.00 (Gate area) 
      Cumulative area ratio:    0.59
      Required ratio:    0.00 (Cumulative area) 

    Via: L1M1_PR
      Partial area ratio:    0.23
      Required ratio:    3.00 (Gate area) 
      Cumulative area ratio:    0.23
      Required ratio:    0.00 (Cumulative area) 

  Pin: _4505_/B (sky130_fd_sc_hd__and3_1)
    Layer: met2
      Partial area ratio:   99.74
      Required ratio:    0.00 (Gate area) 
      Partial area ratio:  499.11
      Required ratio: 2956.40 (Side area) 
      Cumulative area ratio:  306.83
      Required ratio:    0.00 (Cumulative area) 
      Cumulative area ratio: 1537.13
      Required ratio:    0.00 (Cumulative side area) 

    Layer: met1
      Partial area ratio:  207.09
      Required ratio:    0.00 (Gate area) 
      Partial area ratio: 1038.02
      Required ratio:  400.00 (Side area) (VIOLATED)
      Cumulative area ratio:  207.09
      Required ratio:    0.00 (Cumulative area) 
      Cumulative area ratio: 1038.02
      Required ratio:    0.00 (Cumulative side area) 

    Layer: li1
      Partial area ratio:    0.00
      Required ratio:    0.00 (Gate area) 
      Partial area ratio:    0.00
      Required ratio:   75.00 (Side area) 
      Cumulative area ratio:    0.00
      Required ratio:    0.00 (Cumulative area) 
      Cumulative area ratio:    0.00
      Required ratio:    0.00 (Cumulative side area) 

    Via: M1M2_PR
      Partial area ratio:    0.30
      Required ratio:    6.00 (Gate area) 
      Cumulative area ratio:    0.53
      Required ratio:    0.00 (Cumulative area) 

    Via: L1M1_PR
      Partial area ratio:    0.23
      Required ratio:    3.00 (Gate area) 
      Cumulative area ratio:    0.23
      Required ratio:    0.00 (Cumulative area) 


Net: _1581_
  Pin: _4588_/A (sky130_fd_sc_hd__nor2_1)
    Layer: met1
      Partial area ratio:    1.90
      Required ratio:    0.00 (Gate area) 
      Partial area ratio:   10.29
      Required ratio:  400.00 (Side area) 
      Cumulative area ratio:    1.90
      Required ratio:    0.00 (Cumulative area) 
      Cumulative area ratio:   10.29
      Required ratio:    0.00 (Cumulative side area) 

    Layer: li1
      Partial area ratio:    0.00
      Required ratio:    0.00 (Gate area) 
      Partial area ratio:    0.00
      Required ratio:   75.00 (Side area) 
      Cumulative area ratio:    0.00
      Required ratio:    0.00 (Cumulative area) 
      Cumulative area ratio:    0.00
      Required ratio:    0.00 (Cumulative side area) 

    Layer: met3
      Partial area ratio:    0.00
      Required ratio:    0.00 (Gate area) 
      Partial area ratio:    0.00
      Required ratio: 2956.40 (Side area) 
      Cumulative area ratio:    1.90
      Required ratio:    0.00 (Cumulative area) 
      Cumulative area ratio:   10.29
      Required ratio:    0.00 (Cumulative side area) 

    Layer: met4
      Partial area ratio:   41.69
      Required ratio:    0.00 (Gate area) 
      Partial area ratio:  222.97
      Required ratio: 2956.40 (Side area) 
      Cumulative area ratio:   43.59
      Required ratio:    0.00 (Cumulative area) 
      Cumulative area ratio:  233.27
      Required ratio:    0.00 (Cumulative side area) 

    Via: M2M3_PR
      Partial area ratio:    0.08
      Required ratio:    6.00 (Gate area) 
      Cumulative area ratio:    0.38
      Required ratio:    0.00 (Cumulative area) 

    Via: M1M2_PR
      Partial area ratio:    0.18
      Required ratio:    6.00 (Gate area) 
      Cumulative area ratio:    0.30
      Required ratio:    0.00 (Cumulative area) 

    Via: L1M1_PR
      Partial area ratio:    0.12
      Required ratio:    3.00 (Gate area) 
      Cumulative area ratio:    0.12
      Required ratio:    0.00 (Cumulative area) 

    Via: M3M4_PR
      Partial area ratio:    0.08
      Required ratio:    6.00 (Gate area) 
      Cumulative area ratio:    0.46
      Required ratio:    0.00 (Cumulative area) 

  Pin: _4548_/B (sky130_fd_sc_hd__or2_1)
    Layer: met4
      Partial area ratio:   41.69
      Required ratio:    0.00 (Gate area) 
      Partial area ratio:  222.97
      Required ratio: 2956.40 (Side area) 
      Cumulative area ratio:  630.96
      Required ratio:    0.00 (Cumulative area) 
      Cumulative area ratio: 3335.62
      Required ratio:    0.00 (Cumulative side area) 

    Layer: met3
      Partial area ratio:  485.00
      Required ratio:    0.00 (Gate area) 
      Partial area ratio: 2588.57
      Required ratio:  400.00 (Side area) (VIOLATED)
      Cumulative area ratio:  589.27
      Required ratio:    0.00 (Cumulative area) 
      Cumulative area ratio: 3112.64
      Required ratio:    0.00 (Cumulative side area) 

    Layer: met2
      Partial area ratio:   92.08
      Required ratio:    0.00 (Gate area) 
      Partial area ratio:  460.78
      Required ratio:  400.00 (Side area) (VIOLATED)
      Cumulative area ratio:  104.27
      Required ratio:    0.00 (Cumulative area) 
      Cumulative area ratio:  524.07
      Required ratio:    0.00 (Cumulative side area) 

    Layer: met1
      Partial area ratio:   12.19
      Required ratio:    0.00 (Gate area) 
      Partial area ratio:   63.29
      Required ratio:  400.00 (Side area) 
      Cumulative area ratio:   12.19
      Required ratio:    0.00 (Cumulative area) 
      Cumulative area ratio:   63.29
      Required ratio:    0.00 (Cumulative side area) 

    Layer: li1
      Partial area ratio:    0.00
      Required ratio:    0.00 (Gate area) 
      Partial area ratio:    0.00
      Required ratio:   75.00 (Side area) 
      Cumulative area ratio:    0.00
      Required ratio:    0.00 (Cumulative area) 
      Cumulative area ratio:    0.00
      Required ratio:    0.00 (Cumulative side area) 

    Via: M3M4_PR
      Partial area ratio:    0.16
      Required ratio:    6.00 (Gate area) 
      Cumulative area ratio:    0.81
      Required ratio:    0.00 (Cumulative area) 

    Via: M2M3_PR
      Partial area ratio:    0.16
      Required ratio:    6.00 (Gate area) 
      Cumulative area ratio:    0.66
      Required ratio:    0.00 (Cumulative area) 

    Via: M1M2_PR
      Partial area ratio:    0.27
      Required ratio:    6.00 (Gate area) 
      Cumulative area ratio:    0.50
      Required ratio:    0.00 (Cumulative area) 

    Via: L1M1_PR
      Partial area ratio:    0.23
      Required ratio:    3.00 (Gate area) 
      Cumulative area ratio:    0.23
      Required ratio:    0.00 (Cumulative area) 

  Pin: _4540_/B (sky130_fd_sc_hd__or2_1)
    Layer: met4
      Partial area ratio:   41.69
      Required ratio:    0.00 (Gate area) 
      Partial area ratio:  222.97
      Required ratio: 2956.40 (Side area) 
      Cumulative area ratio:  630.96
      Required ratio:    0.00 (Cumulative area) 
      Cumulative area ratio: 3335.62
      Required ratio:    0.00 (Cumulative side area) 

    Layer: met3
      Partial area ratio:  485.00
      Required ratio:    0.00 (Gate area) 
      Partial area ratio: 2588.57
      Required ratio:  400.00 (Side area) (VIOLATED)
      Cumulative area ratio:  589.27
      Required ratio:    0.00 (Cumulative area) 
      Cumulative area ratio: 3112.64
      Required ratio:    0.00 (Cumulative side area) 

    Layer: met2
      Partial area ratio:   92.08
      Required ratio:    0.00 (Gate area) 
      Partial area ratio:  460.78
      Required ratio:  400.00 (Side area) (VIOLATED)
      Cumulative area ratio:  104.27
      Required ratio:    0.00 (Cumulative area) 
      Cumulative area ratio:  524.07
      Required ratio:    0.00 (Cumulative side area) 

    Layer: met1
      Partial area ratio:   12.19
      Required ratio:    0.00 (Gate area) 
      Partial area ratio:   63.29
      Required ratio:  400.00 (Side area) 
      Cumulative area ratio:   12.19
      Required ratio:    0.00 (Cumulative area) 
      Cumulative area ratio:   63.29
      Required ratio:    0.00 (Cumulative side area) 

    Layer: li1
      Partial area ratio:    0.00
      Required ratio:    0.00 (Gate area) 
      Partial area ratio:    0.00
      Required ratio:   75.00 (Side area) 
      Cumulative area ratio:    0.00
      Required ratio:    0.00 (Cumulative area) 
      Cumulative area ratio:    0.00
      Required ratio:    0.00 (Cumulative side area) 

    Via: M3M4_PR
      Partial area ratio:    0.16
      Required ratio:    6.00 (Gate area) 
      Cumulative area ratio:    0.81
      Required ratio:    0.00 (Cumulative area) 

    Via: M2M3_PR
      Partial area ratio:    0.16
      Required ratio:    6.00 (Gate area) 
      Cumulative area ratio:    0.66
      Required ratio:    0.00 (Cumulative area) 

    Via: M1M2_PR
      Partial area ratio:    0.27
      Required ratio:    6.00 (Gate area) 
      Cumulative area ratio:    0.50
      Required ratio:    0.00 (Cumulative area) 

    Via: L1M1_PR
      Partial area ratio:    0.23
      Required ratio:    3.00 (Gate area) 
      Cumulative area ratio:    0.23
      Required ratio:    0.00 (Cumulative area) 

  Pin: _4585_/A (sky130_fd_sc_hd__nor2_1)
    Layer: met1
      Partial area ratio:    3.08
      Required ratio:    0.00 (Gate area) 
      Partial area ratio:   17.01
      Required ratio: 2956.40 (Side area) 
      Cumulative area ratio:    3.08
      Required ratio:    0.00 (Cumulative area) 
      Cumulative area ratio:   17.01
      Required ratio:    0.00 (Cumulative side area) 

    Layer: met2
      Partial area ratio:    1.99
      Required ratio:    0.00 (Gate area) 
      Partial area ratio:   10.15
      Required ratio: 2956.40 (Side area) 
      Cumulative area ratio:    5.08
      Required ratio:    0.00 (Cumulative area) 
      Cumulative area ratio:   27.16
      Required ratio:    0.00 (Cumulative side area) 

    Layer: met3
      Partial area ratio:    0.00
      Required ratio:    0.00 (Gate area) 
      Partial area ratio:    0.00
      Required ratio: 2956.40 (Side area) 
      Cumulative area ratio:    3.08
      Required ratio:    0.00 (Cumulative area) 
      Cumulative area ratio:   17.01
      Required ratio:    0.00 (Cumulative side area) 

    Layer: met4
      Partial area ratio:   41.69
      Required ratio:    0.00 (Gate area) 
      Partial area ratio:  222.97
      Required ratio: 2956.40 (Side area) 
      Cumulative area ratio:   44.77
      Required ratio:    0.00 (Cumulative area) 
      Cumulative area ratio:  239.98
      Required ratio:    0.00 (Cumulative side area) 

    Layer: li1
      Partial area ratio:    0.00
      Required ratio:    0.00 (Gate area) 
      Partial area ratio:    0.00
      Required ratio:   75.00 (Side area) 
      Cumulative area ratio:    0.00
      Required ratio:    0.00 (Cumulative area) 
      Cumulative area ratio:    0.00
      Required ratio:    0.00 (Cumulative side area) 

    Layer: met2
      Partial area ratio:    1.99
      Required ratio:    0.00 (Gate area) 
      Partial area ratio:   10.15
      Required ratio: 2956.40 (Side area) 
      Cumulative area ratio:    5.08
      Required ratio:    0.00 (Cumulative area) 
      Cumulative area ratio:   27.16
      Required ratio:    0.00 (Cumulative side area) 

    Via: M1M2_PR
      Partial area ratio:    0.27
      Required ratio:    6.00 (Gate area) 
      Cumulative area ratio:    0.39
      Required ratio:    0.00 (Cumulative area) 

    Via: M2M3_PR
      Partial area ratio:    0.08
      Required ratio:    6.00 (Gate area) 
      Cumulative area ratio:    0.47
      Required ratio:    0.00 (Cumulative area) 

    Via: M3M4_PR
      Partial area ratio:    0.08
      Required ratio:    6.00 (Gate area) 
      Cumulative area ratio:    0.55
      Required ratio:    0.00 (Cumulative area) 

    Via: L1M1_PR
      Partial area ratio:    0.12
      Required ratio:    3.00 (Gate area) 
      Cumulative area ratio:    0.12
      Required ratio:    0.00 (Cumulative area) 


Net: _1584_
  Pin: _4543_/A (sky130_fd_sc_hd__clkbuf_2)
    Layer: met2
      Partial area ratio:   42.08
      Required ratio:    0.00 (Gate area) 
      Partial area ratio:  210.70
      Required ratio: 2956.40 (Side area) 
      Cumulative area ratio:  324.88
      Required ratio:    0.00 (Cumulative area) 
      Cumulative area ratio: 1626.04
      Required ratio:    0.00 (Cumulative side area) 

    Layer: met1
      Partial area ratio:  282.79
      Required ratio:    0.00 (Gate area) 
      Partial area ratio: 1415.35
      Required ratio:  400.00 (Side area) (VIOLATED)
      Cumulative area ratio:  282.79
      Required ratio:    0.00 (Cumulative area) 
      Cumulative area ratio: 1415.35
      Required ratio:    0.00 (Cumulative side area) 

    Layer: li1
      Partial area ratio:    0.00
      Required ratio:    0.00 (Gate area) 
      Partial area ratio:    0.00
      Required ratio:   75.00 (Side area) 
      Cumulative area ratio:    0.00
      Required ratio:    0.00 (Cumulative area) 
      Cumulative area ratio:    0.00
      Required ratio:    0.00 (Cumulative side area) 

    Via: M1M2_PR
      Partial area ratio:    0.32
      Required ratio:    6.00 (Gate area) 
      Cumulative area ratio:    0.45
      Required ratio:    0.00 (Cumulative area) 

    Via: L1M1_PR
      Partial area ratio:    0.14
      Required ratio:    3.00 (Gate area) 
      Cumulative area ratio:    0.14
      Required ratio:    0.00 (Cumulative area) 

  Pin: _4579_/C (sky130_fd_sc_hd__and3_1)
    Layer: met2
      Partial area ratio:   42.08
      Required ratio:    0.00 (Gate area) 
      Partial area ratio:  210.70
      Required ratio: 2956.40 (Side area) 
      Cumulative area ratio:  325.83
      Required ratio:    0.00 (Cumulative area) 
      Cumulative area ratio: 1632.38
      Required ratio:    0.00 (Cumulative side area) 

    Layer: met1
      Partial area ratio:    0.96
      Required ratio:    0.00 (Gate area) 
      Partial area ratio:    6.34
      Required ratio:  400.00 (Side area) 
      Cumulative area ratio:    0.96
      Required ratio:    0.00 (Cumulative area) 
      Cumulative area ratio:    6.34
      Required ratio:    0.00 (Cumulative side area) 

    Layer: li1
      Partial area ratio:    0.00
      Required ratio:    0.00 (Gate area) 
      Partial area ratio:    0.00
      Required ratio:   75.00 (Side area) 
      Cumulative area ratio:    0.00
      Required ratio:    0.00 (Cumulative area) 
      Cumulative area ratio:    0.00
      Required ratio:    0.00 (Cumulative side area) 

    Via: M1M2_PR
      Partial area ratio:    0.27
      Required ratio:    6.00 (Gate area) 
      Cumulative area ratio:    0.50
      Required ratio:    0.00 (Cumulative area) 

    Via: L1M1_PR
      Partial area ratio:    0.23
      Required ratio:    3.00 (Gate area) 
      Cumulative area ratio:    0.23
      Required ratio:    0.00 (Cumulative area) 

  Pin: _4577_/C (sky130_fd_sc_hd__and3_1)
    Layer: met2
      Partial area ratio:   42.08
      Required ratio:    0.00 (Gate area) 
      Partial area ratio:  210.70
      Required ratio: 2956.40 (Side area) 
      Cumulative area ratio:  325.83
      Required ratio:    0.00 (Cumulative area) 
      Cumulative area ratio: 1632.38
      Required ratio:    0.00 (Cumulative side area) 

    Layer: met1
      Partial area ratio:    0.96
      Required ratio:    0.00 (Gate area) 
      Partial area ratio:    6.34
      Required ratio:  400.00 (Side area) 
      Cumulative area ratio:    0.96
      Required ratio:    0.00 (Cumulative area) 
      Cumulative area ratio:    6.34
      Required ratio:    0.00 (Cumulative side area) 

    Layer: li1
      Partial area ratio:    0.00
      Required ratio:    0.00 (Gate area) 
      Partial area ratio:    0.00
      Required ratio:   75.00 (Side area) 
      Cumulative area ratio:    0.00
      Required ratio:    0.00 (Cumulative area) 
      Cumulative area ratio:    0.00
      Required ratio:    0.00 (Cumulative side area) 

    Via: M1M2_PR
      Partial area ratio:    0.27
      Required ratio:    6.00 (Gate area) 
      Cumulative area ratio:    0.50
      Required ratio:    0.00 (Cumulative area) 

    Via: L1M1_PR
      Partial area ratio:    0.23
      Required ratio:    3.00 (Gate area) 
      Cumulative area ratio:    0.23
      Required ratio:    0.00 (Cumulative area) 

  Pin: _5472_/B (sky130_fd_sc_hd__nand2_1)
    Layer: met1
      Partial area ratio:    1.45
      Required ratio:    0.00 (Gate area) 
      Partial area ratio:    8.86
      Required ratio: 2956.40 (Side area) 
      Cumulative area ratio:    1.45
      Required ratio:    0.00 (Cumulative area) 
      Cumulative area ratio:    8.86
      Required ratio:    0.00 (Cumulative side area) 

    Layer: met2
      Partial area ratio:   42.08
      Required ratio:    0.00 (Gate area) 
      Partial area ratio:  210.70
      Required ratio: 2956.40 (Side area) 
      Cumulative area ratio:   43.54
      Required ratio:    0.00 (Cumulative area) 
      Cumulative area ratio:  219.56
      Required ratio:    0.00 (Cumulative side area) 

    Layer: met2
      Partial area ratio:   42.08
      Required ratio:    0.00 (Gate area) 
      Partial area ratio:  210.70
      Required ratio: 2956.40 (Side area) 
      Cumulative area ratio:   43.54
      Required ratio:    0.00 (Cumulative area) 
      Cumulative area ratio:  219.56
      Required ratio:    0.00 (Cumulative side area) 

    Layer: met2
      Partial area ratio:   42.08
      Required ratio:    0.00 (Gate area) 
      Partial area ratio:  210.70
      Required ratio: 2956.40 (Side area) 
      Cumulative area ratio:   43.54
      Required ratio:    0.00 (Cumulative area) 
      Cumulative area ratio:  219.56
      Required ratio:    0.00 (Cumulative side area) 

    Layer: li1
      Partial area ratio:    0.00
      Required ratio:    0.00 (Gate area) 
      Partial area ratio:    0.00
      Required ratio:   75.00 (Side area) 
      Cumulative area ratio:    0.00
      Required ratio:    0.00 (Cumulative area) 
      Cumulative area ratio:    0.00
      Required ratio:    0.00 (Cumulative side area) 

    Via: M1M2_PR
      Partial area ratio:    0.27
      Required ratio:    6.00 (Gate area) 
      Cumulative area ratio:    0.39
      Required ratio:    0.00 (Cumulative area) 

    Via: L1M1_PR
      Partial area ratio:    0.12
      Required ratio:    3.00 (Gate area) 
      Cumulative area ratio:    0.12
      Required ratio:    0.00 (Cumulative area) 


Net: _1616_
  Pin: _4593_/A (sky130_fd_sc_hd__and3_1)
    Layer: met2
      Partial area ratio:   75.50
      Required ratio:    0.00 (Gate area) 
      Partial area ratio:  377.90
      Required ratio: 3030.08 (Side area) 
      Cumulative area ratio:  242.00
      Required ratio:    0.00 (Cumulative area) 
      Cumulative area ratio: 1213.14
      Required ratio:    0.00 (Cumulative side area) 

    Layer: met1
      Partial area ratio:    4.20
      Required ratio:    0.00 (Gate area) 
      Partial area ratio:   22.57
      Required ratio:  400.00 (Side area) 
      Cumulative area ratio:    4.20
      Required ratio:    0.00 (Cumulative area) 
      Cumulative area ratio:   22.57
      Required ratio:    0.00 (Cumulative side area) 

    Layer: li1
      Partial area ratio:    0.00
      Required ratio:    0.00 (Gate area) 
      Partial area ratio:    0.00
      Required ratio:   75.00 (Side area) 
      Cumulative area ratio:    0.00
      Required ratio:    0.00 (Cumulative area) 
      Cumulative area ratio:    0.00
      Required ratio:    0.00 (Cumulative side area) 

    Via: M1M2_PR
      Partial area ratio:    0.27
      Required ratio:    6.00 (Gate area) 
      Cumulative area ratio:    0.50
      Required ratio:    0.00 (Cumulative area) 

    Via: L1M1_PR
      Partial area ratio:    0.23
      Required ratio:    3.00 (Gate area) 
      Cumulative area ratio:    0.23
      Required ratio:    0.00 (Cumulative area) 

  Pin: _4591_/A (sky130_fd_sc_hd__and3_1)
    Layer: met2
      Partial area ratio:   75.50
      Required ratio:    0.00 (Gate area) 
      Partial area ratio:  377.90
      Required ratio: 3030.08 (Side area) 
      Cumulative area ratio:  242.00
      Required ratio:    0.00 (Cumulative area) 
      Cumulative area ratio: 1213.14
      Required ratio:    0.00 (Cumulative side area) 

    Layer: met1
      Partial area ratio:    4.20
      Required ratio:    0.00 (Gate area) 
      Partial area ratio:   22.57
      Required ratio:  400.00 (Side area) 
      Cumulative area ratio:    4.20
      Required ratio:    0.00 (Cumulative area) 
      Cumulative area ratio:   22.57
      Required ratio:    0.00 (Cumulative side area) 

    Layer: li1
      Partial area ratio:    0.00
      Required ratio:    0.00 (Gate area) 
      Partial area ratio:    0.00
      Required ratio:   75.00 (Side area) 
      Cumulative area ratio:    0.00
      Required ratio:    0.00 (Cumulative area) 
      Cumulative area ratio:    0.00
      Required ratio:    0.00 (Cumulative side area) 

    Via: M1M2_PR
      Partial area ratio:    0.27
      Required ratio:    6.00 (Gate area) 
      Cumulative area ratio:    0.50
      Required ratio:    0.00 (Cumulative area) 

    Via: L1M1_PR
      Partial area ratio:    0.23
      Required ratio:    3.00 (Gate area) 
      Cumulative area ratio:    0.23
      Required ratio:    0.00 (Cumulative area) 

  Pin: _6186_/A1 (sky130_fd_sc_hd__a21o_1)
    Layer: met2
      Partial area ratio:   75.50
      Required ratio:    0.00 (Gate area) 
      Partial area ratio:  377.90
      Required ratio: 3030.08 (Side area) 
      Cumulative area ratio:  237.80
      Required ratio:    0.00 (Cumulative area) 
      Cumulative area ratio: 1190.57
      Required ratio:    0.00 (Cumulative side area) 

    Layer: met1
      Partial area ratio:  162.30
      Required ratio:    0.00 (Gate area) 
      Partial area ratio:  812.66
      Required ratio:  400.00 (Side area) (VIOLATED)
      Cumulative area ratio:  162.30
      Required ratio:    0.00 (Cumulative area) 
      Cumulative area ratio:  812.66
      Required ratio:    0.00 (Cumulative side area) 

    Layer: li1
      Partial area ratio:    0.00
      Required ratio:    0.00 (Gate area) 
      Partial area ratio:    0.00
      Required ratio:   75.00 (Side area) 
      Cumulative area ratio:    0.00
      Required ratio:    0.00 (Cumulative area) 
      Cumulative area ratio:    0.00
      Required ratio:    0.00 (Cumulative side area) 

    Via: M1M2_PR
      Partial area ratio:    0.27
      Required ratio:    6.00 (Gate area) 
      Cumulative area ratio:    0.39
      Required ratio:    0.00 (Cumulative area) 

    Via: L1M1_PR
      Partial area ratio:    0.12
      Required ratio:    3.00 (Gate area) 
      Cumulative area ratio:    0.12
      Required ratio:    0.00 (Cumulative area) 


Net: _1623_
  Pin: _4841_/A2 (sky130_fd_sc_hd__o22a_1)
    Layer: met1
      Partial area ratio:    1.97
      Required ratio:    0.00 (Gate area) 
      Partial area ratio:   10.63
      Required ratio:  400.00 (Side area) 
      Cumulative area ratio:    1.97
      Required ratio:    0.00 (Cumulative area) 
      Cumulative area ratio:   10.63
      Required ratio:    0.00 (Cumulative side area) 

    Layer: li1
      Partial area ratio:    0.00
      Required ratio:    0.00 (Gate area) 
      Partial area ratio:    0.00
      Required ratio:   75.00 (Side area) 
      Cumulative area ratio:    0.00
      Required ratio:    0.00 (Cumulative area) 
      Cumulative area ratio:    0.00
      Required ratio:    0.00 (Cumulative side area) 

    Via: M1M2_PR
      Partial area ratio:    0.18
      Required ratio:    6.00 (Gate area) 
      Cumulative area ratio:    0.30
      Required ratio:    0.00 (Cumulative area) 

    Via: L1M1_PR
      Partial area ratio:    0.12
      Required ratio:    3.00 (Gate area) 
      Cumulative area ratio:    0.12
      Required ratio:    0.00 (Cumulative area) 

  Pin: _4847_/A2 (sky130_fd_sc_hd__o22a_1)
    Layer: met1
      Partial area ratio:    0.97
      Required ratio:    0.00 (Gate area) 
      Partial area ratio:    5.63
      Required ratio:  400.00 (Side area) 
      Cumulative area ratio:    0.97
      Required ratio:    0.00 (Cumulative area) 
      Cumulative area ratio:    5.63
      Required ratio:    0.00 (Cumulative side area) 

    Layer: li1
      Partial area ratio:    0.00
      Required ratio:    0.00 (Gate area) 
      Partial area ratio:    0.00
      Required ratio:   75.00 (Side area) 
      Cumulative area ratio:    0.00
      Required ratio:    0.00 (Cumulative area) 
      Cumulative area ratio:    0.00
      Required ratio:    0.00 (Cumulative side area) 

    Via: M1M2_PR
      Partial area ratio:    0.18
      Required ratio:    6.00 (Gate area) 
      Cumulative area ratio:    0.30
      Required ratio:    0.00 (Cumulative area) 

    Via: L1M1_PR
      Partial area ratio:    0.12
      Required ratio:    3.00 (Gate area) 
      Cumulative area ratio:    0.12
      Required ratio:    0.00 (Cumulative area) 

  Pin: _4853_/A2 (sky130_fd_sc_hd__o22a_1)
    Layer: met1
      Partial area ratio:    2.90
      Required ratio:    0.00 (Gate area) 
      Partial area ratio:   15.27
      Required ratio:  400.00 (Side area) 
      Cumulative area ratio:    2.90
      Required ratio:    0.00 (Cumulative area) 
      Cumulative area ratio:   15.27
      Required ratio:    0.00 (Cumulative side area) 

    Layer: li1
      Partial area ratio:    0.00
      Required ratio:    0.00 (Gate area) 
      Partial area ratio:    0.00
      Required ratio:   75.00 (Side area) 
      Cumulative area ratio:    0.00
      Required ratio:    0.00 (Cumulative area) 
      Cumulative area ratio:    0.00
      Required ratio:    0.00 (Cumulative side area) 

    Via: M1M2_PR
      Partial area ratio:    0.18
      Required ratio:    6.00 (Gate area) 
      Cumulative area ratio:    0.30
      Required ratio:    0.00 (Cumulative area) 

    Via: L1M1_PR
      Partial area ratio:    0.12
      Required ratio:    3.00 (Gate area) 
      Cumulative area ratio:    0.12
      Required ratio:    0.00 (Cumulative area) 

  Pin: _4867_/A2 (sky130_fd_sc_hd__o22a_1)
    Layer: met1
      Partial area ratio:    6.63
      Required ratio:    0.00 (Gate area) 
      Partial area ratio:   34.53
      Required ratio:  400.00 (Side area) 
      Cumulative area ratio:    6.63
      Required ratio:    0.00 (Cumulative area) 
      Cumulative area ratio:   34.53
      Required ratio:    0.00 (Cumulative side area) 

    Layer: li1
      Partial area ratio:    0.00
      Required ratio:    0.00 (Gate area) 
      Partial area ratio:    0.00
      Required ratio:   75.00 (Side area) 
      Cumulative area ratio:    0.00
      Required ratio:    0.00 (Cumulative area) 
      Cumulative area ratio:    0.00
      Required ratio:    0.00 (Cumulative side area) 

    Via: M1M2_PR
      Partial area ratio:    0.14
      Required ratio:    6.00 (Gate area) 
      Cumulative area ratio:    0.25
      Required ratio:    0.00 (Cumulative area) 

    Via: L1M1_PR
      Partial area ratio:    0.12
      Required ratio:    3.00 (Gate area) 
      Cumulative area ratio:    0.12
      Required ratio:    0.00 (Cumulative area) 

  Pin: _4874_/A2 (sky130_fd_sc_hd__o22a_1)
    Layer: met1
      Partial area ratio:    6.63
      Required ratio:    0.00 (Gate area) 
      Partial area ratio:   34.53
      Required ratio:  400.00 (Side area) 
      Cumulative area ratio:    6.63
      Required ratio:    0.00 (Cumulative area) 
      Cumulative area ratio:   34.53
      Required ratio:    0.00 (Cumulative side area) 

    Layer: li1
      Partial area ratio:    0.00
      Required ratio:    0.00 (Gate area) 
      Partial area ratio:    0.00
      Required ratio:   75.00 (Side area) 
      Cumulative area ratio:    0.00
      Required ratio:    0.00 (Cumulative area) 
      Cumulative area ratio:    0.00
      Required ratio:    0.00 (Cumulative side area) 

    Via: M1M2_PR
      Partial area ratio:    0.14
      Required ratio:    6.00 (Gate area) 
      Cumulative area ratio:    0.25
      Required ratio:    0.00 (Cumulative area) 

    Via: L1M1_PR
      Partial area ratio:    0.12
      Required ratio:    3.00 (Gate area) 
      Cumulative area ratio:    0.12
      Required ratio:    0.00 (Cumulative area) 

  Pin: _4881_/A2 (sky130_fd_sc_hd__o22a_1)
    Layer: met1
      Partial area ratio:    1.38
      Required ratio:    0.00 (Gate area) 
      Partial area ratio:    7.69
      Required ratio:  400.00 (Side area) 
      Cumulative area ratio:    1.38
      Required ratio:    0.00 (Cumulative area) 
      Cumulative area ratio:    7.69
      Required ratio:    0.00 (Cumulative side area) 

    Layer: li1
      Partial area ratio:    0.00
      Required ratio:    0.00 (Gate area) 
      Partial area ratio:    0.00
      Required ratio:   75.00 (Side area) 
      Cumulative area ratio:    0.00
      Required ratio:    0.00 (Cumulative area) 
      Cumulative area ratio:    0.00
      Required ratio:    0.00 (Cumulative side area) 

    Via: M1M2_PR
      Partial area ratio:    0.18
      Required ratio:    6.00 (Gate area) 
      Cumulative area ratio:    0.30
      Required ratio:    0.00 (Cumulative area) 

    Via: L1M1_PR
      Partial area ratio:    0.12
      Required ratio:    3.00 (Gate area) 
      Cumulative area ratio:    0.12
      Required ratio:    0.00 (Cumulative area) 

  Pin: _4860_/A2 (sky130_fd_sc_hd__o22a_1)
    Layer: met1
      Partial area ratio:  225.22
      Required ratio:    0.00 (Gate area) 
      Partial area ratio: 1128.09
      Required ratio:  400.00 (Side area) (VIOLATED)
      Cumulative area ratio:  225.22
      Required ratio:    0.00 (Cumulative area) 
      Cumulative area ratio: 1128.09
      Required ratio:    0.00 (Cumulative side area) 

    Layer: li1
      Partial area ratio:    0.00
      Required ratio:    0.00 (Gate area) 
      Partial area ratio:    0.00
      Required ratio:   75.00 (Side area) 
      Cumulative area ratio:    0.00
      Required ratio:    0.00 (Cumulative area) 
      Cumulative area ratio:    0.00
      Required ratio:    0.00 (Cumulative side area) 

    Via: M1M2_PR
      Partial area ratio:    0.36
      Required ratio:    6.00 (Gate area) 
      Cumulative area ratio:    0.48
      Required ratio:    0.00 (Cumulative area) 

    Via: L1M1_PR
      Partial area ratio:    0.12
      Required ratio:    3.00 (Gate area) 
      Cumulative area ratio:    0.12
      Required ratio:    0.00 (Cumulative area) 

  Pin: _5210_/A2 (sky130_fd_sc_hd__o21a_1)
    Layer: met1
      Partial area ratio:    2.72
      Required ratio:    0.00 (Gate area) 
      Partial area ratio:   14.38
      Required ratio:  400.00 (Side area) 
      Cumulative area ratio:    2.72
      Required ratio:    0.00 (Cumulative area) 
      Cumulative area ratio:   14.38
      Required ratio:    0.00 (Cumulative side area) 

    Layer: li1
      Partial area ratio:    0.00
      Required ratio:    0.00 (Gate area) 
      Partial area ratio:    0.00
      Required ratio:   75.00 (Side area) 
      Cumulative area ratio:    0.00
      Required ratio:    0.00 (Cumulative area) 
      Cumulative area ratio:    0.00
      Required ratio:    0.00 (Cumulative side area) 

    Via: M1M2_PR
      Partial area ratio:    0.18
      Required ratio:    6.00 (Gate area) 
      Cumulative area ratio:    0.30
      Required ratio:    0.00 (Cumulative area) 

    Via: L1M1_PR
      Partial area ratio:    0.12
      Required ratio:    3.00 (Gate area) 
      Cumulative area ratio:    0.12
      Required ratio:    0.00 (Cumulative area) 

  Pin: _5465_/B (sky130_fd_sc_hd__nand3_1)
    Layer: met1
      Partial area ratio:    6.75
      Required ratio:    0.00 (Gate area) 
      Partial area ratio:   35.14
      Required ratio:  400.00 (Side area) 
      Cumulative area ratio:    6.75
      Required ratio:    0.00 (Cumulative area) 
      Cumulative area ratio:   35.14
      Required ratio:    0.00 (Cumulative side area) 

    Layer: li1
      Partial area ratio:    0.00
      Required ratio:    0.00 (Gate area) 
      Partial area ratio:    0.00
      Required ratio:   75.00 (Side area) 
      Cumulative area ratio:    0.00
      Required ratio:    0.00 (Cumulative area) 
      Cumulative area ratio:    0.00
      Required ratio:    0.00 (Cumulative side area) 

    Via: M1M2_PR
      Partial area ratio:    0.14
      Required ratio:    6.00 (Gate area) 
      Cumulative area ratio:    0.25
      Required ratio:    0.00 (Cumulative area) 

    Via: L1M1_PR
      Partial area ratio:    0.12
      Required ratio:    3.00 (Gate area) 
      Cumulative area ratio:    0.12
      Required ratio:    0.00 (Cumulative area) 

  Pin: _5455_/B (sky130_fd_sc_hd__nand2_1)
    Layer: met1
      Partial area ratio:    6.75
      Required ratio:    0.00 (Gate area) 
      Partial area ratio:   35.14
      Required ratio:  400.00 (Side area) 
      Cumulative area ratio:    6.75
      Required ratio:    0.00 (Cumulative area) 
      Cumulative area ratio:   35.14
      Required ratio:    0.00 (Cumulative side area) 

    Layer: li1
      Partial area ratio:    0.00
      Required ratio:    0.00 (Gate area) 
      Partial area ratio:    0.00
      Required ratio:   75.00 (Side area) 
      Cumulative area ratio:    0.00
      Required ratio:    0.00 (Cumulative area) 
      Cumulative area ratio:    0.00
      Required ratio:    0.00 (Cumulative side area) 

    Via: M1M2_PR
      Partial area ratio:    0.14
      Required ratio:    6.00 (Gate area) 
      Cumulative area ratio:    0.25
      Required ratio:    0.00 (Cumulative area) 

    Via: L1M1_PR
      Partial area ratio:    0.12
      Required ratio:    3.00 (Gate area) 
      Cumulative area ratio:    0.12
      Required ratio:    0.00 (Cumulative area) 


Net: _1825_
  Pin: _5204_/A1 (sky130_fd_sc_hd__a21o_1)
    Layer: met2
      Partial area ratio:   13.48
      Required ratio:    0.00 (Gate area) 
      Partial area ratio:   67.73
      Required ratio: 3872.32 (Side area) 
      Cumulative area ratio:  134.33
      Required ratio:    0.00 (Cumulative area) 
      Cumulative area ratio:  675.86
      Required ratio:    0.00 (Cumulative side area) 

    Layer: met1
      Partial area ratio:    0.63
      Required ratio:    0.00 (Gate area) 
      Partial area ratio:    3.92
      Required ratio:  400.00 (Side area) 
      Cumulative area ratio:    0.63
      Required ratio:    0.00 (Cumulative area) 
      Cumulative area ratio:    3.92
      Required ratio:    0.00 (Cumulative side area) 

    Layer: li1
      Partial area ratio:    0.00
      Required ratio:    0.00 (Gate area) 
      Partial area ratio:    0.00
      Required ratio:   75.00 (Side area) 
      Cumulative area ratio:    0.00
      Required ratio:    0.00 (Cumulative area) 
      Cumulative area ratio:    0.00
      Required ratio:    0.00 (Cumulative side area) 

    Via: M1M2_PR
      Partial area ratio:    0.18
      Required ratio:    6.00 (Gate area) 
      Cumulative area ratio:    0.30
      Required ratio:    0.00 (Cumulative area) 

    Via: L1M1_PR
      Partial area ratio:    0.12
      Required ratio:    3.00 (Gate area) 
      Cumulative area ratio:    0.12
      Required ratio:    0.00 (Cumulative area) 

  Pin: _5136_/A (sky130_fd_sc_hd__buf_4)
    Layer: met2
      Partial area ratio:   13.48
      Required ratio:    0.00 (Gate area) 
      Partial area ratio:   67.73
      Required ratio: 3872.32 (Side area) 
      Cumulative area ratio:  169.54
      Required ratio:    0.00 (Cumulative area) 
      Cumulative area ratio:  852.19
      Required ratio:    0.00 (Cumulative side area) 

    Layer: met1
      Partial area ratio:   35.84
      Required ratio:    0.00 (Gate area) 
      Partial area ratio:  180.25
      Required ratio:  400.00 (Side area) 
      Cumulative area ratio:   35.84
      Required ratio:    0.00 (Cumulative area) 
      Cumulative area ratio:  180.25
      Required ratio:    0.00 (Cumulative side area) 

    Layer: li1
      Partial area ratio:    0.00
      Required ratio:    0.00 (Gate area) 
      Partial area ratio:    0.00
      Required ratio:   75.00 (Side area) 
      Cumulative area ratio:    0.00
      Required ratio:    0.00 (Cumulative area) 
      Cumulative area ratio:    0.00
      Required ratio:    0.00 (Cumulative side area) 

    Via: M1M2_PR
      Partial area ratio:    0.09
      Required ratio:    6.00 (Gate area) 
      Cumulative area ratio:    0.21
      Required ratio:    0.00 (Cumulative area) 

    Via: L1M1_PR
      Partial area ratio:    0.12
      Required ratio:    3.00 (Gate area) 
      Cumulative area ratio:    0.12
      Required ratio:    0.00 (Cumulative area) 

  Pin: _5065_/A (sky130_fd_sc_hd__buf_6)
    Layer: met2
      Partial area ratio:   13.48
      Required ratio:    0.00 (Gate area) 
      Partial area ratio:   67.73
      Required ratio: 3872.32 (Side area) 
      Cumulative area ratio:  169.54
      Required ratio:    0.00 (Cumulative area) 
      Cumulative area ratio:  852.19
      Required ratio:    0.00 (Cumulative side area) 

    Layer: met1
      Partial area ratio:   35.84
      Required ratio:    0.00 (Gate area) 
      Partial area ratio:  180.25
      Required ratio:  400.00 (Side area) 
      Cumulative area ratio:   35.84
      Required ratio:    0.00 (Cumulative area) 
      Cumulative area ratio:  180.25
      Required ratio:    0.00 (Cumulative side area) 

    Layer: li1
      Partial area ratio:    0.00
      Required ratio:    0.00 (Gate area) 
      Partial area ratio:    0.00
      Required ratio:   75.00 (Side area) 
      Cumulative area ratio:    0.00
      Required ratio:    0.00 (Cumulative area) 
      Cumulative area ratio:    0.00
      Required ratio:    0.00 (Cumulative side area) 

    Via: M1M2_PR
      Partial area ratio:    0.09
      Required ratio:    6.00 (Gate area) 
      Cumulative area ratio:    0.15
      Required ratio:    0.00 (Cumulative area) 

    Via: L1M1_PR
      Partial area ratio:    0.06
      Required ratio:    3.00 (Gate area) 
      Cumulative area ratio:    0.06
      Required ratio:    0.00 (Cumulative area) 

  Pin: _5094_/B (sky130_fd_sc_hd__or2_1)
    Layer: met2
      Partial area ratio:   13.48
      Required ratio:    0.00 (Gate area) 
      Partial area ratio:   67.73
      Required ratio: 3872.32 (Side area) 
      Cumulative area ratio:  133.70
      Required ratio:    0.00 (Cumulative area) 
      Cumulative area ratio:  671.94
      Required ratio:    0.00 (Cumulative side area) 

    Layer: met1
      Partial area ratio:  120.22
      Required ratio:    0.00 (Gate area) 
      Partial area ratio:  604.21
      Required ratio:  400.00 (Side area) (VIOLATED)
      Cumulative area ratio:  120.22
      Required ratio:    0.00 (Cumulative area) 
      Cumulative area ratio:  604.21
      Required ratio:    0.00 (Cumulative side area) 

    Layer: li1
      Partial area ratio:    0.00
      Required ratio:    0.00 (Gate area) 
      Partial area ratio:    0.00
      Required ratio:   75.00 (Side area) 
      Cumulative area ratio:    0.00
      Required ratio:    0.00 (Cumulative area) 
      Cumulative area ratio:    0.00
      Required ratio:    0.00 (Cumulative side area) 

    Via: M1M2_PR
      Partial area ratio:    0.54
      Required ratio:    6.00 (Gate area) 
      Cumulative area ratio:    0.77
      Required ratio:    0.00 (Cumulative area) 

    Via: L1M1_PR
      Partial area ratio:    0.23
      Required ratio:    3.00 (Gate area) 
      Cumulative area ratio:    0.23
      Required ratio:    0.00 (Cumulative area) 

  Pin: _5087_/B (sky130_fd_sc_hd__or2_1)
    Layer: met2
      Partial area ratio:   13.48
      Required ratio:    0.00 (Gate area) 
      Partial area ratio:   67.73
      Required ratio: 3872.32 (Side area) 
      Cumulative area ratio:   18.73
      Required ratio:    0.00 (Cumulative area) 
      Cumulative area ratio:   95.52
      Required ratio:    0.00 (Cumulative side area) 

    Layer: met1
      Partial area ratio:    5.25
      Required ratio:    0.00 (Gate area) 
      Partial area ratio:   27.79
      Required ratio:  400.00 (Side area) 
      Cumulative area ratio:    5.25
      Required ratio:    0.00 (Cumulative area) 
      Cumulative area ratio:   27.79
      Required ratio:    0.00 (Cumulative side area) 

    Layer: li1
      Partial area ratio:    0.00
      Required ratio:    0.00 (Gate area) 
      Partial area ratio:    0.00
      Required ratio:   75.00 (Side area) 
      Cumulative area ratio:    0.00
      Required ratio:    0.00 (Cumulative area) 
      Cumulative area ratio:    0.00
      Required ratio:    0.00 (Cumulative side area) 

    Via: M1M2_PR
      Partial area ratio:    0.36
      Required ratio:    6.00 (Gate area) 
      Cumulative area ratio:    0.59
      Required ratio:    0.00 (Cumulative area) 

    Via: L1M1_PR
      Partial area ratio:    0.23
      Required ratio:    3.00 (Gate area) 
      Cumulative area ratio:    0.23
      Required ratio:    0.00 (Cumulative area) 

  Pin: _5074_/B (sky130_fd_sc_hd__or2_1)
    Layer: met1
      Partial area ratio:    4.03
      Required ratio:    0.00 (Gate area) 
      Partial area ratio:   21.71
      Required ratio:  400.00 (Side area) 
      Cumulative area ratio:    4.03
      Required ratio:    0.00 (Cumulative area) 
      Cumulative area ratio:   21.71
      Required ratio:    0.00 (Cumulative side area) 

    Layer: li1
      Partial area ratio:    0.00
      Required ratio:    0.00 (Gate area) 
      Partial area ratio:    0.00
      Required ratio:   75.00 (Side area) 
      Cumulative area ratio:    0.00
      Required ratio:    0.00 (Cumulative area) 
      Cumulative area ratio:    0.00
      Required ratio:    0.00 (Cumulative side area) 

    Via: M1M2_PR
      Partial area ratio:    0.36
      Required ratio:    6.00 (Gate area) 
      Cumulative area ratio:    0.59
      Required ratio:    0.00 (Cumulative area) 

    Via: L1M1_PR
      Partial area ratio:    0.23
      Required ratio:    3.00 (Gate area) 
      Cumulative area ratio:    0.23
      Required ratio:    0.00 (Cumulative area) 

  Pin: _5068_/B (sky130_fd_sc_hd__or2_1)
    Layer: met1
      Partial area ratio:    5.62
      Required ratio:    0.00 (Gate area) 
      Partial area ratio:   29.65
      Required ratio:  400.00 (Side area) 
      Cumulative area ratio:    5.62
      Required ratio:    0.00 (Cumulative area) 
      Cumulative area ratio:   29.65
      Required ratio:    0.00 (Cumulative side area) 

    Layer: li1
      Partial area ratio:    0.00
      Required ratio:    0.00 (Gate area) 
      Partial area ratio:    0.00
      Required ratio:   75.00 (Side area) 
      Cumulative area ratio:    0.00
      Required ratio:    0.00 (Cumulative area) 
      Cumulative area ratio:    0.00
      Required ratio:    0.00 (Cumulative side area) 

    Via: M1M2_PR
      Partial area ratio:    0.36
      Required ratio:    6.00 (Gate area) 
      Cumulative area ratio:    0.59
      Required ratio:    0.00 (Cumulative area) 

    Via: L1M1_PR
      Partial area ratio:    0.23
      Required ratio:    3.00 (Gate area) 
      Cumulative area ratio:    0.23
      Required ratio:    0.00 (Cumulative area) 

  Pin: _5061_/B (sky130_fd_sc_hd__or2_1)
    Layer: met1
      Partial area ratio:  493.43
      Required ratio:    0.00 (Gate area) 
      Partial area ratio: 2469.48
      Required ratio:  400.00 (Side area) (VIOLATED)
      Cumulative area ratio:  493.43
      Required ratio:    0.00 (Cumulative area) 
      Cumulative area ratio: 2469.48
      Required ratio:    0.00 (Cumulative side area) 

    Layer: li1
      Partial area ratio:    0.00
      Required ratio:    0.00 (Gate area) 
      Partial area ratio:    0.00
      Required ratio:   75.00 (Side area) 
      Cumulative area ratio:    0.00
      Required ratio:    0.00 (Cumulative area) 
      Cumulative area ratio:    0.00
      Required ratio:    0.00 (Cumulative side area) 

    Via: M1M2_PR
      Partial area ratio:    0.54
      Required ratio:    6.00 (Gate area) 
      Cumulative area ratio:    0.77
      Required ratio:    0.00 (Cumulative area) 

    Via: L1M1_PR
      Partial area ratio:    0.23
      Required ratio:    3.00 (Gate area) 
      Cumulative area ratio:    0.23
      Required ratio:    0.00 (Cumulative area) 

  Pin: _5080_/B (sky130_fd_sc_hd__or2_1)
    Layer: met1
      Partial area ratio:    3.28
      Required ratio:    0.00 (Gate area) 
      Partial area ratio:   17.96
      Required ratio:  400.00 (Side area) 
      Cumulative area ratio:    3.28
      Required ratio:    0.00 (Cumulative area) 
      Cumulative area ratio:   17.96
      Required ratio:    0.00 (Cumulative side area) 

    Layer: li1
      Partial area ratio:    0.00
      Required ratio:    0.00 (Gate area) 
      Partial area ratio:    0.00
      Required ratio:   75.00 (Side area) 
      Cumulative area ratio:    0.00
      Required ratio:    0.00 (Cumulative area) 
      Cumulative area ratio:    0.00
      Required ratio:    0.00 (Cumulative side area) 

    Via: M1M2_PR
      Partial area ratio:    0.36
      Required ratio:    6.00 (Gate area) 
      Cumulative area ratio:    0.59
      Required ratio:    0.00 (Cumulative area) 

    Via: L1M1_PR
      Partial area ratio:    0.23
      Required ratio:    3.00 (Gate area) 
      Cumulative area ratio:    0.23
      Required ratio:    0.00 (Cumulative area) 

  Pin: _4802_/A (sky130_fd_sc_hd__buf_12)
    Layer: met1
      Partial area ratio:   43.84
      Required ratio:    0.00 (Gate area) 
      Partial area ratio:  219.67
      Required ratio:  400.00 (Side area) 
      Cumulative area ratio:   43.84
      Required ratio:    0.00 (Cumulative area) 
      Cumulative area ratio:  219.67
      Required ratio:    0.00 (Cumulative side area) 

    Layer: li1
      Partial area ratio:    0.00
      Required ratio:    0.00 (Gate area) 
      Partial area ratio:    0.00
      Required ratio:   75.00 (Side area) 
      Cumulative area ratio:    0.00
      Required ratio:    0.00 (Cumulative area) 
      Cumulative area ratio:    0.00
      Required ratio:    0.00 (Cumulative side area) 

    Via: M1M2_PR
      Partial area ratio:    0.07
      Required ratio:    6.00 (Gate area) 
      Cumulative area ratio:    0.10
      Required ratio:    0.00 (Cumulative area) 

    Via: L1M1_PR
      Partial area ratio:    0.03
      Required ratio:    3.00 (Gate area) 
      Cumulative area ratio:    0.03
      Required ratio:    0.00 (Cumulative area) 


Net: _1847_
  Pin: _5182_/A1 (sky130_fd_sc_hd__a21o_1)
    Layer: met2
      Partial area ratio:   34.73
      Required ratio:    0.00 (Gate area) 
      Partial area ratio:  174.02
      Required ratio: 3134.60 (Side area) 
      Cumulative area ratio:   37.83
      Required ratio:    0.00 (Cumulative area) 
      Cumulative area ratio:  190.30
      Required ratio:    0.00 (Cumulative side area) 

    Layer: met1
      Partial area ratio:    3.10
      Required ratio:    0.00 (Gate area) 
      Partial area ratio:   16.28
      Required ratio:  400.00 (Side area) 
      Cumulative area ratio:    3.10
      Required ratio:    0.00 (Cumulative area) 
      Cumulative area ratio:   16.28
      Required ratio:    0.00 (Cumulative side area) 

    Layer: li1
      Partial area ratio:    0.00
      Required ratio:    0.00 (Gate area) 
      Partial area ratio:    0.00
      Required ratio:   75.00 (Side area) 
      Cumulative area ratio:    0.00
      Required ratio:    0.00 (Cumulative area) 
      Cumulative area ratio:    0.00
      Required ratio:    0.00 (Cumulative side area) 

    Via: M1M2_PR
      Partial area ratio:    0.14
      Required ratio:    6.00 (Gate area) 
      Cumulative area ratio:    0.25
      Required ratio:    0.00 (Cumulative area) 

    Via: L1M1_PR
      Partial area ratio:    0.12
      Required ratio:    3.00 (Gate area) 
      Cumulative area ratio:    0.12
      Required ratio:    0.00 (Cumulative area) 

  Pin: _5200_/A1 (sky130_fd_sc_hd__a21o_1)
    Layer: met2
      Partial area ratio:   34.73
      Required ratio:    0.00 (Gate area) 
      Partial area ratio:  174.02
      Required ratio: 3134.60 (Side area) 
      Cumulative area ratio:   37.83
      Required ratio:    0.00 (Cumulative area) 
      Cumulative area ratio:  190.30
      Required ratio:    0.00 (Cumulative side area) 

    Layer: met1
      Partial area ratio:    3.10
      Required ratio:    0.00 (Gate area) 
      Partial area ratio:   16.28
      Required ratio:  400.00 (Side area) 
      Cumulative area ratio:    3.10
      Required ratio:    0.00 (Cumulative area) 
      Cumulative area ratio:   16.28
      Required ratio:    0.00 (Cumulative side area) 

    Layer: li1
      Partial area ratio:    0.00
      Required ratio:    0.00 (Gate area) 
      Partial area ratio:    0.00
      Required ratio:   75.00 (Side area) 
      Cumulative area ratio:    0.00
      Required ratio:    0.00 (Cumulative area) 
      Cumulative area ratio:    0.00
      Required ratio:    0.00 (Cumulative side area) 

    Via: M1M2_PR
      Partial area ratio:    0.14
      Required ratio:    6.00 (Gate area) 
      Cumulative area ratio:    0.25
      Required ratio:    0.00 (Cumulative area) 

    Via: L1M1_PR
      Partial area ratio:    0.12
      Required ratio:    3.00 (Gate area) 
      Cumulative area ratio:    0.12
      Required ratio:    0.00 (Cumulative area) 

  Pin: _5188_/A1 (sky130_fd_sc_hd__a21o_1)
    Layer: met2
      Partial area ratio:   34.73
      Required ratio:    0.00 (Gate area) 
      Partial area ratio:  174.02
      Required ratio: 3134.60 (Side area) 
      Cumulative area ratio:   40.97
      Required ratio:    0.00 (Cumulative area) 
      Cumulative area ratio:  206.59
      Required ratio:    0.00 (Cumulative side area) 

    Layer: met1
      Partial area ratio:    6.24
      Required ratio:    0.00 (Gate area) 
      Partial area ratio:   32.57
      Required ratio:  400.00 (Side area) 
      Cumulative area ratio:    6.24
      Required ratio:    0.00 (Cumulative area) 
      Cumulative area ratio:   32.57
      Required ratio:    0.00 (Cumulative side area) 

    Layer: li1
      Partial area ratio:    0.00
      Required ratio:    0.00 (Gate area) 
      Partial area ratio:    0.00
      Required ratio:   75.00 (Side area) 
      Cumulative area ratio:    0.00
      Required ratio:    0.00 (Cumulative area) 
      Cumulative area ratio:    0.00
      Required ratio:    0.00 (Cumulative side area) 

    Via: M1M2_PR
      Partial area ratio:    0.14
      Required ratio:    6.00 (Gate area) 
      Cumulative area ratio:    0.25
      Required ratio:    0.00 (Cumulative area) 

    Via: L1M1_PR
      Partial area ratio:    0.12
      Required ratio:    3.00 (Gate area) 
      Cumulative area ratio:    0.12
      Required ratio:    0.00 (Cumulative area) 

  Pin: _5194_/A1 (sky130_fd_sc_hd__a21o_1)
    Layer: met2
      Partial area ratio:   34.73
      Required ratio:    0.00 (Gate area) 
      Partial area ratio:  174.02
      Required ratio: 3134.60 (Side area) 
      Cumulative area ratio:   40.97
      Required ratio:    0.00 (Cumulative area) 
      Cumulative area ratio:  206.59
      Required ratio:    0.00 (Cumulative side area) 

    Layer: met1
      Partial area ratio:    6.24
      Required ratio:    0.00 (Gate area) 
      Partial area ratio:   32.57
      Required ratio:  400.00 (Side area) 
      Cumulative area ratio:    6.24
      Required ratio:    0.00 (Cumulative area) 
      Cumulative area ratio:   32.57
      Required ratio:    0.00 (Cumulative side area) 

    Layer: li1
      Partial area ratio:    0.00
      Required ratio:    0.00 (Gate area) 
      Partial area ratio:    0.00
      Required ratio:   75.00 (Side area) 
      Cumulative area ratio:    0.00
      Required ratio:    0.00 (Cumulative area) 
      Cumulative area ratio:    0.00
      Required ratio:    0.00 (Cumulative side area) 

    Via: M1M2_PR
      Partial area ratio:    0.14
      Required ratio:    6.00 (Gate area) 
      Cumulative area ratio:    0.25
      Required ratio:    0.00 (Cumulative area) 

    Via: L1M1_PR
      Partial area ratio:    0.12
      Required ratio:    3.00 (Gate area) 
      Cumulative area ratio:    0.12
      Required ratio:    0.00 (Cumulative area) 

  Pin: _4824_/B (sky130_fd_sc_hd__or2_1)
    Layer: met2
      Partial area ratio:   34.73
      Required ratio:    0.00 (Gate area) 
      Partial area ratio:  174.02
      Required ratio: 3134.60 (Side area) 
      Cumulative area ratio:  187.09
      Required ratio:    0.00 (Cumulative area) 
      Cumulative area ratio:  940.48
      Required ratio:    0.00 (Cumulative side area) 

    Layer: met1
      Partial area ratio:    1.15
      Required ratio:    0.00 (Gate area) 
      Partial area ratio:    7.32
      Required ratio:  400.00 (Side area) 
      Cumulative area ratio:    1.15
      Required ratio:    0.00 (Cumulative area) 
      Cumulative area ratio:    7.32
      Required ratio:    0.00 (Cumulative side area) 

    Layer: li1
      Partial area ratio:    0.00
      Required ratio:    0.00 (Gate area) 
      Partial area ratio:    0.00
      Required ratio:   75.00 (Side area) 
      Cumulative area ratio:    0.00
      Required ratio:    0.00 (Cumulative area) 
      Cumulative area ratio:    0.00
      Required ratio:    0.00 (Cumulative side area) 

    Via: M1M2_PR
      Partial area ratio:    0.36
      Required ratio:    6.00 (Gate area) 
      Cumulative area ratio:    0.59
      Required ratio:    0.00 (Cumulative area) 

    Via: L1M1_PR
      Partial area ratio:    0.23
      Required ratio:    3.00 (Gate area) 
      Cumulative area ratio:    0.23
      Required ratio:    0.00 (Cumulative area) 

  Pin: _4848_/B (sky130_fd_sc_hd__or2_1)
    Layer: met2
      Partial area ratio:   34.73
      Required ratio:    0.00 (Gate area) 
      Partial area ratio:  174.02
      Required ratio: 3134.60 (Side area) 
      Cumulative area ratio:  211.05
      Required ratio:    0.00 (Cumulative area) 
      Cumulative area ratio: 1061.86
      Required ratio:    0.00 (Cumulative side area) 

    Layer: met1
      Partial area ratio:   25.12
      Required ratio:    0.00 (Gate area) 
      Partial area ratio:  128.71
      Required ratio:  400.00 (Side area) 
      Cumulative area ratio:   25.12
      Required ratio:    0.00 (Cumulative area) 
      Cumulative area ratio:  128.71
      Required ratio:    0.00 (Cumulative side area) 

    Layer: li1
      Partial area ratio:    0.00
      Required ratio:    0.00 (Gate area) 
      Partial area ratio:    0.00
      Required ratio:   75.00 (Side area) 
      Cumulative area ratio:    0.00
      Required ratio:    0.00 (Cumulative area) 
      Cumulative area ratio:    0.00
      Required ratio:    0.00 (Cumulative side area) 

    Via: M1M2_PR
      Partial area ratio:    0.54
      Required ratio:    6.00 (Gate area) 
      Cumulative area ratio:    0.77
      Required ratio:    0.00 (Cumulative area) 

    Via: L1M1_PR
      Partial area ratio:    0.23
      Required ratio:    3.00 (Gate area) 
      Cumulative area ratio:    0.23
      Required ratio:    0.00 (Cumulative area) 

  Pin: _4862_/B (sky130_fd_sc_hd__or2_1)
    Layer: met2
      Partial area ratio:   34.73
      Required ratio:    0.00 (Gate area) 
      Partial area ratio:  174.02
      Required ratio: 3134.60 (Side area) 
      Cumulative area ratio:  214.79
      Required ratio:    0.00 (Cumulative area) 
      Cumulative area ratio: 1082.10
      Required ratio:    0.00 (Cumulative side area) 

    Layer: met1
      Partial area ratio:    3.74
      Required ratio:    0.00 (Gate area) 
      Partial area ratio:   20.24
      Required ratio:  400.00 (Side area) 
      Cumulative area ratio:    3.74
      Required ratio:    0.00 (Cumulative area) 
      Cumulative area ratio:   20.24
      Required ratio:    0.00 (Cumulative side area) 

    Layer: li1
      Partial area ratio:    0.00
      Required ratio:    0.00 (Gate area) 
      Partial area ratio:    0.00
      Required ratio:   75.00 (Side area) 
      Cumulative area ratio:    0.00
      Required ratio:    0.00 (Cumulative area) 
      Cumulative area ratio:    0.00
      Required ratio:    0.00 (Cumulative side area) 

    Via: M1M2_PR
      Partial area ratio:    0.36
      Required ratio:    6.00 (Gate area) 
      Cumulative area ratio:    0.59
      Required ratio:    0.00 (Cumulative area) 

    Via: L1M1_PR
      Partial area ratio:    0.23
      Required ratio:    3.00 (Gate area) 
      Cumulative area ratio:    0.23
      Required ratio:    0.00 (Cumulative area) 

  Pin: _4854_/B (sky130_fd_sc_hd__or2_1)
    Layer: met2
      Partial area ratio:   34.73
      Required ratio:    0.00 (Gate area) 
      Partial area ratio:  174.02
      Required ratio: 3134.60 (Side area) 
      Cumulative area ratio:  185.94
      Required ratio:    0.00 (Cumulative area) 
      Cumulative area ratio:  933.16
      Required ratio:    0.00 (Cumulative side area) 

    Layer: met1
      Partial area ratio:  151.21
      Required ratio:    0.00 (Gate area) 
      Partial area ratio:  759.14
      Required ratio:  400.00 (Side area) (VIOLATED)
      Cumulative area ratio:  151.21
      Required ratio:    0.00 (Cumulative area) 
      Cumulative area ratio:  759.14
      Required ratio:    0.00 (Cumulative side area) 

    Layer: li1
      Partial area ratio:    0.00
      Required ratio:    0.00 (Gate area) 
      Partial area ratio:    0.00
      Required ratio:   75.00 (Side area) 
      Cumulative area ratio:    0.00
      Required ratio:    0.00 (Cumulative area) 
      Cumulative area ratio:    0.00
      Required ratio:    0.00 (Cumulative side area) 

    Via: M1M2_PR
      Partial area ratio:    0.36
      Required ratio:    6.00 (Gate area) 
      Cumulative area ratio:    0.59
      Required ratio:    0.00 (Cumulative area) 

    Via: L1M1_PR
      Partial area ratio:    0.23
      Required ratio:    3.00 (Gate area) 
      Cumulative area ratio:    0.23
      Required ratio:    0.00 (Cumulative area) 

  Pin: _4842_/B (sky130_fd_sc_hd__or2_1)
    Layer: met2
      Partial area ratio:   34.73
      Required ratio:    0.00 (Gate area) 
      Partial area ratio:  174.02
      Required ratio: 3134.60 (Side area) 
      Cumulative area ratio:  185.94
      Required ratio:    0.00 (Cumulative area) 
      Cumulative area ratio:  933.16
      Required ratio:    0.00 (Cumulative side area) 

    Layer: met1
      Partial area ratio:  151.21
      Required ratio:    0.00 (Gate area) 
      Partial area ratio:  759.14
      Required ratio:  400.00 (Side area) (VIOLATED)
      Cumulative area ratio:  151.21
      Required ratio:    0.00 (Cumulative area) 
      Cumulative area ratio:  759.14
      Required ratio:    0.00 (Cumulative side area) 

    Layer: li1
      Partial area ratio:    0.00
      Required ratio:    0.00 (Gate area) 
      Partial area ratio:    0.00
      Required ratio:   75.00 (Side area) 
      Cumulative area ratio:    0.00
      Required ratio:    0.00 (Cumulative area) 
      Cumulative area ratio:    0.00
      Required ratio:    0.00 (Cumulative side area) 

    Via: M1M2_PR
      Partial area ratio:    0.36
      Required ratio:    6.00 (Gate area) 
      Cumulative area ratio:    0.59
      Required ratio:    0.00 (Cumulative area) 

    Via: L1M1_PR
      Partial area ratio:    0.23
      Required ratio:    3.00 (Gate area) 
      Cumulative area ratio:    0.23
      Required ratio:    0.00 (Cumulative area) 

  Pin: _5205_/A2 (sky130_fd_sc_hd__a21o_1)
    Layer: met1
      Partial area ratio:    2.20
      Required ratio:    0.00 (Gate area) 
      Partial area ratio:   11.78
      Required ratio:  400.00 (Side area) 
      Cumulative area ratio:    2.20
      Required ratio:    0.00 (Cumulative area) 
      Cumulative area ratio:   11.78
      Required ratio:    0.00 (Cumulative side area) 

    Layer: li1
      Partial area ratio:    0.00
      Required ratio:    0.00 (Gate area) 
      Partial area ratio:    0.00
      Required ratio:   75.00 (Side area) 
      Cumulative area ratio:    0.00
      Required ratio:    0.00 (Cumulative area) 
      Cumulative area ratio:    0.00
      Required ratio:    0.00 (Cumulative side area) 

    Via: M1M2_PR
      Partial area ratio:    0.18
      Required ratio:    6.00 (Gate area) 
      Cumulative area ratio:    0.30
      Required ratio:    0.00 (Cumulative area) 

    Via: L1M1_PR
      Partial area ratio:    0.12
      Required ratio:    3.00 (Gate area) 
      Cumulative area ratio:    0.12
      Required ratio:    0.00 (Cumulative area) 


Net: _1858_
  Pin: _5118_/A (sky130_fd_sc_hd__clkbuf_4)
    Layer: met3
      Partial area ratio:   15.58
      Required ratio:    0.00 (Gate area) 
      Partial area ratio:   83.45
      Required ratio: 3669.20 (Side area) 
      Cumulative area ratio:  154.41
      Required ratio:    0.00 (Cumulative area) 
      Cumulative area ratio:  780.42
      Required ratio:    0.00 (Cumulative side area) 

    Layer: met2
      Partial area ratio:   47.00
      Required ratio:    0.00 (Gate area) 
      Partial area ratio:  235.28
      Required ratio:  400.00 (Side area) 
      Cumulative area ratio:  138.83
      Required ratio:    0.00 (Cumulative area) 
      Cumulative area ratio:  696.97
      Required ratio:    0.00 (Cumulative side area) 

    Layer: met1
      Partial area ratio:    3.37
      Required ratio:    0.00 (Gate area) 
      Partial area ratio:   17.75
      Required ratio:  400.00 (Side area) 
      Cumulative area ratio:    3.37
      Required ratio:    0.00 (Cumulative area) 
      Cumulative area ratio:   17.75
      Required ratio:    0.00 (Cumulative side area) 

    Layer: li1
      Partial area ratio:    0.00
      Required ratio:    0.00 (Gate area) 
      Partial area ratio:    0.00
      Required ratio:   75.00 (Side area) 
      Cumulative area ratio:    0.00
      Required ratio:    0.00 (Cumulative area) 
      Cumulative area ratio:    0.00
      Required ratio:    0.00 (Cumulative side area) 

    Via: M2M3_PR
      Partial area ratio:    0.02
      Required ratio:    6.00 (Gate area) 
      Cumulative area ratio:    0.73
      Required ratio:    0.00 (Cumulative area) 

    Via: M1M2_PR
      Partial area ratio:    0.21
      Required ratio:    6.00 (Gate area) 
      Cumulative area ratio:    0.35
      Required ratio:    0.00 (Cumulative area) 

    Via: L1M1_PR
      Partial area ratio:    0.14
      Required ratio:    3.00 (Gate area) 
      Cumulative area ratio:    0.14
      Required ratio:    0.00 (Cumulative area) 

  Pin: _5098_/A (sky130_fd_sc_hd__buf_4)
    Layer: met3
      Partial area ratio:   15.58
      Required ratio:    0.00 (Gate area) 
      Partial area ratio:   83.45
      Required ratio: 3669.20 (Side area) 
      Cumulative area ratio:  165.00
      Required ratio:    0.00 (Cumulative area) 
      Cumulative area ratio:  834.02
      Required ratio:    0.00 (Cumulative side area) 

    Layer: met2
      Partial area ratio:   47.00
      Required ratio:    0.00 (Gate area) 
      Partial area ratio:  235.28
      Required ratio:  400.00 (Side area) 
      Cumulative area ratio:  149.42
      Required ratio:    0.00 (Cumulative area) 
      Cumulative area ratio:  750.57
      Required ratio:    0.00 (Cumulative side area) 

    Layer: met1
      Partial area ratio:   13.95
      Required ratio:    0.00 (Gate area) 
      Partial area ratio:   71.34
      Required ratio:  400.00 (Side area) 
      Cumulative area ratio:   13.95
      Required ratio:    0.00 (Cumulative area) 
      Cumulative area ratio:   71.34
      Required ratio:    0.00 (Cumulative side area) 

    Layer: li1
      Partial area ratio:    0.00
      Required ratio:    0.00 (Gate area) 
      Partial area ratio:    0.00
      Required ratio:   75.00 (Side area) 
      Cumulative area ratio:    0.00
      Required ratio:    0.00 (Cumulative area) 
      Cumulative area ratio:    0.00
      Required ratio:    0.00 (Cumulative side area) 

    Via: M2M3_PR
      Partial area ratio:    0.02
      Required ratio:    6.00 (Gate area) 
      Cumulative area ratio:    0.68
      Required ratio:    0.00 (Cumulative area) 

    Via: M1M2_PR
      Partial area ratio:    0.18
      Required ratio:    6.00 (Gate area) 
      Cumulative area ratio:    0.30
      Required ratio:    0.00 (Cumulative area) 

    Via: L1M1_PR
      Partial area ratio:    0.12
      Required ratio:    3.00 (Gate area) 
      Cumulative area ratio:    0.12
      Required ratio:    0.00 (Cumulative area) 

  Pin: _4835_/A (sky130_fd_sc_hd__buf_8)
    Layer: met3
      Partial area ratio:   15.58
      Required ratio:    0.00 (Gate area) 
      Partial area ratio:   83.45
      Required ratio: 3669.20 (Side area) 
      Cumulative area ratio:  151.80
      Required ratio:    0.00 (Cumulative area) 
      Cumulative area ratio:  766.73
      Required ratio:    0.00 (Cumulative side area) 

    Layer: met2
      Partial area ratio:   47.00
      Required ratio:    0.00 (Gate area) 
      Partial area ratio:  235.28
      Required ratio:  400.00 (Side area) 
      Cumulative area ratio:  136.22
      Required ratio:    0.00 (Cumulative area) 
      Cumulative area ratio:  683.27
      Required ratio:    0.00 (Cumulative side area) 

    Layer: met1
      Partial area ratio:    0.76
      Required ratio:    0.00 (Gate area) 
      Partial area ratio:    4.05
      Required ratio:  400.00 (Side area) 
      Cumulative area ratio:    0.76
      Required ratio:    0.00 (Cumulative area) 
      Cumulative area ratio:    4.05
      Required ratio:    0.00 (Cumulative side area) 

    Layer: li1
      Partial area ratio:    0.00
      Required ratio:    0.00 (Gate area) 
      Partial area ratio:    0.00
      Required ratio:   75.00 (Side area) 
      Cumulative area ratio:    0.00
      Required ratio:    0.00 (Cumulative area) 
      Cumulative area ratio:    0.00
      Required ratio:    0.00 (Cumulative side area) 

    Via: M2M3_PR
      Partial area ratio:    0.02
      Required ratio:    6.00 (Gate area) 
      Cumulative area ratio:    0.48
      Required ratio:    0.00 (Cumulative area) 

    Via: M1M2_PR
      Partial area ratio:    0.06
      Required ratio:    6.00 (Gate area) 
      Cumulative area ratio:    0.10
      Required ratio:    0.00 (Cumulative area) 

    Via: L1M1_PR
      Partial area ratio:    0.04
      Required ratio:    3.00 (Gate area) 
      Cumulative area ratio:    0.04
      Required ratio:    0.00 (Cumulative area) 

  Pin: _5081_/B (sky130_fd_sc_hd__or2_1)
    Layer: met3
      Partial area ratio:   15.58
      Required ratio:    0.00 (Gate area) 
      Partial area ratio:   83.45
      Required ratio: 3669.20 (Side area) 
      Cumulative area ratio:  245.46
      Required ratio:    0.00 (Cumulative area) 
      Cumulative area ratio: 1237.08
      Required ratio:    0.00 (Cumulative side area) 

    Layer: met2
      Partial area ratio:   47.00
      Required ratio:    0.00 (Gate area) 
      Partial area ratio:  235.28
      Required ratio:  400.00 (Side area) 
      Cumulative area ratio:  229.88
      Required ratio:    0.00 (Cumulative area) 
      Cumulative area ratio: 1153.63
      Required ratio:    0.00 (Cumulative side area) 

    Layer: met1
      Partial area ratio:   94.41
      Required ratio:    0.00 (Gate area) 
      Partial area ratio:  474.41
      Required ratio:  400.00 (Side area) (VIOLATED)
      Cumulative area ratio:   94.41
      Required ratio:    0.00 (Cumulative area) 
      Cumulative area ratio:  474.41
      Required ratio:    0.00 (Cumulative side area) 

    Layer: li1
      Partial area ratio:    0.00
      Required ratio:    0.00 (Gate area) 
      Partial area ratio:    0.00
      Required ratio:   75.00 (Side area) 
      Cumulative area ratio:    0.00
      Required ratio:    0.00 (Cumulative area) 
      Cumulative area ratio:    0.00
      Required ratio:    0.00 (Cumulative side area) 

    Via: M2M3_PR
      Partial area ratio:    0.02
      Required ratio:    6.00 (Gate area) 
      Cumulative area ratio:    1.15
      Required ratio:    0.00 (Cumulative area) 

    Via: M1M2_PR
      Partial area ratio:    0.54
      Required ratio:    6.00 (Gate area) 
      Cumulative area ratio:    0.77
      Required ratio:    0.00 (Cumulative area) 

    Via: L1M1_PR
      Partial area ratio:    0.23
      Required ratio:    3.00 (Gate area) 
      Cumulative area ratio:    0.23
      Required ratio:    0.00 (Cumulative area) 

  Pin: _4868_/A (sky130_fd_sc_hd__buf_4)
    Layer: met3
      Partial area ratio:   15.58
      Required ratio:    0.00 (Gate area) 
      Partial area ratio:   83.45
      Required ratio: 3669.20 (Side area) 
      Cumulative area ratio:  250.05
      Required ratio:    0.00 (Cumulative area) 
      Cumulative area ratio: 1261.52
      Required ratio:    0.00 (Cumulative side area) 

    Layer: met2
      Partial area ratio:   47.00
      Required ratio:    0.00 (Gate area) 
      Partial area ratio:  235.28
      Required ratio:  400.00 (Side area) 
      Cumulative area ratio:  234.47
      Required ratio:    0.00 (Cumulative area) 
      Cumulative area ratio: 1178.06
      Required ratio:    0.00 (Cumulative side area) 

    Layer: met1
      Partial area ratio:    4.59
      Required ratio:    0.00 (Gate area) 
      Partial area ratio:   24.44
      Required ratio:  400.00 (Side area) 
      Cumulative area ratio:    4.59
      Required ratio:    0.00 (Cumulative area) 
      Cumulative area ratio:   24.44
      Required ratio:    0.00 (Cumulative side area) 

    Layer: li1
      Partial area ratio:    0.00
      Required ratio:    0.00 (Gate area) 
      Partial area ratio:    0.00
      Required ratio:   75.00 (Side area) 
      Cumulative area ratio:    0.00
      Required ratio:    0.00 (Cumulative area) 
      Cumulative area ratio:    0.00
      Required ratio:    0.00 (Cumulative side area) 

    Via: M2M3_PR
      Partial area ratio:    0.02
      Required ratio:    6.00 (Gate area) 
      Cumulative area ratio:    1.18
      Required ratio:    0.00 (Cumulative area) 

    Via: M1M2_PR
      Partial area ratio:    0.15
      Required ratio:    6.00 (Gate area) 
      Cumulative area ratio:    0.26
      Required ratio:    0.00 (Cumulative area) 

    Via: L1M1_PR
      Partial area ratio:    0.12
      Required ratio:    3.00 (Gate area) 
      Cumulative area ratio:    0.12
      Required ratio:    0.00 (Cumulative area) 

  Pin: _4937_/A (sky130_fd_sc_hd__clkbuf_2)
    Layer: met3
      Partial area ratio:   15.58
      Required ratio:    0.00 (Gate area) 
      Partial area ratio:   83.45
      Required ratio: 3669.20 (Side area) 
      Cumulative area ratio:  250.05
      Required ratio:    0.00 (Cumulative area) 
      Cumulative area ratio: 1261.52
      Required ratio:    0.00 (Cumulative side area) 

    Layer: met2
      Partial area ratio:   47.00
      Required ratio:    0.00 (Gate area) 
      Partial area ratio:  235.28
      Required ratio:  400.00 (Side area) 
      Cumulative area ratio:  234.47
      Required ratio:    0.00 (Cumulative area) 
      Cumulative area ratio: 1178.06
      Required ratio:    0.00 (Cumulative side area) 

    Layer: met1
      Partial area ratio:    4.59
      Required ratio:    0.00 (Gate area) 
      Partial area ratio:   24.44
      Required ratio:  400.00 (Side area) 
      Cumulative area ratio:    4.59
      Required ratio:    0.00 (Cumulative area) 
      Cumulative area ratio:   24.44
      Required ratio:    0.00 (Cumulative side area) 

    Layer: li1
      Partial area ratio:    0.00
      Required ratio:    0.00 (Gate area) 
      Partial area ratio:    0.00
      Required ratio:   75.00 (Side area) 
      Cumulative area ratio:    0.00
      Required ratio:    0.00 (Cumulative area) 
      Cumulative area ratio:    0.00
      Required ratio:    0.00 (Cumulative side area) 

    Via: M2M3_PR
      Partial area ratio:    0.02
      Required ratio:    6.00 (Gate area) 
      Cumulative area ratio:    1.20
      Required ratio:    0.00 (Cumulative area) 

    Via: M1M2_PR
      Partial area ratio:    0.15
      Required ratio:    6.00 (Gate area) 
      Cumulative area ratio:    0.28
      Required ratio:    0.00 (Cumulative area) 

    Via: L1M1_PR
      Partial area ratio:    0.14
      Required ratio:    3.00 (Gate area) 
      Cumulative area ratio:    0.14
      Required ratio:    0.00 (Cumulative area) 

  Pin: _5005_/A (sky130_fd_sc_hd__buf_4)
    Layer: met3
      Partial area ratio:   15.58
      Required ratio:    0.00 (Gate area) 
      Partial area ratio:   83.45
      Required ratio: 3669.20 (Side area) 
      Cumulative area ratio:  154.03
      Required ratio:    0.00 (Cumulative area) 
      Cumulative area ratio:  778.42
      Required ratio:    0.00 (Cumulative side area) 

    Layer: met2
      Partial area ratio:   47.00
      Required ratio:    0.00 (Gate area) 
      Partial area ratio:  235.28
      Required ratio:  400.00 (Side area) 
      Cumulative area ratio:  138.46
      Required ratio:    0.00 (Cumulative area) 
      Cumulative area ratio:  694.96
      Required ratio:    0.00 (Cumulative side area) 

    Layer: met1
      Partial area ratio:    2.99
      Required ratio:    0.00 (Gate area) 
      Partial area ratio:   15.74
      Required ratio:  400.00 (Side area) 
      Cumulative area ratio:    2.99
      Required ratio:    0.00 (Cumulative area) 
      Cumulative area ratio:   15.74
      Required ratio:    0.00 (Cumulative side area) 

    Layer: li1
      Partial area ratio:    0.00
      Required ratio:    0.00 (Gate area) 
      Partial area ratio:    0.00
      Required ratio:   75.00 (Side area) 
      Cumulative area ratio:    0.00
      Required ratio:    0.00 (Cumulative area) 
      Cumulative area ratio:    0.00
      Required ratio:    0.00 (Cumulative side area) 

    Via: M2M3_PR
      Partial area ratio:    0.02
      Required ratio:    6.00 (Gate area) 
      Cumulative area ratio:    0.68
      Required ratio:    0.00 (Cumulative area) 

    Via: M1M2_PR
      Partial area ratio:    0.18
      Required ratio:    6.00 (Gate area) 
      Cumulative area ratio:    0.30
      Required ratio:    0.00 (Cumulative area) 

    Via: L1M1_PR
      Partial area ratio:    0.12
      Required ratio:    3.00 (Gate area) 
      Cumulative area ratio:    0.12
      Required ratio:    0.00 (Cumulative area) 

  Pin: _5206_/A1 (sky130_fd_sc_hd__a21o_1)
    Layer: met3
      Partial area ratio:   15.58
      Required ratio:    0.00 (Gate area) 
      Partial area ratio:   83.45
      Required ratio: 3669.20 (Side area) 
      Cumulative area ratio:  151.04
      Required ratio:    0.00 (Cumulative area) 
      Cumulative area ratio:  762.68
      Required ratio:    0.00 (Cumulative side area) 

    Layer: met2
      Partial area ratio:   47.00
      Required ratio:    0.00 (Gate area) 
      Partial area ratio:  235.28
      Required ratio:  400.00 (Side area) 
      Cumulative area ratio:  135.47
      Required ratio:    0.00 (Cumulative area) 
      Cumulative area ratio:  679.22
      Required ratio:    0.00 (Cumulative side area) 

    Layer: met1
      Partial area ratio:   88.47
      Required ratio:    0.00 (Gate area) 
      Partial area ratio:  443.94
      Required ratio:  400.00 (Side area) (VIOLATED)
      Cumulative area ratio:   88.47
      Required ratio:    0.00 (Cumulative area) 
      Cumulative area ratio:  443.94
      Required ratio:    0.00 (Cumulative side area) 

    Layer: li1
      Partial area ratio:    0.00
      Required ratio:    0.00 (Gate area) 
      Partial area ratio:    0.00
      Required ratio:   75.00 (Side area) 
      Cumulative area ratio:    0.00
      Required ratio:    0.00 (Cumulative area) 
      Cumulative area ratio:    0.00
      Required ratio:    0.00 (Cumulative side area) 

    Via: M2M3_PR
      Partial area ratio:    0.02
      Required ratio:    6.00 (Gate area) 
      Cumulative area ratio:    0.50
      Required ratio:    0.00 (Cumulative area) 

    Via: M1M2_PR
      Partial area ratio:    0.36
      Required ratio:    6.00 (Gate area) 
      Cumulative area ratio:    0.48
      Required ratio:    0.00 (Cumulative area) 

    Via: L1M1_PR
      Partial area ratio:    0.12
      Required ratio:    3.00 (Gate area) 
      Cumulative area ratio:    0.12
      Required ratio:    0.00 (Cumulative area) 

  Pin: _5095_/B (sky130_fd_sc_hd__or2_1)
    Layer: met3
      Partial area ratio:   15.58
      Required ratio:    0.00 (Gate area) 
      Partial area ratio:   83.45
      Required ratio: 3669.20 (Side area) 
      Cumulative area ratio:   31.47
      Required ratio:    0.00 (Cumulative area) 
      Cumulative area ratio:  165.28
      Required ratio:    0.00 (Cumulative side area) 

    Layer: met2
      Partial area ratio:   11.66
      Required ratio:    0.00 (Gate area) 
      Partial area ratio:   59.06
      Required ratio:  400.00 (Side area) 
      Cumulative area ratio:   15.90
      Required ratio:    0.00 (Cumulative area) 
      Cumulative area ratio:   81.82
      Required ratio:    0.00 (Cumulative side area) 

    Layer: met1
      Partial area ratio:    4.24
      Required ratio:    0.00 (Gate area) 
      Partial area ratio:   22.77
      Required ratio:  400.00 (Side area) 
      Cumulative area ratio:    4.24
      Required ratio:    0.00 (Cumulative area) 
      Cumulative area ratio:   22.77
      Required ratio:    0.00 (Cumulative side area) 

    Layer: li1
      Partial area ratio:    0.00
      Required ratio:    0.00 (Gate area) 
      Partial area ratio:    0.00
      Required ratio:   75.00 (Side area) 
      Cumulative area ratio:    0.00
      Required ratio:    0.00 (Cumulative area) 
      Cumulative area ratio:    0.00
      Required ratio:    0.00 (Cumulative side area) 

    Via: M2M3_PR
      Partial area ratio:    0.16
      Required ratio:    6.00 (Gate area) 
      Cumulative area ratio:    0.75
      Required ratio:    0.00 (Cumulative area) 

    Via: M1M2_PR
      Partial area ratio:    0.36
      Required ratio:    6.00 (Gate area) 
      Cumulative area ratio:    0.59
      Required ratio:    0.00 (Cumulative area) 

    Via: L1M1_PR
      Partial area ratio:    0.23
      Required ratio:    3.00 (Gate area) 
      Cumulative area ratio:    0.23
      Required ratio:    0.00 (Cumulative area) 

  Pin: _5088_/B (sky130_fd_sc_hd__or2_1)
    Layer: met3
      Partial area ratio:   15.58
      Required ratio:    0.00 (Gate area) 
      Partial area ratio:   83.45
      Required ratio: 3669.20 (Side area) 
      Cumulative area ratio:   31.15
      Required ratio:    0.00 (Cumulative area) 
      Cumulative area ratio:  163.66
      Required ratio:    0.00 (Cumulative side area) 

    Layer: met2
      Partial area ratio:   11.66
      Required ratio:    0.00 (Gate area) 
      Partial area ratio:   59.06
      Required ratio:  400.00 (Side area) 
      Cumulative area ratio:   15.58
      Required ratio:    0.00 (Cumulative area) 
      Cumulative area ratio:   80.21
      Required ratio:    0.00 (Cumulative side area) 

    Layer: met1
      Partial area ratio:    3.92
      Required ratio:    0.00 (Gate area) 
      Partial area ratio:   21.16
      Required ratio:  400.00 (Side area) 
      Cumulative area ratio:    3.92
      Required ratio:    0.00 (Cumulative area) 
      Cumulative area ratio:   21.16
      Required ratio:    0.00 (Cumulative side area) 

    Layer: li1
      Partial area ratio:    0.00
      Required ratio:    0.00 (Gate area) 
      Partial area ratio:    0.00
      Required ratio:   75.00 (Side area) 
      Cumulative area ratio:    0.00
      Required ratio:    0.00 (Cumulative area) 
      Cumulative area ratio:    0.00
      Required ratio:    0.00 (Cumulative side area) 

    Via: M2M3_PR
      Partial area ratio:    0.16
      Required ratio:    6.00 (Gate area) 
      Cumulative area ratio:    0.75
      Required ratio:    0.00 (Cumulative area) 

    Via: M1M2_PR
      Partial area ratio:    0.36
      Required ratio:    6.00 (Gate area) 
      Cumulative area ratio:    0.59
      Required ratio:    0.00 (Cumulative area) 

    Via: L1M1_PR
      Partial area ratio:    0.23
      Required ratio:    3.00 (Gate area) 
      Cumulative area ratio:    0.23
      Required ratio:    0.00 (Cumulative area) 


Net: _1859_
  Pin: _4836_/B (sky130_fd_sc_hd__or2_1)
    Layer: met2
      Partial area ratio:   77.59
      Required ratio:    0.00 (Gate area) 
      Partial area ratio:  388.72
      Required ratio: 3312.80 (Side area) 
      Cumulative area ratio:   89.94
      Required ratio:    0.00 (Cumulative area) 
      Cumulative area ratio:  453.32
      Required ratio:    0.00 (Cumulative side area) 

    Layer: met1
      Partial area ratio:   12.35
      Required ratio:    0.00 (Gate area) 
      Partial area ratio:   64.60
      Required ratio:  400.00 (Side area) 
      Cumulative area ratio:   12.35
      Required ratio:    0.00 (Cumulative area) 
      Cumulative area ratio:   64.60
      Required ratio:    0.00 (Cumulative side area) 

    Layer: li1
      Partial area ratio:    0.00
      Required ratio:    0.00 (Gate area) 
      Partial area ratio:    0.00
      Required ratio:   75.00 (Side area) 
      Cumulative area ratio:    0.00
      Required ratio:    0.00 (Cumulative area) 
      Cumulative area ratio:    0.00
      Required ratio:    0.00 (Cumulative side area) 

    Via: M1M2_PR
      Partial area ratio:    0.24
      Required ratio:    6.00 (Gate area) 
      Cumulative area ratio:    0.47
      Required ratio:    0.00 (Cumulative area) 

    Via: L1M1_PR
      Partial area ratio:    0.23
      Required ratio:    3.00 (Gate area) 
      Cumulative area ratio:    0.23
      Required ratio:    0.00 (Cumulative area) 

  Pin: _4858_/B (sky130_fd_sc_hd__or2_1)
    Layer: met2
      Partial area ratio:   77.59
      Required ratio:    0.00 (Gate area) 
      Partial area ratio:  388.72
      Required ratio: 3312.80 (Side area) 
      Cumulative area ratio:   89.94
      Required ratio:    0.00 (Cumulative area) 
      Cumulative area ratio:  453.32
      Required ratio:    0.00 (Cumulative side area) 

    Layer: met1
      Partial area ratio:   12.35
      Required ratio:    0.00 (Gate area) 
      Partial area ratio:   64.60
      Required ratio:  400.00 (Side area) 
      Cumulative area ratio:   12.35
      Required ratio:    0.00 (Cumulative area) 
      Cumulative area ratio:   64.60
      Required ratio:    0.00 (Cumulative side area) 

    Layer: li1
      Partial area ratio:    0.00
      Required ratio:    0.00 (Gate area) 
      Partial area ratio:    0.00
      Required ratio:   75.00 (Side area) 
      Cumulative area ratio:    0.00
      Required ratio:    0.00 (Cumulative area) 
      Cumulative area ratio:    0.00
      Required ratio:    0.00 (Cumulative side area) 

    Via: M1M2_PR
      Partial area ratio:    0.24
      Required ratio:    6.00 (Gate area) 
      Cumulative area ratio:    0.47
      Required ratio:    0.00 (Cumulative area) 

    Via: L1M1_PR
      Partial area ratio:    0.23
      Required ratio:    3.00 (Gate area) 
      Cumulative area ratio:    0.23
      Required ratio:    0.00 (Cumulative area) 

  Pin: _5085_/B (sky130_fd_sc_hd__or2_1)
    Layer: met2
      Partial area ratio:   77.59
      Required ratio:    0.00 (Gate area) 
      Partial area ratio:  388.72
      Required ratio: 3312.80 (Side area) 
      Cumulative area ratio:   89.94
      Required ratio:    0.00 (Cumulative area) 
      Cumulative area ratio:  453.32
      Required ratio:    0.00 (Cumulative side area) 

    Layer: met1
      Partial area ratio:   12.35
      Required ratio:    0.00 (Gate area) 
      Partial area ratio:   64.60
      Required ratio:  400.00 (Side area) 
      Cumulative area ratio:   12.35
      Required ratio:    0.00 (Cumulative area) 
      Cumulative area ratio:   64.60
      Required ratio:    0.00 (Cumulative side area) 

    Layer: li1
      Partial area ratio:    0.00
      Required ratio:    0.00 (Gate area) 
      Partial area ratio:    0.00
      Required ratio:   75.00 (Side area) 
      Cumulative area ratio:    0.00
      Required ratio:    0.00 (Cumulative area) 
      Cumulative area ratio:    0.00
      Required ratio:    0.00 (Cumulative side area) 

    Via: M1M2_PR
      Partial area ratio:    0.24
      Required ratio:    6.00 (Gate area) 
      Cumulative area ratio:    0.47
      Required ratio:    0.00 (Cumulative area) 

    Via: L1M1_PR
      Partial area ratio:    0.23
      Required ratio:    3.00 (Gate area) 
      Cumulative area ratio:    0.23
      Required ratio:    0.00 (Cumulative area) 

  Pin: _5092_/B (sky130_fd_sc_hd__or2_1)
    Layer: met2
      Partial area ratio:   77.59
      Required ratio:    0.00 (Gate area) 
      Partial area ratio:  388.72
      Required ratio: 3312.80 (Side area) 
      Cumulative area ratio:   81.11
      Required ratio:    0.00 (Cumulative area) 
      Cumulative area ratio:  407.87
      Required ratio:    0.00 (Cumulative side area) 

    Layer: met1
      Partial area ratio:    3.52
      Required ratio:    0.00 (Gate area) 
      Partial area ratio:   19.15
      Required ratio:  400.00 (Side area) 
      Cumulative area ratio:    3.52
      Required ratio:    0.00 (Cumulative area) 
      Cumulative area ratio:   19.15
      Required ratio:    0.00 (Cumulative side area) 

    Layer: li1
      Partial area ratio:    0.00
      Required ratio:    0.00 (Gate area) 
      Partial area ratio:    0.00
      Required ratio:   75.00 (Side area) 
      Cumulative area ratio:    0.00
      Required ratio:    0.00 (Cumulative area) 
      Cumulative area ratio:    0.00
      Required ratio:    0.00 (Cumulative side area) 

    Via: M1M2_PR
      Partial area ratio:    0.36
      Required ratio:    6.00 (Gate area) 
      Cumulative area ratio:    0.59
      Required ratio:    0.00 (Cumulative area) 

    Via: L1M1_PR
      Partial area ratio:    0.23
      Required ratio:    3.00 (Gate area) 
      Cumulative area ratio:    0.23
      Required ratio:    0.00 (Cumulative area) 

  Pin: _5078_/B (sky130_fd_sc_hd__or2_1)
    Layer: met2
      Partial area ratio:   77.59
      Required ratio:    0.00 (Gate area) 
      Partial area ratio:  388.72
      Required ratio: 3312.80 (Side area) 
      Cumulative area ratio:   79.73
      Required ratio:    0.00 (Cumulative area) 
      Cumulative area ratio:  400.98
      Required ratio:    0.00 (Cumulative side area) 

    Layer: met1
      Partial area ratio:    2.14
      Required ratio:    0.00 (Gate area) 
      Partial area ratio:   12.26
      Required ratio:  400.00 (Side area) 
      Cumulative area ratio:    2.14
      Required ratio:    0.00 (Cumulative area) 
      Cumulative area ratio:   12.26
      Required ratio:    0.00 (Cumulative side area) 

    Layer: li1
      Partial area ratio:    0.00
      Required ratio:    0.00 (Gate area) 
      Partial area ratio:    0.00
      Required ratio:   75.00 (Side area) 
      Cumulative area ratio:    0.00
      Required ratio:    0.00 (Cumulative area) 
      Cumulative area ratio:    0.00
      Required ratio:    0.00 (Cumulative side area) 

    Via: M1M2_PR
      Partial area ratio:    0.36
      Required ratio:    6.00 (Gate area) 
      Cumulative area ratio:    0.59
      Required ratio:    0.00 (Cumulative area) 

    Via: L1M1_PR
      Partial area ratio:    0.23
      Required ratio:    3.00 (Gate area) 
      Cumulative area ratio:    0.23
      Required ratio:    0.00 (Cumulative area) 

  Pin: _4851_/B (sky130_fd_sc_hd__or2_1)
    Layer: met2
      Partial area ratio:   77.59
      Required ratio:    0.00 (Gate area) 
      Partial area ratio:  388.72
      Required ratio: 3312.80 (Side area) 
      Cumulative area ratio:   82.29
      Required ratio:    0.00 (Cumulative area) 
      Cumulative area ratio:  413.77
      Required ratio:    0.00 (Cumulative side area) 

    Layer: met1
      Partial area ratio:    4.70
      Required ratio:    0.00 (Gate area) 
      Partial area ratio:   25.04
      Required ratio:  400.00 (Side area) 
      Cumulative area ratio:    4.70
      Required ratio:    0.00 (Cumulative area) 
      Cumulative area ratio:   25.04
      Required ratio:    0.00 (Cumulative side area) 

    Layer: li1
      Partial area ratio:    0.00
      Required ratio:    0.00 (Gate area) 
      Partial area ratio:    0.00
      Required ratio:   75.00 (Side area) 
      Cumulative area ratio:    0.00
      Required ratio:    0.00 (Cumulative area) 
      Cumulative area ratio:    0.00
      Required ratio:    0.00 (Cumulative side area) 

    Via: M1M2_PR
      Partial area ratio:    0.36
      Required ratio:    6.00 (Gate area) 
      Cumulative area ratio:    0.59
      Required ratio:    0.00 (Cumulative area) 

    Via: L1M1_PR
      Partial area ratio:    0.23
      Required ratio:    3.00 (Gate area) 
      Cumulative area ratio:    0.23
      Required ratio:    0.00 (Cumulative area) 

  Pin: _4865_/B (sky130_fd_sc_hd__or2_2)
    Layer: met2
      Partial area ratio:   77.59
      Required ratio:    0.00 (Gate area) 
      Partial area ratio:  388.72
      Required ratio: 3312.80 (Side area) 
      Cumulative area ratio:  275.89
      Required ratio:    0.00 (Cumulative area) 
      Cumulative area ratio: 1382.54
      Required ratio:    0.00 (Cumulative side area) 

    Layer: met1
      Partial area ratio:  198.30
      Required ratio:    0.00 (Gate area) 
      Partial area ratio:  993.82
      Required ratio:  400.00 (Side area) (VIOLATED)
      Cumulative area ratio:  198.30
      Required ratio:    0.00 (Cumulative area) 
      Cumulative area ratio:  993.82
      Required ratio:    0.00 (Cumulative side area) 

    Layer: li1
      Partial area ratio:    0.00
      Required ratio:    0.00 (Gate area) 
      Partial area ratio:    0.00
      Required ratio:   75.00 (Side area) 
      Cumulative area ratio:    0.00
      Required ratio:    0.00 (Cumulative area) 
      Cumulative area ratio:    0.00
      Required ratio:    0.00 (Cumulative side area) 

    Via: M1M2_PR
      Partial area ratio:    0.36
      Required ratio:    6.00 (Gate area) 
      Cumulative area ratio:    0.59
      Required ratio:    0.00 (Cumulative area) 

    Via: L1M1_PR
      Partial area ratio:    0.23
      Required ratio:    3.00 (Gate area) 
      Cumulative area ratio:    0.23
      Required ratio:    0.00 (Cumulative area) 

  Pin: _4872_/B (sky130_fd_sc_hd__or2_1)
    Layer: met2
      Partial area ratio:   77.59
      Required ratio:    0.00 (Gate area) 
      Partial area ratio:  388.72
      Required ratio: 3312.80 (Side area) 
      Cumulative area ratio:   89.74
      Required ratio:    0.00 (Cumulative area) 
      Cumulative area ratio:  452.59
      Required ratio:    0.00 (Cumulative side area) 

    Layer: met1
      Partial area ratio:   12.15
      Required ratio:    0.00 (Gate area) 
      Partial area ratio:   63.87
      Required ratio:  400.00 (Side area) 
      Cumulative area ratio:   12.15
      Required ratio:    0.00 (Cumulative area) 
      Cumulative area ratio:   63.87
      Required ratio:    0.00 (Cumulative side area) 

    Layer: li1
      Partial area ratio:    0.00
      Required ratio:    0.00 (Gate area) 
      Partial area ratio:    0.00
      Required ratio:   75.00 (Side area) 
      Cumulative area ratio:    0.00
      Required ratio:    0.00 (Cumulative area) 
      Cumulative area ratio:    0.00
      Required ratio:    0.00 (Cumulative side area) 

    Via: M1M2_PR
      Partial area ratio:    0.36
      Required ratio:    6.00 (Gate area) 
      Cumulative area ratio:    0.59
      Required ratio:    0.00 (Cumulative area) 

    Via: L1M1_PR
      Partial area ratio:    0.23
      Required ratio:    3.00 (Gate area) 
      Cumulative area ratio:    0.23
      Required ratio:    0.00 (Cumulative area) 

  Pin: _5072_/B (sky130_fd_sc_hd__or2_1)
    Layer: met1
      Partial area ratio:    6.29
      Required ratio:    0.00 (Gate area) 
      Partial area ratio:   32.98
      Required ratio:  400.00 (Side area) 
      Cumulative area ratio:    6.29
      Required ratio:    0.00 (Cumulative area) 
      Cumulative area ratio:   32.98
      Required ratio:    0.00 (Cumulative side area) 

    Layer: li1
      Partial area ratio:    0.00
      Required ratio:    0.00 (Gate area) 
      Partial area ratio:    0.00
      Required ratio:   75.00 (Side area) 
      Cumulative area ratio:    0.00
      Required ratio:    0.00 (Cumulative area) 
      Cumulative area ratio:    0.00
      Required ratio:    0.00 (Cumulative side area) 

    Via: M1M2_PR
      Partial area ratio:    0.36
      Required ratio:    6.00 (Gate area) 
      Cumulative area ratio:    0.59
      Required ratio:    0.00 (Cumulative area) 

    Via: L1M1_PR
      Partial area ratio:    0.23
      Required ratio:    3.00 (Gate area) 
      Cumulative area ratio:    0.23
      Required ratio:    0.00 (Cumulative area) 

  Pin: _4845_/B (sky130_fd_sc_hd__or2_1)
    Layer: met1
      Partial area ratio:    2.73
      Required ratio:    0.00 (Gate area) 
      Partial area ratio:   15.21
      Required ratio:  400.00 (Side area) 
      Cumulative area ratio:    2.73
      Required ratio:    0.00 (Cumulative area) 
      Cumulative area ratio:   15.21
      Required ratio:    0.00 (Cumulative side area) 

    Layer: li1
      Partial area ratio:    0.00
      Required ratio:    0.00 (Gate area) 
      Partial area ratio:    0.00
      Required ratio:   75.00 (Side area) 
      Cumulative area ratio:    0.00
      Required ratio:    0.00 (Cumulative area) 
      Cumulative area ratio:    0.00
      Required ratio:    0.00 (Cumulative side area) 

    Via: M1M2_PR
      Partial area ratio:    0.36
      Required ratio:    6.00 (Gate area) 
      Cumulative area ratio:    0.59
      Required ratio:    0.00 (Cumulative area) 

    Via: L1M1_PR
      Partial area ratio:    0.23
      Required ratio:    3.00 (Gate area) 
      Cumulative area ratio:    0.23
      Required ratio:    0.00 (Cumulative area) 


Net: _1899_
  Pin: _5179_/A3 (sky130_fd_sc_hd__a31o_1)
    Layer: met1
      Partial area ratio:   11.75
      Required ratio:    0.00 (Gate area) 
      Partial area ratio:   59.94
      Required ratio:  400.00 (Side area) 
      Cumulative area ratio:   11.75
      Required ratio:    0.00 (Cumulative area) 
      Cumulative area ratio:   59.94
      Required ratio:    0.00 (Cumulative side area) 

    Layer: li1
      Partial area ratio:    0.00
      Required ratio:    0.00 (Gate area) 
      Partial area ratio:    0.00
      Required ratio:   75.00 (Side area) 
      Cumulative area ratio:    0.00
      Required ratio:    0.00 (Cumulative area) 
      Cumulative area ratio:    0.00
      Required ratio:    0.00 (Cumulative side area) 

    Via: M1M2_PR
      Partial area ratio:    0.18
      Required ratio:    6.00 (Gate area) 
      Cumulative area ratio:    0.30
      Required ratio:    0.00 (Cumulative area) 

    Via: L1M1_PR
      Partial area ratio:    0.12
      Required ratio:    3.00 (Gate area) 
      Cumulative area ratio:    0.12
      Required ratio:    0.00 (Cumulative area) 

  Pin: _5167_/A3 (sky130_fd_sc_hd__a31o_1)
    Layer: met1
      Partial area ratio:   13.04
      Required ratio:    0.00 (Gate area) 
      Partial area ratio:   66.63
      Required ratio:  400.00 (Side area) 
      Cumulative area ratio:   13.04
      Required ratio:    0.00 (Cumulative area) 
      Cumulative area ratio:   66.63
      Required ratio:    0.00 (Cumulative side area) 

    Layer: li1
      Partial area ratio:    0.00
      Required ratio:    0.00 (Gate area) 
      Partial area ratio:    0.00
      Required ratio:   75.00 (Side area) 
      Cumulative area ratio:    0.00
      Required ratio:    0.00 (Cumulative area) 
      Cumulative area ratio:    0.00
      Required ratio:    0.00 (Cumulative side area) 

    Via: M1M2_PR
      Partial area ratio:    0.15
      Required ratio:    6.00 (Gate area) 
      Cumulative area ratio:    0.27
      Required ratio:    0.00 (Cumulative area) 

    Via: L1M1_PR
      Partial area ratio:    0.12
      Required ratio:    3.00 (Gate area) 
      Cumulative area ratio:    0.12
      Required ratio:    0.00 (Cumulative area) 

  Pin: _5203_/A3 (sky130_fd_sc_hd__a31o_1)
    Layer: met1
      Partial area ratio:    6.53
      Required ratio:    0.00 (Gate area) 
      Partial area ratio:   34.24
      Required ratio:  400.00 (Side area) 
      Cumulative area ratio:    6.53
      Required ratio:    0.00 (Cumulative area) 
      Cumulative area ratio:   34.24
      Required ratio:    0.00 (Cumulative side area) 

    Layer: li1
      Partial area ratio:    0.00
      Required ratio:    0.00 (Gate area) 
      Partial area ratio:    0.00
      Required ratio:   75.00 (Side area) 
      Cumulative area ratio:    0.00
      Required ratio:    0.00 (Cumulative area) 
      Cumulative area ratio:    0.00
      Required ratio:    0.00 (Cumulative side area) 

    Via: M1M2_PR
      Partial area ratio:    0.18
      Required ratio:    6.00 (Gate area) 
      Cumulative area ratio:    0.30
      Required ratio:    0.00 (Cumulative area) 

    Via: L1M1_PR
      Partial area ratio:    0.12
      Required ratio:    3.00 (Gate area) 
      Cumulative area ratio:    0.12
      Required ratio:    0.00 (Cumulative area) 

  Pin: _4883_/A (sky130_fd_sc_hd__buf_4)
    Layer: met1
      Partial area ratio:    1.50
      Required ratio:    0.00 (Gate area) 
      Partial area ratio:    8.27
      Required ratio:  400.00 (Side area) 
      Cumulative area ratio:    1.50
      Required ratio:    0.00 (Cumulative area) 
      Cumulative area ratio:    8.27
      Required ratio:    0.00 (Cumulative side area) 

    Layer: li1
      Partial area ratio:    0.00
      Required ratio:    0.00 (Gate area) 
      Partial area ratio:    0.00
      Required ratio:   75.00 (Side area) 
      Cumulative area ratio:    0.00
      Required ratio:    0.00 (Cumulative area) 
      Cumulative area ratio:    0.00
      Required ratio:    0.00 (Cumulative side area) 

    Via: M1M2_PR
      Partial area ratio:    0.18
      Required ratio:    6.00 (Gate area) 
      Cumulative area ratio:    0.30
      Required ratio:    0.00 (Cumulative area) 

    Via: L1M1_PR
      Partial area ratio:    0.12
      Required ratio:    3.00 (Gate area) 
      Cumulative area ratio:    0.12
      Required ratio:    0.00 (Cumulative area) 

  Pin: _5161_/A3 (sky130_fd_sc_hd__a31o_1)
    Layer: met1
      Partial area ratio:   13.04
      Required ratio:    0.00 (Gate area) 
      Partial area ratio:   66.63
      Required ratio:  400.00 (Side area) 
      Cumulative area ratio:   13.04
      Required ratio:    0.00 (Cumulative area) 
      Cumulative area ratio:   66.63
      Required ratio:    0.00 (Cumulative side area) 

    Layer: li1
      Partial area ratio:    0.00
      Required ratio:    0.00 (Gate area) 
      Partial area ratio:    0.00
      Required ratio:   75.00 (Side area) 
      Cumulative area ratio:    0.00
      Required ratio:    0.00 (Cumulative area) 
      Cumulative area ratio:    0.00
      Required ratio:    0.00 (Cumulative side area) 

    Via: M1M2_PR
      Partial area ratio:    0.15
      Required ratio:    6.00 (Gate area) 
      Cumulative area ratio:    0.27
      Required ratio:    0.00 (Cumulative area) 

    Via: L1M1_PR
      Partial area ratio:    0.12
      Required ratio:    3.00 (Gate area) 
      Cumulative area ratio:    0.12
      Required ratio:    0.00 (Cumulative area) 

  Pin: _5173_/A3 (sky130_fd_sc_hd__a31o_1)
    Layer: met1
      Partial area ratio:   13.04
      Required ratio:    0.00 (Gate area) 
      Partial area ratio:   66.63
      Required ratio:  400.00 (Side area) 
      Cumulative area ratio:   13.04
      Required ratio:    0.00 (Cumulative area) 
      Cumulative area ratio:   66.63
      Required ratio:    0.00 (Cumulative side area) 

    Layer: li1
      Partial area ratio:    0.00
      Required ratio:    0.00 (Gate area) 
      Partial area ratio:    0.00
      Required ratio:   75.00 (Side area) 
      Cumulative area ratio:    0.00
      Required ratio:    0.00 (Cumulative area) 
      Cumulative area ratio:    0.00
      Required ratio:    0.00 (Cumulative side area) 

    Via: M1M2_PR
      Partial area ratio:    0.15
      Required ratio:    6.00 (Gate area) 
      Cumulative area ratio:    0.27
      Required ratio:    0.00 (Cumulative area) 

    Via: L1M1_PR
      Partial area ratio:    0.12
      Required ratio:    3.00 (Gate area) 
      Cumulative area ratio:    0.12
      Required ratio:    0.00 (Cumulative area) 

  Pin: _5185_/A3 (sky130_fd_sc_hd__a31o_1)
    Layer: met1
      Partial area ratio:   11.75
      Required ratio:    0.00 (Gate area) 
      Partial area ratio:   59.94
      Required ratio:  400.00 (Side area) 
      Cumulative area ratio:   11.75
      Required ratio:    0.00 (Cumulative area) 
      Cumulative area ratio:   59.94
      Required ratio:    0.00 (Cumulative side area) 

    Layer: li1
      Partial area ratio:    0.00
      Required ratio:    0.00 (Gate area) 
      Partial area ratio:    0.00
      Required ratio:   75.00 (Side area) 
      Cumulative area ratio:    0.00
      Required ratio:    0.00 (Cumulative area) 
      Cumulative area ratio:    0.00
      Required ratio:    0.00 (Cumulative side area) 

    Via: M1M2_PR
      Partial area ratio:    0.18
      Required ratio:    6.00 (Gate area) 
      Cumulative area ratio:    0.30
      Required ratio:    0.00 (Cumulative area) 

    Via: L1M1_PR
      Partial area ratio:    0.12
      Required ratio:    3.00 (Gate area) 
      Cumulative area ratio:    0.12
      Required ratio:    0.00 (Cumulative area) 

  Pin: _5191_/A3 (sky130_fd_sc_hd__a31o_1)
    Layer: met1
      Partial area ratio:    4.53
      Required ratio:    0.00 (Gate area) 
      Partial area ratio:   24.03
      Required ratio:  400.00 (Side area) 
      Cumulative area ratio:    4.53
      Required ratio:    0.00 (Cumulative area) 
      Cumulative area ratio:   24.03
      Required ratio:    0.00 (Cumulative side area) 

    Layer: li1
      Partial area ratio:    0.00
      Required ratio:    0.00 (Gate area) 
      Partial area ratio:    0.00
      Required ratio:   75.00 (Side area) 
      Cumulative area ratio:    0.00
      Required ratio:    0.00 (Cumulative area) 
      Cumulative area ratio:    0.00
      Required ratio:    0.00 (Cumulative side area) 

    Via: M1M2_PR
      Partial area ratio:    0.18
      Required ratio:    6.00 (Gate area) 
      Cumulative area ratio:    0.30
      Required ratio:    0.00 (Cumulative area) 

    Via: L1M1_PR
      Partial area ratio:    0.12
      Required ratio:    3.00 (Gate area) 
      Cumulative area ratio:    0.12
      Required ratio:    0.00 (Cumulative area) 

  Pin: _5197_/A3 (sky130_fd_sc_hd__a31o_1)
    Layer: met1
      Partial area ratio:    4.53
      Required ratio:    0.00 (Gate area) 
      Partial area ratio:   24.03
      Required ratio:  400.00 (Side area) 
      Cumulative area ratio:    4.53
      Required ratio:    0.00 (Cumulative area) 
      Cumulative area ratio:   24.03
      Required ratio:    0.00 (Cumulative side area) 

    Layer: li1
      Partial area ratio:    0.00
      Required ratio:    0.00 (Gate area) 
      Partial area ratio:    0.00
      Required ratio:   75.00 (Side area) 
      Cumulative area ratio:    0.00
      Required ratio:    0.00 (Cumulative area) 
      Cumulative area ratio:    0.00
      Required ratio:    0.00 (Cumulative side area) 

    Via: M1M2_PR
      Partial area ratio:    0.18
      Required ratio:    6.00 (Gate area) 
      Cumulative area ratio:    0.30
      Required ratio:    0.00 (Cumulative area) 

    Via: L1M1_PR
      Partial area ratio:    0.12
      Required ratio:    3.00 (Gate area) 
      Cumulative area ratio:    0.12
      Required ratio:    0.00 (Cumulative area) 

  Pin: _5209_/B (sky130_fd_sc_hd__nand2_1)
    Layer: met1
      Partial area ratio:   88.42
      Required ratio:    0.00 (Gate area) 
      Partial area ratio:  443.67
      Required ratio:  400.00 (Side area) (VIOLATED)
      Cumulative area ratio:   88.42
      Required ratio:    0.00 (Cumulative area) 
      Cumulative area ratio:  443.67
      Required ratio:    0.00 (Cumulative side area) 

    Layer: li1
      Partial area ratio:    0.00
      Required ratio:    0.00 (Gate area) 
      Partial area ratio:    0.00
      Required ratio:   75.00 (Side area) 
      Cumulative area ratio:    0.00
      Required ratio:    0.00 (Cumulative area) 
      Cumulative area ratio:    0.00
      Required ratio:    0.00 (Cumulative side area) 

    Via: M1M2_PR
      Partial area ratio:    0.27
      Required ratio:    6.00 (Gate area) 
      Cumulative area ratio:    0.39
      Required ratio:    0.00 (Cumulative area) 

    Via: L1M1_PR
      Partial area ratio:    0.12
      Required ratio:    3.00 (Gate area) 
      Cumulative area ratio:    0.12
      Required ratio:    0.00 (Cumulative area) 


Net: _1994_
  Pin: _5055_/B (sky130_fd_sc_hd__or2_1)
    Layer: met1
      Partial area ratio:   12.51
      Required ratio:    0.00 (Gate area) 
      Partial area ratio:   65.26
      Required ratio:  400.00 (Side area) 
      Cumulative area ratio:   12.51
      Required ratio:    0.00 (Cumulative area) 
      Cumulative area ratio:   65.26
      Required ratio:    0.00 (Cumulative side area) 

    Layer: li1
      Partial area ratio:    0.00
      Required ratio:    0.00 (Gate area) 
      Partial area ratio:    0.00
      Required ratio:   75.00 (Side area) 
      Cumulative area ratio:    0.00
      Required ratio:    0.00 (Cumulative area) 
      Cumulative area ratio:    0.00
      Required ratio:    0.00 (Cumulative side area) 

    Via: M1M2_PR
      Partial area ratio:    0.36
      Required ratio:    6.00 (Gate area) 
      Cumulative area ratio:    0.59
      Required ratio:    0.00 (Cumulative area) 

    Via: L1M1_PR
      Partial area ratio:    0.23
      Required ratio:    3.00 (Gate area) 
      Cumulative area ratio:    0.23
      Required ratio:    0.00 (Cumulative area) 

  Pin: _5042_/B (sky130_fd_sc_hd__or2_1)
    Layer: met1
      Partial area ratio:    5.80
      Required ratio:    0.00 (Gate area) 
      Partial area ratio:   30.54
      Required ratio:  400.00 (Side area) 
      Cumulative area ratio:    5.80
      Required ratio:    0.00 (Cumulative area) 
      Cumulative area ratio:   30.54
      Required ratio:    0.00 (Cumulative side area) 

    Layer: li1
      Partial area ratio:    0.00
      Required ratio:    0.00 (Gate area) 
      Partial area ratio:    0.00
      Required ratio:   75.00 (Side area) 
      Cumulative area ratio:    0.00
      Required ratio:    0.00 (Cumulative area) 
      Cumulative area ratio:    0.00
      Required ratio:    0.00 (Cumulative side area) 

    Via: M1M2_PR
      Partial area ratio:    0.36
      Required ratio:    6.00 (Gate area) 
      Cumulative area ratio:    0.59
      Required ratio:    0.00 (Cumulative area) 

    Via: L1M1_PR
      Partial area ratio:    0.23
      Required ratio:    3.00 (Gate area) 
      Cumulative area ratio:    0.23
      Required ratio:    0.00 (Cumulative area) 

  Pin: _5049_/B (sky130_fd_sc_hd__or2_1)
    Layer: met1
      Partial area ratio:   12.51
      Required ratio:    0.00 (Gate area) 
      Partial area ratio:   65.26
      Required ratio:  400.00 (Side area) 
      Cumulative area ratio:   12.51
      Required ratio:    0.00 (Cumulative area) 
      Cumulative area ratio:   65.26
      Required ratio:    0.00 (Cumulative side area) 

    Layer: li1
      Partial area ratio:    0.00
      Required ratio:    0.00 (Gate area) 
      Partial area ratio:    0.00
      Required ratio:   75.00 (Side area) 
      Cumulative area ratio:    0.00
      Required ratio:    0.00 (Cumulative area) 
      Cumulative area ratio:    0.00
      Required ratio:    0.00 (Cumulative side area) 

    Via: M1M2_PR
      Partial area ratio:    0.36
      Required ratio:    6.00 (Gate area) 
      Cumulative area ratio:    0.59
      Required ratio:    0.00 (Cumulative area) 

    Via: L1M1_PR
      Partial area ratio:    0.23
      Required ratio:    3.00 (Gate area) 
      Cumulative area ratio:    0.23
      Required ratio:    0.00 (Cumulative area) 

  Pin: _5022_/B (sky130_fd_sc_hd__or2_1)
    Layer: met1
      Partial area ratio:    5.16
      Required ratio:    0.00 (Gate area) 
      Partial area ratio:   27.37
      Required ratio:  400.00 (Side area) 
      Cumulative area ratio:    5.16
      Required ratio:    0.00 (Cumulative area) 
      Cumulative area ratio:   27.37
      Required ratio:    0.00 (Cumulative side area) 

    Layer: li1
      Partial area ratio:    0.00
      Required ratio:    0.00 (Gate area) 
      Partial area ratio:    0.00
      Required ratio:   75.00 (Side area) 
      Cumulative area ratio:    0.00
      Required ratio:    0.00 (Cumulative area) 
      Cumulative area ratio:    0.00
      Required ratio:    0.00 (Cumulative side area) 

    Via: M1M2_PR
      Partial area ratio:    0.36
      Required ratio:    6.00 (Gate area) 
      Cumulative area ratio:    0.59
      Required ratio:    0.00 (Cumulative area) 

    Via: L1M1_PR
      Partial area ratio:    0.23
      Required ratio:    3.00 (Gate area) 
      Cumulative area ratio:    0.23
      Required ratio:    0.00 (Cumulative area) 

  Pin: _5014_/B (sky130_fd_sc_hd__or2_1)
    Layer: met1
      Partial area ratio:    5.53
      Required ratio:    0.00 (Gate area) 
      Partial area ratio:   29.18
      Required ratio:  400.00 (Side area) 
      Cumulative area ratio:    5.53
      Required ratio:    0.00 (Cumulative area) 
      Cumulative area ratio:   29.18
      Required ratio:    0.00 (Cumulative side area) 

    Layer: li1
      Partial area ratio:    0.00
      Required ratio:    0.00 (Gate area) 
      Partial area ratio:    0.00
      Required ratio:   75.00 (Side area) 
      Cumulative area ratio:    0.00
      Required ratio:    0.00 (Cumulative area) 
      Cumulative area ratio:    0.00
      Required ratio:    0.00 (Cumulative side area) 

    Via: M1M2_PR
      Partial area ratio:    0.36
      Required ratio:    6.00 (Gate area) 
      Cumulative area ratio:    0.59
      Required ratio:    0.00 (Cumulative area) 

    Via: L1M1_PR
      Partial area ratio:    0.23
      Required ratio:    3.00 (Gate area) 
      Cumulative area ratio:    0.23
      Required ratio:    0.00 (Cumulative area) 

  Pin: _5001_/B (sky130_fd_sc_hd__or2_1)
    Layer: met1
      Partial area ratio:    5.13
      Required ratio:    0.00 (Gate area) 
      Partial area ratio:   27.21
      Required ratio:  400.00 (Side area) 
      Cumulative area ratio:    5.13
      Required ratio:    0.00 (Cumulative area) 
      Cumulative area ratio:   27.21
      Required ratio:    0.00 (Cumulative side area) 

    Layer: li1
      Partial area ratio:    0.00
      Required ratio:    0.00 (Gate area) 
      Partial area ratio:    0.00
      Required ratio:   75.00 (Side area) 
      Cumulative area ratio:    0.00
      Required ratio:    0.00 (Cumulative area) 
      Cumulative area ratio:    0.00
      Required ratio:    0.00 (Cumulative side area) 

    Via: M1M2_PR
      Partial area ratio:    0.36
      Required ratio:    6.00 (Gate area) 
      Cumulative area ratio:    0.59
      Required ratio:    0.00 (Cumulative area) 

    Via: L1M1_PR
      Partial area ratio:    0.23
      Required ratio:    3.00 (Gate area) 
      Cumulative area ratio:    0.23
      Required ratio:    0.00 (Cumulative area) 

  Pin: _5008_/B (sky130_fd_sc_hd__or2_1)
    Layer: met1
      Partial area ratio:   25.27
      Required ratio:    0.00 (Gate area) 
      Partial area ratio:  129.47
      Required ratio:  400.00 (Side area) 
      Cumulative area ratio:   25.27
      Required ratio:    0.00 (Cumulative area) 
      Cumulative area ratio:  129.47
      Required ratio:    0.00 (Cumulative side area) 

    Layer: li1
      Partial area ratio:    0.00
      Required ratio:    0.00 (Gate area) 
      Partial area ratio:    0.00
      Required ratio:   75.00 (Side area) 
      Cumulative area ratio:    0.00
      Required ratio:    0.00 (Cumulative area) 
      Cumulative area ratio:    0.00
      Required ratio:    0.00 (Cumulative side area) 

    Via: M1M2_PR
      Partial area ratio:    0.36
      Required ratio:    6.00 (Gate area) 
      Cumulative area ratio:    0.59
      Required ratio:    0.00 (Cumulative area) 

    Via: L1M1_PR
      Partial area ratio:    0.23
      Required ratio:    3.00 (Gate area) 
      Cumulative area ratio:    0.23
      Required ratio:    0.00 (Cumulative area) 

  Pin: _4994_/B (sky130_fd_sc_hd__or2_1)
    Layer: met1
      Partial area ratio:   25.27
      Required ratio:    0.00 (Gate area) 
      Partial area ratio:  129.47
      Required ratio:  400.00 (Side area) 
      Cumulative area ratio:   25.27
      Required ratio:    0.00 (Cumulative area) 
      Cumulative area ratio:  129.47
      Required ratio:    0.00 (Cumulative side area) 

    Layer: li1
      Partial area ratio:    0.00
      Required ratio:    0.00 (Gate area) 
      Partial area ratio:    0.00
      Required ratio:   75.00 (Side area) 
      Cumulative area ratio:    0.00
      Required ratio:    0.00 (Cumulative area) 
      Cumulative area ratio:    0.00
      Required ratio:    0.00 (Cumulative side area) 

    Via: M1M2_PR
      Partial area ratio:    0.36
      Required ratio:    6.00 (Gate area) 
      Cumulative area ratio:    0.59
      Required ratio:    0.00 (Cumulative area) 

    Via: L1M1_PR
      Partial area ratio:    0.23
      Required ratio:    3.00 (Gate area) 
      Cumulative area ratio:    0.23
      Required ratio:    0.00 (Cumulative area) 

  Pin: _5029_/B (sky130_fd_sc_hd__or2_1)
    Layer: met1
      Partial area ratio:  248.66
      Required ratio:    0.00 (Gate area) 
      Partial area ratio: 1247.18
      Required ratio:  400.00 (Side area) (VIOLATED)
      Cumulative area ratio:  248.66
      Required ratio:    0.00 (Cumulative area) 
      Cumulative area ratio: 1247.18
      Required ratio:    0.00 (Cumulative side area) 

    Layer: li1
      Partial area ratio:    0.00
      Required ratio:    0.00 (Gate area) 
      Partial area ratio:    0.00
      Required ratio:   75.00 (Side area) 
      Cumulative area ratio:    0.00
      Required ratio:    0.00 (Cumulative area) 
      Cumulative area ratio:    0.00
      Required ratio:    0.00 (Cumulative side area) 

    Via: M1M2_PR
      Partial area ratio:    0.71
      Required ratio:    6.00 (Gate area) 
      Cumulative area ratio:    0.94
      Required ratio:    0.00 (Cumulative area) 

    Via: L1M1_PR
      Partial area ratio:    0.23
      Required ratio:    3.00 (Gate area) 
      Cumulative area ratio:    0.23
      Required ratio:    0.00 (Cumulative area) 

  Pin: _5036_/B (sky130_fd_sc_hd__or2_1)
    Layer: met1
      Partial area ratio:    2.15
      Required ratio:    0.00 (Gate area) 
      Partial area ratio:   12.32
      Required ratio:  400.00 (Side area) 
      Cumulative area ratio:    2.15
      Required ratio:    0.00 (Cumulative area) 
      Cumulative area ratio:   12.32
      Required ratio:    0.00 (Cumulative side area) 

    Layer: li1
      Partial area ratio:    0.00
      Required ratio:    0.00 (Gate area) 
      Partial area ratio:    0.00
      Required ratio:   75.00 (Side area) 
      Cumulative area ratio:    0.00
      Required ratio:    0.00 (Cumulative area) 
      Cumulative area ratio:    0.00
      Required ratio:    0.00 (Cumulative side area) 

    Via: M1M2_PR
      Partial area ratio:    0.36
      Required ratio:    6.00 (Gate area) 
      Cumulative area ratio:    0.59
      Required ratio:    0.00 (Cumulative area) 

    Via: L1M1_PR
      Partial area ratio:    0.23
      Required ratio:    3.00 (Gate area) 
      Cumulative area ratio:    0.23
      Required ratio:    0.00 (Cumulative area) 


Net: _2013_
  Pin: _5030_/B (sky130_fd_sc_hd__or2_1)
    Layer: met1
      Partial area ratio:    3.02
      Required ratio:    0.00 (Gate area) 
      Partial area ratio:   16.66
      Required ratio:  400.00 (Side area) 
      Cumulative area ratio:    3.02
      Required ratio:    0.00 (Cumulative area) 
      Cumulative area ratio:   16.66
      Required ratio:    0.00 (Cumulative side area) 

    Layer: li1
      Partial area ratio:    0.00
      Required ratio:    0.00 (Gate area) 
      Partial area ratio:    0.00
      Required ratio:   75.00 (Side area) 
      Cumulative area ratio:    0.00
      Required ratio:    0.00 (Cumulative area) 
      Cumulative area ratio:    0.00
      Required ratio:    0.00 (Cumulative side area) 

    Via: M1M2_PR
      Partial area ratio:    0.36
      Required ratio:    6.00 (Gate area) 
      Cumulative area ratio:    0.59
      Required ratio:    0.00 (Cumulative area) 

    Via: L1M1_PR
      Partial area ratio:    0.23
      Required ratio:    3.00 (Gate area) 
      Cumulative area ratio:    0.23
      Required ratio:    0.00 (Cumulative area) 

  Pin: _5016_/B (sky130_fd_sc_hd__or2_1)
    Layer: met1
      Partial area ratio:   22.61
      Required ratio:    0.00 (Gate area) 
      Partial area ratio:  114.99
      Required ratio:  400.00 (Side area) 
      Cumulative area ratio:   22.61
      Required ratio:    0.00 (Cumulative area) 
      Cumulative area ratio:  114.99
      Required ratio:    0.00 (Cumulative side area) 

    Layer: li1
      Partial area ratio:    0.00
      Required ratio:    0.00 (Gate area) 
      Partial area ratio:    0.00
      Required ratio:   75.00 (Side area) 
      Cumulative area ratio:    0.00
      Required ratio:    0.00 (Cumulative area) 
      Cumulative area ratio:    0.00
      Required ratio:    0.00 (Cumulative side area) 

    Via: M1M2_PR
      Partial area ratio:    0.27
      Required ratio:    6.00 (Gate area) 
      Cumulative area ratio:    0.50
      Required ratio:    0.00 (Cumulative area) 

    Via: L1M1_PR
      Partial area ratio:    0.23
      Required ratio:    3.00 (Gate area) 
      Cumulative area ratio:    0.23
      Required ratio:    0.00 (Cumulative area) 

  Pin: _5023_/B (sky130_fd_sc_hd__or2_1)
    Layer: met1
      Partial area ratio:   22.61
      Required ratio:    0.00 (Gate area) 
      Partial area ratio:  114.99
      Required ratio:  400.00 (Side area) 
      Cumulative area ratio:   22.61
      Required ratio:    0.00 (Cumulative area) 
      Cumulative area ratio:  114.99
      Required ratio:    0.00 (Cumulative side area) 

    Layer: li1
      Partial area ratio:    0.00
      Required ratio:    0.00 (Gate area) 
      Partial area ratio:    0.00
      Required ratio:   75.00 (Side area) 
      Cumulative area ratio:    0.00
      Required ratio:    0.00 (Cumulative area) 
      Cumulative area ratio:    0.00
      Required ratio:    0.00 (Cumulative side area) 

    Via: M1M2_PR
      Partial area ratio:    0.27
      Required ratio:    6.00 (Gate area) 
      Cumulative area ratio:    0.50
      Required ratio:    0.00 (Cumulative area) 

    Via: L1M1_PR
      Partial area ratio:    0.23
      Required ratio:    3.00 (Gate area) 
      Cumulative area ratio:    0.23
      Required ratio:    0.00 (Cumulative area) 

  Pin: _5037_/B (sky130_fd_sc_hd__or2_1)
    Layer: met1
      Partial area ratio:  212.00
      Required ratio:    0.00 (Gate area) 
      Partial area ratio: 1063.12
      Required ratio:  400.00 (Side area) (VIOLATED)
      Cumulative area ratio:  212.00
      Required ratio:    0.00 (Cumulative area) 
      Cumulative area ratio: 1063.12
      Required ratio:    0.00 (Cumulative side area) 

    Layer: li1
      Partial area ratio:    0.00
      Required ratio:    0.00 (Gate area) 
      Partial area ratio:    0.00
      Required ratio:   75.00 (Side area) 
      Cumulative area ratio:    0.00
      Required ratio:    0.00 (Cumulative area) 
      Cumulative area ratio:    0.00
      Required ratio:    0.00 (Cumulative side area) 

    Via: M1M2_PR
      Partial area ratio:    0.54
      Required ratio:    6.00 (Gate area) 
      Cumulative area ratio:    0.77
      Required ratio:    0.00 (Cumulative area) 

    Via: L1M1_PR
      Partial area ratio:    0.23
      Required ratio:    3.00 (Gate area) 
      Cumulative area ratio:    0.23
      Required ratio:    0.00 (Cumulative area) 

  Pin: _5056_/B (sky130_fd_sc_hd__or2_1)
    Layer: met1
      Partial area ratio:  246.54
      Required ratio:    0.00 (Gate area) 
      Partial area ratio: 1236.97
      Required ratio: 3669.20 (Side area) 
      Cumulative area ratio:  246.54
      Required ratio:    0.00 (Cumulative area) 
      Cumulative area ratio: 1236.97
      Required ratio:    0.00 (Cumulative side area) 

    Layer: met2
      Partial area ratio:   73.72
      Required ratio:    0.00 (Gate area) 
      Partial area ratio:  369.24
      Required ratio: 3669.20 (Side area) 
      Cumulative area ratio:  320.26
      Required ratio:    0.00 (Cumulative area) 
      Cumulative area ratio: 1606.22
      Required ratio:    0.00 (Cumulative side area) 

    Layer: li1
      Partial area ratio:    0.00
      Required ratio:    0.00 (Gate area) 
      Partial area ratio:    0.00
      Required ratio:   75.00 (Side area) 
      Cumulative area ratio:    0.00
      Required ratio:    0.00 (Cumulative area) 
      Cumulative area ratio:    0.00
      Required ratio:    0.00 (Cumulative side area) 

    Layer: met2
      Partial area ratio:   73.72
      Required ratio:    0.00 (Gate area) 
      Partial area ratio:  369.24
      Required ratio: 3669.20 (Side area) 
      Cumulative area ratio:  320.26
      Required ratio:    0.00 (Cumulative area) 
      Cumulative area ratio: 1606.22
      Required ratio:    0.00 (Cumulative side area) 

    Layer: met2
      Partial area ratio:   73.72
      Required ratio:    0.00 (Gate area) 
      Partial area ratio:  369.24
      Required ratio: 3669.20 (Side area) 
      Cumulative area ratio:  320.26
      Required ratio:    0.00 (Cumulative area) 
      Cumulative area ratio: 1606.22
      Required ratio:    0.00 (Cumulative side area) 

    Via: M1M2_PR
      Partial area ratio:    0.54
      Required ratio:    6.00 (Gate area) 
      Cumulative area ratio:    0.77
      Required ratio:    0.00 (Cumulative area) 

    Via: L1M1_PR
      Partial area ratio:    0.23
      Required ratio:    3.00 (Gate area) 
      Cumulative area ratio:    0.23
      Required ratio:    0.00 (Cumulative area) 

  Pin: _5062_/B (sky130_fd_sc_hd__or2_1)
    Layer: met1
      Partial area ratio:    3.96
      Required ratio:    0.00 (Gate area) 
      Partial area ratio:   21.37
      Required ratio:  400.00 (Side area) 
      Cumulative area ratio:    3.96
      Required ratio:    0.00 (Cumulative area) 
      Cumulative area ratio:   21.37
      Required ratio:    0.00 (Cumulative side area) 

    Layer: li1
      Partial area ratio:    0.00
      Required ratio:    0.00 (Gate area) 
      Partial area ratio:    0.00
      Required ratio:   75.00 (Side area) 
      Cumulative area ratio:    0.00
      Required ratio:    0.00 (Cumulative area) 
      Cumulative area ratio:    0.00
      Required ratio:    0.00 (Cumulative side area) 

    Via: M1M2_PR
      Partial area ratio:    0.36
      Required ratio:    6.00 (Gate area) 
      Cumulative area ratio:    0.59
      Required ratio:    0.00 (Cumulative area) 

    Via: L1M1_PR
      Partial area ratio:    0.23
      Required ratio:    3.00 (Gate area) 
      Cumulative area ratio:    0.23
      Required ratio:    0.00 (Cumulative area) 

  Pin: _5069_/B (sky130_fd_sc_hd__or2_1)
    Layer: met1
      Partial area ratio:   14.23
      Required ratio:    0.00 (Gate area) 
      Partial area ratio:   74.26
      Required ratio:  400.00 (Side area) 
      Cumulative area ratio:   14.23
      Required ratio:    0.00 (Cumulative area) 
      Cumulative area ratio:   74.26
      Required ratio:    0.00 (Cumulative side area) 

    Layer: li1
      Partial area ratio:    0.00
      Required ratio:    0.00 (Gate area) 
      Partial area ratio:    0.00
      Required ratio:   75.00 (Side area) 
      Cumulative area ratio:    0.00
      Required ratio:    0.00 (Cumulative area) 
      Cumulative area ratio:    0.00
      Required ratio:    0.00 (Cumulative side area) 

    Via: M1M2_PR
      Partial area ratio:    0.54
      Required ratio:    6.00 (Gate area) 
      Cumulative area ratio:    0.77
      Required ratio:    0.00 (Cumulative area) 

    Via: L1M1_PR
      Partial area ratio:    0.23
      Required ratio:    3.00 (Gate area) 
      Cumulative area ratio:    0.23
      Required ratio:    0.00 (Cumulative area) 

  Pin: _5075_/B (sky130_fd_sc_hd__or2_1)
    Layer: met1
      Partial area ratio:    0.96
      Required ratio:    0.00 (Gate area) 
      Partial area ratio:    6.38
      Required ratio:  400.00 (Side area) 
      Cumulative area ratio:    0.96
      Required ratio:    0.00 (Cumulative area) 
      Cumulative area ratio:    6.38
      Required ratio:    0.00 (Cumulative side area) 

    Layer: li1
      Partial area ratio:    0.00
      Required ratio:    0.00 (Gate area) 
      Partial area ratio:    0.00
      Required ratio:   75.00 (Side area) 
      Cumulative area ratio:    0.00
      Required ratio:    0.00 (Cumulative area) 
      Cumulative area ratio:    0.00
      Required ratio:    0.00 (Cumulative side area) 

    Via: M1M2_PR
      Partial area ratio:    0.36
      Required ratio:    6.00 (Gate area) 
      Cumulative area ratio:    0.59
      Required ratio:    0.00 (Cumulative area) 

    Via: L1M1_PR
      Partial area ratio:    0.23
      Required ratio:    3.00 (Gate area) 
      Cumulative area ratio:    0.23
      Required ratio:    0.00 (Cumulative area) 

  Pin: _5044_/B (sky130_fd_sc_hd__or2_1)
    Layer: met1
      Partial area ratio:    2.84
      Required ratio:    0.00 (Gate area) 
      Partial area ratio:   15.76
      Required ratio:  400.00 (Side area) 
      Cumulative area ratio:    2.84
      Required ratio:    0.00 (Cumulative area) 
      Cumulative area ratio:   15.76
      Required ratio:    0.00 (Cumulative side area) 

    Layer: li1
      Partial area ratio:    0.00
      Required ratio:    0.00 (Gate area) 
      Partial area ratio:    0.00
      Required ratio:   75.00 (Side area) 
      Cumulative area ratio:    0.00
      Required ratio:    0.00 (Cumulative area) 
      Cumulative area ratio:    0.00
      Required ratio:    0.00 (Cumulative side area) 

    Via: M1M2_PR
      Partial area ratio:    0.36
      Required ratio:    6.00 (Gate area) 
      Cumulative area ratio:    0.59
      Required ratio:    0.00 (Cumulative area) 

    Via: L1M1_PR
      Partial area ratio:    0.23
      Required ratio:    3.00 (Gate area) 
      Cumulative area ratio:    0.23
      Required ratio:    0.00 (Cumulative area) 

  Pin: _5050_/B (sky130_fd_sc_hd__or2_1)
    Layer: met1
      Partial area ratio:  246.54
      Required ratio:    0.00 (Gate area) 
      Partial area ratio: 1236.97
      Required ratio: 3669.20 (Side area) 
      Cumulative area ratio:  246.54
      Required ratio:    0.00 (Cumulative area) 
      Cumulative area ratio: 1236.97
      Required ratio:    0.00 (Cumulative side area) 

    Layer: met2
      Partial area ratio:   73.72
      Required ratio:    0.00 (Gate area) 
      Partial area ratio:  369.24
      Required ratio: 3669.20 (Side area) 
      Cumulative area ratio:  320.26
      Required ratio:    0.00 (Cumulative area) 
      Cumulative area ratio: 1606.22
      Required ratio:    0.00 (Cumulative side area) 

    Layer: met2
      Partial area ratio:   73.72
      Required ratio:    0.00 (Gate area) 
      Partial area ratio:  369.24
      Required ratio: 3669.20 (Side area) 
      Cumulative area ratio:  320.26
      Required ratio:    0.00 (Cumulative area) 
      Cumulative area ratio: 1606.22
      Required ratio:    0.00 (Cumulative side area) 

    Layer: li1
      Partial area ratio:    0.00
      Required ratio:    0.00 (Gate area) 
      Partial area ratio:    0.00
      Required ratio:   75.00 (Side area) 
      Cumulative area ratio:    0.00
      Required ratio:    0.00 (Cumulative area) 
      Cumulative area ratio:    0.00
      Required ratio:    0.00 (Cumulative side area) 

    Layer: met2
      Partial area ratio:   73.72
      Required ratio:    0.00 (Gate area) 
      Partial area ratio:  369.24
      Required ratio: 3669.20 (Side area) 
      Cumulative area ratio:  320.26
      Required ratio:    0.00 (Cumulative area) 
      Cumulative area ratio: 1606.22
      Required ratio:    0.00 (Cumulative side area) 

    Via: M1M2_PR
      Partial area ratio:    0.54
      Required ratio:    6.00 (Gate area) 
      Cumulative area ratio:    0.77
      Required ratio:    0.00 (Cumulative area) 

    Via: L1M1_PR
      Partial area ratio:    0.23
      Required ratio:    3.00 (Gate area) 
      Cumulative area ratio:    0.23
      Required ratio:    0.00 (Cumulative area) 


Net: _2021_
  Pin: _5082_/B1 (sky130_fd_sc_hd__a31o_1)
    Layer: met3
      Partial area ratio:   12.25
      Required ratio:    0.00 (Gate area) 
      Partial area ratio:   65.49
      Required ratio: 3669.20 (Side area) 
      Cumulative area ratio:   13.31
      Required ratio:    0.00 (Cumulative area) 
      Cumulative area ratio:   71.60
      Required ratio:    0.00 (Cumulative side area) 

    Layer: met2
      Partial area ratio:    0.00
      Required ratio:    0.00 (Gate area) 
      Partial area ratio:    0.00
      Required ratio:  400.00 (Side area) 
      Cumulative area ratio:    1.06
      Required ratio:    0.00 (Cumulative area) 
      Cumulative area ratio:    6.10
      Required ratio:    0.00 (Cumulative side area) 

    Layer: met1
      Partial area ratio:    1.06
      Required ratio:    0.00 (Gate area) 
      Partial area ratio:    6.10
      Required ratio:  400.00 (Side area) 
      Cumulative area ratio:    1.06
      Required ratio:    0.00 (Cumulative area) 
      Cumulative area ratio:    6.10
      Required ratio:    0.00 (Cumulative side area) 

    Layer: li1
      Partial area ratio:    0.00
      Required ratio:    0.00 (Gate area) 
      Partial area ratio:    0.00
      Required ratio:   75.00 (Side area) 
      Cumulative area ratio:    0.00
      Required ratio:    0.00 (Cumulative area) 
      Cumulative area ratio:    0.00
      Required ratio:    0.00 (Cumulative side area) 

    Layer: met4
      Partial area ratio:   18.86
      Required ratio:    0.00 (Gate area) 
      Partial area ratio:  100.85
      Required ratio: 3669.20 (Side area) 
      Cumulative area ratio:   32.18
      Required ratio:    0.00 (Cumulative area) 
      Cumulative area ratio:  172.44
      Required ratio:    0.00 (Cumulative side area) 

    Via: M3M4_PR
      Partial area ratio:    0.01
      Required ratio:    6.00 (Gate area) 
      Cumulative area ratio:    0.47
      Required ratio:    0.00 (Cumulative area) 

    Via: M2M3_PR
      Partial area ratio:    0.16
      Required ratio:    6.00 (Gate area) 
      Cumulative area ratio:    0.46
      Required ratio:    0.00 (Cumulative area) 

    Via: M1M2_PR
      Partial area ratio:    0.18
      Required ratio:    6.00 (Gate area) 
      Cumulative area ratio:    0.30
      Required ratio:    0.00 (Cumulative area) 

    Via: L1M1_PR
      Partial area ratio:    0.12
      Required ratio:    3.00 (Gate area) 
      Cumulative area ratio:    0.12
      Required ratio:    0.00 (Cumulative area) 

  Pin: _5038_/B1 (sky130_fd_sc_hd__a31o_1)
    Layer: met4
      Partial area ratio:   18.86
      Required ratio:    0.00 (Gate area) 
      Partial area ratio:  100.85
      Required ratio: 3669.20 (Side area) 
      Cumulative area ratio:   24.46
      Required ratio:    0.00 (Cumulative area) 
      Cumulative area ratio:  130.40
      Required ratio:    0.00 (Cumulative side area) 

    Layer: met3
      Partial area ratio:    0.00
      Required ratio:    0.00 (Gate area) 
      Partial area ratio:    0.00
      Required ratio:  400.00 (Side area) 
      Cumulative area ratio:    5.59
      Required ratio:    0.00 (Cumulative area) 
      Cumulative area ratio:   29.55
      Required ratio:    0.00 (Cumulative side area) 

    Layer: met2
      Partial area ratio:    0.00
      Required ratio:    0.00 (Gate area) 
      Partial area ratio:    0.00
      Required ratio:  400.00 (Side area) 
      Cumulative area ratio:    5.59
      Required ratio:    0.00 (Cumulative area) 
      Cumulative area ratio:   29.55
      Required ratio:    0.00 (Cumulative side area) 

    Layer: met1
      Partial area ratio:    5.59
      Required ratio:    0.00 (Gate area) 
      Partial area ratio:   29.55
      Required ratio:  400.00 (Side area) 
      Cumulative area ratio:    5.59
      Required ratio:    0.00 (Cumulative area) 
      Cumulative area ratio:   29.55
      Required ratio:    0.00 (Cumulative side area) 

    Layer: li1
      Partial area ratio:    0.00
      Required ratio:    0.00 (Gate area) 
      Partial area ratio:    0.00
      Required ratio:   75.00 (Side area) 
      Cumulative area ratio:    0.00
      Required ratio:    0.00 (Cumulative area) 
      Cumulative area ratio:    0.00
      Required ratio:    0.00 (Cumulative side area) 

    Via: M3M4_PR
      Partial area ratio:    0.16
      Required ratio:    6.00 (Gate area) 
      Cumulative area ratio:    0.62
      Required ratio:    0.00 (Cumulative area) 

    Via: M2M3_PR
      Partial area ratio:    0.16
      Required ratio:    6.00 (Gate area) 
      Cumulative area ratio:    0.46
      Required ratio:    0.00 (Cumulative area) 

    Via: M1M2_PR
      Partial area ratio:    0.18
      Required ratio:    6.00 (Gate area) 
      Cumulative area ratio:    0.30
      Required ratio:    0.00 (Cumulative area) 

    Via: L1M1_PR
      Partial area ratio:    0.12
      Required ratio:    3.00 (Gate area) 
      Cumulative area ratio:    0.12
      Required ratio:    0.00 (Cumulative area) 

  Pin: _5031_/B1 (sky130_fd_sc_hd__a31o_1)
    Layer: met4
      Partial area ratio:   18.86
      Required ratio:    0.00 (Gate area) 
      Partial area ratio:  100.85
      Required ratio: 3669.20 (Side area) 
      Cumulative area ratio:  139.08
      Required ratio:    0.00 (Cumulative area) 
      Cumulative area ratio:  712.91
      Required ratio:    0.00 (Cumulative side area) 

    Layer: met3
      Partial area ratio:   25.27
      Required ratio:    0.00 (Gate area) 
      Partial area ratio:  135.76
      Required ratio:  400.00 (Side area) 
      Cumulative area ratio:  120.22
      Required ratio:    0.00 (Cumulative area) 
      Cumulative area ratio:  612.06
      Required ratio:    0.00 (Cumulative side area) 

    Layer: met2
      Partial area ratio:   89.85
      Required ratio:    0.00 (Gate area) 
      Partial area ratio:  449.64
      Required ratio:  400.00 (Side area) (VIOLATED)
      Cumulative area ratio:   94.94
      Required ratio:    0.00 (Cumulative area) 
      Cumulative area ratio:  476.31
      Required ratio:    0.00 (Cumulative side area) 

    Layer: met1
      Partial area ratio:    5.10
      Required ratio:    0.00 (Gate area) 
      Partial area ratio:   26.67
      Required ratio:  400.00 (Side area) 
      Cumulative area ratio:    5.10
      Required ratio:    0.00 (Cumulative area) 
      Cumulative area ratio:   26.67
      Required ratio:    0.00 (Cumulative side area) 

    Layer: li1
      Partial area ratio:    0.00
      Required ratio:    0.00 (Gate area) 
      Partial area ratio:    0.00
      Required ratio:   75.00 (Side area) 
      Cumulative area ratio:    0.00
      Required ratio:    0.00 (Cumulative area) 
      Cumulative area ratio:    0.00
      Required ratio:    0.00 (Cumulative side area) 

    Via: M3M4_PR
      Partial area ratio:    0.08
      Required ratio:    6.00 (Gate area) 
      Cumulative area ratio:    0.46
      Required ratio:    0.00 (Cumulative area) 

    Via: M2M3_PR
      Partial area ratio:    0.08
      Required ratio:    6.00 (Gate area) 
      Cumulative area ratio:    0.38
      Required ratio:    0.00 (Cumulative area) 

    Via: M1M2_PR
      Partial area ratio:    0.18
      Required ratio:    6.00 (Gate area) 
      Cumulative area ratio:    0.30
      Required ratio:    0.00 (Cumulative area) 

    Via: L1M1_PR
      Partial area ratio:    0.12
      Required ratio:    3.00 (Gate area) 
      Cumulative area ratio:    0.12
      Required ratio:    0.00 (Cumulative area) 

  Pin: _5025_/B1 (sky130_fd_sc_hd__a31o_1)
    Layer: met4
      Partial area ratio:   18.86
      Required ratio:    0.00 (Gate area) 
      Partial area ratio:  100.85
      Required ratio: 3669.20 (Side area) 
      Cumulative area ratio:  137.04
      Required ratio:    0.00 (Cumulative area) 
      Cumulative area ratio:  702.33
      Required ratio:    0.00 (Cumulative side area) 

    Layer: met3
      Partial area ratio:   25.27
      Required ratio:    0.00 (Gate area) 
      Partial area ratio:  135.76
      Required ratio:  400.00 (Side area) 
      Cumulative area ratio:  118.18
      Required ratio:    0.00 (Cumulative area) 
      Cumulative area ratio:  601.49
      Required ratio:    0.00 (Cumulative side area) 

    Layer: met2
      Partial area ratio:   89.85
      Required ratio:    0.00 (Gate area) 
      Partial area ratio:  449.64
      Required ratio:  400.00 (Side area) (VIOLATED)
      Cumulative area ratio:   92.91
      Required ratio:    0.00 (Cumulative area) 
      Cumulative area ratio:  465.73
      Required ratio:    0.00 (Cumulative side area) 

    Layer: met1
      Partial area ratio:    3.06
      Required ratio:    0.00 (Gate area) 
      Partial area ratio:   16.09
      Required ratio:  400.00 (Side area) 
      Cumulative area ratio:    3.06
      Required ratio:    0.00 (Cumulative area) 
      Cumulative area ratio:   16.09
      Required ratio:    0.00 (Cumulative side area) 

    Layer: li1
      Partial area ratio:    0.00
      Required ratio:    0.00 (Gate area) 
      Partial area ratio:    0.00
      Required ratio:   75.00 (Side area) 
      Cumulative area ratio:    0.00
      Required ratio:    0.00 (Cumulative area) 
      Cumulative area ratio:    0.00
      Required ratio:    0.00 (Cumulative side area) 

    Via: M3M4_PR
      Partial area ratio:    0.08
      Required ratio:    6.00 (Gate area) 
      Cumulative area ratio:    0.46
      Required ratio:    0.00 (Cumulative area) 

    Via: M2M3_PR
      Partial area ratio:    0.08
      Required ratio:    6.00 (Gate area) 
      Cumulative area ratio:    0.38
      Required ratio:    0.00 (Cumulative area) 

    Via: M1M2_PR
      Partial area ratio:    0.18
      Required ratio:    6.00 (Gate area) 
      Cumulative area ratio:    0.30
      Required ratio:    0.00 (Cumulative area) 

    Via: L1M1_PR
      Partial area ratio:    0.12
      Required ratio:    3.00 (Gate area) 
      Cumulative area ratio:    0.12
      Required ratio:    0.00 (Cumulative area) 

  Pin: _5057_/B1 (sky130_fd_sc_hd__a31o_4)
    Layer: met1
      Partial area ratio:    1.20
      Required ratio:    0.00 (Gate area) 
      Partial area ratio:    6.48
      Required ratio:  400.00 (Side area) 
      Cumulative area ratio:    1.20
      Required ratio:    0.00 (Cumulative area) 
      Cumulative area ratio:    6.48
      Required ratio:    0.00 (Cumulative side area) 

    Layer: li1
      Partial area ratio:    0.00
      Required ratio:    0.00 (Gate area) 
      Partial area ratio:    0.00
      Required ratio:   75.00 (Side area) 
      Cumulative area ratio:    0.00
      Required ratio:    0.00 (Cumulative area) 
      Cumulative area ratio:    0.00
      Required ratio:    0.00 (Cumulative side area) 

    Via: M1M2_PR
      Partial area ratio:    0.07
      Required ratio:    6.00 (Gate area) 
      Cumulative area ratio:    0.13
      Required ratio:    0.00 (Cumulative area) 

    Via: L1M1_PR
      Partial area ratio:    0.06
      Required ratio:    3.00 (Gate area) 
      Cumulative area ratio:    0.06
      Required ratio:    0.00 (Cumulative area) 

  Pin: _5051_/B1 (sky130_fd_sc_hd__a31o_4)
    Layer: met1
      Partial area ratio:    1.20
      Required ratio:    0.00 (Gate area) 
      Partial area ratio:    6.48
      Required ratio:  400.00 (Side area) 
      Cumulative area ratio:    1.20
      Required ratio:    0.00 (Cumulative area) 
      Cumulative area ratio:    6.48
      Required ratio:    0.00 (Cumulative side area) 

    Layer: li1
      Partial area ratio:    0.00
      Required ratio:    0.00 (Gate area) 
      Partial area ratio:    0.00
      Required ratio:   75.00 (Side area) 
      Cumulative area ratio:    0.00
      Required ratio:    0.00 (Cumulative area) 
      Cumulative area ratio:    0.00
      Required ratio:    0.00 (Cumulative side area) 

    Via: M1M2_PR
      Partial area ratio:    0.07
      Required ratio:    6.00 (Gate area) 
      Cumulative area ratio:    0.13
      Required ratio:    0.00 (Cumulative area) 

    Via: L1M1_PR
      Partial area ratio:    0.06
      Required ratio:    3.00 (Gate area) 
      Cumulative area ratio:    0.06
      Required ratio:    0.00 (Cumulative area) 

  Pin: _5063_/B1 (sky130_fd_sc_hd__a31o_4)
    Layer: met1
      Partial area ratio:    1.24
      Required ratio:    0.00 (Gate area) 
      Partial area ratio:    6.60
      Required ratio:  400.00 (Side area) 
      Cumulative area ratio:    1.24
      Required ratio:    0.00 (Cumulative area) 
      Cumulative area ratio:    6.60
      Required ratio:    0.00 (Cumulative side area) 

    Layer: li1
      Partial area ratio:    0.00
      Required ratio:    0.00 (Gate area) 
      Partial area ratio:    0.00
      Required ratio:   75.00 (Side area) 
      Cumulative area ratio:    0.00
      Required ratio:    0.00 (Cumulative area) 
      Cumulative area ratio:    0.00
      Required ratio:    0.00 (Cumulative side area) 

    Via: M1M2_PR
      Partial area ratio:    0.09
      Required ratio:    6.00 (Gate area) 
      Cumulative area ratio:    0.15
      Required ratio:    0.00 (Cumulative area) 

    Via: L1M1_PR
      Partial area ratio:    0.06
      Required ratio:    3.00 (Gate area) 
      Cumulative area ratio:    0.06
      Required ratio:    0.00 (Cumulative area) 

  Pin: _5076_/B1 (sky130_fd_sc_hd__a31o_4)
    Layer: met1
      Partial area ratio:    1.68
      Required ratio:    0.00 (Gate area) 
      Partial area ratio:    8.81
      Required ratio:  400.00 (Side area) 
      Cumulative area ratio:    1.68
      Required ratio:    0.00 (Cumulative area) 
      Cumulative area ratio:    8.81
      Required ratio:    0.00 (Cumulative side area) 

    Layer: li1
      Partial area ratio:    0.00
      Required ratio:    0.00 (Gate area) 
      Partial area ratio:    0.00
      Required ratio:   75.00 (Side area) 
      Cumulative area ratio:    0.00
      Required ratio:    0.00 (Cumulative area) 
      Cumulative area ratio:    0.00
      Required ratio:    0.00 (Cumulative side area) 

    Via: M1M2_PR
      Partial area ratio:    0.09
      Required ratio:    6.00 (Gate area) 
      Cumulative area ratio:    0.15
      Required ratio:    0.00 (Cumulative area) 

    Via: L1M1_PR
      Partial area ratio:    0.06
      Required ratio:    3.00 (Gate area) 
      Cumulative area ratio:    0.06
      Required ratio:    0.00 (Cumulative area) 

  Pin: _5070_/B1 (sky130_fd_sc_hd__a31o_4)
    Layer: met1
      Partial area ratio:    1.58
      Required ratio:    0.00 (Gate area) 
      Partial area ratio:    8.30
      Required ratio:  400.00 (Side area) 
      Cumulative area ratio:    1.58
      Required ratio:    0.00 (Cumulative area) 
      Cumulative area ratio:    8.30
      Required ratio:    0.00 (Cumulative side area) 

    Layer: li1
      Partial area ratio:    0.00
      Required ratio:    0.00 (Gate area) 
      Partial area ratio:    0.00
      Required ratio:   75.00 (Side area) 
      Cumulative area ratio:    0.00
      Required ratio:    0.00 (Cumulative area) 
      Cumulative area ratio:    0.00
      Required ratio:    0.00 (Cumulative side area) 

    Via: M1M2_PR
      Partial area ratio:    0.09
      Required ratio:    6.00 (Gate area) 
      Cumulative area ratio:    0.15
      Required ratio:    0.00 (Cumulative area) 

    Via: L1M1_PR
      Partial area ratio:    0.06
      Required ratio:    3.00 (Gate area) 
      Cumulative area ratio:    0.06
      Required ratio:    0.00 (Cumulative area) 

  Pin: _5045_/B1 (sky130_fd_sc_hd__a31o_4)
    Layer: met1
      Partial area ratio:  176.37
      Required ratio:    0.00 (Gate area) 
      Partial area ratio:  882.86
      Required ratio: 3669.20 (Side area) 
      Cumulative area ratio:  176.37
      Required ratio:    0.00 (Cumulative area) 
      Cumulative area ratio:  882.86
      Required ratio:    0.00 (Cumulative side area) 

    Layer: met2
      Partial area ratio:    5.24
      Required ratio:    0.00 (Gate area) 
      Partial area ratio:   26.35
      Required ratio: 3669.20 (Side area) 
      Cumulative area ratio:  181.61
      Required ratio:    0.00 (Cumulative area) 
      Cumulative area ratio:  909.21
      Required ratio:    0.00 (Cumulative side area) 

    Layer: met3
      Partial area ratio:   12.25
      Required ratio:    0.00 (Gate area) 
      Partial area ratio:   65.49
      Required ratio: 3669.20 (Side area) 
      Cumulative area ratio:  188.63
      Required ratio:    0.00 (Cumulative area) 
      Cumulative area ratio:  948.35
      Required ratio:    0.00 (Cumulative side area) 

    Layer: met4
      Partial area ratio:   18.86
      Required ratio:    0.00 (Gate area) 
      Partial area ratio:  100.85
      Required ratio: 3669.20 (Side area) 
      Cumulative area ratio:  207.49
      Required ratio:    0.00 (Cumulative area) 
      Cumulative area ratio: 1049.20
      Required ratio:    0.00 (Cumulative side area) 

    Layer: met2
      Partial area ratio:    5.24
      Required ratio:    0.00 (Gate area) 
      Partial area ratio:   26.35
      Required ratio: 3669.20 (Side area) 
      Cumulative area ratio:  181.61
      Required ratio:    0.00 (Cumulative area) 
      Cumulative area ratio:  909.21
      Required ratio:    0.00 (Cumulative side area) 

    Layer: li1
      Partial area ratio:    0.00
      Required ratio:    0.00 (Gate area) 
      Partial area ratio:    0.00
      Required ratio:   75.00 (Side area) 
      Cumulative area ratio:    0.00
      Required ratio:    0.00 (Cumulative area) 
      Cumulative area ratio:    0.00
      Required ratio:    0.00 (Cumulative side area) 

    Via: M1M2_PR
      Partial area ratio:    0.18
      Required ratio:    6.00 (Gate area) 
      Cumulative area ratio:    0.24
      Required ratio:    0.00 (Cumulative area) 

    Via: M2M3_PR
      Partial area ratio:    0.01
      Required ratio:    6.00 (Gate area) 
      Cumulative area ratio:    0.25
      Required ratio:    0.00 (Cumulative area) 

    Via: M3M4_PR
      Partial area ratio:    0.01
      Required ratio:    6.00 (Gate area) 
      Cumulative area ratio:    0.27
      Required ratio:    0.00 (Cumulative area) 

    Via: L1M1_PR
      Partial area ratio:    0.06
      Required ratio:    3.00 (Gate area) 
      Cumulative area ratio:    0.06
      Required ratio:    0.00 (Cumulative area) 


Net: _2044_
  Pin: _5052_/B2 (sky130_fd_sc_hd__o22a_1)
    Layer: met2
      Partial area ratio:   43.09
      Required ratio:    0.00 (Gate area) 
      Partial area ratio:  216.25
      Required ratio: 2956.40 (Side area) 
      Cumulative area ratio:  229.80
      Required ratio:    0.00 (Cumulative area) 
      Cumulative area ratio: 1151.40
      Required ratio:    0.00 (Cumulative side area) 

    Layer: met1
      Partial area ratio:  186.71
      Required ratio:    0.00 (Gate area) 
      Partial area ratio:  935.15
      Required ratio:  400.00 (Side area) (VIOLATED)
      Cumulative area ratio:  186.71
      Required ratio:    0.00 (Cumulative area) 
      Cumulative area ratio:  935.15
      Required ratio:    0.00 (Cumulative side area) 

    Layer: li1
      Partial area ratio:    0.00
      Required ratio:    0.00 (Gate area) 
      Partial area ratio:    0.00
      Required ratio:   75.00 (Side area) 
      Cumulative area ratio:    0.00
      Required ratio:    0.00 (Cumulative area) 
      Cumulative area ratio:    0.00
      Required ratio:    0.00 (Cumulative side area) 

    Via: M1M2_PR
      Partial area ratio:    0.18
      Required ratio:    6.00 (Gate area) 
      Cumulative area ratio:    0.30
      Required ratio:    0.00 (Cumulative area) 

    Via: L1M1_PR
      Partial area ratio:    0.12
      Required ratio:    3.00 (Gate area) 
      Cumulative area ratio:    0.12
      Required ratio:    0.00 (Cumulative area) 


Net: _2054_
  Pin: _5064_/B2 (sky130_fd_sc_hd__o22a_1)
    Layer: met2
      Partial area ratio:  101.56
      Required ratio:    0.00 (Gate area) 
      Partial area ratio:  508.19
      Required ratio: 2956.40 (Side area) 
      Cumulative area ratio:  301.89
      Required ratio:    0.00 (Cumulative area) 
      Cumulative area ratio: 1511.44
      Required ratio:    0.00 (Cumulative side area) 

    Layer: met1
      Partial area ratio:  200.33
      Required ratio:    0.00 (Gate area) 
      Partial area ratio: 1003.25
      Required ratio:  400.00 (Side area) (VIOLATED)
      Cumulative area ratio:  200.33
      Required ratio:    0.00 (Cumulative area) 
      Cumulative area ratio: 1003.25
      Required ratio:    0.00 (Cumulative side area) 

    Layer: li1
      Partial area ratio:    0.00
      Required ratio:    0.00 (Gate area) 
      Partial area ratio:    0.00
      Required ratio:   75.00 (Side area) 
      Cumulative area ratio:    0.00
      Required ratio:    0.00 (Cumulative area) 
      Cumulative area ratio:    0.00
      Required ratio:    0.00 (Cumulative side area) 

    Via: M1M2_PR
      Partial area ratio:    0.18
      Required ratio:    6.00 (Gate area) 
      Cumulative area ratio:    0.30
      Required ratio:    0.00 (Cumulative area) 

    Via: L1M1_PR
      Partial area ratio:    0.12
      Required ratio:    3.00 (Gate area) 
      Cumulative area ratio:    0.12
      Required ratio:    0.00 (Cumulative area) 


Net: _2055_
  Pin: _5116_/A1 (sky130_fd_sc_hd__a21o_1)
    Layer: met2
      Partial area ratio:   15.34
      Required ratio:    0.00 (Gate area) 
      Partial area ratio:   76.96
      Required ratio: 3134.60 (Side area) 
      Cumulative area ratio:   43.96
      Required ratio:    0.00 (Cumulative area) 
      Cumulative area ratio:  221.38
      Required ratio:    0.00 (Cumulative side area) 

    Layer: met1
      Partial area ratio:   28.62
      Required ratio:    0.00 (Gate area) 
      Partial area ratio:  144.42
      Required ratio:  400.00 (Side area) 
      Cumulative area ratio:   28.62
      Required ratio:    0.00 (Cumulative area) 
      Cumulative area ratio:  144.42
      Required ratio:    0.00 (Cumulative side area) 

    Layer: li1
      Partial area ratio:    0.00
      Required ratio:    0.00 (Gate area) 
      Partial area ratio:    0.00
      Required ratio:   75.00 (Side area) 
      Cumulative area ratio:    0.00
      Required ratio:    0.00 (Cumulative area) 
      Cumulative area ratio:    0.00
      Required ratio:    0.00 (Cumulative side area) 

    Via: M1M2_PR
      Partial area ratio:    0.18
      Required ratio:    6.00 (Gate area) 
      Cumulative area ratio:    0.30
      Required ratio:    0.00 (Cumulative area) 

    Via: L1M1_PR
      Partial area ratio:    0.12
      Required ratio:    3.00 (Gate area) 
      Cumulative area ratio:    0.12
      Required ratio:    0.00 (Cumulative area) 

  Pin: _5110_/A1 (sky130_fd_sc_hd__a21o_1)
    Layer: met2
      Partial area ratio:   15.34
      Required ratio:    0.00 (Gate area) 
      Partial area ratio:   76.96
      Required ratio: 3134.60 (Side area) 
      Cumulative area ratio:   46.45
      Required ratio:    0.00 (Cumulative area) 
      Cumulative area ratio:  234.60
      Required ratio:    0.00 (Cumulative side area) 

    Layer: met1
      Partial area ratio:    2.49
      Required ratio:    0.00 (Gate area) 
      Partial area ratio:   13.22
      Required ratio:  400.00 (Side area) 
      Cumulative area ratio:    2.49
      Required ratio:    0.00 (Cumulative area) 
      Cumulative area ratio:   13.22
      Required ratio:    0.00 (Cumulative side area) 

    Layer: li1
      Partial area ratio:    0.00
      Required ratio:    0.00 (Gate area) 
      Partial area ratio:    0.00
      Required ratio:   75.00 (Side area) 
      Cumulative area ratio:    0.00
      Required ratio:    0.00 (Cumulative area) 
      Cumulative area ratio:    0.00
      Required ratio:    0.00 (Cumulative side area) 

    Via: M1M2_PR
      Partial area ratio:    0.18
      Required ratio:    6.00 (Gate area) 
      Cumulative area ratio:    0.30
      Required ratio:    0.00 (Cumulative area) 

    Via: L1M1_PR
      Partial area ratio:    0.12
      Required ratio:    3.00 (Gate area) 
      Cumulative area ratio:    0.12
      Required ratio:    0.00 (Cumulative area) 

  Pin: _5123_/A1 (sky130_fd_sc_hd__a21o_1)
    Layer: met2
      Partial area ratio:   15.34
      Required ratio:    0.00 (Gate area) 
      Partial area ratio:   76.96
      Required ratio: 3134.60 (Side area) 
      Cumulative area ratio:   43.96
      Required ratio:    0.00 (Cumulative area) 
      Cumulative area ratio:  221.38
      Required ratio:    0.00 (Cumulative side area) 

    Layer: met1
      Partial area ratio:   28.62
      Required ratio:    0.00 (Gate area) 
      Partial area ratio:  144.42
      Required ratio:  400.00 (Side area) 
      Cumulative area ratio:   28.62
      Required ratio:    0.00 (Cumulative area) 
      Cumulative area ratio:  144.42
      Required ratio:    0.00 (Cumulative side area) 

    Layer: li1
      Partial area ratio:    0.00
      Required ratio:    0.00 (Gate area) 
      Partial area ratio:    0.00
      Required ratio:   75.00 (Side area) 
      Cumulative area ratio:    0.00
      Required ratio:    0.00 (Cumulative area) 
      Cumulative area ratio:    0.00
      Required ratio:    0.00 (Cumulative side area) 

    Via: M1M2_PR
      Partial area ratio:    0.18
      Required ratio:    6.00 (Gate area) 
      Cumulative area ratio:    0.30
      Required ratio:    0.00 (Cumulative area) 

    Via: L1M1_PR
      Partial area ratio:    0.12
      Required ratio:    3.00 (Gate area) 
      Cumulative area ratio:    0.12
      Required ratio:    0.00 (Cumulative area) 

  Pin: _5130_/A1 (sky130_fd_sc_hd__a21o_1)
    Layer: met2
      Partial area ratio:   15.34
      Required ratio:    0.00 (Gate area) 
      Partial area ratio:   76.96
      Required ratio: 3134.60 (Side area) 
      Cumulative area ratio:   46.54
      Required ratio:    0.00 (Cumulative area) 
      Cumulative area ratio:  235.05
      Required ratio:    0.00 (Cumulative side area) 

    Layer: met1
      Partial area ratio:    2.58
      Required ratio:    0.00 (Gate area) 
      Partial area ratio:   13.67
      Required ratio:  400.00 (Side area) 
      Cumulative area ratio:    2.58
      Required ratio:    0.00 (Cumulative area) 
      Cumulative area ratio:   13.67
      Required ratio:    0.00 (Cumulative side area) 

    Layer: li1
      Partial area ratio:    0.00
      Required ratio:    0.00 (Gate area) 
      Partial area ratio:    0.00
      Required ratio:   75.00 (Side area) 
      Cumulative area ratio:    0.00
      Required ratio:    0.00 (Cumulative area) 
      Cumulative area ratio:    0.00
      Required ratio:    0.00 (Cumulative side area) 

    Via: M1M2_PR
      Partial area ratio:    0.18
      Required ratio:    6.00 (Gate area) 
      Cumulative area ratio:    0.30
      Required ratio:    0.00 (Cumulative area) 

    Via: L1M1_PR
      Partial area ratio:    0.12
      Required ratio:    3.00 (Gate area) 
      Cumulative area ratio:    0.12
      Required ratio:    0.00 (Cumulative area) 

  Pin: _5101_/A1 (sky130_fd_sc_hd__a21o_1)
    Layer: met2
      Partial area ratio:   15.34
      Required ratio:    0.00 (Gate area) 
      Partial area ratio:   76.96
      Required ratio: 3134.60 (Side area) 
      Cumulative area ratio:   43.96
      Required ratio:    0.00 (Cumulative area) 
      Cumulative area ratio:  221.38
      Required ratio:    0.00 (Cumulative side area) 

    Layer: met1
      Partial area ratio:   28.62
      Required ratio:    0.00 (Gate area) 
      Partial area ratio:  144.42
      Required ratio:  400.00 (Side area) 
      Cumulative area ratio:   28.62
      Required ratio:    0.00 (Cumulative area) 
      Cumulative area ratio:  144.42
      Required ratio:    0.00 (Cumulative side area) 

    Layer: li1
      Partial area ratio:    0.00
      Required ratio:    0.00 (Gate area) 
      Partial area ratio:    0.00
      Required ratio:   75.00 (Side area) 
      Cumulative area ratio:    0.00
      Required ratio:    0.00 (Cumulative area) 
      Cumulative area ratio:    0.00
      Required ratio:    0.00 (Cumulative side area) 

    Via: M1M2_PR
      Partial area ratio:    0.18
      Required ratio:    6.00 (Gate area) 
      Cumulative area ratio:    0.30
      Required ratio:    0.00 (Cumulative area) 

    Via: L1M1_PR
      Partial area ratio:    0.12
      Required ratio:    3.00 (Gate area) 
      Cumulative area ratio:    0.12
      Required ratio:    0.00 (Cumulative area) 

  Pin: _5067_/A2 (sky130_fd_sc_hd__o211a_1)
    Layer: met1
      Partial area ratio:    2.97
      Required ratio:    0.00 (Gate area) 
      Partial area ratio:   15.64
      Required ratio:  400.00 (Side area) 
      Cumulative area ratio:    2.97
      Required ratio:    0.00 (Cumulative area) 
      Cumulative area ratio:   15.64
      Required ratio:    0.00 (Cumulative side area) 

    Layer: li1
      Partial area ratio:    0.00
      Required ratio:    0.00 (Gate area) 
      Partial area ratio:    0.00
      Required ratio:   75.00 (Side area) 
      Cumulative area ratio:    0.00
      Required ratio:    0.00 (Cumulative area) 
      Cumulative area ratio:    0.00
      Required ratio:    0.00 (Cumulative side area) 

    Via: M1M2_PR
      Partial area ratio:    0.18
      Required ratio:    6.00 (Gate area) 
      Cumulative area ratio:    0.30
      Required ratio:    0.00 (Cumulative area) 

    Via: L1M1_PR
      Partial area ratio:    0.12
      Required ratio:    3.00 (Gate area) 
      Cumulative area ratio:    0.12
      Required ratio:    0.00 (Cumulative area) 

  Pin: _5079_/A2 (sky130_fd_sc_hd__o211a_1)
    Layer: met1
      Partial area ratio:  110.67
      Required ratio:    0.00 (Gate area) 
      Partial area ratio:  554.54
      Required ratio:  400.00 (Side area) (VIOLATED)
      Cumulative area ratio:  110.67
      Required ratio:    0.00 (Cumulative area) 
      Cumulative area ratio:  554.54
      Required ratio:    0.00 (Cumulative side area) 

    Layer: li1
      Partial area ratio:    0.00
      Required ratio:    0.00 (Gate area) 
      Partial area ratio:    0.00
      Required ratio:   75.00 (Side area) 
      Cumulative area ratio:    0.00
      Required ratio:    0.00 (Cumulative area) 
      Cumulative area ratio:    0.00
      Required ratio:    0.00 (Cumulative side area) 

    Via: M1M2_PR
      Partial area ratio:    0.27
      Required ratio:    6.00 (Gate area) 
      Cumulative area ratio:    0.39
      Required ratio:    0.00 (Cumulative area) 

    Via: L1M1_PR
      Partial area ratio:    0.12
      Required ratio:    3.00 (Gate area) 
      Cumulative area ratio:    0.12
      Required ratio:    0.00 (Cumulative area) 

  Pin: _5086_/A2 (sky130_fd_sc_hd__o211a_4)
    Layer: met1
      Partial area ratio:    0.57
      Required ratio:    0.00 (Gate area) 
      Partial area ratio:    3.24
      Required ratio:  400.00 (Side area) 
      Cumulative area ratio:    0.57
      Required ratio:    0.00 (Cumulative area) 
      Cumulative area ratio:    3.24
      Required ratio:    0.00 (Cumulative side area) 

    Layer: li1
      Partial area ratio:    0.00
      Required ratio:    0.00 (Gate area) 
      Partial area ratio:    0.00
      Required ratio:   75.00 (Side area) 
      Cumulative area ratio:    0.00
      Required ratio:    0.00 (Cumulative area) 
      Cumulative area ratio:    0.00
      Required ratio:    0.00 (Cumulative side area) 

    Via: M1M2_PR
      Partial area ratio:    0.09
      Required ratio:    6.00 (Gate area) 
      Cumulative area ratio:    0.15
      Required ratio:    0.00 (Cumulative area) 

    Via: L1M1_PR
      Partial area ratio:    0.06
      Required ratio:    3.00 (Gate area) 
      Cumulative area ratio:    0.06
      Required ratio:    0.00 (Cumulative area) 

  Pin: _5093_/A2 (sky130_fd_sc_hd__o211a_4)
    Layer: met1
      Partial area ratio:    1.31
      Required ratio:    0.00 (Gate area) 
      Partial area ratio:    6.94
      Required ratio:  400.00 (Side area) 
      Cumulative area ratio:    1.31
      Required ratio:    0.00 (Cumulative area) 
      Cumulative area ratio:    6.94
      Required ratio:    0.00 (Cumulative side area) 

    Layer: li1
      Partial area ratio:    0.00
      Required ratio:    0.00 (Gate area) 
      Partial area ratio:    0.00
      Required ratio:   75.00 (Side area) 
      Cumulative area ratio:    0.00
      Required ratio:    0.00 (Cumulative area) 
      Cumulative area ratio:    0.00
      Required ratio:    0.00 (Cumulative side area) 

    Via: M1M2_PR
      Partial area ratio:    0.09
      Required ratio:    6.00 (Gate area) 
      Cumulative area ratio:    0.15
      Required ratio:    0.00 (Cumulative area) 

    Via: L1M1_PR
      Partial area ratio:    0.06
      Required ratio:    3.00 (Gate area) 
      Cumulative area ratio:    0.06
      Required ratio:    0.00 (Cumulative area) 

  Pin: _5073_/A2 (sky130_fd_sc_hd__o211a_1)
    Layer: met1
      Partial area ratio:    2.41
      Required ratio:    0.00 (Gate area) 
      Partial area ratio:   12.84
      Required ratio:  400.00 (Side area) 
      Cumulative area ratio:    2.41
      Required ratio:    0.00 (Cumulative area) 
      Cumulative area ratio:   12.84
      Required ratio:    0.00 (Cumulative side area) 

    Layer: li1
      Partial area ratio:    0.00
      Required ratio:    0.00 (Gate area) 
      Partial area ratio:    0.00
      Required ratio:   75.00 (Side area) 
      Cumulative area ratio:    0.00
      Required ratio:    0.00 (Cumulative area) 
      Cumulative area ratio:    0.00
      Required ratio:    0.00 (Cumulative side area) 

    Via: M1M2_PR
      Partial area ratio:    0.18
      Required ratio:    6.00 (Gate area) 
      Cumulative area ratio:    0.30
      Required ratio:    0.00 (Cumulative area) 

    Via: L1M1_PR
      Partial area ratio:    0.12
      Required ratio:    3.00 (Gate area) 
      Cumulative area ratio:    0.12
      Required ratio:    0.00 (Cumulative area) 


Net: _2071_
  Pin: _5122_/A3 (sky130_fd_sc_hd__a31o_1)
    Layer: met3
      Partial area ratio:    6.84
      Required ratio:    0.00 (Gate area) 
      Partial area ratio:   37.24
      Required ratio: 2956.40 (Side area) 
      Cumulative area ratio:   12.94
      Required ratio:    0.00 (Cumulative area) 
      Cumulative area ratio:   68.72
      Required ratio:    0.00 (Cumulative side area) 

    Layer: met2
      Partial area ratio:    3.94
      Required ratio:    0.00 (Gate area) 
      Partial area ratio:   19.91
      Required ratio:  400.00 (Side area) 
      Cumulative area ratio:    6.10
      Required ratio:    0.00 (Cumulative area) 
      Cumulative area ratio:   31.49
      Required ratio:    0.00 (Cumulative side area) 

    Layer: met1
      Partial area ratio:    2.16
      Required ratio:    0.00 (Gate area) 
      Partial area ratio:   11.58
      Required ratio:  400.00 (Side area) 
      Cumulative area ratio:    2.16
      Required ratio:    0.00 (Cumulative area) 
      Cumulative area ratio:   11.58
      Required ratio:    0.00 (Cumulative side area) 

    Layer: li1
      Partial area ratio:    0.00
      Required ratio:    0.00 (Gate area) 
      Partial area ratio:    0.00
      Required ratio:   75.00 (Side area) 
      Cumulative area ratio:    0.00
      Required ratio:    0.00 (Cumulative area) 
      Cumulative area ratio:    0.00
      Required ratio:    0.00 (Cumulative side area) 

    Via: M2M3_PR
      Partial area ratio:    0.08
      Required ratio:    6.00 (Gate area) 
      Cumulative area ratio:    0.38
      Required ratio:    0.00 (Cumulative area) 

    Via: M1M2_PR
      Partial area ratio:    0.18
      Required ratio:    6.00 (Gate area) 
      Cumulative area ratio:    0.30
      Required ratio:    0.00 (Cumulative area) 

    Via: L1M1_PR
      Partial area ratio:    0.12
      Required ratio:    3.00 (Gate area) 
      Cumulative area ratio:    0.12
      Required ratio:    0.00 (Cumulative area) 

  Pin: _5115_/A3 (sky130_fd_sc_hd__a31o_1)
    Layer: met3
      Partial area ratio:    6.84
      Required ratio:    0.00 (Gate area) 
      Partial area ratio:   37.24
      Required ratio: 2956.40 (Side area) 
      Cumulative area ratio:   13.28
      Required ratio:    0.00 (Cumulative area) 
      Cumulative area ratio:   70.42
      Required ratio:    0.00 (Cumulative side area) 

    Layer: met2
      Partial area ratio:    3.94
      Required ratio:    0.00 (Gate area) 
      Partial area ratio:   19.91
      Required ratio:  400.00 (Side area) 
      Cumulative area ratio:    6.44
      Required ratio:    0.00 (Cumulative area) 
      Cumulative area ratio:   33.18
      Required ratio:    0.00 (Cumulative side area) 

    Layer: met1
      Partial area ratio:    2.50
      Required ratio:    0.00 (Gate area) 
      Partial area ratio:   13.27
      Required ratio:  400.00 (Side area) 
      Cumulative area ratio:    2.50
      Required ratio:    0.00 (Cumulative area) 
      Cumulative area ratio:   13.27
      Required ratio:    0.00 (Cumulative side area) 

    Layer: li1
      Partial area ratio:    0.00
      Required ratio:    0.00 (Gate area) 
      Partial area ratio:    0.00
      Required ratio:   75.00 (Side area) 
      Cumulative area ratio:    0.00
      Required ratio:    0.00 (Cumulative area) 
      Cumulative area ratio:    0.00
      Required ratio:    0.00 (Cumulative side area) 

    Via: M2M3_PR
      Partial area ratio:    0.08
      Required ratio:    6.00 (Gate area) 
      Cumulative area ratio:    0.38
      Required ratio:    0.00 (Cumulative area) 

    Via: M1M2_PR
      Partial area ratio:    0.18
      Required ratio:    6.00 (Gate area) 
      Cumulative area ratio:    0.30
      Required ratio:    0.00 (Cumulative area) 

    Via: L1M1_PR
      Partial area ratio:    0.12
      Required ratio:    3.00 (Gate area) 
      Cumulative area ratio:    0.12
      Required ratio:    0.00 (Cumulative area) 

  Pin: _5129_/A3 (sky130_fd_sc_hd__a31o_1)
    Layer: met3
      Partial area ratio:    6.84
      Required ratio:    0.00 (Gate area) 
      Partial area ratio:   37.24
      Required ratio: 2956.40 (Side area) 
      Cumulative area ratio:    9.71
      Required ratio:    0.00 (Cumulative area) 
      Cumulative area ratio:   52.38
      Required ratio:    0.00 (Cumulative side area) 

    Layer: met2
      Partial area ratio:    0.00
      Required ratio:    0.00 (Gate area) 
      Partial area ratio:    0.00
      Required ratio:  400.00 (Side area) 
      Cumulative area ratio:    2.87
      Required ratio:    0.00 (Cumulative area) 
      Cumulative area ratio:   15.14
      Required ratio:    0.00 (Cumulative side area) 

    Layer: met1
      Partial area ratio:    2.87
      Required ratio:    0.00 (Gate area) 
      Partial area ratio:   15.14
      Required ratio:  400.00 (Side area) 
      Cumulative area ratio:    2.87
      Required ratio:    0.00 (Cumulative area) 
      Cumulative area ratio:   15.14
      Required ratio:    0.00 (Cumulative side area) 

    Layer: li1
      Partial area ratio:    0.00
      Required ratio:    0.00 (Gate area) 
      Partial area ratio:    0.00
      Required ratio:   75.00 (Side area) 
      Cumulative area ratio:    0.00
      Required ratio:    0.00 (Cumulative area) 
      Cumulative area ratio:    0.00
      Required ratio:    0.00 (Cumulative side area) 

    Via: M2M3_PR
      Partial area ratio:    0.16
      Required ratio:    6.00 (Gate area) 
      Cumulative area ratio:    0.46
      Required ratio:    0.00 (Cumulative area) 

    Via: M1M2_PR
      Partial area ratio:    0.18
      Required ratio:    6.00 (Gate area) 
      Cumulative area ratio:    0.30
      Required ratio:    0.00 (Cumulative area) 

    Via: L1M1_PR
      Partial area ratio:    0.12
      Required ratio:    3.00 (Gate area) 
      Cumulative area ratio:    0.12
      Required ratio:    0.00 (Cumulative area) 

  Pin: _5142_/A3 (sky130_fd_sc_hd__a31o_1)
    Layer: met3
      Partial area ratio:    6.84
      Required ratio:    0.00 (Gate area) 
      Partial area ratio:   37.24
      Required ratio: 2956.40 (Side area) 
      Cumulative area ratio:   21.11
      Required ratio:    0.00 (Cumulative area) 
      Cumulative area ratio:  109.79
      Required ratio:    0.00 (Cumulative side area) 

    Layer: met2
      Partial area ratio:   11.79
      Required ratio:    0.00 (Gate area) 
      Partial area ratio:   59.34
      Required ratio:  400.00 (Side area) 
      Cumulative area ratio:   14.27
      Required ratio:    0.00 (Cumulative area) 
      Cumulative area ratio:   72.55
      Required ratio:    0.00 (Cumulative side area) 

    Layer: met1
      Partial area ratio:    2.48
      Required ratio:    0.00 (Gate area) 
      Partial area ratio:   13.22
      Required ratio:  400.00 (Side area) 
      Cumulative area ratio:    2.48
      Required ratio:    0.00 (Cumulative area) 
      Cumulative area ratio:   13.22
      Required ratio:    0.00 (Cumulative side area) 

    Layer: li1
      Partial area ratio:    0.00
      Required ratio:    0.00 (Gate area) 
      Partial area ratio:    0.00
      Required ratio:   75.00 (Side area) 
      Cumulative area ratio:    0.00
      Required ratio:    0.00 (Cumulative area) 
      Cumulative area ratio:    0.00
      Required ratio:    0.00 (Cumulative side area) 

    Via: M2M3_PR
      Partial area ratio:    0.16
      Required ratio:    6.00 (Gate area) 
      Cumulative area ratio:    0.46
      Required ratio:    0.00 (Cumulative area) 

    Via: M1M2_PR
      Partial area ratio:    0.18
      Required ratio:    6.00 (Gate area) 
      Cumulative area ratio:    0.30
      Required ratio:    0.00 (Cumulative area) 

    Via: L1M1_PR
      Partial area ratio:    0.12
      Required ratio:    3.00 (Gate area) 
      Cumulative area ratio:    0.12
      Required ratio:    0.00 (Cumulative area) 

  Pin: _5135_/A3 (sky130_fd_sc_hd__a31o_1)
    Layer: met3
      Partial area ratio:    6.84
      Required ratio:    0.00 (Gate area) 
      Partial area ratio:   37.24
      Required ratio: 2956.40 (Side area) 
      Cumulative area ratio:    8.93
      Required ratio:    0.00 (Cumulative area) 
      Cumulative area ratio:   48.47
      Required ratio:    0.00 (Cumulative side area) 

    Layer: met2
      Partial area ratio:    0.00
      Required ratio:    0.00 (Gate area) 
      Partial area ratio:    0.00
      Required ratio:  400.00 (Side area) 
      Cumulative area ratio:    2.09
      Required ratio:    0.00 (Cumulative area) 
      Cumulative area ratio:   11.24
      Required ratio:    0.00 (Cumulative side area) 

    Layer: met1
      Partial area ratio:    2.09
      Required ratio:    0.00 (Gate area) 
      Partial area ratio:   11.24
      Required ratio:  400.00 (Side area) 
      Cumulative area ratio:    2.09
      Required ratio:    0.00 (Cumulative area) 
      Cumulative area ratio:   11.24
      Required ratio:    0.00 (Cumulative side area) 

    Layer: li1
      Partial area ratio:    0.00
      Required ratio:    0.00 (Gate area) 
      Partial area ratio:    0.00
      Required ratio:   75.00 (Side area) 
      Cumulative area ratio:    0.00
      Required ratio:    0.00 (Cumulative area) 
      Cumulative area ratio:    0.00
      Required ratio:    0.00 (Cumulative side area) 

    Via: M2M3_PR
      Partial area ratio:    0.16
      Required ratio:    6.00 (Gate area) 
      Cumulative area ratio:    0.46
      Required ratio:    0.00 (Cumulative area) 

    Via: M1M2_PR
      Partial area ratio:    0.18
      Required ratio:    6.00 (Gate area) 
      Cumulative area ratio:    0.30
      Required ratio:    0.00 (Cumulative area) 

    Via: L1M1_PR
      Partial area ratio:    0.12
      Required ratio:    3.00 (Gate area) 
      Cumulative area ratio:    0.12
      Required ratio:    0.00 (Cumulative area) 

  Pin: _5155_/A3 (sky130_fd_sc_hd__a31o_1)
    Layer: met2
      Partial area ratio:    5.51
      Required ratio:    0.00 (Gate area) 
      Partial area ratio:   27.80
      Required ratio: 2956.40 (Side area) 
      Cumulative area ratio:   97.67
      Required ratio:    0.00 (Cumulative area) 
      Cumulative area ratio:  491.21
      Required ratio:    0.00 (Cumulative side area) 

    Layer: met1
      Partial area ratio:   12.17
      Required ratio:    0.00 (Gate area) 
      Partial area ratio:   62.31
      Required ratio:  400.00 (Side area) 
      Cumulative area ratio:   12.17
      Required ratio:    0.00 (Cumulative area) 
      Cumulative area ratio:   62.31
      Required ratio:    0.00 (Cumulative side area) 

    Layer: met3
      Partial area ratio:    6.84
      Required ratio:    0.00 (Gate area) 
      Partial area ratio:   37.24
      Required ratio: 2956.40 (Side area) 
      Cumulative area ratio:  104.50
      Required ratio:    0.00 (Cumulative area) 
      Cumulative area ratio:  528.45
      Required ratio:    0.00 (Cumulative side area) 

    Layer: li1
      Partial area ratio:    0.00
      Required ratio:    0.00 (Gate area) 
      Partial area ratio:    0.00
      Required ratio:   75.00 (Side area) 
      Cumulative area ratio:    0.00
      Required ratio:    0.00 (Cumulative area) 
      Cumulative area ratio:    0.00
      Required ratio:    0.00 (Cumulative side area) 

    Via: M2M3_PR
      Partial area ratio:    0.03
      Required ratio:    6.00 (Gate area) 
      Cumulative area ratio:    0.57
      Required ratio:    0.00 (Cumulative area) 

    Via: M1M2_PR
      Partial area ratio:    0.15
      Required ratio:    6.00 (Gate area) 
      Cumulative area ratio:    0.27
      Required ratio:    0.00 (Cumulative area) 

    Via: L1M1_PR
      Partial area ratio:    0.12
      Required ratio:    3.00 (Gate area) 
      Cumulative area ratio:    0.12
      Required ratio:    0.00 (Cumulative area) 

  Pin: _5149_/A3 (sky130_fd_sc_hd__a31o_1)
    Layer: met2
      Partial area ratio:    5.51
      Required ratio:    0.00 (Gate area) 
      Partial area ratio:   27.80
      Required ratio: 2956.40 (Side area) 
      Cumulative area ratio:   97.67
      Required ratio:    0.00 (Cumulative area) 
      Cumulative area ratio:  491.21
      Required ratio:    0.00 (Cumulative side area) 

    Layer: met1
      Partial area ratio:   12.17
      Required ratio:    0.00 (Gate area) 
      Partial area ratio:   62.31
      Required ratio:  400.00 (Side area) 
      Cumulative area ratio:   12.17
      Required ratio:    0.00 (Cumulative area) 
      Cumulative area ratio:   62.31
      Required ratio:    0.00 (Cumulative side area) 

    Layer: met3
      Partial area ratio:    6.84
      Required ratio:    0.00 (Gate area) 
      Partial area ratio:   37.24
      Required ratio: 2956.40 (Side area) 
      Cumulative area ratio:  104.50
      Required ratio:    0.00 (Cumulative area) 
      Cumulative area ratio:  528.45
      Required ratio:    0.00 (Cumulative side area) 

    Layer: li1
      Partial area ratio:    0.00
      Required ratio:    0.00 (Gate area) 
      Partial area ratio:    0.00
      Required ratio:   75.00 (Side area) 
      Cumulative area ratio:    0.00
      Required ratio:    0.00 (Cumulative area) 
      Cumulative area ratio:    0.00
      Required ratio:    0.00 (Cumulative side area) 

    Via: M2M3_PR
      Partial area ratio:    0.03
      Required ratio:    6.00 (Gate area) 
      Cumulative area ratio:    0.57
      Required ratio:    0.00 (Cumulative area) 

    Via: M1M2_PR
      Partial area ratio:    0.15
      Required ratio:    6.00 (Gate area) 
      Cumulative area ratio:    0.27
      Required ratio:    0.00 (Cumulative area) 

    Via: L1M1_PR
      Partial area ratio:    0.12
      Required ratio:    3.00 (Gate area) 
      Cumulative area ratio:    0.12
      Required ratio:    0.00 (Cumulative area) 

  Pin: _5108_/A3 (sky130_fd_sc_hd__a31o_1)
    Layer: met2
      Partial area ratio:    5.51
      Required ratio:    0.00 (Gate area) 
      Partial area ratio:   27.80
      Required ratio: 2956.40 (Side area) 
      Cumulative area ratio:   97.67
      Required ratio:    0.00 (Cumulative area) 
      Cumulative area ratio:  491.21
      Required ratio:    0.00 (Cumulative side area) 

    Layer: met1
      Partial area ratio:   12.17
      Required ratio:    0.00 (Gate area) 
      Partial area ratio:   62.31
      Required ratio:  400.00 (Side area) 
      Cumulative area ratio:   12.17
      Required ratio:    0.00 (Cumulative area) 
      Cumulative area ratio:   62.31
      Required ratio:    0.00 (Cumulative side area) 

    Layer: met3
      Partial area ratio:    6.84
      Required ratio:    0.00 (Gate area) 
      Partial area ratio:   37.24
      Required ratio: 2956.40 (Side area) 
      Cumulative area ratio:  104.50
      Required ratio:    0.00 (Cumulative area) 
      Cumulative area ratio:  528.45
      Required ratio:    0.00 (Cumulative side area) 

    Layer: li1
      Partial area ratio:    0.00
      Required ratio:    0.00 (Gate area) 
      Partial area ratio:    0.00
      Required ratio:   75.00 (Side area) 
      Cumulative area ratio:    0.00
      Required ratio:    0.00 (Cumulative area) 
      Cumulative area ratio:    0.00
      Required ratio:    0.00 (Cumulative side area) 

    Via: M2M3_PR
      Partial area ratio:    0.03
      Required ratio:    6.00 (Gate area) 
      Cumulative area ratio:    0.57
      Required ratio:    0.00 (Cumulative area) 

    Via: M1M2_PR
      Partial area ratio:    0.15
      Required ratio:    6.00 (Gate area) 
      Cumulative area ratio:    0.27
      Required ratio:    0.00 (Cumulative area) 

    Via: L1M1_PR
      Partial area ratio:    0.12
      Required ratio:    3.00 (Gate area) 
      Cumulative area ratio:    0.12
      Required ratio:    0.00 (Cumulative area) 

  Pin: _5097_/A2 (sky130_fd_sc_hd__o22a_1)
    Layer: met2
      Partial area ratio:    5.51
      Required ratio:    0.00 (Gate area) 
      Partial area ratio:   27.80
      Required ratio: 2956.40 (Side area) 
      Cumulative area ratio:   85.50
      Required ratio:    0.00 (Cumulative area) 
      Cumulative area ratio:  428.90
      Required ratio:    0.00 (Cumulative side area) 

    Layer: met1
      Partial area ratio:   79.98
      Required ratio:    0.00 (Gate area) 
      Partial area ratio:  401.11
      Required ratio:  400.00 (Side area) (VIOLATED)
      Cumulative area ratio:   79.98
      Required ratio:    0.00 (Cumulative area) 
      Cumulative area ratio:  401.11
      Required ratio:    0.00 (Cumulative side area) 

    Layer: met3
      Partial area ratio:    6.84
      Required ratio:    0.00 (Gate area) 
      Partial area ratio:   37.24
      Required ratio: 2956.40 (Side area) 
      Cumulative area ratio:   92.33
      Required ratio:    0.00 (Cumulative area) 
      Cumulative area ratio:  466.14
      Required ratio:    0.00 (Cumulative side area) 

    Layer: li1
      Partial area ratio:    0.00
      Required ratio:    0.00 (Gate area) 
      Partial area ratio:    0.00
      Required ratio:   75.00 (Side area) 
      Cumulative area ratio:    0.00
      Required ratio:    0.00 (Cumulative area) 
      Cumulative area ratio:    0.00
      Required ratio:    0.00 (Cumulative side area) 

    Via: M2M3_PR
      Partial area ratio:    0.03
      Required ratio:    6.00 (Gate area) 
      Cumulative area ratio:    0.42
      Required ratio:    0.00 (Cumulative area) 

    Via: M1M2_PR
      Partial area ratio:    0.27
      Required ratio:    6.00 (Gate area) 
      Cumulative area ratio:    0.39
      Required ratio:    0.00 (Cumulative area) 

    Via: L1M1_PR
      Partial area ratio:    0.12
      Required ratio:    3.00 (Gate area) 
      Cumulative area ratio:    0.12
      Required ratio:    0.00 (Cumulative area) 

  Pin: _5091_/A2 (sky130_fd_sc_hd__o22a_1)
    Layer: met1
      Partial area ratio:    8.02
      Required ratio:    0.00 (Gate area) 
      Partial area ratio:   42.48
      Required ratio: 2956.40 (Side area) 
      Cumulative area ratio:    8.02
      Required ratio:    0.00 (Cumulative area) 
      Cumulative area ratio:   42.48
      Required ratio:    0.00 (Cumulative side area) 

    Layer: met2
      Partial area ratio:    5.51
      Required ratio:    0.00 (Gate area) 
      Partial area ratio:   27.80
      Required ratio: 2956.40 (Side area) 
      Cumulative area ratio:   13.53
      Required ratio:    0.00 (Cumulative area) 
      Cumulative area ratio:   70.28
      Required ratio:    0.00 (Cumulative side area) 

    Layer: met3
      Partial area ratio:    6.84
      Required ratio:    0.00 (Gate area) 
      Partial area ratio:   37.24
      Required ratio: 2956.40 (Side area) 
      Cumulative area ratio:   20.37
      Required ratio:    0.00 (Cumulative area) 
      Cumulative area ratio:  107.51
      Required ratio:    0.00 (Cumulative side area) 

    Layer: met2
      Partial area ratio:    5.51
      Required ratio:    0.00 (Gate area) 
      Partial area ratio:   27.80
      Required ratio: 2956.40 (Side area) 
      Cumulative area ratio:   13.53
      Required ratio:    0.00 (Cumulative area) 
      Cumulative area ratio:   70.28
      Required ratio:    0.00 (Cumulative side area) 

    Layer: li1
      Partial area ratio:    0.00
      Required ratio:    0.00 (Gate area) 
      Partial area ratio:    0.00
      Required ratio:   75.00 (Side area) 
      Cumulative area ratio:    0.00
      Required ratio:    0.00 (Cumulative area) 
      Cumulative area ratio:    0.00
      Required ratio:    0.00 (Cumulative side area) 

    Layer: met2
      Partial area ratio:    5.51
      Required ratio:    0.00 (Gate area) 
      Partial area ratio:   27.80
      Required ratio: 2956.40 (Side area) 
      Cumulative area ratio:   13.53
      Required ratio:    0.00 (Cumulative area) 
      Cumulative area ratio:   70.28
      Required ratio:    0.00 (Cumulative side area) 

    Via: M1M2_PR
      Partial area ratio:    0.27
      Required ratio:    6.00 (Gate area) 
      Cumulative area ratio:    0.39
      Required ratio:    0.00 (Cumulative area) 

    Via: M2M3_PR
      Partial area ratio:    0.03
      Required ratio:    6.00 (Gate area) 
      Cumulative area ratio:    0.42
      Required ratio:    0.00 (Cumulative area) 

    Via: L1M1_PR
      Partial area ratio:    0.12
      Required ratio:    3.00 (Gate area) 
      Cumulative area ratio:    0.12
      Required ratio:    0.00 (Cumulative area) 


Net: _2073_
  Pin: _5091_/B1 (sky130_fd_sc_hd__o22a_1)
    Layer: met1
      Partial area ratio:  115.11
      Required ratio:    0.00 (Gate area) 
      Partial area ratio:  577.15
      Required ratio:  400.00 (Side area) (VIOLATED)
      Cumulative area ratio:  115.11
      Required ratio:    0.00 (Cumulative area) 
      Cumulative area ratio:  577.15
      Required ratio:    0.00 (Cumulative side area) 

    Layer: li1
      Partial area ratio:    0.00
      Required ratio:    0.00 (Gate area) 
      Partial area ratio:    0.00
      Required ratio:   75.00 (Side area) 
      Cumulative area ratio:    0.00
      Required ratio:    0.00 (Cumulative area) 
      Cumulative area ratio:    0.00
      Required ratio:    0.00 (Cumulative side area) 

    Via: M1M2_PR
      Partial area ratio:    0.18
      Required ratio:    6.00 (Gate area) 
      Cumulative area ratio:    0.30
      Required ratio:    0.00 (Cumulative area) 

    Via: L1M1_PR
      Partial area ratio:    0.12
      Required ratio:    3.00 (Gate area) 
      Cumulative area ratio:    0.12
      Required ratio:    0.00 (Cumulative area) 


Net: _2091_
  Pin: _5107_/A (sky130_fd_sc_hd__and2_1)
    Layer: met2
      Partial area ratio:    5.26
      Required ratio:    0.00 (Gate area) 
      Partial area ratio:   26.62
      Required ratio: 2956.40 (Side area) 
      Cumulative area ratio:   12.04
      Required ratio:    0.00 (Cumulative area) 
      Cumulative area ratio:   62.05
      Required ratio:    0.00 (Cumulative side area) 

    Layer: met1
      Partial area ratio:    6.78
      Required ratio:    0.00 (Gate area) 
      Partial area ratio:   35.43
      Required ratio:  400.00 (Side area) 
      Cumulative area ratio:    6.78
      Required ratio:    0.00 (Cumulative area) 
      Cumulative area ratio:   35.43
      Required ratio:    0.00 (Cumulative side area) 

    Layer: li1
      Partial area ratio:    0.00
      Required ratio:    0.00 (Gate area) 
      Partial area ratio:    0.00
      Required ratio:   75.00 (Side area) 
      Cumulative area ratio:    0.00
      Required ratio:    0.00 (Cumulative area) 
      Cumulative area ratio:    0.00
      Required ratio:    0.00 (Cumulative side area) 

    Layer: met3
      Partial area ratio:   14.75
      Required ratio:    0.00 (Gate area) 
      Partial area ratio:   78.92
      Required ratio: 2956.40 (Side area) 
      Cumulative area ratio:   26.79
      Required ratio:    0.00 (Cumulative area) 
      Cumulative area ratio:  140.97
      Required ratio:    0.00 (Cumulative side area) 

    Via: M2M3_PR
      Partial area ratio:    0.02
      Required ratio:    6.00 (Gate area) 
      Cumulative area ratio:    0.61
      Required ratio:    0.00 (Cumulative area) 

    Via: M1M2_PR
      Partial area ratio:    0.36
      Required ratio:    6.00 (Gate area) 
      Cumulative area ratio:    0.59
      Required ratio:    0.00 (Cumulative area) 

    Via: L1M1_PR
      Partial area ratio:    0.23
      Required ratio:    3.00 (Gate area) 
      Cumulative area ratio:    0.23
      Required ratio:    0.00 (Cumulative area) 

  Pin: _5121_/A (sky130_fd_sc_hd__and2_1)
    Layer: met3
      Partial area ratio:   14.75
      Required ratio:    0.00 (Gate area) 
      Partial area ratio:   78.92
      Required ratio: 2956.40 (Side area) 
      Cumulative area ratio:   36.58
      Required ratio:    0.00 (Cumulative area) 
      Cumulative area ratio:  193.09
      Required ratio:    0.00 (Cumulative side area) 

    Layer: met2
      Partial area ratio:    3.91
      Required ratio:    0.00 (Gate area) 
      Partial area ratio:   19.94
      Required ratio:  400.00 (Side area) 
      Cumulative area ratio:   21.82
      Required ratio:    0.00 (Cumulative area) 
      Cumulative area ratio:  114.17
      Required ratio:    0.00 (Cumulative side area) 

    Layer: met1
      Partial area ratio:    5.80
      Required ratio:    0.00 (Gate area) 
      Partial area ratio:   30.57
      Required ratio:  400.00 (Side area) 
      Cumulative area ratio:    5.80
      Required ratio:    0.00 (Cumulative area) 
      Cumulative area ratio:   30.57
      Required ratio:    0.00 (Cumulative side area) 

    Layer: li1
      Partial area ratio:    0.00
      Required ratio:    0.00 (Gate area) 
      Partial area ratio:    0.00
      Required ratio:   75.00 (Side area) 
      Cumulative area ratio:    0.00
      Required ratio:    0.00 (Cumulative area) 
      Cumulative area ratio:    0.00
      Required ratio:    0.00 (Cumulative side area) 

    Via: M2M3_PR
      Partial area ratio:    0.16
      Required ratio:    6.00 (Gate area) 
      Cumulative area ratio:    1.28
      Required ratio:    0.00 (Cumulative area) 

    Via: M1M2_PR
      Partial area ratio:    0.36
      Required ratio:    6.00 (Gate area) 
      Cumulative area ratio:    0.59
      Required ratio:    0.00 (Cumulative area) 

    Via: L1M1_PR
      Partial area ratio:    0.23
      Required ratio:    3.00 (Gate area) 
      Cumulative area ratio:    0.23
      Required ratio:    0.00 (Cumulative area) 

  Pin: _5114_/A (sky130_fd_sc_hd__and2_1)
    Layer: met3
      Partial area ratio:   14.75
      Required ratio:    0.00 (Gate area) 
      Partial area ratio:   78.92
      Required ratio: 2956.40 (Side area) 
      Cumulative area ratio:   30.77
      Required ratio:    0.00 (Cumulative area) 
      Cumulative area ratio:  162.52
      Required ratio:    0.00 (Cumulative side area) 

    Layer: met2
      Partial area ratio:    3.91
      Required ratio:    0.00 (Gate area) 
      Partial area ratio:   19.94
      Required ratio:  400.00 (Side area) 
      Cumulative area ratio:   16.02
      Required ratio:    0.00 (Cumulative area) 
      Cumulative area ratio:   83.60
      Required ratio:    0.00 (Cumulative side area) 

    Layer: met1
      Partial area ratio:   12.11
      Required ratio:    0.00 (Gate area) 
      Partial area ratio:   63.66
      Required ratio:  400.00 (Side area) 
      Cumulative area ratio:   12.11
      Required ratio:    0.00 (Cumulative area) 
      Cumulative area ratio:   63.66
      Required ratio:    0.00 (Cumulative side area) 

    Layer: li1
      Partial area ratio:    0.00
      Required ratio:    0.00 (Gate area) 
      Partial area ratio:    0.00
      Required ratio:   75.00 (Side area) 
      Cumulative area ratio:    0.00
      Required ratio:    0.00 (Cumulative area) 
      Cumulative area ratio:    0.00
      Required ratio:    0.00 (Cumulative side area) 

    Via: M2M3_PR
      Partial area ratio:    0.16
      Required ratio:    6.00 (Gate area) 
      Cumulative area ratio:    0.92
      Required ratio:    0.00 (Cumulative area) 

    Via: M1M2_PR
      Partial area ratio:    0.54
      Required ratio:    6.00 (Gate area) 
      Cumulative area ratio:    0.77
      Required ratio:    0.00 (Cumulative area) 

    Via: L1M1_PR
      Partial area ratio:    0.23
      Required ratio:    3.00 (Gate area) 
      Cumulative area ratio:    0.23
      Required ratio:    0.00 (Cumulative area) 

  Pin: _5462_/A (sky130_fd_sc_hd__nand2_1)
    Layer: met1
      Partial area ratio:  108.44
      Required ratio:    0.00 (Gate area) 
      Partial area ratio:  544.18
      Required ratio:  400.00 (Side area) (VIOLATED)
      Cumulative area ratio:  108.44
      Required ratio:    0.00 (Cumulative area) 
      Cumulative area ratio:  544.18
      Required ratio:    0.00 (Cumulative side area) 

    Layer: li1
      Partial area ratio:    0.00
      Required ratio:    0.00 (Gate area) 
      Partial area ratio:    0.00
      Required ratio:   75.00 (Side area) 
      Cumulative area ratio:    0.00
      Required ratio:    0.00 (Cumulative area) 
      Cumulative area ratio:    0.00
      Required ratio:    0.00 (Cumulative side area) 

    Via: M1M2_PR
      Partial area ratio:    0.27
      Required ratio:    6.00 (Gate area) 
      Cumulative area ratio:    0.39
      Required ratio:    0.00 (Cumulative area) 

    Via: L1M1_PR
      Partial area ratio:    0.12
      Required ratio:    3.00 (Gate area) 
      Cumulative area ratio:    0.12
      Required ratio:    0.00 (Cumulative area) 

  Pin: _5466_/A (sky130_fd_sc_hd__nand2_1)
    Layer: met1
      Partial area ratio:   23.90
      Required ratio:    0.00 (Gate area) 
      Partial area ratio:  120.91
      Required ratio:  400.00 (Side area) 
      Cumulative area ratio:   23.90
      Required ratio:    0.00 (Cumulative area) 
      Cumulative area ratio:  120.91
      Required ratio:    0.00 (Cumulative side area) 

    Layer: li1
      Partial area ratio:    0.00
      Required ratio:    0.00 (Gate area) 
      Partial area ratio:    0.00
      Required ratio:   75.00 (Side area) 
      Cumulative area ratio:    0.00
      Required ratio:    0.00 (Cumulative area) 
      Cumulative area ratio:    0.00
      Required ratio:    0.00 (Cumulative side area) 

    Via: M1M2_PR
      Partial area ratio:    0.18
      Required ratio:    6.00 (Gate area) 
      Cumulative area ratio:    0.30
      Required ratio:    0.00 (Cumulative area) 

    Via: L1M1_PR
      Partial area ratio:    0.12
      Required ratio:    3.00 (Gate area) 
      Cumulative area ratio:    0.12
      Required ratio:    0.00 (Cumulative area) 

  Pin: _5456_/A (sky130_fd_sc_hd__nand2_1)
    Layer: met1
      Partial area ratio:   23.90
      Required ratio:    0.00 (Gate area) 
      Partial area ratio:  120.91
      Required ratio:  400.00 (Side area) 
      Cumulative area ratio:   23.90
      Required ratio:    0.00 (Cumulative area) 
      Cumulative area ratio:  120.91
      Required ratio:    0.00 (Cumulative side area) 

    Layer: li1
      Partial area ratio:    0.00
      Required ratio:    0.00 (Gate area) 
      Partial area ratio:    0.00
      Required ratio:   75.00 (Side area) 
      Cumulative area ratio:    0.00
      Required ratio:    0.00 (Cumulative area) 
      Cumulative area ratio:    0.00
      Required ratio:    0.00 (Cumulative side area) 

    Via: M1M2_PR
      Partial area ratio:    0.18
      Required ratio:    6.00 (Gate area) 
      Cumulative area ratio:    0.30
      Required ratio:    0.00 (Cumulative area) 

    Via: L1M1_PR
      Partial area ratio:    0.12
      Required ratio:    3.00 (Gate area) 
      Cumulative area ratio:    0.12
      Required ratio:    0.00 (Cumulative area) 

  Pin: _5359_/A1 (sky130_fd_sc_hd__o21ai_1)
    Layer: met1
      Partial area ratio:    8.96
      Required ratio:    0.00 (Gate area) 
      Partial area ratio:   46.57
      Required ratio:  400.00 (Side area) 
      Cumulative area ratio:    8.96
      Required ratio:    0.00 (Cumulative area) 
      Cumulative area ratio:   46.57
      Required ratio:    0.00 (Cumulative side area) 

    Layer: li1
      Partial area ratio:    0.00
      Required ratio:    0.00 (Gate area) 
      Partial area ratio:    0.00
      Required ratio:   75.00 (Side area) 
      Cumulative area ratio:    0.00
      Required ratio:    0.00 (Cumulative area) 
      Cumulative area ratio:    0.00
      Required ratio:    0.00 (Cumulative side area) 

    Via: M1M2_PR
      Partial area ratio:    0.18
      Required ratio:    6.00 (Gate area) 
      Cumulative area ratio:    0.30
      Required ratio:    0.00 (Cumulative area) 

    Via: L1M1_PR
      Partial area ratio:    0.12
      Required ratio:    3.00 (Gate area) 
      Cumulative area ratio:    0.12
      Required ratio:    0.00 (Cumulative area) 

  Pin: _5350_/A1 (sky130_fd_sc_hd__o21ai_1)
    Layer: met1
      Partial area ratio:    0.95
      Required ratio:    0.00 (Gate area) 
      Partial area ratio:    5.53
      Required ratio:  400.00 (Side area) 
      Cumulative area ratio:    0.95
      Required ratio:    0.00 (Cumulative area) 
      Cumulative area ratio:    5.53
      Required ratio:    0.00 (Cumulative side area) 

    Layer: li1
      Partial area ratio:    0.00
      Required ratio:    0.00 (Gate area) 
      Partial area ratio:    0.00
      Required ratio:   75.00 (Side area) 
      Cumulative area ratio:    0.00
      Required ratio:    0.00 (Cumulative area) 
      Cumulative area ratio:    0.00
      Required ratio:    0.00 (Cumulative side area) 

    Via: M1M2_PR
      Partial area ratio:    0.14
      Required ratio:    6.00 (Gate area) 
      Cumulative area ratio:    0.25
      Required ratio:    0.00 (Cumulative area) 

    Via: L1M1_PR
      Partial area ratio:    0.12
      Required ratio:    3.00 (Gate area) 
      Cumulative area ratio:    0.12
      Required ratio:    0.00 (Cumulative area) 

  Pin: _5349_/A (sky130_fd_sc_hd__nand2_1)
    Layer: met1
      Partial area ratio:    0.95
      Required ratio:    0.00 (Gate area) 
      Partial area ratio:    5.53
      Required ratio:  400.00 (Side area) 
      Cumulative area ratio:    0.95
      Required ratio:    0.00 (Cumulative area) 
      Cumulative area ratio:    5.53
      Required ratio:    0.00 (Cumulative side area) 

    Layer: li1
      Partial area ratio:    0.00
      Required ratio:    0.00 (Gate area) 
      Partial area ratio:    0.00
      Required ratio:   75.00 (Side area) 
      Cumulative area ratio:    0.00
      Required ratio:    0.00 (Cumulative area) 
      Cumulative area ratio:    0.00
      Required ratio:    0.00 (Cumulative side area) 

    Via: M1M2_PR
      Partial area ratio:    0.14
      Required ratio:    6.00 (Gate area) 
      Cumulative area ratio:    0.25
      Required ratio:    0.00 (Cumulative area) 

    Via: L1M1_PR
      Partial area ratio:    0.12
      Required ratio:    3.00 (Gate area) 
      Cumulative area ratio:    0.12
      Required ratio:    0.00 (Cumulative area) 

  Pin: _5358_/A (sky130_fd_sc_hd__nand2_1)
    Layer: met1
      Partial area ratio:    8.96
      Required ratio:    0.00 (Gate area) 
      Partial area ratio:   46.57
      Required ratio:  400.00 (Side area) 
      Cumulative area ratio:    8.96
      Required ratio:    0.00 (Cumulative area) 
      Cumulative area ratio:   46.57
      Required ratio:    0.00 (Cumulative side area) 

    Layer: li1
      Partial area ratio:    0.00
      Required ratio:    0.00 (Gate area) 
      Partial area ratio:    0.00
      Required ratio:   75.00 (Side area) 
      Cumulative area ratio:    0.00
      Required ratio:    0.00 (Cumulative area) 
      Cumulative area ratio:    0.00
      Required ratio:    0.00 (Cumulative side area) 

    Via: M1M2_PR
      Partial area ratio:    0.18
      Required ratio:    6.00 (Gate area) 
      Cumulative area ratio:    0.30
      Required ratio:    0.00 (Cumulative area) 

    Via: L1M1_PR
      Partial area ratio:    0.12
      Required ratio:    3.00 (Gate area) 
      Cumulative area ratio:    0.12
      Required ratio:    0.00 (Cumulative area) 


Net: _2191_
  Pin: _5328_/A (sky130_fd_sc_hd__nand3_1)
    Layer: met1
      Partial area ratio:    9.86
      Required ratio:    0.00 (Gate area) 
      Partial area ratio:   51.68
      Required ratio: 3236.16 (Side area) 
      Cumulative area ratio:    9.86
      Required ratio:    0.00 (Cumulative area) 
      Cumulative area ratio:   51.68
      Required ratio:    0.00 (Cumulative side area) 

    Layer: met2
      Partial area ratio:    3.93
      Required ratio:    0.00 (Gate area) 
      Partial area ratio:   19.78
      Required ratio: 3236.16 (Side area) 
      Cumulative area ratio:   13.79
      Required ratio:    0.00 (Cumulative area) 
      Cumulative area ratio:   71.46
      Required ratio:    0.00 (Cumulative side area) 

    Layer: li1
      Partial area ratio:    0.00
      Required ratio:    0.00 (Gate area) 
      Partial area ratio:    0.00
      Required ratio:   75.00 (Side area) 
      Cumulative area ratio:    0.00
      Required ratio:    0.00 (Cumulative area) 
      Cumulative area ratio:    0.00
      Required ratio:    0.00 (Cumulative side area) 

    Layer: met2
      Partial area ratio:    3.93
      Required ratio:    0.00 (Gate area) 
      Partial area ratio:   19.78
      Required ratio: 3236.16 (Side area) 
      Cumulative area ratio:   13.79
      Required ratio:    0.00 (Cumulative area) 
      Cumulative area ratio:   71.46
      Required ratio:    0.00 (Cumulative side area) 

    Layer: met3
      Partial area ratio:   16.91
      Required ratio:    0.00 (Gate area) 
      Partial area ratio:   91.15
      Required ratio: 3236.16 (Side area) 
      Cumulative area ratio:   26.77
      Required ratio:    0.00 (Cumulative area) 
      Cumulative area ratio:  142.83
      Required ratio:    0.00 (Cumulative side area) 

    Layer: met4
      Partial area ratio:    1.71
      Required ratio:    0.00 (Gate area) 
      Partial area ratio:    9.31
      Required ratio: 3236.16 (Side area) 
      Cumulative area ratio:   28.48
      Required ratio:    0.00 (Cumulative area) 
      Cumulative area ratio:  152.14
      Required ratio:    0.00 (Cumulative side area) 

    Via: M1M2_PR
      Partial area ratio:    0.27
      Required ratio:    6.00 (Gate area) 
      Cumulative area ratio:    0.39
      Required ratio:    0.00 (Cumulative area) 

    Via: L1M1_PR
      Partial area ratio:    0.12
      Required ratio:    3.00 (Gate area) 
      Cumulative area ratio:    0.12
      Required ratio:    0.00 (Cumulative area) 

    Via: M2M3_PR
      Partial area ratio:    0.05
      Required ratio:    6.00 (Gate area) 
      Cumulative area ratio:    0.44
      Required ratio:    0.00 (Cumulative area) 

    Via: M3M4_PR
      Partial area ratio:    0.02
      Required ratio:    6.00 (Gate area) 
      Cumulative area ratio:    0.46
      Required ratio:    0.00 (Cumulative area) 

  Pin: _5249_/B (sky130_fd_sc_hd__nand3b_1)
    Layer: met3
      Partial area ratio:   16.91
      Required ratio:    0.00 (Gate area) 
      Partial area ratio:   91.15
      Required ratio: 3236.16 (Side area) 
      Cumulative area ratio:   18.93
      Required ratio:    0.00 (Cumulative area) 
      Cumulative area ratio:  102.04
      Required ratio:    0.00 (Cumulative side area) 

    Layer: met2
      Partial area ratio:    0.00
      Required ratio:    0.00 (Gate area) 
      Partial area ratio:    0.00
      Required ratio:  400.00 (Side area) 
      Cumulative area ratio:    2.02
      Required ratio:    0.00 (Cumulative area) 
      Cumulative area ratio:   10.89
      Required ratio:    0.00 (Cumulative side area) 

    Layer: met1
      Partial area ratio:    2.02
      Required ratio:    0.00 (Gate area) 
      Partial area ratio:   10.89
      Required ratio:  400.00 (Side area) 
      Cumulative area ratio:    2.02
      Required ratio:    0.00 (Cumulative area) 
      Cumulative area ratio:   10.89
      Required ratio:    0.00 (Cumulative side area) 

    Layer: li1
      Partial area ratio:    0.00
      Required ratio:    0.00 (Gate area) 
      Partial area ratio:    0.00
      Required ratio:   75.00 (Side area) 
      Cumulative area ratio:    0.00
      Required ratio:    0.00 (Cumulative area) 
      Cumulative area ratio:    0.00
      Required ratio:    0.00 (Cumulative side area) 

    Layer: met4
      Partial area ratio:    1.71
      Required ratio:    0.00 (Gate area) 
      Partial area ratio:    9.31
      Required ratio: 3236.16 (Side area) 
      Cumulative area ratio:   20.64
      Required ratio:    0.00 (Cumulative area) 
      Cumulative area ratio:  111.35
      Required ratio:    0.00 (Cumulative side area) 

    Via: M3M4_PR
      Partial area ratio:    0.02
      Required ratio:    6.00 (Gate area) 
      Cumulative area ratio:    0.48
      Required ratio:    0.00 (Cumulative area) 

    Via: M2M3_PR
      Partial area ratio:    0.16
      Required ratio:    6.00 (Gate area) 
      Cumulative area ratio:    0.46
      Required ratio:    0.00 (Cumulative area) 

    Via: M1M2_PR
      Partial area ratio:    0.18
      Required ratio:    6.00 (Gate area) 
      Cumulative area ratio:    0.30
      Required ratio:    0.00 (Cumulative area) 

    Via: L1M1_PR
      Partial area ratio:    0.12
      Required ratio:    3.00 (Gate area) 
      Cumulative area ratio:    0.12
      Required ratio:    0.00 (Cumulative area) 

  Pin: _5285_/B (sky130_fd_sc_hd__nand3b_1)
    Layer: met3
      Partial area ratio:   16.91
      Required ratio:    0.00 (Gate area) 
      Partial area ratio:   91.15
      Required ratio: 3236.16 (Side area) 
      Cumulative area ratio:   21.30
      Required ratio:    0.00 (Cumulative area) 
      Cumulative area ratio:  114.32
      Required ratio:    0.00 (Cumulative side area) 

    Layer: met2
      Partial area ratio:    3.98
      Required ratio:    0.00 (Gate area) 
      Partial area ratio:   20.31
      Required ratio:  400.00 (Side area) 
      Cumulative area ratio:    4.40
      Required ratio:    0.00 (Cumulative area) 
      Cumulative area ratio:   23.16
      Required ratio:    0.00 (Cumulative side area) 

    Layer: met1
      Partial area ratio:    0.41
      Required ratio:    0.00 (Gate area) 
      Partial area ratio:    2.86
      Required ratio:  400.00 (Side area) 
      Cumulative area ratio:    0.41
      Required ratio:    0.00 (Cumulative area) 
      Cumulative area ratio:    2.86
      Required ratio:    0.00 (Cumulative side area) 

    Layer: li1
      Partial area ratio:    0.00
      Required ratio:    0.00 (Gate area) 
      Partial area ratio:    0.00
      Required ratio:   75.00 (Side area) 
      Cumulative area ratio:    0.00
      Required ratio:    0.00 (Cumulative area) 
      Cumulative area ratio:    0.00
      Required ratio:    0.00 (Cumulative side area) 

    Layer: met4
      Partial area ratio:    1.71
      Required ratio:    0.00 (Gate area) 
      Partial area ratio:    9.31
      Required ratio: 3236.16 (Side area) 
      Cumulative area ratio:   23.01
      Required ratio:    0.00 (Cumulative area) 
      Cumulative area ratio:  123.62
      Required ratio:    0.00 (Cumulative side area) 

    Via: M3M4_PR
      Partial area ratio:    0.02
      Required ratio:    6.00 (Gate area) 
      Cumulative area ratio:    0.48
      Required ratio:    0.00 (Cumulative area) 

    Via: M2M3_PR
      Partial area ratio:    0.16
      Required ratio:    6.00 (Gate area) 
      Cumulative area ratio:    0.46
      Required ratio:    0.00 (Cumulative area) 

    Via: M1M2_PR
      Partial area ratio:    0.18
      Required ratio:    6.00 (Gate area) 
      Cumulative area ratio:    0.30
      Required ratio:    0.00 (Cumulative area) 

    Via: L1M1_PR
      Partial area ratio:    0.12
      Required ratio:    3.00 (Gate area) 
      Cumulative area ratio:    0.12
      Required ratio:    0.00 (Cumulative area) 

  Pin: _5258_/B (sky130_fd_sc_hd__nand3b_1)
    Layer: met3
      Partial area ratio:   16.91
      Required ratio:    0.00 (Gate area) 
      Partial area ratio:   91.15
      Required ratio: 3236.16 (Side area) 
      Cumulative area ratio:   18.67
      Required ratio:    0.00 (Cumulative area) 
      Cumulative area ratio:  100.74
      Required ratio:    0.00 (Cumulative side area) 

    Layer: met2
      Partial area ratio:    0.00
      Required ratio:    0.00 (Gate area) 
      Partial area ratio:    0.00
      Required ratio:  400.00 (Side area) 
      Cumulative area ratio:    1.76
      Required ratio:    0.00 (Cumulative area) 
      Cumulative area ratio:    9.59
      Required ratio:    0.00 (Cumulative side area) 

    Layer: met1
      Partial area ratio:    1.76
      Required ratio:    0.00 (Gate area) 
      Partial area ratio:    9.59
      Required ratio:  400.00 (Side area) 
      Cumulative area ratio:    1.76
      Required ratio:    0.00 (Cumulative area) 
      Cumulative area ratio:    9.59
      Required ratio:    0.00 (Cumulative side area) 

    Layer: li1
      Partial area ratio:    0.00
      Required ratio:    0.00 (Gate area) 
      Partial area ratio:    0.00
      Required ratio:   75.00 (Side area) 
      Cumulative area ratio:    0.00
      Required ratio:    0.00 (Cumulative area) 
      Cumulative area ratio:    0.00
      Required ratio:    0.00 (Cumulative side area) 

    Layer: met4
      Partial area ratio:    1.71
      Required ratio:    0.00 (Gate area) 
      Partial area ratio:    9.31
      Required ratio: 3236.16 (Side area) 
      Cumulative area ratio:   20.38
      Required ratio:    0.00 (Cumulative area) 
      Cumulative area ratio:  110.05
      Required ratio:    0.00 (Cumulative side area) 

    Via: M3M4_PR
      Partial area ratio:    0.02
      Required ratio:    6.00 (Gate area) 
      Cumulative area ratio:    0.48
      Required ratio:    0.00 (Cumulative area) 

    Via: M2M3_PR
      Partial area ratio:    0.16
      Required ratio:    6.00 (Gate area) 
      Cumulative area ratio:    0.46
      Required ratio:    0.00 (Cumulative area) 

    Via: M1M2_PR
      Partial area ratio:    0.18
      Required ratio:    6.00 (Gate area) 
      Cumulative area ratio:    0.30
      Required ratio:    0.00 (Cumulative area) 

    Via: L1M1_PR
      Partial area ratio:    0.12
      Required ratio:    3.00 (Gate area) 
      Cumulative area ratio:    0.12
      Required ratio:    0.00 (Cumulative area) 

  Pin: _5276_/B (sky130_fd_sc_hd__nand3b_1)
    Layer: met3
      Partial area ratio:   16.91
      Required ratio:    0.00 (Gate area) 
      Partial area ratio:   91.15
      Required ratio: 3236.16 (Side area) 
      Cumulative area ratio:   20.90
      Required ratio:    0.00 (Cumulative area) 
      Cumulative area ratio:  112.08
      Required ratio:    0.00 (Cumulative side area) 

    Layer: met2
      Partial area ratio:    1.99
      Required ratio:    0.00 (Gate area) 
      Partial area ratio:   10.15
      Required ratio:  400.00 (Side area) 
      Cumulative area ratio:    3.99
      Required ratio:    0.00 (Cumulative area) 
      Cumulative area ratio:   20.93
      Required ratio:    0.00 (Cumulative side area) 

    Layer: met1
      Partial area ratio:    2.00
      Required ratio:    0.00 (Gate area) 
      Partial area ratio:   10.78
      Required ratio:  400.00 (Side area) 
      Cumulative area ratio:    2.00
      Required ratio:    0.00 (Cumulative area) 
      Cumulative area ratio:   10.78
      Required ratio:    0.00 (Cumulative side area) 

    Layer: li1
      Partial area ratio:    0.00
      Required ratio:    0.00 (Gate area) 
      Partial area ratio:    0.00
      Required ratio:   75.00 (Side area) 
      Cumulative area ratio:    0.00
      Required ratio:    0.00 (Cumulative area) 
      Cumulative area ratio:    0.00
      Required ratio:    0.00 (Cumulative side area) 

    Layer: met4
      Partial area ratio:    1.71
      Required ratio:    0.00 (Gate area) 
      Partial area ratio:    9.31
      Required ratio: 3236.16 (Side area) 
      Cumulative area ratio:   22.61
      Required ratio:    0.00 (Cumulative area) 
      Cumulative area ratio:  121.39
      Required ratio:    0.00 (Cumulative side area) 

    Via: M3M4_PR
      Partial area ratio:    0.02
      Required ratio:    6.00 (Gate area) 
      Cumulative area ratio:    0.48
      Required ratio:    0.00 (Cumulative area) 

    Via: M2M3_PR
      Partial area ratio:    0.16
      Required ratio:    6.00 (Gate area) 
      Cumulative area ratio:    0.46
      Required ratio:    0.00 (Cumulative area) 

    Via: M1M2_PR
      Partial area ratio:    0.18
      Required ratio:    6.00 (Gate area) 
      Cumulative area ratio:    0.30
      Required ratio:    0.00 (Cumulative area) 

    Via: L1M1_PR
      Partial area ratio:    0.12
      Required ratio:    3.00 (Gate area) 
      Cumulative area ratio:    0.12
      Required ratio:    0.00 (Cumulative area) 

  Pin: _5305_/B (sky130_fd_sc_hd__nand3b_1)
    Layer: met3
      Partial area ratio:   16.91
      Required ratio:    0.00 (Gate area) 
      Partial area ratio:   91.15
      Required ratio: 3236.16 (Side area) 
      Cumulative area ratio:   20.63
      Required ratio:    0.00 (Cumulative area) 
      Cumulative area ratio:  110.72
      Required ratio:    0.00 (Cumulative side area) 

    Layer: met2
      Partial area ratio:    1.99
      Required ratio:    0.00 (Gate area) 
      Partial area ratio:   10.15
      Required ratio:  400.00 (Side area) 
      Cumulative area ratio:    3.72
      Required ratio:    0.00 (Cumulative area) 
      Cumulative area ratio:   19.57
      Required ratio:    0.00 (Cumulative side area) 

    Layer: met1
      Partial area ratio:    1.73
      Required ratio:    0.00 (Gate area) 
      Partial area ratio:    9.42
      Required ratio:  400.00 (Side area) 
      Cumulative area ratio:    1.73
      Required ratio:    0.00 (Cumulative area) 
      Cumulative area ratio:    9.42
      Required ratio:    0.00 (Cumulative side area) 

    Layer: li1
      Partial area ratio:    0.00
      Required ratio:    0.00 (Gate area) 
      Partial area ratio:    0.00
      Required ratio:   75.00 (Side area) 
      Cumulative area ratio:    0.00
      Required ratio:    0.00 (Cumulative area) 
      Cumulative area ratio:    0.00
      Required ratio:    0.00 (Cumulative side area) 

    Layer: met4
      Partial area ratio:    1.71
      Required ratio:    0.00 (Gate area) 
      Partial area ratio:    9.31
      Required ratio: 3236.16 (Side area) 
      Cumulative area ratio:   22.33
      Required ratio:    0.00 (Cumulative area) 
      Cumulative area ratio:  120.03
      Required ratio:    0.00 (Cumulative side area) 

    Via: M3M4_PR
      Partial area ratio:    0.02
      Required ratio:    6.00 (Gate area) 
      Cumulative area ratio:    0.48
      Required ratio:    0.00 (Cumulative area) 

    Via: M2M3_PR
      Partial area ratio:    0.16
      Required ratio:    6.00 (Gate area) 
      Cumulative area ratio:    0.46
      Required ratio:    0.00 (Cumulative area) 

    Via: M1M2_PR
      Partial area ratio:    0.18
      Required ratio:    6.00 (Gate area) 
      Cumulative area ratio:    0.30
      Required ratio:    0.00 (Cumulative area) 

    Via: L1M1_PR
      Partial area ratio:    0.12
      Required ratio:    3.00 (Gate area) 
      Cumulative area ratio:    0.12
      Required ratio:    0.00 (Cumulative area) 

  Pin: _5226_/B (sky130_fd_sc_hd__nand3b_1)
    Layer: met4
      Partial area ratio:    1.71
      Required ratio:    0.00 (Gate area) 
      Partial area ratio:    9.31
      Required ratio: 3236.16 (Side area) 
      Cumulative area ratio:   83.38
      Required ratio:    0.00 (Cumulative area) 
      Cumulative area ratio:  418.84
      Required ratio:    0.00 (Cumulative side area) 

    Layer: met3
      Partial area ratio:    0.00
      Required ratio:    0.00 (Gate area) 
      Partial area ratio:    0.00
      Required ratio:  400.00 (Side area) 
      Cumulative area ratio:   81.67
      Required ratio:    0.00 (Cumulative area) 
      Cumulative area ratio:  409.54
      Required ratio:    0.00 (Cumulative side area) 

    Layer: met2
      Partial area ratio:   80.09
      Required ratio:    0.00 (Gate area) 
      Partial area ratio:  400.85
      Required ratio:  400.00 (Side area) (VIOLATED)
      Cumulative area ratio:   81.67
      Required ratio:    0.00 (Cumulative area) 
      Cumulative area ratio:  409.54
      Required ratio:    0.00 (Cumulative side area) 

    Layer: met1
      Partial area ratio:    1.58
      Required ratio:    0.00 (Gate area) 
      Partial area ratio:    8.68
      Required ratio:  400.00 (Side area) 
      Cumulative area ratio:    1.58
      Required ratio:    0.00 (Cumulative area) 
      Cumulative area ratio:    8.68
      Required ratio:    0.00 (Cumulative side area) 

    Layer: li1
      Partial area ratio:    0.00
      Required ratio:    0.00 (Gate area) 
      Partial area ratio:    0.00
      Required ratio:   75.00 (Side area) 
      Cumulative area ratio:    0.00
      Required ratio:    0.00 (Cumulative area) 
      Cumulative area ratio:    0.00
      Required ratio:    0.00 (Cumulative side area) 

    Via: M3M4_PR
      Partial area ratio:    0.08
      Required ratio:    6.00 (Gate area) 
      Cumulative area ratio:    0.46
      Required ratio:    0.00 (Cumulative area) 

    Via: M2M3_PR
      Partial area ratio:    0.08
      Required ratio:    6.00 (Gate area) 
      Cumulative area ratio:    0.38
      Required ratio:    0.00 (Cumulative area) 

    Via: M1M2_PR
      Partial area ratio:    0.18
      Required ratio:    6.00 (Gate area) 
      Cumulative area ratio:    0.30
      Required ratio:    0.00 (Cumulative area) 

    Via: L1M1_PR
      Partial area ratio:    0.12
      Required ratio:    3.00 (Gate area) 
      Cumulative area ratio:    0.12
      Required ratio:    0.00 (Cumulative area) 

  Pin: _6143_/C (sky130_fd_sc_hd__nand3_1)
    Layer: met4
      Partial area ratio:    1.71
      Required ratio:    0.00 (Gate area) 
      Partial area ratio:    9.31
      Required ratio: 3236.16 (Side area) 
      Cumulative area ratio:   84.09
      Required ratio:    0.00 (Cumulative area) 
      Cumulative area ratio:  422.42
      Required ratio:    0.00 (Cumulative side area) 

    Layer: met3
      Partial area ratio:    0.00
      Required ratio:    0.00 (Gate area) 
      Partial area ratio:    0.00
      Required ratio:  400.00 (Side area) 
      Cumulative area ratio:   82.39
      Required ratio:    0.00 (Cumulative area) 
      Cumulative area ratio:  413.11
      Required ratio:    0.00 (Cumulative side area) 

    Layer: met2
      Partial area ratio:   80.09
      Required ratio:    0.00 (Gate area) 
      Partial area ratio:  400.85
      Required ratio:  400.00 (Side area) (VIOLATED)
      Cumulative area ratio:   82.39
      Required ratio:    0.00 (Cumulative area) 
      Cumulative area ratio:  413.11
      Required ratio:    0.00 (Cumulative side area) 

    Layer: met1
      Partial area ratio:    2.29
      Required ratio:    0.00 (Gate area) 
      Partial area ratio:   12.26
      Required ratio:  400.00 (Side area) 
      Cumulative area ratio:    2.29
      Required ratio:    0.00 (Cumulative area) 
      Cumulative area ratio:   12.26
      Required ratio:    0.00 (Cumulative side area) 

    Layer: li1
      Partial area ratio:    0.00
      Required ratio:    0.00 (Gate area) 
      Partial area ratio:    0.00
      Required ratio:   75.00 (Side area) 
      Cumulative area ratio:    0.00
      Required ratio:    0.00 (Cumulative area) 
      Cumulative area ratio:    0.00
      Required ratio:    0.00 (Cumulative side area) 

    Via: M3M4_PR
      Partial area ratio:    0.08
      Required ratio:    6.00 (Gate area) 
      Cumulative area ratio:    0.46
      Required ratio:    0.00 (Cumulative area) 

    Via: M2M3_PR
      Partial area ratio:    0.08
      Required ratio:    6.00 (Gate area) 
      Cumulative area ratio:    0.38
      Required ratio:    0.00 (Cumulative area) 

    Via: M1M2_PR
      Partial area ratio:    0.18
      Required ratio:    6.00 (Gate area) 
      Cumulative area ratio:    0.30
      Required ratio:    0.00 (Cumulative area) 

    Via: L1M1_PR
      Partial area ratio:    0.12
      Required ratio:    3.00 (Gate area) 
      Cumulative area ratio:    0.12
      Required ratio:    0.00 (Cumulative area) 

  Pin: _5296_/B (sky130_fd_sc_hd__nand3b_1)
    Layer: met3
      Partial area ratio:   16.91
      Required ratio:    0.00 (Gate area) 
      Partial area ratio:   91.15
      Required ratio: 3236.16 (Side area) 
      Cumulative area ratio:   19.04
      Required ratio:    0.00 (Cumulative area) 
      Cumulative area ratio:  102.58
      Required ratio:    0.00 (Cumulative side area) 

    Layer: met4
      Partial area ratio:    1.71
      Required ratio:    0.00 (Gate area) 
      Partial area ratio:    9.31
      Required ratio: 3236.16 (Side area) 
      Cumulative area ratio:   20.75
      Required ratio:    0.00 (Cumulative area) 
      Cumulative area ratio:  111.89
      Required ratio:    0.00 (Cumulative side area) 

    Layer: met1
      Partial area ratio:    2.13
      Required ratio:    0.00 (Gate area) 
      Partial area ratio:   11.43
      Required ratio:  400.00 (Side area) 
      Cumulative area ratio:    2.13
      Required ratio:    0.00 (Cumulative area) 
      Cumulative area ratio:   11.43
      Required ratio:    0.00 (Cumulative side area) 

    Layer: li1
      Partial area ratio:    0.00
      Required ratio:    0.00 (Gate area) 
      Partial area ratio:    0.00
      Required ratio:   75.00 (Side area) 
      Cumulative area ratio:    0.00
      Required ratio:    0.00 (Cumulative area) 
      Cumulative area ratio:    0.00
      Required ratio:    0.00 (Cumulative side area) 

    Via: M2M3_PR
      Partial area ratio:    0.05
      Required ratio:    6.00 (Gate area) 
      Cumulative area ratio:    0.31
      Required ratio:    0.00 (Cumulative area) 

    Via: M3M4_PR
      Partial area ratio:    0.02
      Required ratio:    6.00 (Gate area) 
      Cumulative area ratio:    0.33
      Required ratio:    0.00 (Cumulative area) 

    Via: M1M2_PR
      Partial area ratio:    0.14
      Required ratio:    6.00 (Gate area) 
      Cumulative area ratio:    0.25
      Required ratio:    0.00 (Cumulative area) 

    Via: L1M1_PR
      Partial area ratio:    0.12
      Required ratio:    3.00 (Gate area) 
      Cumulative area ratio:    0.12
      Required ratio:    0.00 (Cumulative area) 

  Pin: _5267_/B (sky130_fd_sc_hd__nand3b_1)
    Layer: met3
      Partial area ratio:   16.91
      Required ratio:    0.00 (Gate area) 
      Partial area ratio:   91.15
      Required ratio: 3236.16 (Side area) 
      Cumulative area ratio:   19.04
      Required ratio:    0.00 (Cumulative area) 
      Cumulative area ratio:  102.58
      Required ratio:    0.00 (Cumulative side area) 

    Layer: met4
      Partial area ratio:    1.71
      Required ratio:    0.00 (Gate area) 
      Partial area ratio:    9.31
      Required ratio: 3236.16 (Side area) 
      Cumulative area ratio:   20.75
      Required ratio:    0.00 (Cumulative area) 
      Cumulative area ratio:  111.89
      Required ratio:    0.00 (Cumulative side area) 

    Layer: met1
      Partial area ratio:    2.13
      Required ratio:    0.00 (Gate area) 
      Partial area ratio:   11.43
      Required ratio:  400.00 (Side area) 
      Cumulative area ratio:    2.13
      Required ratio:    0.00 (Cumulative area) 
      Cumulative area ratio:   11.43
      Required ratio:    0.00 (Cumulative side area) 

    Layer: li1
      Partial area ratio:    0.00
      Required ratio:    0.00 (Gate area) 
      Partial area ratio:    0.00
      Required ratio:   75.00 (Side area) 
      Cumulative area ratio:    0.00
      Required ratio:    0.00 (Cumulative area) 
      Cumulative area ratio:    0.00
      Required ratio:    0.00 (Cumulative side area) 

    Via: M2M3_PR
      Partial area ratio:    0.05
      Required ratio:    6.00 (Gate area) 
      Cumulative area ratio:    0.31
      Required ratio:    0.00 (Cumulative area) 

    Via: M3M4_PR
      Partial area ratio:    0.02
      Required ratio:    6.00 (Gate area) 
      Cumulative area ratio:    0.33
      Required ratio:    0.00 (Cumulative area) 

    Via: M1M2_PR
      Partial area ratio:    0.14
      Required ratio:    6.00 (Gate area) 
      Cumulative area ratio:    0.25
      Required ratio:    0.00 (Cumulative area) 

    Via: L1M1_PR
      Partial area ratio:    0.12
      Required ratio:    3.00 (Gate area) 
      Cumulative area ratio:    0.12
      Required ratio:    0.00 (Cumulative area) 


Net: _3057_
  Pin: _6602_/A1 (sky130_fd_sc_hd__mux2_1)
    Layer: met3
      Partial area ratio:    0.92
      Required ratio:    0.00 (Gate area) 
      Partial area ratio:    5.10
      Required ratio: 2956.40 (Side area) 
      Cumulative area ratio:  102.95
      Required ratio:    0.00 (Cumulative area) 
      Cumulative area ratio:  517.57
      Required ratio:    0.00 (Cumulative side area) 

    Layer: met2
      Partial area ratio:   99.82
      Required ratio:    0.00 (Gate area) 
      Partial area ratio:  499.89
      Required ratio:  400.00 (Side area) (VIOLATED)
      Cumulative area ratio:  102.03
      Required ratio:    0.00 (Cumulative area) 
      Cumulative area ratio:  512.47
      Required ratio:    0.00 (Cumulative side area) 

    Layer: met1
      Partial area ratio:    2.21
      Required ratio:    0.00 (Gate area) 
      Partial area ratio:   12.58
      Required ratio:  400.00 (Side area) 
      Cumulative area ratio:    2.21
      Required ratio:    0.00 (Cumulative area) 
      Cumulative area ratio:   12.58
      Required ratio:    0.00 (Cumulative side area) 

    Layer: li1
      Partial area ratio:    0.00
      Required ratio:    0.00 (Gate area) 
      Partial area ratio:    0.00
      Required ratio:   75.00 (Side area) 
      Cumulative area ratio:    0.00
      Required ratio:    0.00 (Cumulative area) 
      Cumulative area ratio:    0.00
      Required ratio:    0.00 (Cumulative side area) 

    Via: M2M3_PR
      Partial area ratio:    0.32
      Required ratio:    6.00 (Gate area) 
      Cumulative area ratio:    0.90
      Required ratio:    0.00 (Cumulative area) 

    Via: M1M2_PR
      Partial area ratio:    0.36
      Required ratio:    6.00 (Gate area) 
      Cumulative area ratio:    0.59
      Required ratio:    0.00 (Cumulative area) 

    Via: L1M1_PR
      Partial area ratio:    0.23
      Required ratio:    3.00 (Gate area) 
      Cumulative area ratio:    0.23
      Required ratio:    0.00 (Cumulative area) 

  Pin: _6482_/A (sky130_fd_sc_hd__nand2_1)
    Layer: met2
      Partial area ratio:    8.73
      Required ratio:    0.00 (Gate area) 
      Partial area ratio:   43.98
      Required ratio: 2956.40 (Side area) 
      Cumulative area ratio:   13.02
      Required ratio:    0.00 (Cumulative area) 
      Cumulative area ratio:   66.60
      Required ratio:    0.00 (Cumulative side area) 

    Layer: met3
      Partial area ratio:    0.92
      Required ratio:    0.00 (Gate area) 
      Partial area ratio:    5.10
      Required ratio: 2956.40 (Side area) 
      Cumulative area ratio:   13.94
      Required ratio:    0.00 (Cumulative area) 
      Cumulative area ratio:   71.70
      Required ratio:    0.00 (Cumulative side area) 

    Layer: met1
      Partial area ratio:    4.29
      Required ratio:    0.00 (Gate area) 
      Partial area ratio:   22.62
      Required ratio:  400.00 (Side area) 
      Cumulative area ratio:    4.29
      Required ratio:    0.00 (Cumulative area) 
      Cumulative area ratio:   22.62
      Required ratio:    0.00 (Cumulative side area) 

    Layer: li1
      Partial area ratio:    0.00
      Required ratio:    0.00 (Gate area) 
      Partial area ratio:    0.00
      Required ratio:   75.00 (Side area) 
      Cumulative area ratio:    0.00
      Required ratio:    0.00 (Cumulative area) 
      Cumulative area ratio:    0.00
      Required ratio:    0.00 (Cumulative side area) 

    Via: M2M3_PR
      Partial area ratio:    0.02
      Required ratio:    6.00 (Gate area) 
      Cumulative area ratio:    0.27
      Required ratio:    0.00 (Cumulative area) 

    Via: M1M2_PR
      Partial area ratio:    0.14
      Required ratio:    6.00 (Gate area) 
      Cumulative area ratio:    0.25
      Required ratio:    0.00 (Cumulative area) 

    Via: L1M1_PR
      Partial area ratio:    0.12
      Required ratio:    3.00 (Gate area) 
      Cumulative area ratio:    0.12
      Required ratio:    0.00 (Cumulative area) 

  Pin: _6475_/A (sky130_fd_sc_hd__nand2_1)
    Layer: met2
      Partial area ratio:    8.73
      Required ratio:    0.00 (Gate area) 
      Partial area ratio:   43.98
      Required ratio: 2956.40 (Side area) 
      Cumulative area ratio:   13.02
      Required ratio:    0.00 (Cumulative area) 
      Cumulative area ratio:   66.60
      Required ratio:    0.00 (Cumulative side area) 

    Layer: met3
      Partial area ratio:    0.92
      Required ratio:    0.00 (Gate area) 
      Partial area ratio:    5.10
      Required ratio: 2956.40 (Side area) 
      Cumulative area ratio:   13.94
      Required ratio:    0.00 (Cumulative area) 
      Cumulative area ratio:   71.70
      Required ratio:    0.00 (Cumulative side area) 

    Layer: met1
      Partial area ratio:    4.29
      Required ratio:    0.00 (Gate area) 
      Partial area ratio:   22.62
      Required ratio:  400.00 (Side area) 
      Cumulative area ratio:    4.29
      Required ratio:    0.00 (Cumulative area) 
      Cumulative area ratio:   22.62
      Required ratio:    0.00 (Cumulative side area) 

    Layer: li1
      Partial area ratio:    0.00
      Required ratio:    0.00 (Gate area) 
      Partial area ratio:    0.00
      Required ratio:   75.00 (Side area) 
      Cumulative area ratio:    0.00
      Required ratio:    0.00 (Cumulative area) 
      Cumulative area ratio:    0.00
      Required ratio:    0.00 (Cumulative side area) 

    Via: M2M3_PR
      Partial area ratio:    0.02
      Required ratio:    6.00 (Gate area) 
      Cumulative area ratio:    0.27
      Required ratio:    0.00 (Cumulative area) 

    Via: M1M2_PR
      Partial area ratio:    0.14
      Required ratio:    6.00 (Gate area) 
      Cumulative area ratio:    0.25
      Required ratio:    0.00 (Cumulative area) 

    Via: L1M1_PR
      Partial area ratio:    0.12
      Required ratio:    3.00 (Gate area) 
      Cumulative area ratio:    0.12
      Required ratio:    0.00 (Cumulative area) 

  Pin: _6438_/A (sky130_fd_sc_hd__nand2_1)
    Layer: met2
      Partial area ratio:    8.73
      Required ratio:    0.00 (Gate area) 
      Partial area ratio:   43.98
      Required ratio: 2956.40 (Side area) 
      Cumulative area ratio:   22.34
      Required ratio:    0.00 (Cumulative area) 
      Cumulative area ratio:  113.58
      Required ratio:    0.00 (Cumulative side area) 

    Layer: met3
      Partial area ratio:    0.92
      Required ratio:    0.00 (Gate area) 
      Partial area ratio:    5.10
      Required ratio: 2956.40 (Side area) 
      Cumulative area ratio:   23.26
      Required ratio:    0.00 (Cumulative area) 
      Cumulative area ratio:  118.68
      Required ratio:    0.00 (Cumulative side area) 

    Layer: met1
      Partial area ratio:   13.60
      Required ratio:    0.00 (Gate area) 
      Partial area ratio:   69.60
      Required ratio:  400.00 (Side area) 
      Cumulative area ratio:   13.60
      Required ratio:    0.00 (Cumulative area) 
      Cumulative area ratio:   69.60
      Required ratio:    0.00 (Cumulative side area) 

    Layer: li1
      Partial area ratio:    0.00
      Required ratio:    0.00 (Gate area) 
      Partial area ratio:    0.00
      Required ratio:   75.00 (Side area) 
      Cumulative area ratio:    0.00
      Required ratio:    0.00 (Cumulative area) 
      Cumulative area ratio:    0.00
      Required ratio:    0.00 (Cumulative side area) 

    Via: M2M3_PR
      Partial area ratio:    0.02
      Required ratio:    6.00 (Gate area) 
      Cumulative area ratio:    0.32
      Required ratio:    0.00 (Cumulative area) 

    Via: M1M2_PR
      Partial area ratio:    0.18
      Required ratio:    6.00 (Gate area) 
      Cumulative area ratio:    0.30
      Required ratio:    0.00 (Cumulative area) 

    Via: L1M1_PR
      Partial area ratio:    0.12
      Required ratio:    3.00 (Gate area) 
      Cumulative area ratio:    0.12
      Required ratio:    0.00 (Cumulative area) 

  Pin: _6468_/A (sky130_fd_sc_hd__nand2_1)
    Layer: met2
      Partial area ratio:    8.73
      Required ratio:    0.00 (Gate area) 
      Partial area ratio:   43.98
      Required ratio: 2956.40 (Side area) 
      Cumulative area ratio:   10.03
      Required ratio:    0.00 (Cumulative area) 
      Cumulative area ratio:   51.26
      Required ratio:    0.00 (Cumulative side area) 

    Layer: met3
      Partial area ratio:    0.92
      Required ratio:    0.00 (Gate area) 
      Partial area ratio:    5.10
      Required ratio: 2956.40 (Side area) 
      Cumulative area ratio:   10.95
      Required ratio:    0.00 (Cumulative area) 
      Cumulative area ratio:   56.36
      Required ratio:    0.00 (Cumulative side area) 

    Layer: met1
      Partial area ratio:    1.30
      Required ratio:    0.00 (Gate area) 
      Partial area ratio:    7.28
      Required ratio:  400.00 (Side area) 
      Cumulative area ratio:    1.30
      Required ratio:    0.00 (Cumulative area) 
      Cumulative area ratio:    7.28
      Required ratio:    0.00 (Cumulative side area) 

    Layer: li1
      Partial area ratio:    0.00
      Required ratio:    0.00 (Gate area) 
      Partial area ratio:    0.00
      Required ratio:   75.00 (Side area) 
      Cumulative area ratio:    0.00
      Required ratio:    0.00 (Cumulative area) 
      Cumulative area ratio:    0.00
      Required ratio:    0.00 (Cumulative side area) 

    Via: M2M3_PR
      Partial area ratio:    0.02
      Required ratio:    6.00 (Gate area) 
      Cumulative area ratio:    0.32
      Required ratio:    0.00 (Cumulative area) 

    Via: M1M2_PR
      Partial area ratio:    0.18
      Required ratio:    6.00 (Gate area) 
      Cumulative area ratio:    0.30
      Required ratio:    0.00 (Cumulative area) 

    Via: L1M1_PR
      Partial area ratio:    0.12
      Required ratio:    3.00 (Gate area) 
      Cumulative area ratio:    0.12
      Required ratio:    0.00 (Cumulative area) 

  Pin: _6431_/A (sky130_fd_sc_hd__nand2_1)
    Layer: met2
      Partial area ratio:    8.73
      Required ratio:    0.00 (Gate area) 
      Partial area ratio:   43.98
      Required ratio: 2956.40 (Side area) 
      Cumulative area ratio:   20.30
      Required ratio:    0.00 (Cumulative area) 
      Cumulative area ratio:  103.01
      Required ratio:    0.00 (Cumulative side area) 

    Layer: met3
      Partial area ratio:    0.92
      Required ratio:    0.00 (Gate area) 
      Partial area ratio:    5.10
      Required ratio: 2956.40 (Side area) 
      Cumulative area ratio:   21.22
      Required ratio:    0.00 (Cumulative area) 
      Cumulative area ratio:  108.11
      Required ratio:    0.00 (Cumulative side area) 

    Layer: met1
      Partial area ratio:   11.57
      Required ratio:    0.00 (Gate area) 
      Partial area ratio:   59.03
      Required ratio:  400.00 (Side area) 
      Cumulative area ratio:   11.57
      Required ratio:    0.00 (Cumulative area) 
      Cumulative area ratio:   59.03
      Required ratio:    0.00 (Cumulative side area) 

    Layer: li1
      Partial area ratio:    0.00
      Required ratio:    0.00 (Gate area) 
      Partial area ratio:    0.00
      Required ratio:   75.00 (Side area) 
      Cumulative area ratio:    0.00
      Required ratio:    0.00 (Cumulative area) 
      Cumulative area ratio:    0.00
      Required ratio:    0.00 (Cumulative side area) 

    Via: M2M3_PR
      Partial area ratio:    0.02
      Required ratio:    6.00 (Gate area) 
      Cumulative area ratio:    0.32
      Required ratio:    0.00 (Cumulative area) 

    Via: M1M2_PR
      Partial area ratio:    0.18
      Required ratio:    6.00 (Gate area) 
      Cumulative area ratio:    0.30
      Required ratio:    0.00 (Cumulative area) 

    Via: L1M1_PR
      Partial area ratio:    0.12
      Required ratio:    3.00 (Gate area) 
      Cumulative area ratio:    0.12
      Required ratio:    0.00 (Cumulative area) 

  Pin: _6454_/A (sky130_fd_sc_hd__nand2_1)
    Layer: met2
      Partial area ratio:    8.73
      Required ratio:    0.00 (Gate area) 
      Partial area ratio:   43.98
      Required ratio: 2956.40 (Side area) 
      Cumulative area ratio:    9.47
      Required ratio:    0.00 (Cumulative area) 
      Cumulative area ratio:   48.47
      Required ratio:    0.00 (Cumulative side area) 

    Layer: met3
      Partial area ratio:    0.92
      Required ratio:    0.00 (Gate area) 
      Partial area ratio:    5.10
      Required ratio: 2956.40 (Side area) 
      Cumulative area ratio:   10.39
      Required ratio:    0.00 (Cumulative area) 
      Cumulative area ratio:   53.57
      Required ratio:    0.00 (Cumulative side area) 

    Layer: met1
      Partial area ratio:    0.74
      Required ratio:    0.00 (Gate area) 
      Partial area ratio:    4.49
      Required ratio:  400.00 (Side area) 
      Cumulative area ratio:    0.74
      Required ratio:    0.00 (Cumulative area) 
      Cumulative area ratio:    4.49
      Required ratio:    0.00 (Cumulative side area) 

    Layer: li1
      Partial area ratio:    0.00
      Required ratio:    0.00 (Gate area) 
      Partial area ratio:    0.00
      Required ratio:   75.00 (Side area) 
      Cumulative area ratio:    0.00
      Required ratio:    0.00 (Cumulative area) 
      Cumulative area ratio:    0.00
      Required ratio:    0.00 (Cumulative side area) 

    Via: M2M3_PR
      Partial area ratio:    0.02
      Required ratio:    6.00 (Gate area) 
      Cumulative area ratio:    0.32
      Required ratio:    0.00 (Cumulative area) 

    Via: M1M2_PR
      Partial area ratio:    0.18
      Required ratio:    6.00 (Gate area) 
      Cumulative area ratio:    0.30
      Required ratio:    0.00 (Cumulative area) 

    Via: L1M1_PR
      Partial area ratio:    0.12
      Required ratio:    3.00 (Gate area) 
      Cumulative area ratio:    0.12
      Required ratio:    0.00 (Cumulative area) 

  Pin: _6461_/A (sky130_fd_sc_hd__nand2_1)
    Layer: met2
      Partial area ratio:    8.73
      Required ratio:    0.00 (Gate area) 
      Partial area ratio:   43.98
      Required ratio: 2956.40 (Side area) 
      Cumulative area ratio:   14.70
      Required ratio:    0.00 (Cumulative area) 
      Cumulative area ratio:   75.28
      Required ratio:    0.00 (Cumulative side area) 

    Layer: met3
      Partial area ratio:    0.92
      Required ratio:    0.00 (Gate area) 
      Partial area ratio:    5.10
      Required ratio: 2956.40 (Side area) 
      Cumulative area ratio:   15.62
      Required ratio:    0.00 (Cumulative area) 
      Cumulative area ratio:   80.37
      Required ratio:    0.00 (Cumulative side area) 

    Layer: met1
      Partial area ratio:    5.97
      Required ratio:    0.00 (Gate area) 
      Partial area ratio:   31.29
      Required ratio:  400.00 (Side area) 
      Cumulative area ratio:    5.97
      Required ratio:    0.00 (Cumulative area) 
      Cumulative area ratio:   31.29
      Required ratio:    0.00 (Cumulative side area) 

    Layer: li1
      Partial area ratio:    0.00
      Required ratio:    0.00 (Gate area) 
      Partial area ratio:    0.00
      Required ratio:   75.00 (Side area) 
      Cumulative area ratio:    0.00
      Required ratio:    0.00 (Cumulative area) 
      Cumulative area ratio:    0.00
      Required ratio:    0.00 (Cumulative side area) 

    Via: M2M3_PR
      Partial area ratio:    0.02
      Required ratio:    6.00 (Gate area) 
      Cumulative area ratio:    0.26
      Required ratio:    0.00 (Cumulative area) 

    Via: M1M2_PR
      Partial area ratio:    0.12
      Required ratio:    6.00 (Gate area) 
      Cumulative area ratio:    0.24
      Required ratio:    0.00 (Cumulative area) 

    Via: L1M1_PR
      Partial area ratio:    0.12
      Required ratio:    3.00 (Gate area) 
      Cumulative area ratio:    0.12
      Required ratio:    0.00 (Cumulative area) 

  Pin: _6445_/A (sky130_fd_sc_hd__nand2_1)
    Layer: met2
      Partial area ratio:    8.73
      Required ratio:    0.00 (Gate area) 
      Partial area ratio:   43.98
      Required ratio: 2956.40 (Side area) 
      Cumulative area ratio:   14.70
      Required ratio:    0.00 (Cumulative area) 
      Cumulative area ratio:   75.28
      Required ratio:    0.00 (Cumulative side area) 

    Layer: met3
      Partial area ratio:    0.92
      Required ratio:    0.00 (Gate area) 
      Partial area ratio:    5.10
      Required ratio: 2956.40 (Side area) 
      Cumulative area ratio:   15.62
      Required ratio:    0.00 (Cumulative area) 
      Cumulative area ratio:   80.37
      Required ratio:    0.00 (Cumulative side area) 

    Layer: met1
      Partial area ratio:    5.97
      Required ratio:    0.00 (Gate area) 
      Partial area ratio:   31.29
      Required ratio:  400.00 (Side area) 
      Cumulative area ratio:    5.97
      Required ratio:    0.00 (Cumulative area) 
      Cumulative area ratio:   31.29
      Required ratio:    0.00 (Cumulative side area) 

    Layer: li1
      Partial area ratio:    0.00
      Required ratio:    0.00 (Gate area) 
      Partial area ratio:    0.00
      Required ratio:   75.00 (Side area) 
      Cumulative area ratio:    0.00
      Required ratio:    0.00 (Cumulative area) 
      Cumulative area ratio:    0.00
      Required ratio:    0.00 (Cumulative side area) 

    Via: M2M3_PR
      Partial area ratio:    0.02
      Required ratio:    6.00 (Gate area) 
      Cumulative area ratio:    0.26
      Required ratio:    0.00 (Cumulative area) 

    Via: M1M2_PR
      Partial area ratio:    0.12
      Required ratio:    6.00 (Gate area) 
      Cumulative area ratio:    0.24
      Required ratio:    0.00 (Cumulative area) 

    Via: L1M1_PR
      Partial area ratio:    0.12
      Required ratio:    3.00 (Gate area) 
      Cumulative area ratio:    0.12
      Required ratio:    0.00 (Cumulative area) 

  Pin: _6422_/A (sky130_fd_sc_hd__nand2_1)
    Layer: met2
      Partial area ratio:    8.73
      Required ratio:    0.00 (Gate area) 
      Partial area ratio:   43.98
      Required ratio: 2956.40 (Side area) 
      Cumulative area ratio:   14.70
      Required ratio:    0.00 (Cumulative area) 
      Cumulative area ratio:   75.28
      Required ratio:    0.00 (Cumulative side area) 

    Layer: met3
      Partial area ratio:    0.92
      Required ratio:    0.00 (Gate area) 
      Partial area ratio:    5.10
      Required ratio: 2956.40 (Side area) 
      Cumulative area ratio:   15.62
      Required ratio:    0.00 (Cumulative area) 
      Cumulative area ratio:   80.37
      Required ratio:    0.00 (Cumulative side area) 

    Layer: met1
      Partial area ratio:    5.97
      Required ratio:    0.00 (Gate area) 
      Partial area ratio:   31.29
      Required ratio:  400.00 (Side area) 
      Cumulative area ratio:    5.97
      Required ratio:    0.00 (Cumulative area) 
      Cumulative area ratio:   31.29
      Required ratio:    0.00 (Cumulative side area) 

    Layer: li1
      Partial area ratio:    0.00
      Required ratio:    0.00 (Gate area) 
      Partial area ratio:    0.00
      Required ratio:   75.00 (Side area) 
      Cumulative area ratio:    0.00
      Required ratio:    0.00 (Cumulative area) 
      Cumulative area ratio:    0.00
      Required ratio:    0.00 (Cumulative side area) 

    Via: M2M3_PR
      Partial area ratio:    0.02
      Required ratio:    6.00 (Gate area) 
      Cumulative area ratio:    0.26
      Required ratio:    0.00 (Cumulative area) 

    Via: M1M2_PR
      Partial area ratio:    0.12
      Required ratio:    6.00 (Gate area) 
      Cumulative area ratio:    0.24
      Required ratio:    0.00 (Cumulative area) 

    Via: L1M1_PR
      Partial area ratio:    0.12
      Required ratio:    3.00 (Gate area) 
      Cumulative area ratio:    0.12
      Required ratio:    0.00 (Cumulative area) 


Net: s_axi_wdata[61]
  Pin: hold140/A (sky130_fd_sc_hd__dlygate4sd3_1)
    Layer: met3
      Partial area ratio:   71.52
      Required ratio:    0.00 (Gate area) 
      Partial area ratio:  400.51
      Required ratio:  400.00 (Side area) (VIOLATED)
      Cumulative area ratio:   92.43
      Required ratio:    0.00 (Cumulative area) 
      Cumulative area ratio:  508.92
      Required ratio:    0.00 (Cumulative side area) 

    Layer: met2
      Partial area ratio:    7.82
      Required ratio:    0.00 (Gate area) 
      Partial area ratio:   39.89
      Required ratio:  400.00 (Side area) 
      Cumulative area ratio:   20.91
      Required ratio:    0.00 (Cumulative area) 
      Cumulative area ratio:  108.42
      Required ratio:    0.00 (Cumulative side area) 

    Layer: met1
      Partial area ratio:   13.08
      Required ratio:    0.00 (Gate area) 
      Partial area ratio:   68.53
      Required ratio:  400.00 (Side area) 
      Cumulative area ratio:   13.08
      Required ratio:    0.00 (Cumulative area) 
      Cumulative area ratio:   68.53
      Required ratio:    0.00 (Cumulative side area) 

    Layer: li1
      Partial area ratio:    0.00
      Required ratio:    0.00 (Gate area) 
      Partial area ratio:    0.00
      Required ratio:   75.00 (Side area) 
      Cumulative area ratio:    0.00
      Required ratio:    0.00 (Cumulative area) 
      Cumulative area ratio:    0.00
      Required ratio:    0.00 (Cumulative side area) 

    Via: M2M3_PR
      Partial area ratio:    0.32
      Required ratio:    6.00 (Gate area) 
      Cumulative area ratio:    0.90
      Required ratio:    0.00 (Cumulative area) 

    Via: M1M2_PR
      Partial area ratio:    0.36
      Required ratio:    6.00 (Gate area) 
      Cumulative area ratio:    0.59
      Required ratio:    0.00 (Cumulative area) 

    Via: L1M1_PR
      Partial area ratio:    0.23
      Required ratio:    3.00 (Gate area) 
      Cumulative area ratio:    0.23
      Required ratio:    0.00 (Cumulative area) 


Net: u_read_arbiter.r_target_slave\[1\]
  Pin: _4487_/A1 (sky130_fd_sc_hd__a21o_2)
    Layer: met1
      Partial area ratio:    7.06
      Required ratio:    0.00 (Gate area) 
      Partial area ratio:   37.66
      Required ratio:  400.00 (Side area) 
      Cumulative area ratio:    7.06
      Required ratio:    0.00 (Cumulative area) 
      Cumulative area ratio:   37.66
      Required ratio:    0.00 (Cumulative side area) 

    Layer: li1
      Partial area ratio:    0.00
      Required ratio:    0.00 (Gate area) 
      Partial area ratio:    0.00
      Required ratio:   75.00 (Side area) 
      Cumulative area ratio:    0.00
      Required ratio:    0.00 (Cumulative area) 
      Cumulative area ratio:    0.00
      Required ratio:    0.00 (Cumulative side area) 

    Via: M1M2_PR
      Partial area ratio:    0.27
      Required ratio:    6.00 (Gate area) 
      Cumulative area ratio:    0.39
      Required ratio:    0.00 (Cumulative area) 

    Via: L1M1_PR
      Partial area ratio:    0.12
      Required ratio:    3.00 (Gate area) 
      Cumulative area ratio:    0.12
      Required ratio:    0.00 (Cumulative area) 

  Pin: _4314_/A1 (sky130_fd_sc_hd__a21o_1)
    Layer: met1
      Partial area ratio:   21.22
      Required ratio:    0.00 (Gate area) 
      Partial area ratio:  108.13
      Required ratio:  400.00 (Side area) 
      Cumulative area ratio:   21.22
      Required ratio:    0.00 (Cumulative area) 
      Cumulative area ratio:  108.13
      Required ratio:    0.00 (Cumulative side area) 

    Layer: li1
      Partial area ratio:    0.00
      Required ratio:    0.00 (Gate area) 
      Partial area ratio:    0.00
      Required ratio:   75.00 (Side area) 
      Cumulative area ratio:    0.00
      Required ratio:    0.00 (Cumulative area) 
      Cumulative area ratio:    0.00
      Required ratio:    0.00 (Cumulative side area) 

    Via: M1M2_PR
      Partial area ratio:    0.20
      Required ratio:    6.00 (Gate area) 
      Cumulative area ratio:    0.32
      Required ratio:    0.00 (Cumulative area) 

    Via: L1M1_PR
      Partial area ratio:    0.12
      Required ratio:    3.00 (Gate area) 
      Cumulative area ratio:    0.12
      Required ratio:    0.00 (Cumulative area) 

  Pin: _4303_/A1 (sky130_fd_sc_hd__a21o_1)
    Layer: met1
      Partial area ratio:    5.20
      Required ratio:    0.00 (Gate area) 
      Partial area ratio:   27.54
      Required ratio:  400.00 (Side area) 
      Cumulative area ratio:    5.20
      Required ratio:    0.00 (Cumulative area) 
      Cumulative area ratio:   27.54
      Required ratio:    0.00 (Cumulative side area) 

    Layer: li1
      Partial area ratio:    0.00
      Required ratio:    0.00 (Gate area) 
      Partial area ratio:    0.00
      Required ratio:   75.00 (Side area) 
      Cumulative area ratio:    0.00
      Required ratio:    0.00 (Cumulative area) 
      Cumulative area ratio:    0.00
      Required ratio:    0.00 (Cumulative side area) 

    Via: M1M2_PR
      Partial area ratio:    0.13
      Required ratio:    6.00 (Gate area) 
      Cumulative area ratio:    0.24
      Required ratio:    0.00 (Cumulative area) 

    Via: L1M1_PR
      Partial area ratio:    0.12
      Required ratio:    3.00 (Gate area) 
      Cumulative area ratio:    0.12
      Required ratio:    0.00 (Cumulative area) 

  Pin: _4364_/A1 (sky130_fd_sc_hd__a21o_1)
    Layer: met1
      Partial area ratio:    5.20
      Required ratio:    0.00 (Gate area) 
      Partial area ratio:   27.54
      Required ratio:  400.00 (Side area) 
      Cumulative area ratio:    5.20
      Required ratio:    0.00 (Cumulative area) 
      Cumulative area ratio:   27.54
      Required ratio:    0.00 (Cumulative side area) 

    Layer: li1
      Partial area ratio:    0.00
      Required ratio:    0.00 (Gate area) 
      Partial area ratio:    0.00
      Required ratio:   75.00 (Side area) 
      Cumulative area ratio:    0.00
      Required ratio:    0.00 (Cumulative area) 
      Cumulative area ratio:    0.00
      Required ratio:    0.00 (Cumulative side area) 

    Via: M1M2_PR
      Partial area ratio:    0.13
      Required ratio:    6.00 (Gate area) 
      Cumulative area ratio:    0.24
      Required ratio:    0.00 (Cumulative area) 

    Via: L1M1_PR
      Partial area ratio:    0.12
      Required ratio:    3.00 (Gate area) 
      Cumulative area ratio:    0.12
      Required ratio:    0.00 (Cumulative area) 

  Pin: _4291_/A1 (sky130_fd_sc_hd__a21o_1)
    Layer: met1
      Partial area ratio:    5.20
      Required ratio:    0.00 (Gate area) 
      Partial area ratio:   27.54
      Required ratio:  400.00 (Side area) 
      Cumulative area ratio:    5.20
      Required ratio:    0.00 (Cumulative area) 
      Cumulative area ratio:   27.54
      Required ratio:    0.00 (Cumulative side area) 

    Layer: li1
      Partial area ratio:    0.00
      Required ratio:    0.00 (Gate area) 
      Partial area ratio:    0.00
      Required ratio:   75.00 (Side area) 
      Cumulative area ratio:    0.00
      Required ratio:    0.00 (Cumulative area) 
      Cumulative area ratio:    0.00
      Required ratio:    0.00 (Cumulative side area) 

    Via: M1M2_PR
      Partial area ratio:    0.13
      Required ratio:    6.00 (Gate area) 
      Cumulative area ratio:    0.24
      Required ratio:    0.00 (Cumulative area) 

    Via: L1M1_PR
      Partial area ratio:    0.12
      Required ratio:    3.00 (Gate area) 
      Cumulative area ratio:    0.12
      Required ratio:    0.00 (Cumulative area) 

  Pin: _4323_/A1 (sky130_fd_sc_hd__a21o_1)
    Layer: met1
      Partial area ratio:    5.20
      Required ratio:    0.00 (Gate area) 
      Partial area ratio:   27.54
      Required ratio:  400.00 (Side area) 
      Cumulative area ratio:    5.20
      Required ratio:    0.00 (Cumulative area) 
      Cumulative area ratio:   27.54
      Required ratio:    0.00 (Cumulative side area) 

    Layer: li1
      Partial area ratio:    0.00
      Required ratio:    0.00 (Gate area) 
      Partial area ratio:    0.00
      Required ratio:   75.00 (Side area) 
      Cumulative area ratio:    0.00
      Required ratio:    0.00 (Cumulative area) 
      Cumulative area ratio:    0.00
      Required ratio:    0.00 (Cumulative side area) 

    Via: M1M2_PR
      Partial area ratio:    0.13
      Required ratio:    6.00 (Gate area) 
      Cumulative area ratio:    0.24
      Required ratio:    0.00 (Cumulative area) 

    Via: L1M1_PR
      Partial area ratio:    0.12
      Required ratio:    3.00 (Gate area) 
      Cumulative area ratio:    0.12
      Required ratio:    0.00 (Cumulative area) 

  Pin: _4310_/A1 (sky130_fd_sc_hd__a21o_1)
    Layer: met1
      Partial area ratio:    5.17
      Required ratio:    0.00 (Gate area) 
      Partial area ratio:   27.84
      Required ratio:  400.00 (Side area) 
      Cumulative area ratio:    5.17
      Required ratio:    0.00 (Cumulative area) 
      Cumulative area ratio:   27.84
      Required ratio:    0.00 (Cumulative side area) 

    Layer: li1
      Partial area ratio:    0.00
      Required ratio:    0.00 (Gate area) 
      Partial area ratio:    0.00
      Required ratio:   75.00 (Side area) 
      Cumulative area ratio:    0.00
      Required ratio:    0.00 (Cumulative area) 
      Cumulative area ratio:    0.00
      Required ratio:    0.00 (Cumulative side area) 

    Via: M1M2_PR
      Partial area ratio:    0.23
      Required ratio:    6.00 (Gate area) 
      Cumulative area ratio:    0.34
      Required ratio:    0.00 (Cumulative area) 

    Via: L1M1_PR
      Partial area ratio:    0.12
      Required ratio:    3.00 (Gate area) 
      Cumulative area ratio:    0.12
      Required ratio:    0.00 (Cumulative area) 

  Pin: _4300_/A1 (sky130_fd_sc_hd__a21o_1)
    Layer: met1
      Partial area ratio:    5.17
      Required ratio:    0.00 (Gate area) 
      Partial area ratio:   27.84
      Required ratio:  400.00 (Side area) 
      Cumulative area ratio:    5.17
      Required ratio:    0.00 (Cumulative area) 
      Cumulative area ratio:   27.84
      Required ratio:    0.00 (Cumulative side area) 

    Layer: li1
      Partial area ratio:    0.00
      Required ratio:    0.00 (Gate area) 
      Partial area ratio:    0.00
      Required ratio:   75.00 (Side area) 
      Cumulative area ratio:    0.00
      Required ratio:    0.00 (Cumulative area) 
      Cumulative area ratio:    0.00
      Required ratio:    0.00 (Cumulative side area) 

    Via: M1M2_PR
      Partial area ratio:    0.23
      Required ratio:    6.00 (Gate area) 
      Cumulative area ratio:    0.34
      Required ratio:    0.00 (Cumulative area) 

    Via: L1M1_PR
      Partial area ratio:    0.12
      Required ratio:    3.00 (Gate area) 
      Cumulative area ratio:    0.12
      Required ratio:    0.00 (Cumulative area) 

  Pin: _4282_/A1 (sky130_fd_sc_hd__a21o_1)
    Layer: met1
      Partial area ratio:    5.20
      Required ratio:    0.00 (Gate area) 
      Partial area ratio:   27.54
      Required ratio:  400.00 (Side area) 
      Cumulative area ratio:    5.20
      Required ratio:    0.00 (Cumulative area) 
      Cumulative area ratio:   27.54
      Required ratio:    0.00 (Cumulative side area) 

    Layer: li1
      Partial area ratio:    0.00
      Required ratio:    0.00 (Gate area) 
      Partial area ratio:    0.00
      Required ratio:   75.00 (Side area) 
      Cumulative area ratio:    0.00
      Required ratio:    0.00 (Cumulative area) 
      Cumulative area ratio:    0.00
      Required ratio:    0.00 (Cumulative side area) 

    Via: M1M2_PR
      Partial area ratio:    0.13
      Required ratio:    6.00 (Gate area) 
      Cumulative area ratio:    0.24
      Required ratio:    0.00 (Cumulative area) 

    Via: L1M1_PR
      Partial area ratio:    0.12
      Required ratio:    3.00 (Gate area) 
      Cumulative area ratio:    0.12
      Required ratio:    0.00 (Cumulative area) 

  Pin: _4288_/A1 (sky130_fd_sc_hd__a21o_1)
    Layer: met1
      Partial area ratio:    5.20
      Required ratio:    0.00 (Gate area) 
      Partial area ratio:   27.54
      Required ratio:  400.00 (Side area) 
      Cumulative area ratio:    5.20
      Required ratio:    0.00 (Cumulative area) 
      Cumulative area ratio:   27.54
      Required ratio:    0.00 (Cumulative side area) 

    Layer: li1
      Partial area ratio:    0.00
      Required ratio:    0.00 (Gate area) 
      Partial area ratio:    0.00
      Required ratio:   75.00 (Side area) 
      Cumulative area ratio:    0.00
      Required ratio:    0.00 (Cumulative area) 
      Cumulative area ratio:    0.00
      Required ratio:    0.00 (Cumulative side area) 

    Via: M1M2_PR
      Partial area ratio:    0.13
      Required ratio:    6.00 (Gate area) 
      Cumulative area ratio:    0.24
      Required ratio:    0.00 (Cumulative area) 

    Via: L1M1_PR
      Partial area ratio:    0.12
      Required ratio:    3.00 (Gate area) 
      Cumulative area ratio:    0.12
      Required ratio:    0.00 (Cumulative area) 

  Pin: _4338_/A1 (sky130_fd_sc_hd__a21o_1)
    Layer: met1
      Partial area ratio:    5.20
      Required ratio:    0.00 (Gate area) 
      Partial area ratio:   27.54
      Required ratio:  400.00 (Side area) 
      Cumulative area ratio:    5.20
      Required ratio:    0.00 (Cumulative area) 
      Cumulative area ratio:   27.54
      Required ratio:    0.00 (Cumulative side area) 

    Layer: li1
      Partial area ratio:    0.00
      Required ratio:    0.00 (Gate area) 
      Partial area ratio:    0.00
      Required ratio:   75.00 (Side area) 
      Cumulative area ratio:    0.00
      Required ratio:    0.00 (Cumulative area) 
      Cumulative area ratio:    0.00
      Required ratio:    0.00 (Cumulative side area) 

    Via: M1M2_PR
      Partial area ratio:    0.13
      Required ratio:    6.00 (Gate area) 
      Cumulative area ratio:    0.24
      Required ratio:    0.00 (Cumulative area) 

    Via: L1M1_PR
      Partial area ratio:    0.12
      Required ratio:    3.00 (Gate area) 
      Cumulative area ratio:    0.12
      Required ratio:    0.00 (Cumulative area) 

  Pin: _4342_/A1 (sky130_fd_sc_hd__a21o_1)
    Layer: met1
      Partial area ratio:    5.20
      Required ratio:    0.00 (Gate area) 
      Partial area ratio:   27.54
      Required ratio:  400.00 (Side area) 
      Cumulative area ratio:    5.20
      Required ratio:    0.00 (Cumulative area) 
      Cumulative area ratio:   27.54
      Required ratio:    0.00 (Cumulative side area) 

    Layer: li1
      Partial area ratio:    0.00
      Required ratio:    0.00 (Gate area) 
      Partial area ratio:    0.00
      Required ratio:   75.00 (Side area) 
      Cumulative area ratio:    0.00
      Required ratio:    0.00 (Cumulative area) 
      Cumulative area ratio:    0.00
      Required ratio:    0.00 (Cumulative side area) 

    Via: M1M2_PR
      Partial area ratio:    0.13
      Required ratio:    6.00 (Gate area) 
      Cumulative area ratio:    0.24
      Required ratio:    0.00 (Cumulative area) 

    Via: L1M1_PR
      Partial area ratio:    0.12
      Required ratio:    3.00 (Gate area) 
      Cumulative area ratio:    0.12
      Required ratio:    0.00 (Cumulative area) 

  Pin: _4346_/A1 (sky130_fd_sc_hd__a21o_1)
    Layer: met1
      Partial area ratio:    5.20
      Required ratio:    0.00 (Gate area) 
      Partial area ratio:   27.54
      Required ratio:  400.00 (Side area) 
      Cumulative area ratio:    5.20
      Required ratio:    0.00 (Cumulative area) 
      Cumulative area ratio:   27.54
      Required ratio:    0.00 (Cumulative side area) 

    Layer: li1
      Partial area ratio:    0.00
      Required ratio:    0.00 (Gate area) 
      Partial area ratio:    0.00
      Required ratio:   75.00 (Side area) 
      Cumulative area ratio:    0.00
      Required ratio:    0.00 (Cumulative area) 
      Cumulative area ratio:    0.00
      Required ratio:    0.00 (Cumulative side area) 

    Via: M1M2_PR
      Partial area ratio:    0.13
      Required ratio:    6.00 (Gate area) 
      Cumulative area ratio:    0.24
      Required ratio:    0.00 (Cumulative area) 

    Via: L1M1_PR
      Partial area ratio:    0.12
      Required ratio:    3.00 (Gate area) 
      Cumulative area ratio:    0.12
      Required ratio:    0.00 (Cumulative area) 

  Pin: _4306_/A1 (sky130_fd_sc_hd__a21o_1)
    Layer: met1
      Partial area ratio:    5.20
      Required ratio:    0.00 (Gate area) 
      Partial area ratio:   27.54
      Required ratio:  400.00 (Side area) 
      Cumulative area ratio:    5.20
      Required ratio:    0.00 (Cumulative area) 
      Cumulative area ratio:   27.54
      Required ratio:    0.00 (Cumulative side area) 

    Layer: li1
      Partial area ratio:    0.00
      Required ratio:    0.00 (Gate area) 
      Partial area ratio:    0.00
      Required ratio:   75.00 (Side area) 
      Cumulative area ratio:    0.00
      Required ratio:    0.00 (Cumulative area) 
      Cumulative area ratio:    0.00
      Required ratio:    0.00 (Cumulative side area) 

    Via: M1M2_PR
      Partial area ratio:    0.13
      Required ratio:    6.00 (Gate area) 
      Cumulative area ratio:    0.24
      Required ratio:    0.00 (Cumulative area) 

    Via: L1M1_PR
      Partial area ratio:    0.12
      Required ratio:    3.00 (Gate area) 
      Cumulative area ratio:    0.12
      Required ratio:    0.00 (Cumulative area) 

  Pin: _4358_/A1 (sky130_fd_sc_hd__a21o_1)
    Layer: met1
      Partial area ratio:    7.68
      Required ratio:    0.00 (Gate area) 
      Partial area ratio:   40.12
      Required ratio:  400.00 (Side area) 
      Cumulative area ratio:    7.68
      Required ratio:    0.00 (Cumulative area) 
      Cumulative area ratio:   40.12
      Required ratio:    0.00 (Cumulative side area) 

    Layer: li1
      Partial area ratio:    0.00
      Required ratio:    0.00 (Gate area) 
      Partial area ratio:    0.00
      Required ratio:   75.00 (Side area) 
      Cumulative area ratio:    0.00
      Required ratio:    0.00 (Cumulative area) 
      Cumulative area ratio:    0.00
      Required ratio:    0.00 (Cumulative side area) 

    Via: M1M2_PR
      Partial area ratio:    0.18
      Required ratio:    6.00 (Gate area) 
      Cumulative area ratio:    0.30
      Required ratio:    0.00 (Cumulative area) 

    Via: L1M1_PR
      Partial area ratio:    0.12
      Required ratio:    3.00 (Gate area) 
      Cumulative area ratio:    0.12
      Required ratio:    0.00 (Cumulative area) 

  Pin: _4294_/A1 (sky130_fd_sc_hd__a21o_1)
    Layer: met1
      Partial area ratio:    7.68
      Required ratio:    0.00 (Gate area) 
      Partial area ratio:   40.12
      Required ratio:  400.00 (Side area) 
      Cumulative area ratio:    7.68
      Required ratio:    0.00 (Cumulative area) 
      Cumulative area ratio:   40.12
      Required ratio:    0.00 (Cumulative side area) 

    Layer: li1
      Partial area ratio:    0.00
      Required ratio:    0.00 (Gate area) 
      Partial area ratio:    0.00
      Required ratio:   75.00 (Side area) 
      Cumulative area ratio:    0.00
      Required ratio:    0.00 (Cumulative area) 
      Cumulative area ratio:    0.00
      Required ratio:    0.00 (Cumulative side area) 

    Via: M1M2_PR
      Partial area ratio:    0.18
      Required ratio:    6.00 (Gate area) 
      Cumulative area ratio:    0.30
      Required ratio:    0.00 (Cumulative area) 

    Via: L1M1_PR
      Partial area ratio:    0.12
      Required ratio:    3.00 (Gate area) 
      Cumulative area ratio:    0.12
      Required ratio:    0.00 (Cumulative area) 

  Pin: _4277_/A1 (sky130_fd_sc_hd__a21o_1)
    Layer: met1
      Partial area ratio:    7.68
      Required ratio:    0.00 (Gate area) 
      Partial area ratio:   40.12
      Required ratio:  400.00 (Side area) 
      Cumulative area ratio:    7.68
      Required ratio:    0.00 (Cumulative area) 
      Cumulative area ratio:   40.12
      Required ratio:    0.00 (Cumulative side area) 

    Layer: li1
      Partial area ratio:    0.00
      Required ratio:    0.00 (Gate area) 
      Partial area ratio:    0.00
      Required ratio:   75.00 (Side area) 
      Cumulative area ratio:    0.00
      Required ratio:    0.00 (Cumulative area) 
      Cumulative area ratio:    0.00
      Required ratio:    0.00 (Cumulative side area) 

    Via: M1M2_PR
      Partial area ratio:    0.18
      Required ratio:    6.00 (Gate area) 
      Cumulative area ratio:    0.30
      Required ratio:    0.00 (Cumulative area) 

    Via: L1M1_PR
      Partial area ratio:    0.12
      Required ratio:    3.00 (Gate area) 
      Cumulative area ratio:    0.12
      Required ratio:    0.00 (Cumulative area) 

  Pin: _4317_/A1 (sky130_fd_sc_hd__a21o_1)
    Layer: met1
      Partial area ratio:    4.11
      Required ratio:    0.00 (Gate area) 
      Partial area ratio:   21.61
      Required ratio:  400.00 (Side area) 
      Cumulative area ratio:    4.11
      Required ratio:    0.00 (Cumulative area) 
      Cumulative area ratio:   21.61
      Required ratio:    0.00 (Cumulative side area) 

    Layer: li1
      Partial area ratio:    0.00
      Required ratio:    0.00 (Gate area) 
      Partial area ratio:    0.00
      Required ratio:   75.00 (Side area) 
      Cumulative area ratio:    0.00
      Required ratio:    0.00 (Cumulative area) 
      Cumulative area ratio:    0.00
      Required ratio:    0.00 (Cumulative side area) 

    Via: M1M2_PR
      Partial area ratio:    0.12
      Required ratio:    6.00 (Gate area) 
      Cumulative area ratio:    0.24
      Required ratio:    0.00 (Cumulative area) 

    Via: L1M1_PR
      Partial area ratio:    0.12
      Required ratio:    3.00 (Gate area) 
      Cumulative area ratio:    0.12
      Required ratio:    0.00 (Cumulative area) 

  Pin: _4329_/A1 (sky130_fd_sc_hd__a21o_1)
    Layer: met1
      Partial area ratio:    4.11
      Required ratio:    0.00 (Gate area) 
      Partial area ratio:   21.61
      Required ratio:  400.00 (Side area) 
      Cumulative area ratio:    4.11
      Required ratio:    0.00 (Cumulative area) 
      Cumulative area ratio:   21.61
      Required ratio:    0.00 (Cumulative side area) 

    Layer: li1
      Partial area ratio:    0.00
      Required ratio:    0.00 (Gate area) 
      Partial area ratio:    0.00
      Required ratio:   75.00 (Side area) 
      Cumulative area ratio:    0.00
      Required ratio:    0.00 (Cumulative area) 
      Cumulative area ratio:    0.00
      Required ratio:    0.00 (Cumulative side area) 

    Via: M1M2_PR
      Partial area ratio:    0.12
      Required ratio:    6.00 (Gate area) 
      Cumulative area ratio:    0.24
      Required ratio:    0.00 (Cumulative area) 

    Via: L1M1_PR
      Partial area ratio:    0.12
      Required ratio:    3.00 (Gate area) 
      Cumulative area ratio:    0.12
      Required ratio:    0.00 (Cumulative area) 

  Pin: _4320_/A1 (sky130_fd_sc_hd__a21o_1)
    Layer: met1
      Partial area ratio:    4.11
      Required ratio:    0.00 (Gate area) 
      Partial area ratio:   21.61
      Required ratio:  400.00 (Side area) 
      Cumulative area ratio:    4.11
      Required ratio:    0.00 (Cumulative area) 
      Cumulative area ratio:   21.61
      Required ratio:    0.00 (Cumulative side area) 

    Layer: li1
      Partial area ratio:    0.00
      Required ratio:    0.00 (Gate area) 
      Partial area ratio:    0.00
      Required ratio:   75.00 (Side area) 
      Cumulative area ratio:    0.00
      Required ratio:    0.00 (Cumulative area) 
      Cumulative area ratio:    0.00
      Required ratio:    0.00 (Cumulative side area) 

    Via: M1M2_PR
      Partial area ratio:    0.12
      Required ratio:    6.00 (Gate area) 
      Cumulative area ratio:    0.24
      Required ratio:    0.00 (Cumulative area) 

    Via: L1M1_PR
      Partial area ratio:    0.12
      Required ratio:    3.00 (Gate area) 
      Cumulative area ratio:    0.12
      Required ratio:    0.00 (Cumulative area) 

  Pin: _4370_/A1 (sky130_fd_sc_hd__a21o_1)
    Layer: met1
      Partial area ratio:    7.68
      Required ratio:    0.00 (Gate area) 
      Partial area ratio:   40.12
      Required ratio:  400.00 (Side area) 
      Cumulative area ratio:    7.68
      Required ratio:    0.00 (Cumulative area) 
      Cumulative area ratio:   40.12
      Required ratio:    0.00 (Cumulative side area) 

    Layer: li1
      Partial area ratio:    0.00
      Required ratio:    0.00 (Gate area) 
      Partial area ratio:    0.00
      Required ratio:   75.00 (Side area) 
      Cumulative area ratio:    0.00
      Required ratio:    0.00 (Cumulative area) 
      Cumulative area ratio:    0.00
      Required ratio:    0.00 (Cumulative side area) 

    Via: M1M2_PR
      Partial area ratio:    0.18
      Required ratio:    6.00 (Gate area) 
      Cumulative area ratio:    0.30
      Required ratio:    0.00 (Cumulative area) 

    Via: L1M1_PR
      Partial area ratio:    0.12
      Required ratio:    3.00 (Gate area) 
      Cumulative area ratio:    0.12
      Required ratio:    0.00 (Cumulative area) 

  Pin: _4367_/A1 (sky130_fd_sc_hd__a21o_1)
    Layer: met1
      Partial area ratio:    7.68
      Required ratio:    0.00 (Gate area) 
      Partial area ratio:   40.12
      Required ratio:  400.00 (Side area) 
      Cumulative area ratio:    7.68
      Required ratio:    0.00 (Cumulative area) 
      Cumulative area ratio:   40.12
      Required ratio:    0.00 (Cumulative side area) 

    Layer: li1
      Partial area ratio:    0.00
      Required ratio:    0.00 (Gate area) 
      Partial area ratio:    0.00
      Required ratio:   75.00 (Side area) 
      Cumulative area ratio:    0.00
      Required ratio:    0.00 (Cumulative area) 
      Cumulative area ratio:    0.00
      Required ratio:    0.00 (Cumulative side area) 

    Via: M1M2_PR
      Partial area ratio:    0.18
      Required ratio:    6.00 (Gate area) 
      Cumulative area ratio:    0.30
      Required ratio:    0.00 (Cumulative area) 

    Via: L1M1_PR
      Partial area ratio:    0.12
      Required ratio:    3.00 (Gate area) 
      Cumulative area ratio:    0.12
      Required ratio:    0.00 (Cumulative area) 

  Pin: _4349_/A1 (sky130_fd_sc_hd__a21o_1)
    Layer: met1
      Partial area ratio:   21.22
      Required ratio:    0.00 (Gate area) 
      Partial area ratio:  108.13
      Required ratio:  400.00 (Side area) 
      Cumulative area ratio:   21.22
      Required ratio:    0.00 (Cumulative area) 
      Cumulative area ratio:  108.13
      Required ratio:    0.00 (Cumulative side area) 

    Layer: li1
      Partial area ratio:    0.00
      Required ratio:    0.00 (Gate area) 
      Partial area ratio:    0.00
      Required ratio:   75.00 (Side area) 
      Cumulative area ratio:    0.00
      Required ratio:    0.00 (Cumulative area) 
      Cumulative area ratio:    0.00
      Required ratio:    0.00 (Cumulative side area) 

    Via: M1M2_PR
      Partial area ratio:    0.20
      Required ratio:    6.00 (Gate area) 
      Cumulative area ratio:    0.32
      Required ratio:    0.00 (Cumulative area) 

    Via: L1M1_PR
      Partial area ratio:    0.12
      Required ratio:    3.00 (Gate area) 
      Cumulative area ratio:    0.12
      Required ratio:    0.00 (Cumulative area) 

  Pin: _4361_/A1 (sky130_fd_sc_hd__a21o_1)
    Layer: met1
      Partial area ratio:    0.77
      Required ratio:    0.00 (Gate area) 
      Partial area ratio:    4.65
      Required ratio:  400.00 (Side area) 
      Cumulative area ratio:    0.77
      Required ratio:    0.00 (Cumulative area) 
      Cumulative area ratio:    4.65
      Required ratio:    0.00 (Cumulative side area) 

    Layer: li1
      Partial area ratio:    0.00
      Required ratio:    0.00 (Gate area) 
      Partial area ratio:    0.00
      Required ratio:   75.00 (Side area) 
      Cumulative area ratio:    0.00
      Required ratio:    0.00 (Cumulative area) 
      Cumulative area ratio:    0.00
      Required ratio:    0.00 (Cumulative side area) 

    Via: M1M2_PR
      Partial area ratio:    0.18
      Required ratio:    6.00 (Gate area) 
      Cumulative area ratio:    0.30
      Required ratio:    0.00 (Cumulative area) 

    Via: L1M1_PR
      Partial area ratio:    0.12
      Required ratio:    3.00 (Gate area) 
      Cumulative area ratio:    0.12
      Required ratio:    0.00 (Cumulative area) 

  Pin: _4335_/A1 (sky130_fd_sc_hd__a21o_1)
    Layer: met1
      Partial area ratio:   21.22
      Required ratio:    0.00 (Gate area) 
      Partial area ratio:  108.13
      Required ratio:  400.00 (Side area) 
      Cumulative area ratio:   21.22
      Required ratio:    0.00 (Cumulative area) 
      Cumulative area ratio:  108.13
      Required ratio:    0.00 (Cumulative side area) 

    Layer: li1
      Partial area ratio:    0.00
      Required ratio:    0.00 (Gate area) 
      Partial area ratio:    0.00
      Required ratio:   75.00 (Side area) 
      Cumulative area ratio:    0.00
      Required ratio:    0.00 (Cumulative area) 
      Cumulative area ratio:    0.00
      Required ratio:    0.00 (Cumulative side area) 

    Via: M1M2_PR
      Partial area ratio:    0.20
      Required ratio:    6.00 (Gate area) 
      Cumulative area ratio:    0.32
      Required ratio:    0.00 (Cumulative area) 

    Via: L1M1_PR
      Partial area ratio:    0.12
      Required ratio:    3.00 (Gate area) 
      Cumulative area ratio:    0.12
      Required ratio:    0.00 (Cumulative area) 

  Pin: _4297_/A1 (sky130_fd_sc_hd__a21o_1)
    Layer: met1
      Partial area ratio:   21.22
      Required ratio:    0.00 (Gate area) 
      Partial area ratio:  108.13
      Required ratio:  400.00 (Side area) 
      Cumulative area ratio:   21.22
      Required ratio:    0.00 (Cumulative area) 
      Cumulative area ratio:  108.13
      Required ratio:    0.00 (Cumulative side area) 

    Layer: li1
      Partial area ratio:    0.00
      Required ratio:    0.00 (Gate area) 
      Partial area ratio:    0.00
      Required ratio:   75.00 (Side area) 
      Cumulative area ratio:    0.00
      Required ratio:    0.00 (Cumulative area) 
      Cumulative area ratio:    0.00
      Required ratio:    0.00 (Cumulative side area) 

    Via: M1M2_PR
      Partial area ratio:    0.20
      Required ratio:    6.00 (Gate area) 
      Cumulative area ratio:    0.32
      Required ratio:    0.00 (Cumulative area) 

    Via: L1M1_PR
      Partial area ratio:    0.12
      Required ratio:    3.00 (Gate area) 
      Cumulative area ratio:    0.12
      Required ratio:    0.00 (Cumulative area) 

  Pin: _4593_/C (sky130_fd_sc_hd__and3_1)
    Layer: met1
      Partial area ratio:   21.22
      Required ratio:    0.00 (Gate area) 
      Partial area ratio:  108.13
      Required ratio:  400.00 (Side area) 
      Cumulative area ratio:   21.22
      Required ratio:    0.00 (Cumulative area) 
      Cumulative area ratio:  108.13
      Required ratio:    0.00 (Cumulative side area) 

    Layer: li1
      Partial area ratio:    0.00
      Required ratio:    0.00 (Gate area) 
      Partial area ratio:    0.00
      Required ratio:   75.00 (Side area) 
      Cumulative area ratio:    0.00
      Required ratio:    0.00 (Cumulative area) 
      Cumulative area ratio:    0.00
      Required ratio:    0.00 (Cumulative side area) 

    Via: M1M2_PR
      Partial area ratio:    0.20
      Required ratio:    6.00 (Gate area) 
      Cumulative area ratio:    0.43
      Required ratio:    0.00 (Cumulative area) 

    Via: L1M1_PR
      Partial area ratio:    0.23
      Required ratio:    3.00 (Gate area) 
      Cumulative area ratio:    0.23
      Required ratio:    0.00 (Cumulative area) 

  Pin: _4519_/A1 (sky130_fd_sc_hd__a21o_2)
    Layer: met1
      Partial area ratio:  120.32
      Required ratio:    0.00 (Gate area) 
      Partial area ratio:  602.78
      Required ratio:  400.00 (Side area) (VIOLATED)
      Cumulative area ratio:  120.32
      Required ratio:    0.00 (Cumulative area) 
      Cumulative area ratio:  602.78
      Required ratio:    0.00 (Cumulative side area) 

    Layer: li1
      Partial area ratio:    0.00
      Required ratio:    0.00 (Gate area) 
      Partial area ratio:    0.00
      Required ratio:   75.00 (Side area) 
      Cumulative area ratio:    0.00
      Required ratio:    0.00 (Cumulative area) 
      Cumulative area ratio:    0.00
      Required ratio:    0.00 (Cumulative side area) 

    Via: M1M2_PR
      Partial area ratio:    0.27
      Required ratio:    6.00 (Gate area) 
      Cumulative area ratio:    0.39
      Required ratio:    0.00 (Cumulative area) 

    Via: L1M1_PR
      Partial area ratio:    0.12
      Required ratio:    3.00 (Gate area) 
      Cumulative area ratio:    0.12
      Required ratio:    0.00 (Cumulative area) 

  Pin: _6626_/B (sky130_fd_sc_hd__nand2_1)
    Layer: met1
      Partial area ratio:    6.76
      Required ratio:    0.00 (Gate area) 
      Partial area ratio:   36.16
      Required ratio: 2956.40 (Side area) 
      Cumulative area ratio:    6.76
      Required ratio:    0.00 (Cumulative area) 
      Cumulative area ratio:   36.16
      Required ratio:    0.00 (Cumulative side area) 

    Layer: met2
      Partial area ratio:    2.77
      Required ratio:    0.00 (Gate area) 
      Partial area ratio:   13.97
      Required ratio: 2956.40 (Side area) 
      Cumulative area ratio:    9.52
      Required ratio:    0.00 (Cumulative area) 
      Cumulative area ratio:   50.13
      Required ratio:    0.00 (Cumulative side area) 

    Layer: met2
      Partial area ratio:    2.77
      Required ratio:    0.00 (Gate area) 
      Partial area ratio:   13.97
      Required ratio: 2956.40 (Side area) 
      Cumulative area ratio:    9.52
      Required ratio:    0.00 (Cumulative area) 
      Cumulative area ratio:   50.13
      Required ratio:    0.00 (Cumulative side area) 

    Layer: li1
      Partial area ratio:    0.00
      Required ratio:    0.00 (Gate area) 
      Partial area ratio:    0.00
      Required ratio:   75.00 (Side area) 
      Cumulative area ratio:    0.00
      Required ratio:    0.00 (Cumulative area) 
      Cumulative area ratio:    0.00
      Required ratio:    0.00 (Cumulative side area) 

    Via: M1M2_PR
      Partial area ratio:    0.27
      Required ratio:    6.00 (Gate area) 
      Cumulative area ratio:    0.39
      Required ratio:    0.00 (Cumulative area) 

    Via: L1M1_PR
      Partial area ratio:    0.12
      Required ratio:    3.00 (Gate area) 
      Cumulative area ratio:    0.12
      Required ratio:    0.00 (Cumulative area) 

  Pin: _4493_/A1 (sky130_fd_sc_hd__a21o_2)
    Layer: li1
      Partial area ratio:    0.00
      Required ratio:    0.00 (Gate area) 
      Partial area ratio:    0.00
      Required ratio:   75.00 (Side area) 
      Cumulative area ratio:    0.00
      Required ratio:    0.00 (Cumulative area) 
      Cumulative area ratio:    0.00
      Required ratio:    0.00 (Cumulative side area) 

    Layer: met1
      Partial area ratio:    0.68
      Required ratio:    0.00 (Gate area) 
      Partial area ratio:    3.78
      Required ratio:  400.00 (Side area) 
      Cumulative area ratio:    0.68
      Required ratio:    0.00 (Cumulative area) 
      Cumulative area ratio:    3.78
      Required ratio:    0.00 (Cumulative side area) 

    Via: L1M1_PR
      Partial area ratio:    0.12
      Required ratio:    3.00 (Gate area) 
      Cumulative area ratio:    0.12
      Required ratio:    0.00 (Cumulative area) 

  Pin: _4376_/A1 (sky130_fd_sc_hd__a21o_1)
    Layer: li1
      Partial area ratio:    0.00
      Required ratio:    0.00 (Gate area) 
      Partial area ratio:    0.00
      Required ratio:   75.00 (Side area) 
      Cumulative area ratio:    0.00
      Required ratio:    0.00 (Cumulative area) 
      Cumulative area ratio:    0.00
      Required ratio:    0.00 (Cumulative side area) 

    Layer: met1
      Partial area ratio:    1.90
      Required ratio:    0.00 (Gate area) 
      Partial area ratio:    9.88
      Required ratio:  400.00 (Side area) 
      Cumulative area ratio:    1.90
      Required ratio:    0.00 (Cumulative area) 
      Cumulative area ratio:    9.88
      Required ratio:    0.00 (Cumulative side area) 

    Via: L1M1_PR
      Partial area ratio:    0.12
      Required ratio:    3.00 (Gate area) 
      Cumulative area ratio:    0.12
      Required ratio:    0.00 (Cumulative area) 

  Pin: _4373_/A1 (sky130_fd_sc_hd__a21o_1)
    Layer: li1
      Partial area ratio:    0.00
      Required ratio:    0.00 (Gate area) 
      Partial area ratio:    0.00
      Required ratio:   75.00 (Side area) 
      Cumulative area ratio:    0.00
      Required ratio:    0.00 (Cumulative area) 
      Cumulative area ratio:    0.00
      Required ratio:    0.00 (Cumulative side area) 

    Layer: met1
      Partial area ratio:    0.43
      Required ratio:    0.00 (Gate area) 
      Partial area ratio:    2.56
      Required ratio:  400.00 (Side area) 
      Cumulative area ratio:    0.43
      Required ratio:    0.00 (Cumulative area) 
      Cumulative area ratio:    2.56
      Required ratio:    0.00 (Cumulative side area) 

    Via: L1M1_PR
      Partial area ratio:    0.12
      Required ratio:    3.00 (Gate area) 
      Cumulative area ratio:    0.12
      Required ratio:    0.00 (Cumulative area) 

  Pin: _4355_/A1 (sky130_fd_sc_hd__a21o_1)
    Layer: li1
      Partial area ratio:    0.00
      Required ratio:    0.00 (Gate area) 
      Partial area ratio:    0.00
      Required ratio:   75.00 (Side area) 
      Cumulative area ratio:    0.00
      Required ratio:    0.00 (Cumulative area) 
      Cumulative area ratio:    0.00
      Required ratio:    0.00 (Cumulative side area) 

    Layer: met1
      Partial area ratio:    1.90
      Required ratio:    0.00 (Gate area) 
      Partial area ratio:    9.88
      Required ratio:  400.00 (Side area) 
      Cumulative area ratio:    1.90
      Required ratio:    0.00 (Cumulative area) 
      Cumulative area ratio:    9.88
      Required ratio:    0.00 (Cumulative side area) 

    Via: L1M1_PR
      Partial area ratio:    0.12
      Required ratio:    3.00 (Gate area) 
      Cumulative area ratio:    0.12
      Required ratio:    0.00 (Cumulative area) 

  Pin: _4352_/A1 (sky130_fd_sc_hd__a21o_1)
    Layer: li1
      Partial area ratio:    0.00
      Required ratio:    0.00 (Gate area) 
      Partial area ratio:    0.00
      Required ratio:   75.00 (Side area) 
      Cumulative area ratio:    0.00
      Required ratio:    0.00 (Cumulative area) 
      Cumulative area ratio:    0.00
      Required ratio:    0.00 (Cumulative side area) 

    Layer: met1
      Partial area ratio:    0.55
      Required ratio:    0.00 (Gate area) 
      Partial area ratio:    3.15
      Required ratio:  400.00 (Side area) 
      Cumulative area ratio:    0.55
      Required ratio:    0.00 (Cumulative area) 
      Cumulative area ratio:    3.15
      Required ratio:    0.00 (Cumulative side area) 

    Via: L1M1_PR
      Partial area ratio:    0.12
      Required ratio:    3.00 (Gate area) 
      Cumulative area ratio:    0.12
      Required ratio:    0.00 (Cumulative area) 

  Pin: _4332_/A1 (sky130_fd_sc_hd__a21o_1)
    Layer: li1
      Partial area ratio:    0.00
      Required ratio:    0.00 (Gate area) 
      Partial area ratio:    0.00
      Required ratio:   75.00 (Side area) 
      Cumulative area ratio:    0.00
      Required ratio:    0.00 (Cumulative area) 
      Cumulative area ratio:    0.00
      Required ratio:    0.00 (Cumulative side area) 

    Layer: met1
      Partial area ratio:    0.43
      Required ratio:    0.00 (Gate area) 
      Partial area ratio:    2.56
      Required ratio:  400.00 (Side area) 
      Cumulative area ratio:    0.43
      Required ratio:    0.00 (Cumulative area) 
      Cumulative area ratio:    2.56
      Required ratio:    0.00 (Cumulative side area) 

    Via: L1M1_PR
      Partial area ratio:    0.12
      Required ratio:    3.00 (Gate area) 
      Cumulative area ratio:    0.12
      Required ratio:    0.00 (Cumulative area) 

  Pin: _4326_/A1 (sky130_fd_sc_hd__a21o_1)
    Layer: li1
      Partial area ratio:    0.00
      Required ratio:    0.00 (Gate area) 
      Partial area ratio:    0.00
      Required ratio:   75.00 (Side area) 
      Cumulative area ratio:    0.00
      Required ratio:    0.00 (Cumulative area) 
      Cumulative area ratio:    0.00
      Required ratio:    0.00 (Cumulative side area) 

    Layer: met1
      Partial area ratio:    0.43
      Required ratio:    0.00 (Gate area) 
      Partial area ratio:    2.56
      Required ratio:  400.00 (Side area) 
      Cumulative area ratio:    0.43
      Required ratio:    0.00 (Cumulative area) 
      Cumulative area ratio:    2.56
      Required ratio:    0.00 (Cumulative side area) 

    Via: L1M1_PR
      Partial area ratio:    0.12
      Required ratio:    3.00 (Gate area) 
      Cumulative area ratio:    0.12
      Required ratio:    0.00 (Cumulative area) 

  Pin: _4285_/A1 (sky130_fd_sc_hd__a21o_1)
    Layer: li1
      Partial area ratio:    0.00
      Required ratio:    0.00 (Gate area) 
      Partial area ratio:    0.00
      Required ratio:   75.00 (Side area) 
      Cumulative area ratio:    0.00
      Required ratio:    0.00 (Cumulative area) 
      Cumulative area ratio:    0.00
      Required ratio:    0.00 (Cumulative side area) 

    Layer: met1
      Partial area ratio:    0.43
      Required ratio:    0.00 (Gate area) 
      Partial area ratio:    2.56
      Required ratio:  400.00 (Side area) 
      Cumulative area ratio:    0.43
      Required ratio:    0.00 (Cumulative area) 
      Cumulative area ratio:    2.56
      Required ratio:    0.00 (Cumulative side area) 

    Via: L1M1_PR
      Partial area ratio:    0.12
      Required ratio:    3.00 (Gate area) 
      Cumulative area ratio:    0.12
      Required ratio:    0.00 (Cumulative area) 

  Pin: _4257_/A (sky130_fd_sc_hd__nand2_1)
    Layer: li1
      Partial area ratio:    0.00
      Required ratio:    0.00 (Gate area) 
      Partial area ratio:    0.00
      Required ratio:   75.00 (Side area) 
      Cumulative area ratio:    0.00
      Required ratio:    0.00 (Cumulative area) 
      Cumulative area ratio:    0.00
      Required ratio:    0.00 (Cumulative side area) 

    Layer: met1
      Partial area ratio:    1.62
      Required ratio:    0.00 (Gate area) 
      Partial area ratio:    8.51
      Required ratio:  400.00 (Side area) 
      Cumulative area ratio:    1.62
      Required ratio:    0.00 (Cumulative area) 
      Cumulative area ratio:    8.51
      Required ratio:    0.00 (Cumulative side area) 

    Via: L1M1_PR
      Partial area ratio:    0.12
      Required ratio:    3.00 (Gate area) 
      Cumulative area ratio:    0.12
      Required ratio:    0.00 (Cumulative area) 

  Pin: _3770_/B (sky130_fd_sc_hd__and3_1)
    Layer: li1
      Partial area ratio:    0.00
      Required ratio:    0.00 (Gate area) 
      Partial area ratio:    0.00
      Required ratio:   75.00 (Side area) 
      Cumulative area ratio:    0.00
      Required ratio:    0.00 (Cumulative area) 
      Cumulative area ratio:    0.00
      Required ratio:    0.00 (Cumulative side area) 

    Layer: met1
      Partial area ratio:    0.33
      Required ratio:    0.00 (Gate area) 
      Partial area ratio:    2.42
      Required ratio:  400.00 (Side area) 
      Cumulative area ratio:    0.33
      Required ratio:    0.00 (Cumulative area) 
      Cumulative area ratio:    2.42
      Required ratio:    0.00 (Cumulative side area) 

    Via: L1M1_PR
      Partial area ratio:    0.23
      Required ratio:    3.00 (Gate area) 
      Cumulative area ratio:    0.23
      Required ratio:    0.00 (Cumulative area) 


Net: u_write_arbiter.w_buf_data\[65\]
  Pin: _4869_/A (sky130_fd_sc_hd__or2_1)
    Layer: met2
      Partial area ratio:    3.91
      Required ratio:    0.00 (Gate area) 
      Partial area ratio:   19.94
      Required ratio: 2771.60 (Side area) 
      Cumulative area ratio:   85.63
      Required ratio:    0.00 (Cumulative area) 
      Cumulative area ratio:  430.85
      Required ratio:    0.00 (Cumulative side area) 

    Layer: met1
      Partial area ratio:   81.71
      Required ratio:    0.00 (Gate area) 
      Partial area ratio:  410.91
      Required ratio:  400.00 (Side area) (VIOLATED)
      Cumulative area ratio:   81.71
      Required ratio:    0.00 (Cumulative area) 
      Cumulative area ratio:  410.91
      Required ratio:    0.00 (Cumulative side area) 

    Layer: li1
      Partial area ratio:    0.00
      Required ratio:    0.00 (Gate area) 
      Partial area ratio:    0.00
      Required ratio:   75.00 (Side area) 
      Cumulative area ratio:    0.00
      Required ratio:    0.00 (Cumulative area) 
      Cumulative area ratio:    0.00
      Required ratio:    0.00 (Cumulative side area) 

    Via: M1M2_PR
      Partial area ratio:    0.36
      Required ratio:    6.00 (Gate area) 
      Cumulative area ratio:    0.59
      Required ratio:    0.00 (Cumulative area) 

    Via: L1M1_PR
      Partial area ratio:    0.23
      Required ratio:    3.00 (Gate area) 
      Cumulative area ratio:    0.23
      Required ratio:    0.00 (Cumulative area) 

  Pin: _5715_/A1 (sky130_fd_sc_hd__mux2_1)
    Layer: met1
      Partial area ratio:   39.36
      Required ratio:    0.00 (Gate area) 
      Partial area ratio:  203.02
      Required ratio: 2771.60 (Side area) 
      Cumulative area ratio:   39.36
      Required ratio:    0.00 (Cumulative area) 
      Cumulative area ratio:  203.02
      Required ratio:    0.00 (Cumulative side area) 

    Layer: met2
      Partial area ratio:    3.91
      Required ratio:    0.00 (Gate area) 
      Partial area ratio:   19.94
      Required ratio: 2771.60 (Side area) 
      Cumulative area ratio:   43.27
      Required ratio:    0.00 (Cumulative area) 
      Cumulative area ratio:  222.96
      Required ratio:    0.00 (Cumulative side area) 

    Layer: met2
      Partial area ratio:    3.91
      Required ratio:    0.00 (Gate area) 
      Partial area ratio:   19.94
      Required ratio: 2771.60 (Side area) 
      Cumulative area ratio:   43.27
      Required ratio:    0.00 (Cumulative area) 
      Cumulative area ratio:  222.96
      Required ratio:    0.00 (Cumulative side area) 

    Layer: li1
      Partial area ratio:    0.00
      Required ratio:    0.00 (Gate area) 
      Partial area ratio:    0.00
      Required ratio:   75.00 (Side area) 
      Cumulative area ratio:    0.00
      Required ratio:    0.00 (Cumulative area) 
      Cumulative area ratio:    0.00
      Required ratio:    0.00 (Cumulative side area) 

    Layer: met2
      Partial area ratio:    3.91
      Required ratio:    0.00 (Gate area) 
      Partial area ratio:   19.94
      Required ratio: 2771.60 (Side area) 
      Cumulative area ratio:   43.27
      Required ratio:    0.00 (Cumulative area) 
      Cumulative area ratio:  222.96
      Required ratio:    0.00 (Cumulative side area) 

    Via: M1M2_PR
      Partial area ratio:    0.54
      Required ratio:    6.00 (Gate area) 
      Cumulative area ratio:    0.77
      Required ratio:    0.00 (Cumulative area) 

    Via: L1M1_PR
      Partial area ratio:    0.23
      Required ratio:    3.00 (Gate area) 
      Cumulative area ratio:    0.23
      Required ratio:    0.00 (Cumulative area) 


Net: net27
  Pin: _3371_/B1_N (sky130_fd_sc_hd__o21bai_2)
    Layer: met2
      Partial area ratio:   15.49
      Required ratio:    0.00 (Gate area) 
      Partial area ratio:   78.22
      Required ratio: 2736.24 (Side area) 
      Cumulative area ratio:   95.98
      Required ratio:    0.00 (Cumulative area) 
      Cumulative area ratio:  483.03
      Required ratio:    0.00 (Cumulative side area) 

    Layer: met1
      Partial area ratio:   80.49
      Required ratio:    0.00 (Gate area) 
      Partial area ratio:  404.81
      Required ratio:  400.00 (Side area) (VIOLATED)
      Cumulative area ratio:   80.49
      Required ratio:    0.00 (Cumulative area) 
      Cumulative area ratio:  404.81
      Required ratio:    0.00 (Cumulative side area) 

    Layer: li1
      Partial area ratio:    0.00
      Required ratio:    0.00 (Gate area) 
      Partial area ratio:    0.00
      Required ratio:   75.00 (Side area) 
      Cumulative area ratio:    0.00
      Required ratio:    0.00 (Cumulative area) 
      Cumulative area ratio:    0.00
      Required ratio:    0.00 (Cumulative side area) 

    Via: M1M2_PR
      Partial area ratio:    0.36
      Required ratio:    6.00 (Gate area) 
      Cumulative area ratio:    0.59
      Required ratio:    0.00 (Cumulative area) 

    Via: L1M1_PR
      Partial area ratio:    0.23
      Required ratio:    3.00 (Gate area) 
      Cumulative area ratio:    0.23
      Required ratio:    0.00 (Cumulative area) 


Net: net107
  Pin: _4487_/A2 (sky130_fd_sc_hd__a21o_2)
    Layer: met2
      Partial area ratio:   58.62
      Required ratio:    0.00 (Gate area) 
      Partial area ratio:  293.52
      Required ratio: 2956.40 (Side area) 
      Cumulative area ratio:  352.57
      Required ratio:    0.00 (Cumulative area) 
      Cumulative area ratio: 1764.42
      Required ratio:    0.00 (Cumulative side area) 

    Layer: met1
      Partial area ratio:  293.94
      Required ratio:    0.00 (Gate area) 
      Partial area ratio: 1470.90
      Required ratio:  400.00 (Side area) (VIOLATED)
      Cumulative area ratio:  293.94
      Required ratio:    0.00 (Cumulative area) 
      Cumulative area ratio: 1470.90
      Required ratio:    0.00 (Cumulative side area) 

    Layer: li1
      Partial area ratio:    0.00
      Required ratio:    0.00 (Gate area) 
      Partial area ratio:    0.00
      Required ratio:   75.00 (Side area) 
      Cumulative area ratio:    0.00
      Required ratio:    0.00 (Cumulative area) 
      Cumulative area ratio:    0.00
      Required ratio:    0.00 (Cumulative side area) 

    Via: M1M2_PR
      Partial area ratio:    0.18
      Required ratio:    6.00 (Gate area) 
      Cumulative area ratio:    0.30
      Required ratio:    0.00 (Cumulative area) 

    Via: L1M1_PR
      Partial area ratio:    0.12
      Required ratio:    3.00 (Gate area) 
      Cumulative area ratio:    0.12
      Required ratio:    0.00 (Cumulative area) 


Net: net108
  Pin: _4493_/A2 (sky130_fd_sc_hd__a21o_2)
    Layer: met1
      Partial area ratio:  190.18
      Required ratio:    0.00 (Gate area) 
      Partial area ratio:  952.47
      Required ratio:  400.00 (Side area) (VIOLATED)
      Cumulative area ratio:  190.18
      Required ratio:    0.00 (Cumulative area) 
      Cumulative area ratio:  952.47
      Required ratio:    0.00 (Cumulative side area) 

    Layer: li1
      Partial area ratio:    0.00
      Required ratio:    0.00 (Gate area) 
      Partial area ratio:    0.00
      Required ratio:   75.00 (Side area) 
      Cumulative area ratio:    0.00
      Required ratio:    0.00 (Cumulative area) 
      Cumulative area ratio:    0.00
      Required ratio:    0.00 (Cumulative side area) 

    Via: M1M2_PR
      Partial area ratio:    0.18
      Required ratio:    6.00 (Gate area) 
      Cumulative area ratio:    0.30
      Required ratio:    0.00 (Cumulative area) 

    Via: L1M1_PR
      Partial area ratio:    0.12
      Required ratio:    3.00 (Gate area) 
      Cumulative area ratio:    0.12
      Required ratio:    0.00 (Cumulative area) 


Net: net110
  Pin: _4519_/A2 (sky130_fd_sc_hd__a21o_2)
    Layer: met1
      Partial area ratio:  166.74
      Required ratio:    0.00 (Gate area) 
      Partial area ratio:  834.89
      Required ratio:  400.00 (Side area) (VIOLATED)
      Cumulative area ratio:  166.74
      Required ratio:    0.00 (Cumulative area) 
      Cumulative area ratio:  834.89
      Required ratio:    0.00 (Cumulative side area) 

    Layer: li1
      Partial area ratio:    0.00
      Required ratio:    0.00 (Gate area) 
      Partial area ratio:    0.00
      Required ratio:   75.00 (Side area) 
      Cumulative area ratio:    0.00
      Required ratio:    0.00 (Cumulative area) 
      Cumulative area ratio:    0.00
      Required ratio:    0.00 (Cumulative side area) 

    Via: M1M2_PR
      Partial area ratio:    0.18
      Required ratio:    6.00 (Gate area) 
      Cumulative area ratio:    0.30
      Required ratio:    0.00 (Cumulative area) 

    Via: L1M1_PR
      Partial area ratio:    0.12
      Required ratio:    3.00 (Gate area) 
      Cumulative area ratio:    0.12
      Required ratio:    0.00 (Cumulative area) 

  Pin: _3773_/A2 (sky130_fd_sc_hd__a22o_4)
    Layer: met1
      Partial area ratio:    1.57
      Required ratio:    0.00 (Gate area) 
      Partial area ratio:    8.24
      Required ratio:  400.00 (Side area) 
      Cumulative area ratio:    1.57
      Required ratio:    0.00 (Cumulative area) 
      Cumulative area ratio:    8.24
      Required ratio:    0.00 (Cumulative side area) 

    Layer: li1
      Partial area ratio:    0.00
      Required ratio:    0.00 (Gate area) 
      Partial area ratio:    0.00
      Required ratio:   75.00 (Side area) 
      Cumulative area ratio:    0.00
      Required ratio:    0.00 (Cumulative area) 
      Cumulative area ratio:    0.00
      Required ratio:    0.00 (Cumulative side area) 

    Via: M1M2_PR
      Partial area ratio:    0.09
      Required ratio:    6.00 (Gate area) 
      Cumulative area ratio:    0.15
      Required ratio:    0.00 (Cumulative area) 

    Via: L1M1_PR
      Partial area ratio:    0.06
      Required ratio:    3.00 (Gate area) 
      Cumulative area ratio:    0.06
      Required ratio:    0.00 (Cumulative area) 


Net: net114
  Pin: _6454_/B (sky130_fd_sc_hd__nand2_1)
    Layer: met1
      Partial area ratio:  137.50
      Required ratio:    0.00 (Gate area) 
      Partial area ratio:  689.11
      Required ratio:  400.00 (Side area) (VIOLATED)
      Cumulative area ratio:  137.50
      Required ratio:    0.00 (Cumulative area) 
      Cumulative area ratio:  689.11
      Required ratio:    0.00 (Cumulative side area) 

    Layer: li1
      Partial area ratio:    0.00
      Required ratio:    0.00 (Gate area) 
      Partial area ratio:    0.00
      Required ratio:   75.00 (Side area) 
      Cumulative area ratio:    0.00
      Required ratio:    0.00 (Cumulative area) 
      Cumulative area ratio:    0.00
      Required ratio:    0.00 (Cumulative side area) 

    Via: M1M2_PR
      Partial area ratio:    0.18
      Required ratio:    6.00 (Gate area) 
      Cumulative area ratio:    0.30
      Required ratio:    0.00 (Cumulative area) 

    Via: L1M1_PR
      Partial area ratio:    0.12
      Required ratio:    3.00 (Gate area) 
      Cumulative area ratio:    0.12
      Required ratio:    0.00 (Cumulative area) 


Net: net115
  Pin: _6461_/B (sky130_fd_sc_hd__nand2_1)
    Layer: met1
      Partial area ratio:  146.98
      Required ratio:    0.00 (Gate area) 
      Partial area ratio:  736.07
      Required ratio:  400.00 (Side area) (VIOLATED)
      Cumulative area ratio:  146.98
      Required ratio:    0.00 (Cumulative area) 
      Cumulative area ratio:  736.07
      Required ratio:    0.00 (Cumulative side area) 

    Layer: li1
      Partial area ratio:    0.00
      Required ratio:    0.00 (Gate area) 
      Partial area ratio:    0.00
      Required ratio:   75.00 (Side area) 
      Cumulative area ratio:    0.00
      Required ratio:    0.00 (Cumulative area) 
      Cumulative area ratio:    0.00
      Required ratio:    0.00 (Cumulative side area) 

    Via: M1M2_PR
      Partial area ratio:    0.18
      Required ratio:    6.00 (Gate area) 
      Cumulative area ratio:    0.30
      Required ratio:    0.00 (Cumulative area) 

    Via: L1M1_PR
      Partial area ratio:    0.12
      Required ratio:    3.00 (Gate area) 
      Cumulative area ratio:    0.12
      Required ratio:    0.00 (Cumulative area) 


Net: net116
  Pin: _6468_/B (sky130_fd_sc_hd__nand2_1)
    Layer: met2
      Partial area ratio:   50.82
      Required ratio:    0.00 (Gate area) 
      Partial area ratio:  254.49
      Required ratio: 2778.20 (Side area) 
      Cumulative area ratio:  193.27
      Required ratio:    0.00 (Cumulative area) 
      Cumulative area ratio:  968.31
      Required ratio:    0.00 (Cumulative side area) 

    Layer: met1
      Partial area ratio:  142.45
      Required ratio:    0.00 (Gate area) 
      Partial area ratio:  713.82
      Required ratio:  400.00 (Side area) (VIOLATED)
      Cumulative area ratio:  142.45
      Required ratio:    0.00 (Cumulative area) 
      Cumulative area ratio:  713.82
      Required ratio:    0.00 (Cumulative side area) 

    Layer: li1
      Partial area ratio:    0.00
      Required ratio:    0.00 (Gate area) 
      Partial area ratio:    0.00
      Required ratio:   75.00 (Side area) 
      Cumulative area ratio:    0.00
      Required ratio:    0.00 (Cumulative area) 
      Cumulative area ratio:    0.00
      Required ratio:    0.00 (Cumulative side area) 

    Via: M1M2_PR
      Partial area ratio:    0.18
      Required ratio:    6.00 (Gate area) 
      Cumulative area ratio:    0.30
      Required ratio:    0.00 (Cumulative area) 

    Via: L1M1_PR
      Partial area ratio:    0.12
      Required ratio:    3.00 (Gate area) 
      Cumulative area ratio:    0.12
      Required ratio:    0.00 (Cumulative area) 


Net: net128
  Pin: _6360_/A_N (sky130_fd_sc_hd__nand3b_1)
    Layer: met2
      Partial area ratio:  222.49
      Required ratio:    0.00 (Gate area) 
      Partial area ratio: 1113.22
      Required ratio: 2778.20 (Side area) 
      Cumulative area ratio:  370.62
      Required ratio:    0.00 (Cumulative area) 
      Cumulative area ratio: 1856.22
      Required ratio:    0.00 (Cumulative side area) 

    Layer: met1
      Partial area ratio:  148.13
      Required ratio:    0.00 (Gate area) 
      Partial area ratio:  743.00
      Required ratio:  400.00 (Side area) (VIOLATED)
      Cumulative area ratio:  148.13
      Required ratio:    0.00 (Cumulative area) 
      Cumulative area ratio:  743.00
      Required ratio:    0.00 (Cumulative side area) 

    Layer: li1
      Partial area ratio:    0.00
      Required ratio:    0.00 (Gate area) 
      Partial area ratio:    0.00
      Required ratio:   75.00 (Side area) 
      Cumulative area ratio:    0.00
      Required ratio:    0.00 (Cumulative area) 
      Cumulative area ratio:    0.00
      Required ratio:    0.00 (Cumulative side area) 

    Via: M1M2_PR
      Partial area ratio:    0.36
      Required ratio:    6.00 (Gate area) 
      Cumulative area ratio:    0.59
      Required ratio:    0.00 (Cumulative area) 

    Via: L1M1_PR
      Partial area ratio:    0.23
      Required ratio:    3.00 (Gate area) 
      Cumulative area ratio:    0.23
      Required ratio:    0.00 (Cumulative area) 


Net: net130
  Pin: _6288_/A_N (sky130_fd_sc_hd__nand3b_1)
    Layer: met2
      Partial area ratio:  207.16
      Required ratio:    0.00 (Gate area) 
      Partial area ratio: 1036.56
      Required ratio: 2753.36 (Side area) 
      Cumulative area ratio:  352.64
      Required ratio:    0.00 (Cumulative area) 
      Cumulative area ratio: 1767.11
      Required ratio:    0.00 (Cumulative side area) 

    Layer: met1
      Partial area ratio:  145.49
      Required ratio:    0.00 (Gate area) 
      Partial area ratio:  730.56
      Required ratio:  400.00 (Side area) (VIOLATED)
      Cumulative area ratio:  145.49
      Required ratio:    0.00 (Cumulative area) 
      Cumulative area ratio:  730.56
      Required ratio:    0.00 (Cumulative side area) 

    Layer: li1
      Partial area ratio:    0.00
      Required ratio:    0.00 (Gate area) 
      Partial area ratio:    0.00
      Required ratio:   75.00 (Side area) 
      Cumulative area ratio:    0.00
      Required ratio:    0.00 (Cumulative area) 
      Cumulative area ratio:    0.00
      Required ratio:    0.00 (Cumulative side area) 

    Via: M1M2_PR
      Partial area ratio:    0.36
      Required ratio:    6.00 (Gate area) 
      Cumulative area ratio:    0.59
      Required ratio:    0.00 (Cumulative area) 

    Via: L1M1_PR
      Partial area ratio:    0.23
      Required ratio:    3.00 (Gate area) 
      Cumulative area ratio:    0.23
      Required ratio:    0.00 (Cumulative area) 


Net: net133
  Pin: _6325_/A_N (sky130_fd_sc_hd__nand3b_1)
    Layer: met1
      Partial area ratio:  148.40
      Required ratio:    0.00 (Gate area) 
      Partial area ratio:  744.33
      Required ratio:  400.00 (Side area) (VIOLATED)
      Cumulative area ratio:  148.40
      Required ratio:    0.00 (Cumulative area) 
      Cumulative area ratio:  744.33
      Required ratio:    0.00 (Cumulative side area) 

    Layer: li1
      Partial area ratio:    0.00
      Required ratio:    0.00 (Gate area) 
      Partial area ratio:    0.00
      Required ratio:   75.00 (Side area) 
      Cumulative area ratio:    0.00
      Required ratio:    0.00 (Cumulative area) 
      Cumulative area ratio:    0.00
      Required ratio:    0.00 (Cumulative side area) 

    Via: M1M2_PR
      Partial area ratio:    0.36
      Required ratio:    6.00 (Gate area) 
      Cumulative area ratio:    0.59
      Required ratio:    0.00 (Cumulative area) 

    Via: L1M1_PR
      Partial area ratio:    0.23
      Required ratio:    3.00 (Gate area) 
      Cumulative area ratio:    0.23
      Required ratio:    0.00 (Cumulative area) 


Net: net134
  Pin: _6371_/A_N (sky130_fd_sc_hd__nand3b_1)
    Layer: met2
      Partial area ratio:  260.82
      Required ratio:    0.00 (Gate area) 
      Partial area ratio: 1304.89
      Required ratio: 2778.20 (Side area) 
      Cumulative area ratio:  472.20
      Required ratio:    0.00 (Cumulative area) 
      Cumulative area ratio: 2364.89
      Required ratio:    0.00 (Cumulative side area) 

    Layer: met1
      Partial area ratio:  211.38
      Required ratio:    0.00 (Gate area) 
      Partial area ratio: 1060.00
      Required ratio:  400.00 (Side area) (VIOLATED)
      Cumulative area ratio:  211.38
      Required ratio:    0.00 (Cumulative area) 
      Cumulative area ratio: 1060.00
      Required ratio:    0.00 (Cumulative side area) 

    Layer: li1
      Partial area ratio:    0.00
      Required ratio:    0.00 (Gate area) 
      Partial area ratio:    0.00
      Required ratio:   75.00 (Side area) 
      Cumulative area ratio:    0.00
      Required ratio:    0.00 (Cumulative area) 
      Cumulative area ratio:    0.00
      Required ratio:    0.00 (Cumulative side area) 

    Via: M1M2_PR
      Partial area ratio:    0.36
      Required ratio:    6.00 (Gate area) 
      Cumulative area ratio:    0.59
      Required ratio:    0.00 (Cumulative area) 

    Via: L1M1_PR
      Partial area ratio:    0.23
      Required ratio:    3.00 (Gate area) 
      Cumulative area ratio:    0.23
      Required ratio:    0.00 (Cumulative area) 


Net: net163
  Pin: _6436_/B (sky130_fd_sc_hd__nand2_1)
    Layer: met1
      Partial area ratio:  161.50
      Required ratio:    0.00 (Gate area) 
      Partial area ratio:  808.70
      Required ratio:  400.00 (Side area) (VIOLATED)
      Cumulative area ratio:  161.50
      Required ratio:    0.00 (Cumulative area) 
      Cumulative area ratio:  808.70
      Required ratio:    0.00 (Cumulative side area) 

    Layer: li1
      Partial area ratio:    0.00
      Required ratio:    0.00 (Gate area) 
      Partial area ratio:    0.00
      Required ratio:   75.00 (Side area) 
      Cumulative area ratio:    0.00
      Required ratio:    0.00 (Cumulative area) 
      Cumulative area ratio:    0.00
      Required ratio:    0.00 (Cumulative side area) 

    Via: M1M2_PR
      Partial area ratio:    0.18
      Required ratio:    6.00 (Gate area) 
      Cumulative area ratio:    0.30
      Required ratio:    0.00 (Cumulative area) 

    Via: L1M1_PR
      Partial area ratio:    0.12
      Required ratio:    3.00 (Gate area) 
      Cumulative area ratio:    0.12
      Required ratio:    0.00 (Cumulative area) 


Net: net183
  Pin: _6536_/A1 (sky130_fd_sc_hd__o21ai_1)
    Layer: met4
      Partial area ratio:  719.64
      Required ratio:    0.00 (Gate area) 
      Partial area ratio: 3840.00
      Required ratio: 2956.40 (Side area) (VIOLATED)
      Cumulative area ratio:  721.65
      Required ratio:    0.00 (Cumulative area) 
      Cumulative area ratio: 3850.86
      Required ratio:    0.00 (Cumulative side area) 

    Layer: met3
      Partial area ratio:    0.00
      Required ratio:    0.00 (Gate area) 
      Partial area ratio:    0.00
      Required ratio:  400.00 (Side area) 
      Cumulative area ratio:    2.01
      Required ratio:    0.00 (Cumulative area) 
      Cumulative area ratio:   10.86
      Required ratio:    0.00 (Cumulative side area) 

    Layer: met2
      Partial area ratio:    0.00
      Required ratio:    0.00 (Gate area) 
      Partial area ratio:    0.00
      Required ratio:  400.00 (Side area) 
      Cumulative area ratio:    2.01
      Required ratio:    0.00 (Cumulative area) 
      Cumulative area ratio:   10.86
      Required ratio:    0.00 (Cumulative side area) 

    Layer: met1
      Partial area ratio:    2.01
      Required ratio:    0.00 (Gate area) 
      Partial area ratio:   10.86
      Required ratio:  400.00 (Side area) 
      Cumulative area ratio:    2.01
      Required ratio:    0.00 (Cumulative area) 
      Cumulative area ratio:   10.86
      Required ratio:    0.00 (Cumulative side area) 

    Layer: li1
      Partial area ratio:    0.00
      Required ratio:    0.00 (Gate area) 
      Partial area ratio:    0.00
      Required ratio:   75.00 (Side area) 
      Cumulative area ratio:    0.00
      Required ratio:    0.00 (Cumulative area) 
      Cumulative area ratio:    0.00
      Required ratio:    0.00 (Cumulative side area) 

    Via: M3M4_PR
      Partial area ratio:    0.16
      Required ratio:    6.00 (Gate area) 
      Cumulative area ratio:    0.62
      Required ratio:    0.00 (Cumulative area) 

    Via: M2M3_PR
      Partial area ratio:    0.16
      Required ratio:    6.00 (Gate area) 
      Cumulative area ratio:    0.46
      Required ratio:    0.00 (Cumulative area) 

    Via: M1M2_PR
      Partial area ratio:    0.18
      Required ratio:    6.00 (Gate area) 
      Cumulative area ratio:    0.30
      Required ratio:    0.00 (Cumulative area) 

    Via: L1M1_PR
      Partial area ratio:    0.12
      Required ratio:    3.00 (Gate area) 
      Cumulative area ratio:    0.12
      Required ratio:    0.00 (Cumulative area) 


Net: net184
  Pin: _6365_/A_N (sky130_fd_sc_hd__nand3b_1)
    Layer: met4
      Partial area ratio: 1035.71
      Required ratio:    0.00 (Gate area) 
      Partial area ratio: 5527.62
      Required ratio: 2918.08 (Side area) (VIOLATED)
      Cumulative area ratio: 1037.85
      Required ratio:    0.00 (Cumulative area) 
      Cumulative area ratio: 5539.84
      Required ratio:    0.00 (Cumulative side area) 

    Layer: met3
      Partial area ratio:    0.00
      Required ratio:    0.00 (Gate area) 
      Partial area ratio:    0.00
      Required ratio:  400.00 (Side area) 
      Cumulative area ratio:    2.13
      Required ratio:    0.00 (Cumulative area) 
      Cumulative area ratio:   12.22
      Required ratio:    0.00 (Cumulative side area) 

    Layer: met2
      Partial area ratio:    0.00
      Required ratio:    0.00 (Gate area) 
      Partial area ratio:    0.00
      Required ratio:  400.00 (Side area) 
      Cumulative area ratio:    2.13
      Required ratio:    0.00 (Cumulative area) 
      Cumulative area ratio:   12.22
      Required ratio:    0.00 (Cumulative side area) 

    Layer: met1
      Partial area ratio:    2.13
      Required ratio:    0.00 (Gate area) 
      Partial area ratio:   12.22
      Required ratio:  400.00 (Side area) 
      Cumulative area ratio:    2.13
      Required ratio:    0.00 (Cumulative area) 
      Cumulative area ratio:   12.22
      Required ratio:    0.00 (Cumulative side area) 

    Layer: li1
      Partial area ratio:    0.00
      Required ratio:    0.00 (Gate area) 
      Partial area ratio:    0.00
      Required ratio:   75.00 (Side area) 
      Cumulative area ratio:    0.00
      Required ratio:    0.00 (Cumulative area) 
      Cumulative area ratio:    0.00
      Required ratio:    0.00 (Cumulative side area) 

    Via: M3M4_PR
      Partial area ratio:    0.32
      Required ratio:    6.00 (Gate area) 
      Cumulative area ratio:    1.22
      Required ratio:    0.00 (Cumulative area) 

    Via: M2M3_PR
      Partial area ratio:    0.32
      Required ratio:    6.00 (Gate area) 
      Cumulative area ratio:    0.90
      Required ratio:    0.00 (Cumulative area) 

    Via: M1M2_PR
      Partial area ratio:    0.36
      Required ratio:    6.00 (Gate area) 
      Cumulative area ratio:    0.59
      Required ratio:    0.00 (Cumulative area) 

    Via: L1M1_PR
      Partial area ratio:    0.23
      Required ratio:    3.00 (Gate area) 
      Cumulative area ratio:    0.23
      Required ratio:    0.00 (Cumulative area) 


Net: net189
  Pin: _6318_/A_N (sky130_fd_sc_hd__nand3b_1)
    Layer: met4
      Partial area ratio: 1068.57
      Required ratio:    0.00 (Gate area) 
      Partial area ratio: 5702.86
      Required ratio: 2918.08 (Side area) (VIOLATED)
      Cumulative area ratio: 1073.33
      Required ratio:    0.00 (Cumulative area) 
      Cumulative area ratio: 5728.19
      Required ratio:    0.00 (Cumulative side area) 

    Layer: met3
      Partial area ratio:    0.00
      Required ratio:    0.00 (Gate area) 
      Partial area ratio:    0.00
      Required ratio:  400.00 (Side area) 
      Cumulative area ratio:    4.76
      Required ratio:    0.00 (Cumulative area) 
      Cumulative area ratio:   25.33
      Required ratio:    0.00 (Cumulative side area) 

    Layer: met2
      Partial area ratio:    0.00
      Required ratio:    0.00 (Gate area) 
      Partial area ratio:    0.00
      Required ratio:  400.00 (Side area) 
      Cumulative area ratio:    4.76
      Required ratio:    0.00 (Cumulative area) 
      Cumulative area ratio:   25.33
      Required ratio:    0.00 (Cumulative side area) 

    Layer: met1
      Partial area ratio:    4.76
      Required ratio:    0.00 (Gate area) 
      Partial area ratio:   25.33
      Required ratio:  400.00 (Side area) 
      Cumulative area ratio:    4.76
      Required ratio:    0.00 (Cumulative area) 
      Cumulative area ratio:   25.33
      Required ratio:    0.00 (Cumulative side area) 

    Layer: li1
      Partial area ratio:    0.00
      Required ratio:    0.00 (Gate area) 
      Partial area ratio:    0.00
      Required ratio:   75.00 (Side area) 
      Cumulative area ratio:    0.00
      Required ratio:    0.00 (Cumulative area) 
      Cumulative area ratio:    0.00
      Required ratio:    0.00 (Cumulative side area) 

    Via: M3M4_PR
      Partial area ratio:    0.32
      Required ratio:    6.00 (Gate area) 
      Cumulative area ratio:    1.22
      Required ratio:    0.00 (Cumulative area) 

    Via: M2M3_PR
      Partial area ratio:    0.32
      Required ratio:    6.00 (Gate area) 
      Cumulative area ratio:    0.90
      Required ratio:    0.00 (Cumulative area) 

    Via: M1M2_PR
      Partial area ratio:    0.36
      Required ratio:    6.00 (Gate area) 
      Cumulative area ratio:    0.59
      Required ratio:    0.00 (Cumulative area) 

    Via: L1M1_PR
      Partial area ratio:    0.23
      Required ratio:    3.00 (Gate area) 
      Cumulative area ratio:    0.23
      Required ratio:    0.00 (Cumulative area) 


Net: net190
  Pin: _6330_/A_N (sky130_fd_sc_hd__nand3b_1)
    Layer: met4
      Partial area ratio: 1134.29
      Required ratio:    0.00 (Gate area) 
      Partial area ratio: 6053.33
      Required ratio: 2918.08 (Side area) (VIOLATED)
      Cumulative area ratio: 1172.48
      Required ratio:    0.00 (Cumulative area) 
      Cumulative area ratio: 6260.86
      Required ratio:    0.00 (Cumulative side area) 

    Layer: met3
      Partial area ratio:   33.57
      Required ratio:    0.00 (Gate area) 
      Partial area ratio:  182.86
      Required ratio:  400.00 (Side area) 
      Cumulative area ratio:   38.19
      Required ratio:    0.00 (Cumulative area) 
      Cumulative area ratio:  207.52
      Required ratio:    0.00 (Cumulative side area) 

    Layer: met2
      Partial area ratio:    0.00
      Required ratio:    0.00 (Gate area) 
      Partial area ratio:    0.00
      Required ratio:  400.00 (Side area) 
      Cumulative area ratio:    4.62
      Required ratio:    0.00 (Cumulative area) 
      Cumulative area ratio:   24.67
      Required ratio:    0.00 (Cumulative side area) 

    Layer: met1
      Partial area ratio:    4.62
      Required ratio:    0.00 (Gate area) 
      Partial area ratio:   24.67
      Required ratio:  400.00 (Side area) 
      Cumulative area ratio:    4.62
      Required ratio:    0.00 (Cumulative area) 
      Cumulative area ratio:   24.67
      Required ratio:    0.00 (Cumulative side area) 

    Layer: li1
      Partial area ratio:    0.00
      Required ratio:    0.00 (Gate area) 
      Partial area ratio:    0.00
      Required ratio:   75.00 (Side area) 
      Cumulative area ratio:    0.00
      Required ratio:    0.00 (Cumulative area) 
      Cumulative area ratio:    0.00
      Required ratio:    0.00 (Cumulative side area) 

    Via: M3M4_PR
      Partial area ratio:    0.32
      Required ratio:    6.00 (Gate area) 
      Cumulative area ratio:    1.22
      Required ratio:    0.00 (Cumulative area) 

    Via: M2M3_PR
      Partial area ratio:    0.32
      Required ratio:    6.00 (Gate area) 
      Cumulative area ratio:    0.90
      Required ratio:    0.00 (Cumulative area) 

    Via: M1M2_PR
      Partial area ratio:    0.36
      Required ratio:    6.00 (Gate area) 
      Cumulative area ratio:    0.59
      Required ratio:    0.00 (Cumulative area) 

    Via: L1M1_PR
      Partial area ratio:    0.23
      Required ratio:    3.00 (Gate area) 
      Cumulative area ratio:    0.23
      Required ratio:    0.00 (Cumulative area) 


Net: net192
  Pin: _6352_/A_N (sky130_fd_sc_hd__nand3b_1)
    Layer: met4
      Partial area ratio:  789.29
      Required ratio:    0.00 (Gate area) 
      Partial area ratio: 4213.33
      Required ratio: 2918.08 (Side area) (VIOLATED)
      Cumulative area ratio:  790.57
      Required ratio:    0.00 (Cumulative area) 
      Cumulative area ratio: 4221.33
      Required ratio:    0.00 (Cumulative side area) 

    Layer: met3
      Partial area ratio:    0.00
      Required ratio:    0.00 (Gate area) 
      Partial area ratio:    0.00
      Required ratio:  400.00 (Side area) 
      Cumulative area ratio:    1.29
      Required ratio:    0.00 (Cumulative area) 
      Cumulative area ratio:    8.00
      Required ratio:    0.00 (Cumulative side area) 

    Layer: met2
      Partial area ratio:    0.00
      Required ratio:    0.00 (Gate area) 
      Partial area ratio:    0.00
      Required ratio:  400.00 (Side area) 
      Cumulative area ratio:    1.29
      Required ratio:    0.00 (Cumulative area) 
      Cumulative area ratio:    8.00
      Required ratio:    0.00 (Cumulative side area) 

    Layer: met1
      Partial area ratio:    1.29
      Required ratio:    0.00 (Gate area) 
      Partial area ratio:    8.00
      Required ratio:  400.00 (Side area) 
      Cumulative area ratio:    1.29
      Required ratio:    0.00 (Cumulative area) 
      Cumulative area ratio:    8.00
      Required ratio:    0.00 (Cumulative side area) 

    Layer: li1
      Partial area ratio:    0.00
      Required ratio:    0.00 (Gate area) 
      Partial area ratio:    0.00
      Required ratio:   75.00 (Side area) 
      Cumulative area ratio:    0.00
      Required ratio:    0.00 (Cumulative area) 
      Cumulative area ratio:    0.00
      Required ratio:    0.00 (Cumulative side area) 

    Via: M3M4_PR
      Partial area ratio:    0.32
      Required ratio:    6.00 (Gate area) 
      Cumulative area ratio:    1.22
      Required ratio:    0.00 (Cumulative area) 

    Via: M2M3_PR
      Partial area ratio:    0.32
      Required ratio:    6.00 (Gate area) 
      Cumulative area ratio:    0.90
      Required ratio:    0.00 (Cumulative area) 

    Via: M1M2_PR
      Partial area ratio:    0.36
      Required ratio:    6.00 (Gate area) 
      Cumulative area ratio:    0.59
      Required ratio:    0.00 (Cumulative area) 

    Via: L1M1_PR
      Partial area ratio:    0.23
      Required ratio:    3.00 (Gate area) 
      Cumulative area ratio:    0.23
      Required ratio:    0.00 (Cumulative area) 


Net: net219
  Pin: _6538_/A1 (sky130_fd_sc_hd__o21ai_1)
    Layer: met4
      Partial area ratio:  719.64
      Required ratio:    0.00 (Gate area) 
      Partial area ratio: 3840.00
      Required ratio: 2956.40 (Side area) (VIOLATED)
      Cumulative area ratio:  722.43
      Required ratio:    0.00 (Cumulative area) 
      Cumulative area ratio: 3854.76
      Required ratio:    0.00 (Cumulative side area) 

    Layer: met3
      Partial area ratio:    0.00
      Required ratio:    0.00 (Gate area) 
      Partial area ratio:    0.00
      Required ratio:  400.00 (Side area) 
      Cumulative area ratio:    2.79
      Required ratio:    0.00 (Cumulative area) 
      Cumulative area ratio:   14.76
      Required ratio:    0.00 (Cumulative side area) 

    Layer: met2
      Partial area ratio:    0.00
      Required ratio:    0.00 (Gate area) 
      Partial area ratio:    0.00
      Required ratio:  400.00 (Side area) 
      Cumulative area ratio:    2.79
      Required ratio:    0.00 (Cumulative area) 
      Cumulative area ratio:   14.76
      Required ratio:    0.00 (Cumulative side area) 

    Layer: met1
      Partial area ratio:    2.79
      Required ratio:    0.00 (Gate area) 
      Partial area ratio:   14.76
      Required ratio:  400.00 (Side area) 
      Cumulative area ratio:    2.79
      Required ratio:    0.00 (Cumulative area) 
      Cumulative area ratio:   14.76
      Required ratio:    0.00 (Cumulative side area) 

    Layer: li1
      Partial area ratio:    0.00
      Required ratio:    0.00 (Gate area) 
      Partial area ratio:    0.00
      Required ratio:   75.00 (Side area) 
      Cumulative area ratio:    0.00
      Required ratio:    0.00 (Cumulative area) 
      Cumulative area ratio:    0.00
      Required ratio:    0.00 (Cumulative side area) 

    Via: M3M4_PR
      Partial area ratio:    0.16
      Required ratio:    6.00 (Gate area) 
      Cumulative area ratio:    0.62
      Required ratio:    0.00 (Cumulative area) 

    Via: M2M3_PR
      Partial area ratio:    0.16
      Required ratio:    6.00 (Gate area) 
      Cumulative area ratio:    0.46
      Required ratio:    0.00 (Cumulative area) 

    Via: M1M2_PR
      Partial area ratio:    0.18
      Required ratio:    6.00 (Gate area) 
      Cumulative area ratio:    0.30
      Required ratio:    0.00 (Cumulative area) 

    Via: L1M1_PR
      Partial area ratio:    0.12
      Required ratio:    3.00 (Gate area) 
      Cumulative area ratio:    0.12
      Required ratio:    0.00 (Cumulative area) 


Net: net241
  Pin: _6191_/A (sky130_fd_sc_hd__nor2_1)
    Layer: met4
      Partial area ratio:  560.73
      Required ratio:    0.00 (Gate area) 
      Partial area ratio: 2992.48
      Required ratio: 2918.08 (Side area) (VIOLATED)
      Cumulative area ratio:  563.69
      Required ratio:    0.00 (Cumulative area) 
      Cumulative area ratio: 3008.10
      Required ratio:    0.00 (Cumulative side area) 

    Layer: met3
      Partial area ratio:    0.00
      Required ratio:    0.00 (Gate area) 
      Partial area ratio:    0.00
      Required ratio:  400.00 (Side area) 
      Cumulative area ratio:    2.96
      Required ratio:    0.00 (Cumulative area) 
      Cumulative area ratio:   15.61
      Required ratio:    0.00 (Cumulative side area) 

    Layer: met2
      Partial area ratio:    0.00
      Required ratio:    0.00 (Gate area) 
      Partial area ratio:    0.00
      Required ratio:  400.00 (Side area) 
      Cumulative area ratio:    2.96
      Required ratio:    0.00 (Cumulative area) 
      Cumulative area ratio:   15.61
      Required ratio:    0.00 (Cumulative side area) 

    Layer: met1
      Partial area ratio:    2.96
      Required ratio:    0.00 (Gate area) 
      Partial area ratio:   15.61
      Required ratio:  400.00 (Side area) 
      Cumulative area ratio:    2.96
      Required ratio:    0.00 (Cumulative area) 
      Cumulative area ratio:   15.61
      Required ratio:    0.00 (Cumulative side area) 

    Layer: li1
      Partial area ratio:    0.00
      Required ratio:    0.00 (Gate area) 
      Partial area ratio:    0.00
      Required ratio:   75.00 (Side area) 
      Cumulative area ratio:    0.00
      Required ratio:    0.00 (Cumulative area) 
      Cumulative area ratio:    0.00
      Required ratio:    0.00 (Cumulative side area) 

    Via: M3M4_PR
      Partial area ratio:    0.16
      Required ratio:    6.00 (Gate area) 
      Cumulative area ratio:    0.62
      Required ratio:    0.00 (Cumulative area) 

    Via: M2M3_PR
      Partial area ratio:    0.16
      Required ratio:    6.00 (Gate area) 
      Cumulative area ratio:    0.46
      Required ratio:    0.00 (Cumulative area) 

    Via: M1M2_PR
      Partial area ratio:    0.18
      Required ratio:    6.00 (Gate area) 
      Cumulative area ratio:    0.30
      Required ratio:    0.00 (Cumulative area) 

    Via: L1M1_PR
      Partial area ratio:    0.12
      Required ratio:    3.00 (Gate area) 
      Cumulative area ratio:    0.12
      Required ratio:    0.00 (Cumulative area) 


Net: net271
  Pin: _5598_/A0 (sky130_fd_sc_hd__mux2_1)
    Layer: met1
      Partial area ratio:  113.62
      Required ratio:    0.00 (Gate area) 
      Partial area ratio:  570.46
      Required ratio:  400.00 (Side area) (VIOLATED)
      Cumulative area ratio:  113.62
      Required ratio:    0.00 (Cumulative area) 
      Cumulative area ratio:  570.46
      Required ratio:    0.00 (Cumulative side area) 

    Layer: li1
      Partial area ratio:    0.00
      Required ratio:    0.00 (Gate area) 
      Partial area ratio:    0.00
      Required ratio:   75.00 (Side area) 
      Cumulative area ratio:    0.00
      Required ratio:    0.00 (Cumulative area) 
      Cumulative area ratio:    0.00
      Required ratio:    0.00 (Cumulative side area) 

    Via: M1M2_PR
      Partial area ratio:    0.36
      Required ratio:    6.00 (Gate area) 
      Cumulative area ratio:    0.59
      Required ratio:    0.00 (Cumulative area) 

    Via: L1M1_PR
      Partial area ratio:    0.23
      Required ratio:    3.00 (Gate area) 
      Cumulative area ratio:    0.23
      Required ratio:    0.00 (Cumulative area) 


Net: net283
  Pin: _5620_/A0 (sky130_fd_sc_hd__mux2_1)
    Layer: met2
      Partial area ratio:   30.82
      Required ratio:    0.00 (Gate area) 
      Partial area ratio:  154.89
      Required ratio: 2736.24 (Side area) 
      Cumulative area ratio:  158.34
      Required ratio:    0.00 (Cumulative area) 
      Cumulative area ratio:  794.82
      Required ratio:    0.00 (Cumulative side area) 

    Layer: met1
      Partial area ratio:  127.52
      Required ratio:    0.00 (Gate area) 
      Partial area ratio:  639.93
      Required ratio:  400.00 (Side area) (VIOLATED)
      Cumulative area ratio:  127.52
      Required ratio:    0.00 (Cumulative area) 
      Cumulative area ratio:  639.93
      Required ratio:    0.00 (Cumulative side area) 

    Layer: li1
      Partial area ratio:    0.00
      Required ratio:    0.00 (Gate area) 
      Partial area ratio:    0.00
      Required ratio:   75.00 (Side area) 
      Cumulative area ratio:    0.00
      Required ratio:    0.00 (Cumulative area) 
      Cumulative area ratio:    0.00
      Required ratio:    0.00 (Cumulative side area) 

    Via: M1M2_PR
      Partial area ratio:    0.36
      Required ratio:    6.00 (Gate area) 
      Cumulative area ratio:    0.59
      Required ratio:    0.00 (Cumulative area) 

    Via: L1M1_PR
      Partial area ratio:    0.23
      Required ratio:    3.00 (Gate area) 
      Cumulative area ratio:    0.23
      Required ratio:    0.00 (Cumulative area) 


Net: net292
  Pin: _6095_/A0 (sky130_fd_sc_hd__mux2_1)
    Layer: met1
      Partial area ratio:  134.58
      Required ratio:    0.00 (Gate area) 
      Partial area ratio:  675.23
      Required ratio:  400.00 (Side area) (VIOLATED)
      Cumulative area ratio:  134.58
      Required ratio:    0.00 (Cumulative area) 
      Cumulative area ratio:  675.23
      Required ratio:    0.00 (Cumulative side area) 

    Layer: li1
      Partial area ratio:    0.00
      Required ratio:    0.00 (Gate area) 
      Partial area ratio:    0.00
      Required ratio:   75.00 (Side area) 
      Cumulative area ratio:    0.00
      Required ratio:    0.00 (Cumulative area) 
      Cumulative area ratio:    0.00
      Required ratio:    0.00 (Cumulative side area) 

    Via: M1M2_PR
      Partial area ratio:    0.36
      Required ratio:    6.00 (Gate area) 
      Cumulative area ratio:    0.59
      Required ratio:    0.00 (Cumulative area) 

    Via: L1M1_PR
      Partial area ratio:    0.23
      Required ratio:    3.00 (Gate area) 
      Cumulative area ratio:    0.23
      Required ratio:    0.00 (Cumulative area) 


Net: net301
  Pin: _6111_/A0 (sky130_fd_sc_hd__mux2_1)
    Layer: met3
      Partial area ratio:  657.86
      Required ratio:    0.00 (Gate area) 
      Partial area ratio: 3512.38
      Required ratio: 2753.36 (Side area) (VIOLATED)
      Cumulative area ratio:  662.30
      Required ratio:    0.00 (Cumulative area) 
      Cumulative area ratio: 3536.18
      Required ratio:    0.00 (Cumulative side area) 

    Layer: met2
      Partial area ratio:    0.00
      Required ratio:    0.00 (Gate area) 
      Partial area ratio:    0.00
      Required ratio:  400.00 (Side area) 
      Cumulative area ratio:    4.45
      Required ratio:    0.00 (Cumulative area) 
      Cumulative area ratio:   23.79
      Required ratio:    0.00 (Cumulative side area) 

    Layer: met1
      Partial area ratio:    4.45
      Required ratio:    0.00 (Gate area) 
      Partial area ratio:   23.79
      Required ratio:  400.00 (Side area) 
      Cumulative area ratio:    4.45
      Required ratio:    0.00 (Cumulative area) 
      Cumulative area ratio:   23.79
      Required ratio:    0.00 (Cumulative side area) 

    Layer: li1
      Partial area ratio:    0.00
      Required ratio:    0.00 (Gate area) 
      Partial area ratio:    0.00
      Required ratio:   75.00 (Side area) 
      Cumulative area ratio:    0.00
      Required ratio:    0.00 (Cumulative area) 
      Cumulative area ratio:    0.00
      Required ratio:    0.00 (Cumulative side area) 

    Via: M2M3_PR
      Partial area ratio:    0.32
      Required ratio:    6.00 (Gate area) 
      Cumulative area ratio:    0.90
      Required ratio:    0.00 (Cumulative area) 

    Via: M1M2_PR
      Partial area ratio:    0.36
      Required ratio:    6.00 (Gate area) 
      Cumulative area ratio:    0.59
      Required ratio:    0.00 (Cumulative area) 

    Via: L1M1_PR
      Partial area ratio:    0.23
      Required ratio:    3.00 (Gate area) 
      Cumulative area ratio:    0.23
      Required ratio:    0.00 (Cumulative area) 


Net: net305
  Pin: _6119_/A0 (sky130_fd_sc_hd__mux2_1)
    Layer: met3
      Partial area ratio:  592.14
      Required ratio:    0.00 (Gate area) 
      Partial area ratio: 3161.90
      Required ratio: 2753.36 (Side area) (VIOLATED)
      Cumulative area ratio:  597.53
      Required ratio:    0.00 (Cumulative area) 
      Cumulative area ratio: 3190.42
      Required ratio:    0.00 (Cumulative side area) 

    Layer: met2
      Partial area ratio:    0.00
      Required ratio:    0.00 (Gate area) 
      Partial area ratio:    0.00
      Required ratio:  400.00 (Side area) 
      Cumulative area ratio:    5.39
      Required ratio:    0.00 (Cumulative area) 
      Cumulative area ratio:   28.51
      Required ratio:    0.00 (Cumulative side area) 

    Layer: met1
      Partial area ratio:    5.39
      Required ratio:    0.00 (Gate area) 
      Partial area ratio:   28.51
      Required ratio:  400.00 (Side area) 
      Cumulative area ratio:    5.39
      Required ratio:    0.00 (Cumulative area) 
      Cumulative area ratio:   28.51
      Required ratio:    0.00 (Cumulative side area) 

    Layer: li1
      Partial area ratio:    0.00
      Required ratio:    0.00 (Gate area) 
      Partial area ratio:    0.00
      Required ratio:   75.00 (Side area) 
      Cumulative area ratio:    0.00
      Required ratio:    0.00 (Cumulative area) 
      Cumulative area ratio:    0.00
      Required ratio:    0.00 (Cumulative side area) 

    Via: M2M3_PR
      Partial area ratio:    0.32
      Required ratio:    6.00 (Gate area) 
      Cumulative area ratio:    0.90
      Required ratio:    0.00 (Cumulative area) 

    Via: M1M2_PR
      Partial area ratio:    0.36
      Required ratio:    6.00 (Gate area) 
      Cumulative area ratio:    0.59
      Required ratio:    0.00 (Cumulative area) 

    Via: L1M1_PR
      Partial area ratio:    0.23
      Required ratio:    3.00 (Gate area) 
      Cumulative area ratio:    0.23
      Required ratio:    0.00 (Cumulative area) 


Net: net341
  Pin: _6053_/A0 (sky130_fd_sc_hd__mux2_1)
    Layer: met2
      Partial area ratio:    7.82
      Required ratio:    0.00 (Gate area) 
      Partial area ratio:   39.89
      Required ratio: 2736.24 (Side area) 
      Cumulative area ratio:  104.79
      Required ratio:    0.00 (Cumulative area) 
      Cumulative area ratio:  527.85
      Required ratio:    0.00 (Cumulative side area) 

    Layer: met1
      Partial area ratio:   96.97
      Required ratio:    0.00 (Gate area) 
      Partial area ratio:  487.96
      Required ratio:  400.00 (Side area) (VIOLATED)
      Cumulative area ratio:   96.97
      Required ratio:    0.00 (Cumulative area) 
      Cumulative area ratio:  487.96
      Required ratio:    0.00 (Cumulative side area) 

    Layer: li1
      Partial area ratio:    0.00
      Required ratio:    0.00 (Gate area) 
      Partial area ratio:    0.00
      Required ratio:   75.00 (Side area) 
      Cumulative area ratio:    0.00
      Required ratio:    0.00 (Cumulative area) 
      Cumulative area ratio:    0.00
      Required ratio:    0.00 (Cumulative side area) 

    Via: M1M2_PR
      Partial area ratio:    0.36
      Required ratio:    6.00 (Gate area) 
      Cumulative area ratio:    0.59
      Required ratio:    0.00 (Cumulative area) 

    Via: L1M1_PR
      Partial area ratio:    0.23
      Required ratio:    3.00 (Gate area) 
      Cumulative area ratio:    0.23
      Required ratio:    0.00 (Cumulative area) 


Net: net345
  Pin: _5929_/A0 (sky130_fd_sc_hd__mux2_1)
    Layer: met2
      Partial area ratio:   15.49
      Required ratio:    0.00 (Gate area) 
      Partial area ratio:   78.22
      Required ratio: 2753.36 (Side area) 
      Cumulative area ratio:  143.68
      Required ratio:    0.00 (Cumulative area) 
      Cumulative area ratio:  721.49
      Required ratio:    0.00 (Cumulative side area) 

    Layer: met1
      Partial area ratio:  128.19
      Required ratio:    0.00 (Gate area) 
      Partial area ratio:  643.27
      Required ratio:  400.00 (Side area) (VIOLATED)
      Cumulative area ratio:  128.19
      Required ratio:    0.00 (Cumulative area) 
      Cumulative area ratio:  643.27
      Required ratio:    0.00 (Cumulative side area) 

    Layer: li1
      Partial area ratio:    0.00
      Required ratio:    0.00 (Gate area) 
      Partial area ratio:    0.00
      Required ratio:   75.00 (Side area) 
      Cumulative area ratio:    0.00
      Required ratio:    0.00 (Cumulative area) 
      Cumulative area ratio:    0.00
      Required ratio:    0.00 (Cumulative side area) 

    Via: M1M2_PR
      Partial area ratio:    0.36
      Required ratio:    6.00 (Gate area) 
      Cumulative area ratio:    0.59
      Required ratio:    0.00 (Cumulative area) 

    Via: L1M1_PR
      Partial area ratio:    0.23
      Required ratio:    3.00 (Gate area) 
      Cumulative area ratio:    0.23
      Required ratio:    0.00 (Cumulative area) 


Net: net372
  Pin: _5981_/A0 (sky130_fd_sc_hd__mux2_1)
    Layer: met2
      Partial area ratio:   15.49
      Required ratio:    0.00 (Gate area) 
      Partial area ratio:   78.22
      Required ratio: 2736.24 (Side area) 
      Cumulative area ratio:  159.81
      Required ratio:    0.00 (Cumulative area) 
      Cumulative area ratio:  802.93
      Required ratio:    0.00 (Cumulative side area) 

    Layer: met1
      Partial area ratio:  144.32
      Required ratio:    0.00 (Gate area) 
      Partial area ratio:  724.71
      Required ratio:  400.00 (Side area) (VIOLATED)
      Cumulative area ratio:  144.32
      Required ratio:    0.00 (Cumulative area) 
      Cumulative area ratio:  724.71
      Required ratio:    0.00 (Cumulative side area) 

    Layer: li1
      Partial area ratio:    0.00
      Required ratio:    0.00 (Gate area) 
      Partial area ratio:    0.00
      Required ratio:   75.00 (Side area) 
      Cumulative area ratio:    0.00
      Required ratio:    0.00 (Cumulative area) 
      Cumulative area ratio:    0.00
      Required ratio:    0.00 (Cumulative side area) 

    Via: M1M2_PR
      Partial area ratio:    0.36
      Required ratio:    6.00 (Gate area) 
      Cumulative area ratio:    0.59
      Required ratio:    0.00 (Cumulative area) 

    Via: L1M1_PR
      Partial area ratio:    0.23
      Required ratio:    3.00 (Gate area) 
      Cumulative area ratio:    0.23
      Required ratio:    0.00 (Cumulative area) 


Net: net379
  Pin: _5993_/A0 (sky130_fd_sc_hd__mux2_1)
    Layer: met3
      Partial area ratio:  986.43
      Required ratio:    0.00 (Gate area) 
      Partial area ratio: 5264.76
      Required ratio: 2918.08 (Side area) (VIOLATED)
      Cumulative area ratio:  997.74
      Required ratio:    0.00 (Cumulative area) 
      Cumulative area ratio: 5323.66
      Required ratio:    0.00 (Cumulative side area) 

    Layer: met2
      Partial area ratio:    7.82
      Required ratio:    0.00 (Gate area) 
      Partial area ratio:   39.89
      Required ratio:  400.00 (Side area) 
      Cumulative area ratio:   11.31
      Required ratio:    0.00 (Cumulative area) 
      Cumulative area ratio:   58.90
      Required ratio:    0.00 (Cumulative side area) 

    Layer: met1
      Partial area ratio:    3.49
      Required ratio:    0.00 (Gate area) 
      Partial area ratio:   19.01
      Required ratio:  400.00 (Side area) 
      Cumulative area ratio:    3.49
      Required ratio:    0.00 (Cumulative area) 
      Cumulative area ratio:   19.01
      Required ratio:    0.00 (Cumulative side area) 

    Layer: li1
      Partial area ratio:    0.00
      Required ratio:    0.00 (Gate area) 
      Partial area ratio:    0.00
      Required ratio:   75.00 (Side area) 
      Cumulative area ratio:    0.00
      Required ratio:    0.00 (Cumulative area) 
      Cumulative area ratio:    0.00
      Required ratio:    0.00 (Cumulative side area) 

    Via: M2M3_PR
      Partial area ratio:    0.32
      Required ratio:    6.00 (Gate area) 
      Cumulative area ratio:    0.90
      Required ratio:    0.00 (Cumulative area) 

    Via: M1M2_PR
      Partial area ratio:    0.36
      Required ratio:    6.00 (Gate area) 
      Cumulative area ratio:    0.59
      Required ratio:    0.00 (Cumulative area) 

    Via: L1M1_PR
      Partial area ratio:    0.23
      Required ratio:    3.00 (Gate area) 
      Cumulative area ratio:    0.23
      Required ratio:    0.00 (Cumulative area) 


Net: net380
  Pin: _5564_/A0 (sky130_fd_sc_hd__mux2_1)
    Layer: met3
      Partial area ratio:  115.71
      Required ratio:    0.00 (Gate area) 
      Partial area ratio:  620.95
      Required ratio: 2753.36 (Side area) 
      Cumulative area ratio:  314.72
      Required ratio:    0.00 (Cumulative area) 
      Cumulative area ratio: 1619.08
      Required ratio:    0.00 (Cumulative side area) 

    Layer: met2
      Partial area ratio:    7.82
      Required ratio:    0.00 (Gate area) 
      Partial area ratio:   39.89
      Required ratio:  400.00 (Side area) 
      Cumulative area ratio:  199.00
      Required ratio:    0.00 (Cumulative area) 
      Cumulative area ratio:  998.13
      Required ratio:    0.00 (Cumulative side area) 

    Layer: met1
      Partial area ratio:  191.18
      Required ratio:    0.00 (Gate area) 
      Partial area ratio:  958.24
      Required ratio:  400.00 (Side area) (VIOLATED)
      Cumulative area ratio:  191.18
      Required ratio:    0.00 (Cumulative area) 
      Cumulative area ratio:  958.24
      Required ratio:    0.00 (Cumulative side area) 

    Layer: li1
      Partial area ratio:    0.00
      Required ratio:    0.00 (Gate area) 
      Partial area ratio:    0.00
      Required ratio:   75.00 (Side area) 
      Cumulative area ratio:    0.00
      Required ratio:    0.00 (Cumulative area) 
      Cumulative area ratio:    0.00
      Required ratio:    0.00 (Cumulative side area) 

    Via: M2M3_PR
      Partial area ratio:    0.32
      Required ratio:    6.00 (Gate area) 
      Cumulative area ratio:    0.90
      Required ratio:    0.00 (Cumulative area) 

    Via: M1M2_PR
      Partial area ratio:    0.36
      Required ratio:    6.00 (Gate area) 
      Cumulative area ratio:    0.59
      Required ratio:    0.00 (Cumulative area) 

    Via: L1M1_PR
      Partial area ratio:    0.23
      Required ratio:    3.00 (Gate area) 
      Cumulative area ratio:    0.23
      Required ratio:    0.00 (Cumulative area) 


Net: net391
  Pin: _5919_/A0 (sky130_fd_sc_hd__mux2_1)
    Layer: met2
      Partial area ratio:   38.49
      Required ratio:    0.00 (Gate area) 
      Partial area ratio:  193.22
      Required ratio: 2736.24 (Side area) 
      Cumulative area ratio:  156.93
      Required ratio:    0.00 (Cumulative area) 
      Cumulative area ratio:  787.77
      Required ratio:    0.00 (Cumulative side area) 

    Layer: met1
      Partial area ratio:  118.44
      Required ratio:    0.00 (Gate area) 
      Partial area ratio:  594.54
      Required ratio:  400.00 (Side area) (VIOLATED)
      Cumulative area ratio:  118.44
      Required ratio:    0.00 (Cumulative area) 
      Cumulative area ratio:  594.54
      Required ratio:    0.00 (Cumulative side area) 

    Layer: li1
      Partial area ratio:    0.00
      Required ratio:    0.00 (Gate area) 
      Partial area ratio:    0.00
      Required ratio:   75.00 (Side area) 
      Cumulative area ratio:    0.00
      Required ratio:    0.00 (Cumulative area) 
      Cumulative area ratio:    0.00
      Required ratio:    0.00 (Cumulative side area) 

    Via: M1M2_PR
      Partial area ratio:    0.36
      Required ratio:    6.00 (Gate area) 
      Cumulative area ratio:    0.59
      Required ratio:    0.00 (Cumulative area) 

    Via: L1M1_PR
      Partial area ratio:    0.23
      Required ratio:    3.00 (Gate area) 
      Cumulative area ratio:    0.23
      Required ratio:    0.00 (Cumulative area) 


Net: net437
  Pin: _5552_/A0 (sky130_fd_sc_hd__mux2_1)
    Layer: met2
      Partial area ratio:  214.82
      Required ratio:    0.00 (Gate area) 
      Partial area ratio: 1074.89
      Required ratio: 3236.16 (Side area) 
      Cumulative area ratio:  477.92
      Required ratio:    0.00 (Cumulative area) 
      Cumulative area ratio: 2393.51
      Required ratio:    0.00 (Cumulative side area) 

    Layer: met1
      Partial area ratio:  263.10
      Required ratio:    0.00 (Gate area) 
      Partial area ratio: 1318.62
      Required ratio:  400.00 (Side area) (VIOLATED)
      Cumulative area ratio:  263.10
      Required ratio:    0.00 (Cumulative area) 
      Cumulative area ratio: 1318.62
      Required ratio:    0.00 (Cumulative side area) 

    Layer: li1
      Partial area ratio:    0.00
      Required ratio:    0.00 (Gate area) 
      Partial area ratio:    0.00
      Required ratio:   75.00 (Side area) 
      Cumulative area ratio:    0.00
      Required ratio:    0.00 (Cumulative area) 
      Cumulative area ratio:    0.00
      Required ratio:    0.00 (Cumulative side area) 

    Via: M1M2_PR
      Partial area ratio:    0.36
      Required ratio:    6.00 (Gate area) 
      Cumulative area ratio:    0.59
      Required ratio:    0.00 (Cumulative area) 

    Via: L1M1_PR
      Partial area ratio:    0.23
      Required ratio:    3.00 (Gate area) 
      Cumulative area ratio:    0.23
      Required ratio:    0.00 (Cumulative area) 


Net: net439
  Pin: _5556_/A0 (sky130_fd_sc_hd__mux2_1)
    Layer: met2
      Partial area ratio:  636.49
      Required ratio:    0.00 (Gate area) 
      Partial area ratio: 3183.22
      Required ratio: 2956.40 (Side area) (VIOLATED)
      Cumulative area ratio:  643.41
      Required ratio:    0.00 (Cumulative area) 
      Cumulative area ratio: 3219.38
      Required ratio:    0.00 (Cumulative side area) 

    Layer: met1
      Partial area ratio:    6.92
      Required ratio:    0.00 (Gate area) 
      Partial area ratio:   36.16
      Required ratio:  400.00 (Side area) 
      Cumulative area ratio:    6.92
      Required ratio:    0.00 (Cumulative area) 
      Cumulative area ratio:   36.16
      Required ratio:    0.00 (Cumulative side area) 

    Layer: li1
      Partial area ratio:    0.00
      Required ratio:    0.00 (Gate area) 
      Partial area ratio:    0.00
      Required ratio:   75.00 (Side area) 
      Cumulative area ratio:    0.00
      Required ratio:    0.00 (Cumulative area) 
      Cumulative area ratio:    0.00
      Required ratio:    0.00 (Cumulative side area) 

    Via: M1M2_PR
      Partial area ratio:    0.36
      Required ratio:    6.00 (Gate area) 
      Cumulative area ratio:    0.59
      Required ratio:    0.00 (Cumulative area) 

    Via: L1M1_PR
      Partial area ratio:    0.23
      Required ratio:    3.00 (Gate area) 
      Cumulative area ratio:    0.23
      Required ratio:    0.00 (Cumulative area) 


Net: net489
  Pin: _5831_/A0 (sky130_fd_sc_hd__mux2_1)
    Layer: met2
      Partial area ratio:    7.82
      Required ratio:    0.00 (Gate area) 
      Partial area ratio:   39.89
      Required ratio: 2956.40 (Side area) 
      Cumulative area ratio:  702.10
      Required ratio:    0.00 (Cumulative area) 
      Cumulative area ratio: 3514.40
      Required ratio:    0.00 (Cumulative side area) 

    Layer: met1
      Partial area ratio:  694.28
      Required ratio:    0.00 (Gate area) 
      Partial area ratio: 3474.51
      Required ratio:  400.00 (Side area) (VIOLATED)
      Cumulative area ratio:  694.28
      Required ratio:    0.00 (Cumulative area) 
      Cumulative area ratio: 3474.51
      Required ratio:    0.00 (Cumulative side area) 

    Layer: li1
      Partial area ratio:    0.00
      Required ratio:    0.00 (Gate area) 
      Partial area ratio:    0.00
      Required ratio:   75.00 (Side area) 
      Cumulative area ratio:    0.00
      Required ratio:    0.00 (Cumulative area) 
      Cumulative area ratio:    0.00
      Required ratio:    0.00 (Cumulative side area) 

    Via: M1M2_PR
      Partial area ratio:    0.36
      Required ratio:    6.00 (Gate area) 
      Cumulative area ratio:    0.59
      Required ratio:    0.00 (Cumulative area) 

    Via: L1M1_PR
      Partial area ratio:    0.23
      Required ratio:    3.00 (Gate area) 
      Cumulative area ratio:    0.23
      Required ratio:    0.00 (Cumulative area) 


Net: net497
  Pin: _5713_/A0 (sky130_fd_sc_hd__mux2_1)
    Layer: met1
      Partial area ratio:  146.87
      Required ratio:    0.00 (Gate area) 
      Partial area ratio:  737.46
      Required ratio:  400.00 (Side area) (VIOLATED)
      Cumulative area ratio:  146.87
      Required ratio:    0.00 (Cumulative area) 
      Cumulative area ratio:  737.46
      Required ratio:    0.00 (Cumulative side area) 

    Layer: li1
      Partial area ratio:    0.00
      Required ratio:    0.00 (Gate area) 
      Partial area ratio:    0.00
      Required ratio:   75.00 (Side area) 
      Cumulative area ratio:    0.00
      Required ratio:    0.00 (Cumulative area) 
      Cumulative area ratio:    0.00
      Required ratio:    0.00 (Cumulative side area) 

    Via: M1M2_PR
      Partial area ratio:    0.36
      Required ratio:    6.00 (Gate area) 
      Cumulative area ratio:    0.59
      Required ratio:    0.00 (Cumulative area) 

    Via: L1M1_PR
      Partial area ratio:    0.23
      Required ratio:    3.00 (Gate area) 
      Cumulative area ratio:    0.23
      Required ratio:    0.00 (Cumulative area) 


Net: net510
  Pin: _5738_/A0 (sky130_fd_sc_hd__mux2_1)
    Layer: met2
      Partial area ratio:  644.31
      Required ratio:    0.00 (Gate area) 
      Partial area ratio: 3223.11
      Required ratio: 2956.40 (Side area) (VIOLATED)
      Cumulative area ratio:  648.97
      Required ratio:    0.00 (Cumulative area) 
      Cumulative area ratio: 3247.96
      Required ratio:    0.00 (Cumulative side area) 

    Layer: met1
      Partial area ratio:    4.66
      Required ratio:    0.00 (Gate area) 
      Partial area ratio:   24.84
      Required ratio:  400.00 (Side area) 
      Cumulative area ratio:    4.66
      Required ratio:    0.00 (Cumulative area) 
      Cumulative area ratio:   24.84
      Required ratio:    0.00 (Cumulative side area) 

    Layer: li1
      Partial area ratio:    0.00
      Required ratio:    0.00 (Gate area) 
      Partial area ratio:    0.00
      Required ratio:   75.00 (Side area) 
      Cumulative area ratio:    0.00
      Required ratio:    0.00 (Cumulative area) 
      Cumulative area ratio:    0.00
      Required ratio:    0.00 (Cumulative side area) 

    Via: M1M2_PR
      Partial area ratio:    0.36
      Required ratio:    6.00 (Gate area) 
      Cumulative area ratio:    0.59
      Required ratio:    0.00 (Cumulative area) 

    Via: L1M1_PR
      Partial area ratio:    0.23
      Required ratio:    3.00 (Gate area) 
      Cumulative area ratio:    0.23
      Required ratio:    0.00 (Cumulative area) 


Net: net511
  Pin: _5740_/A0 (sky130_fd_sc_hd__mux2_1)
    Layer: met2
      Partial area ratio:    7.82
      Required ratio:    0.00 (Gate area) 
      Partial area ratio:   39.89
      Required ratio: 2956.40 (Side area) 
      Cumulative area ratio:  841.10
      Required ratio:    0.00 (Cumulative area) 
      Cumulative area ratio: 4209.40
      Required ratio:    0.00 (Cumulative side area) 

    Layer: met1
      Partial area ratio:  833.28
      Required ratio:    0.00 (Gate area) 
      Partial area ratio: 4169.51
      Required ratio:  400.00 (Side area) (VIOLATED)
      Cumulative area ratio:  833.28
      Required ratio:    0.00 (Cumulative area) 
      Cumulative area ratio: 4169.51
      Required ratio:    0.00 (Cumulative side area) 

    Layer: li1
      Partial area ratio:    0.00
      Required ratio:    0.00 (Gate area) 
      Partial area ratio:    0.00
      Required ratio:   75.00 (Side area) 
      Cumulative area ratio:    0.00
      Required ratio:    0.00 (Cumulative area) 
      Cumulative area ratio:    0.00
      Required ratio:    0.00 (Cumulative side area) 

    Via: M1M2_PR
      Partial area ratio:    0.36
      Required ratio:    6.00 (Gate area) 
      Cumulative area ratio:    0.59
      Required ratio:    0.00 (Cumulative area) 

    Via: L1M1_PR
      Partial area ratio:    0.23
      Required ratio:    3.00 (Gate area) 
      Cumulative area ratio:    0.23
      Required ratio:    0.00 (Cumulative area) 


Net: net514
  Pin: _5860_/A0 (sky130_fd_sc_hd__mux2_1)
    Layer: met2
      Partial area ratio:  797.49
      Required ratio:    0.00 (Gate area) 
      Partial area ratio: 3988.22
      Required ratio: 3669.20 (Side area) (VIOLATED)
      Cumulative area ratio:  802.39
      Required ratio:    0.00 (Cumulative area) 
      Cumulative area ratio: 4014.27
      Required ratio:    0.00 (Cumulative side area) 

    Layer: met1
      Partial area ratio:    4.90
      Required ratio:    0.00 (Gate area) 
      Partial area ratio:   26.04
      Required ratio:  400.00 (Side area) 
      Cumulative area ratio:    4.90
      Required ratio:    0.00 (Cumulative area) 
      Cumulative area ratio:   26.04
      Required ratio:    0.00 (Cumulative side area) 

    Layer: li1
      Partial area ratio:    0.00
      Required ratio:    0.00 (Gate area) 
      Partial area ratio:    0.00
      Required ratio:   75.00 (Side area) 
      Cumulative area ratio:    0.00
      Required ratio:    0.00 (Cumulative area) 
      Cumulative area ratio:    0.00
      Required ratio:    0.00 (Cumulative side area) 

    Via: M1M2_PR
      Partial area ratio:    0.36
      Required ratio:    6.00 (Gate area) 
      Cumulative area ratio:    0.59
      Required ratio:    0.00 (Cumulative area) 

    Via: L1M1_PR
      Partial area ratio:    0.23
      Required ratio:    3.00 (Gate area) 
      Cumulative area ratio:    0.23
      Required ratio:    0.00 (Cumulative area) 


Net: net517
  Pin: _5751_/A0 (sky130_fd_sc_hd__mux2_1)
    Layer: met1
      Partial area ratio:  814.99
      Required ratio:    0.00 (Gate area) 
      Partial area ratio: 4080.40
      Required ratio: 2956.40 (Side area) (VIOLATED)
      Cumulative area ratio:  814.99
      Required ratio:    0.00 (Cumulative area) 
      Cumulative area ratio: 4080.40
      Required ratio:    0.00 (Cumulative side area) 

    Layer: met2
      Partial area ratio:    0.00
      Required ratio:    0.00 (Gate area) 
      Partial area ratio:    0.00
      Required ratio: 2956.40 (Side area) 
      Cumulative area ratio:  814.99
      Required ratio:    0.00 (Cumulative area) 
      Cumulative area ratio: 4080.40
      Required ratio:    0.00 (Cumulative side area) 

    Layer: li1
      Partial area ratio:    0.00
      Required ratio:    0.00 (Gate area) 
      Partial area ratio:    0.00
      Required ratio:   75.00 (Side area) 
      Cumulative area ratio:    0.00
      Required ratio:    0.00 (Cumulative area) 
      Cumulative area ratio:    0.00
      Required ratio:    0.00 (Cumulative side area) 

    Layer: met2
      Partial area ratio:    0.00
      Required ratio:    0.00 (Gate area) 
      Partial area ratio:    0.00
      Required ratio: 2956.40 (Side area) 
      Cumulative area ratio:  814.99
      Required ratio:    0.00 (Cumulative area) 
      Cumulative area ratio: 4080.40
      Required ratio:    0.00 (Cumulative side area) 

    Via: M1M2_PR
      Partial area ratio:    0.36
      Required ratio:    6.00 (Gate area) 
      Cumulative area ratio:    0.59
      Required ratio:    0.00 (Cumulative area) 

    Via: L1M1_PR
      Partial area ratio:    0.23
      Required ratio:    3.00 (Gate area) 
      Cumulative area ratio:    0.23
      Required ratio:    0.00 (Cumulative area) 


Net: net520
  Pin: _5757_/A0 (sky130_fd_sc_hd__mux2_1)
    Layer: met2
      Partial area ratio:  766.82
      Required ratio:    0.00 (Gate area) 
      Partial area ratio: 3834.89
      Required ratio: 3312.80 (Side area) (VIOLATED)
      Cumulative area ratio:  770.79
      Required ratio:    0.00 (Cumulative area) 
      Cumulative area ratio: 3856.29
      Required ratio:    0.00 (Cumulative side area) 

    Layer: met1
      Partial area ratio:    3.97
      Required ratio:    0.00 (Gate area) 
      Partial area ratio:   21.40
      Required ratio:  400.00 (Side area) 
      Cumulative area ratio:    3.97
      Required ratio:    0.00 (Cumulative area) 
      Cumulative area ratio:   21.40
      Required ratio:    0.00 (Cumulative side area) 

    Layer: li1
      Partial area ratio:    0.00
      Required ratio:    0.00 (Gate area) 
      Partial area ratio:    0.00
      Required ratio:   75.00 (Side area) 
      Cumulative area ratio:    0.00
      Required ratio:    0.00 (Cumulative area) 
      Cumulative area ratio:    0.00
      Required ratio:    0.00 (Cumulative side area) 

    Via: M1M2_PR
      Partial area ratio:    0.36
      Required ratio:    6.00 (Gate area) 
      Cumulative area ratio:    0.59
      Required ratio:    0.00 (Cumulative area) 

    Via: L1M1_PR
      Partial area ratio:    0.23
      Required ratio:    3.00 (Gate area) 
      Cumulative area ratio:    0.23
      Required ratio:    0.00 (Cumulative area) 


Net: net521
  Pin: _5759_/A0 (sky130_fd_sc_hd__mux2_1)
    Layer: met2
      Partial area ratio:  720.98
      Required ratio:    0.00 (Gate area) 
      Partial area ratio: 3606.44
      Required ratio: 3312.80 (Side area) (VIOLATED)
      Cumulative area ratio:  722.96
      Required ratio:    0.00 (Cumulative area) 
      Cumulative area ratio: 3617.90
      Required ratio:    0.00 (Cumulative side area) 

    Layer: met1
      Partial area ratio:    1.98
      Required ratio:    0.00 (Gate area) 
      Partial area ratio:   11.46
      Required ratio:  400.00 (Side area) 
      Cumulative area ratio:    1.98
      Required ratio:    0.00 (Cumulative area) 
      Cumulative area ratio:   11.46
      Required ratio:    0.00 (Cumulative side area) 

    Layer: li1
      Partial area ratio:    0.00
      Required ratio:    0.00 (Gate area) 
      Partial area ratio:    0.00
      Required ratio:   75.00 (Side area) 
      Cumulative area ratio:    0.00
      Required ratio:    0.00 (Cumulative area) 
      Cumulative area ratio:    0.00
      Required ratio:    0.00 (Cumulative side area) 

    Via: M1M2_PR
      Partial area ratio:    0.36
      Required ratio:    6.00 (Gate area) 
      Cumulative area ratio:    0.59
      Required ratio:    0.00 (Cumulative area) 

    Via: L1M1_PR
      Partial area ratio:    0.23
      Required ratio:    3.00 (Gate area) 
      Cumulative area ratio:    0.23
      Required ratio:    0.00 (Cumulative area) 


Net: net522
  Pin: _5761_/A0 (sky130_fd_sc_hd__mux2_1)
    Layer: met2
      Partial area ratio:  674.98
      Required ratio:    0.00 (Gate area) 
      Partial area ratio: 3376.44
      Required ratio: 3312.80 (Side area) (VIOLATED)
      Cumulative area ratio:  680.29
      Required ratio:    0.00 (Cumulative area) 
      Cumulative area ratio: 3404.57
      Required ratio:    0.00 (Cumulative side area) 

    Layer: met1
      Partial area ratio:    5.31
      Required ratio:    0.00 (Gate area) 
      Partial area ratio:   28.12
      Required ratio:  400.00 (Side area) 
      Cumulative area ratio:    5.31
      Required ratio:    0.00 (Cumulative area) 
      Cumulative area ratio:   28.12
      Required ratio:    0.00 (Cumulative side area) 

    Layer: li1
      Partial area ratio:    0.00
      Required ratio:    0.00 (Gate area) 
      Partial area ratio:    0.00
      Required ratio:   75.00 (Side area) 
      Cumulative area ratio:    0.00
      Required ratio:    0.00 (Cumulative area) 
      Cumulative area ratio:    0.00
      Required ratio:    0.00 (Cumulative side area) 

    Via: M1M2_PR
      Partial area ratio:    0.36
      Required ratio:    6.00 (Gate area) 
      Cumulative area ratio:    0.59
      Required ratio:    0.00 (Cumulative area) 

    Via: L1M1_PR
      Partial area ratio:    0.23
      Required ratio:    3.00 (Gate area) 
      Cumulative area ratio:    0.23
      Required ratio:    0.00 (Cumulative area) 


Net: net523
  Pin: _5763_/A0 (sky130_fd_sc_hd__mux2_1)
    Layer: met2
      Partial area ratio:  674.82
      Required ratio:    0.00 (Gate area) 
      Partial area ratio: 3374.89
      Required ratio: 3312.80 (Side area) (VIOLATED)
      Cumulative area ratio:  680.38
      Required ratio:    0.00 (Cumulative area) 
      Cumulative area ratio: 3404.24
      Required ratio:    0.00 (Cumulative side area) 

    Layer: met1
      Partial area ratio:    5.56
      Required ratio:    0.00 (Gate area) 
      Partial area ratio:   29.35
      Required ratio:  400.00 (Side area) 
      Cumulative area ratio:    5.56
      Required ratio:    0.00 (Cumulative area) 
      Cumulative area ratio:   29.35
      Required ratio:    0.00 (Cumulative side area) 

    Layer: li1
      Partial area ratio:    0.00
      Required ratio:    0.00 (Gate area) 
      Partial area ratio:    0.00
      Required ratio:   75.00 (Side area) 
      Cumulative area ratio:    0.00
      Required ratio:    0.00 (Cumulative area) 
      Cumulative area ratio:    0.00
      Required ratio:    0.00 (Cumulative side area) 

    Via: M1M2_PR
      Partial area ratio:    0.36
      Required ratio:    6.00 (Gate area) 
      Cumulative area ratio:    0.59
      Required ratio:    0.00 (Cumulative area) 

    Via: L1M1_PR
      Partial area ratio:    0.23
      Required ratio:    3.00 (Gate area) 
      Cumulative area ratio:    0.23
      Required ratio:    0.00 (Cumulative area) 


Net: net524
  Pin: _5765_/A0 (sky130_fd_sc_hd__mux2_1)
    Layer: met1
      Partial area ratio:  720.95
      Required ratio:    0.00 (Gate area) 
      Partial area ratio: 3610.18
      Required ratio: 2956.40 (Side area) (VIOLATED)
      Cumulative area ratio:  720.95
      Required ratio:    0.00 (Cumulative area) 
      Cumulative area ratio: 3610.18
      Required ratio:    0.00 (Cumulative side area) 

    Layer: met2
      Partial area ratio:    0.00
      Required ratio:    0.00 (Gate area) 
      Partial area ratio:    0.00
      Required ratio: 2956.40 (Side area) 
      Cumulative area ratio:  720.95
      Required ratio:    0.00 (Cumulative area) 
      Cumulative area ratio: 3610.18
      Required ratio:    0.00 (Cumulative side area) 

    Layer: li1
      Partial area ratio:    0.00
      Required ratio:    0.00 (Gate area) 
      Partial area ratio:    0.00
      Required ratio:   75.00 (Side area) 
      Cumulative area ratio:    0.00
      Required ratio:    0.00 (Cumulative area) 
      Cumulative area ratio:    0.00
      Required ratio:    0.00 (Cumulative side area) 

    Layer: met2
      Partial area ratio:    0.00
      Required ratio:    0.00 (Gate area) 
      Partial area ratio:    0.00
      Required ratio: 2956.40 (Side area) 
      Cumulative area ratio:  720.95
      Required ratio:    0.00 (Cumulative area) 
      Cumulative area ratio: 3610.18
      Required ratio:    0.00 (Cumulative side area) 

    Via: M1M2_PR
      Partial area ratio:    0.36
      Required ratio:    6.00 (Gate area) 
      Cumulative area ratio:    0.59
      Required ratio:    0.00 (Cumulative area) 

    Via: L1M1_PR
      Partial area ratio:    0.23
      Required ratio:    3.00 (Gate area) 
      Cumulative area ratio:    0.23
      Required ratio:    0.00 (Cumulative area) 


Net: net526
  Pin: _5767_/A0 (sky130_fd_sc_hd__mux2_1)
    Layer: met1
      Partial area ratio:  790.80
      Required ratio:    0.00 (Gate area) 
      Partial area ratio: 3959.46
      Required ratio: 2956.40 (Side area) (VIOLATED)
      Cumulative area ratio:  790.80
      Required ratio:    0.00 (Cumulative area) 
      Cumulative area ratio: 3959.46
      Required ratio:    0.00 (Cumulative side area) 

    Layer: met2
      Partial area ratio:    0.00
      Required ratio:    0.00 (Gate area) 
      Partial area ratio:    0.00
      Required ratio: 2956.40 (Side area) 
      Cumulative area ratio:  790.80
      Required ratio:    0.00 (Cumulative area) 
      Cumulative area ratio: 3959.46
      Required ratio:    0.00 (Cumulative side area) 

    Layer: li1
      Partial area ratio:    0.00
      Required ratio:    0.00 (Gate area) 
      Partial area ratio:    0.00
      Required ratio:   75.00 (Side area) 
      Cumulative area ratio:    0.00
      Required ratio:    0.00 (Cumulative area) 
      Cumulative area ratio:    0.00
      Required ratio:    0.00 (Cumulative side area) 

    Layer: met2
      Partial area ratio:    0.00
      Required ratio:    0.00 (Gate area) 
      Partial area ratio:    0.00
      Required ratio: 2956.40 (Side area) 
      Cumulative area ratio:  790.80
      Required ratio:    0.00 (Cumulative area) 
      Cumulative area ratio: 3959.46
      Required ratio:    0.00 (Cumulative side area) 

    Via: M1M2_PR
      Partial area ratio:    0.36
      Required ratio:    6.00 (Gate area) 
      Cumulative area ratio:    0.59
      Required ratio:    0.00 (Cumulative area) 

    Via: L1M1_PR
      Partial area ratio:    0.23
      Required ratio:    3.00 (Gate area) 
      Cumulative area ratio:    0.23
      Required ratio:    0.00 (Cumulative area) 


Net: net529
  Pin: _5773_/A0 (sky130_fd_sc_hd__mux2_1)
    Layer: met2
      Partial area ratio:    7.82
      Required ratio:    0.00 (Gate area) 
      Partial area ratio:   39.89
      Required ratio: 2956.40 (Side area) 
      Cumulative area ratio:  714.87
      Required ratio:    0.00 (Cumulative area) 
      Cumulative area ratio: 3578.23
      Required ratio:    0.00 (Cumulative side area) 

    Layer: met1
      Partial area ratio:  707.05
      Required ratio:    0.00 (Gate area) 
      Partial area ratio: 3538.34
      Required ratio:  400.00 (Side area) (VIOLATED)
      Cumulative area ratio:  707.05
      Required ratio:    0.00 (Cumulative area) 
      Cumulative area ratio: 3538.34
      Required ratio:    0.00 (Cumulative side area) 

    Layer: li1
      Partial area ratio:    0.00
      Required ratio:    0.00 (Gate area) 
      Partial area ratio:    0.00
      Required ratio:   75.00 (Side area) 
      Cumulative area ratio:    0.00
      Required ratio:    0.00 (Cumulative area) 
      Cumulative area ratio:    0.00
      Required ratio:    0.00 (Cumulative side area) 

    Via: M1M2_PR
      Partial area ratio:    0.36
      Required ratio:    6.00 (Gate area) 
      Cumulative area ratio:    0.59
      Required ratio:    0.00 (Cumulative area) 

    Via: L1M1_PR
      Partial area ratio:    0.23
      Required ratio:    3.00 (Gate area) 
      Cumulative area ratio:    0.23
      Required ratio:    0.00 (Cumulative area) 


Net: net533
  Pin: _5494_/A0 (sky130_fd_sc_hd__mux2_1)
    Layer: met4
      Partial area ratio:  756.43
      Required ratio:    0.00 (Gate area) 
      Partial area ratio: 4038.10
      Required ratio: 2778.20 (Side area) (VIOLATED)
      Cumulative area ratio:  761.65
      Required ratio:    0.00 (Cumulative area) 
      Cumulative area ratio: 4065.75
      Required ratio:    0.00 (Cumulative side area) 

    Layer: met3
      Partial area ratio:    0.00
      Required ratio:    0.00 (Gate area) 
      Partial area ratio:    0.00
      Required ratio:  400.00 (Side area) 
      Cumulative area ratio:    5.22
      Required ratio:    0.00 (Cumulative area) 
      Cumulative area ratio:   27.66
      Required ratio:    0.00 (Cumulative side area) 

    Layer: met2
      Partial area ratio:    0.00
      Required ratio:    0.00 (Gate area) 
      Partial area ratio:    0.00
      Required ratio:  400.00 (Side area) 
      Cumulative area ratio:    5.22
      Required ratio:    0.00 (Cumulative area) 
      Cumulative area ratio:   27.66
      Required ratio:    0.00 (Cumulative side area) 

    Layer: met1
      Partial area ratio:    5.22
      Required ratio:    0.00 (Gate area) 
      Partial area ratio:   27.66
      Required ratio:  400.00 (Side area) 
      Cumulative area ratio:    5.22
      Required ratio:    0.00 (Cumulative area) 
      Cumulative area ratio:   27.66
      Required ratio:    0.00 (Cumulative side area) 

    Layer: li1
      Partial area ratio:    0.00
      Required ratio:    0.00 (Gate area) 
      Partial area ratio:    0.00
      Required ratio:   75.00 (Side area) 
      Cumulative area ratio:    0.00
      Required ratio:    0.00 (Cumulative area) 
      Cumulative area ratio:    0.00
      Required ratio:    0.00 (Cumulative side area) 

    Via: M3M4_PR
      Partial area ratio:    0.32
      Required ratio:    6.00 (Gate area) 
      Cumulative area ratio:    1.22
      Required ratio:    0.00 (Cumulative area) 

    Via: M2M3_PR
      Partial area ratio:    0.32
      Required ratio:    6.00 (Gate area) 
      Cumulative area ratio:    0.90
      Required ratio:    0.00 (Cumulative area) 

    Via: M1M2_PR
      Partial area ratio:    0.36
      Required ratio:    6.00 (Gate area) 
      Cumulative area ratio:    0.59
      Required ratio:    0.00 (Cumulative area) 

    Via: L1M1_PR
      Partial area ratio:    0.23
      Required ratio:    3.00 (Gate area) 
      Cumulative area ratio:    0.23
      Required ratio:    0.00 (Cumulative area) 


Net: net534
  Pin: _5496_/A0 (sky130_fd_sc_hd__mux2_1)
    Layer: met4
      Partial area ratio:  723.57
      Required ratio:    0.00 (Gate area) 
      Partial area ratio: 3862.86
      Required ratio: 2778.20 (Side area) (VIOLATED)
      Cumulative area ratio:  729.25
      Required ratio:    0.00 (Cumulative area) 
      Cumulative area ratio: 3892.78
      Required ratio:    0.00 (Cumulative side area) 

    Layer: met3
      Partial area ratio:    0.00
      Required ratio:    0.00 (Gate area) 
      Partial area ratio:    0.00
      Required ratio:  400.00 (Side area) 
      Cumulative area ratio:    5.67
      Required ratio:    0.00 (Cumulative area) 
      Cumulative area ratio:   29.93
      Required ratio:    0.00 (Cumulative side area) 

    Layer: met2
      Partial area ratio:    0.00
      Required ratio:    0.00 (Gate area) 
      Partial area ratio:    0.00
      Required ratio:  400.00 (Side area) 
      Cumulative area ratio:    5.67
      Required ratio:    0.00 (Cumulative area) 
      Cumulative area ratio:   29.93
      Required ratio:    0.00 (Cumulative side area) 

    Layer: met1
      Partial area ratio:    5.67
      Required ratio:    0.00 (Gate area) 
      Partial area ratio:   29.93
      Required ratio:  400.00 (Side area) 
      Cumulative area ratio:    5.67
      Required ratio:    0.00 (Cumulative area) 
      Cumulative area ratio:   29.93
      Required ratio:    0.00 (Cumulative side area) 

    Layer: li1
      Partial area ratio:    0.00
      Required ratio:    0.00 (Gate area) 
      Partial area ratio:    0.00
      Required ratio:   75.00 (Side area) 
      Cumulative area ratio:    0.00
      Required ratio:    0.00 (Cumulative area) 
      Cumulative area ratio:    0.00
      Required ratio:    0.00 (Cumulative side area) 

    Via: M3M4_PR
      Partial area ratio:    0.32
      Required ratio:    6.00 (Gate area) 
      Cumulative area ratio:    1.22
      Required ratio:    0.00 (Cumulative area) 

    Via: M2M3_PR
      Partial area ratio:    0.32
      Required ratio:    6.00 (Gate area) 
      Cumulative area ratio:    0.90
      Required ratio:    0.00 (Cumulative area) 

    Via: M1M2_PR
      Partial area ratio:    0.36
      Required ratio:    6.00 (Gate area) 
      Cumulative area ratio:    0.59
      Required ratio:    0.00 (Cumulative area) 

    Via: L1M1_PR
      Partial area ratio:    0.23
      Required ratio:    3.00 (Gate area) 
      Cumulative area ratio:    0.23
      Required ratio:    0.00 (Cumulative area) 


Net: net535
  Pin: _5498_/A0 (sky130_fd_sc_hd__mux2_1)
    Layer: met4
      Partial area ratio:  592.14
      Required ratio:    0.00 (Gate area) 
      Partial area ratio: 3161.90
      Required ratio: 2753.36 (Side area) (VIOLATED)
      Cumulative area ratio:  598.03
      Required ratio:    0.00 (Cumulative area) 
      Cumulative area ratio: 3192.89
      Required ratio:    0.00 (Cumulative side area) 

    Layer: met3
      Partial area ratio:    0.00
      Required ratio:    0.00 (Gate area) 
      Partial area ratio:    0.00
      Required ratio:  400.00 (Side area) 
      Cumulative area ratio:    5.89
      Required ratio:    0.00 (Cumulative area) 
      Cumulative area ratio:   30.99
      Required ratio:    0.00 (Cumulative side area) 

    Layer: met2
      Partial area ratio:    0.00
      Required ratio:    0.00 (Gate area) 
      Partial area ratio:    0.00
      Required ratio:  400.00 (Side area) 
      Cumulative area ratio:    5.89
      Required ratio:    0.00 (Cumulative area) 
      Cumulative area ratio:   30.99
      Required ratio:    0.00 (Cumulative side area) 

    Layer: met1
      Partial area ratio:    5.89
      Required ratio:    0.00 (Gate area) 
      Partial area ratio:   30.99
      Required ratio:  400.00 (Side area) 
      Cumulative area ratio:    5.89
      Required ratio:    0.00 (Cumulative area) 
      Cumulative area ratio:   30.99
      Required ratio:    0.00 (Cumulative side area) 

    Layer: li1
      Partial area ratio:    0.00
      Required ratio:    0.00 (Gate area) 
      Partial area ratio:    0.00
      Required ratio:   75.00 (Side area) 
      Cumulative area ratio:    0.00
      Required ratio:    0.00 (Cumulative area) 
      Cumulative area ratio:    0.00
      Required ratio:    0.00 (Cumulative side area) 

    Via: M3M4_PR
      Partial area ratio:    0.32
      Required ratio:    6.00 (Gate area) 
      Cumulative area ratio:    1.22
      Required ratio:    0.00 (Cumulative area) 

    Via: M2M3_PR
      Partial area ratio:    0.32
      Required ratio:    6.00 (Gate area) 
      Cumulative area ratio:    0.90
      Required ratio:    0.00 (Cumulative area) 

    Via: M1M2_PR
      Partial area ratio:    0.36
      Required ratio:    6.00 (Gate area) 
      Cumulative area ratio:    0.59
      Required ratio:    0.00 (Cumulative area) 

    Via: L1M1_PR
      Partial area ratio:    0.23
      Required ratio:    3.00 (Gate area) 
      Cumulative area ratio:    0.23
      Required ratio:    0.00 (Cumulative area) 


Net: net544
  Pin: _5707_/A0 (sky130_fd_sc_hd__mux2_1)
    Layer: met2
      Partial area ratio:    7.82
      Required ratio:    0.00 (Gate area) 
      Partial area ratio:   39.89
      Required ratio: 2956.40 (Side area) 
      Cumulative area ratio:  597.64
      Required ratio:    0.00 (Cumulative area) 
      Cumulative area ratio: 2991.32
      Required ratio:    0.00 (Cumulative side area) 

    Layer: met1
      Partial area ratio:  589.82
      Required ratio:    0.00 (Gate area) 
      Partial area ratio: 2951.43
      Required ratio:  400.00 (Side area) (VIOLATED)
      Cumulative area ratio:  589.82
      Required ratio:    0.00 (Cumulative area) 
      Cumulative area ratio: 2951.43
      Required ratio:    0.00 (Cumulative side area) 

    Layer: li1
      Partial area ratio:    0.00
      Required ratio:    0.00 (Gate area) 
      Partial area ratio:    0.00
      Required ratio:   75.00 (Side area) 
      Cumulative area ratio:    0.00
      Required ratio:    0.00 (Cumulative area) 
      Cumulative area ratio:    0.00
      Required ratio:    0.00 (Cumulative side area) 

    Via: M1M2_PR
      Partial area ratio:    0.36
      Required ratio:    6.00 (Gate area) 
      Cumulative area ratio:    0.59
      Required ratio:    0.00 (Cumulative area) 

    Via: L1M1_PR
      Partial area ratio:    0.23
      Required ratio:    3.00 (Gate area) 
      Cumulative area ratio:    0.23
      Required ratio:    0.00 (Cumulative area) 


Net: net563
  Pin: output563/A (sky130_fd_sc_hd__buf_1)
    Layer: met2
      Partial area ratio:    5.02
      Required ratio:    0.00 (Gate area) 
      Partial area ratio:   25.58
      Required ratio: 2753.36 (Side area) 
      Cumulative area ratio:  150.04
      Required ratio:    0.00 (Cumulative area) 
      Cumulative area ratio:  752.70
      Required ratio:    0.00 (Cumulative side area) 

    Layer: met1
      Partial area ratio:  145.03
      Required ratio:    0.00 (Gate area) 
      Partial area ratio:  727.13
      Required ratio:  400.00 (Side area) (VIOLATED)
      Cumulative area ratio:  145.03
      Required ratio:    0.00 (Cumulative area) 
      Cumulative area ratio:  727.13
      Required ratio:    0.00 (Cumulative side area) 

    Layer: li1
      Partial area ratio:    0.00
      Required ratio:    0.00 (Gate area) 
      Partial area ratio:    0.00
      Required ratio:   75.00 (Side area) 
      Cumulative area ratio:    0.00
      Required ratio:    0.00 (Cumulative area) 
      Cumulative area ratio:    0.00
      Required ratio:    0.00 (Cumulative side area) 

    Via: M1M2_PR
      Partial area ratio:    0.23
      Required ratio:    6.00 (Gate area) 
      Cumulative area ratio:    0.38
      Required ratio:    0.00 (Cumulative area) 

    Via: L1M1_PR
      Partial area ratio:    0.15
      Required ratio:    3.00 (Gate area) 
      Cumulative area ratio:    0.15
      Required ratio:    0.00 (Cumulative area) 


Net: net583
  Pin: _7148_/A (sky130_fd_sc_hd__clkbuf_1)
    Layer: met1
      Partial area ratio:  120.66
      Required ratio:    0.00 (Gate area) 
      Partial area ratio:  605.31
      Required ratio:  400.00 (Side area) (VIOLATED)
      Cumulative area ratio:  120.66
      Required ratio:    0.00 (Cumulative area) 
      Cumulative area ratio:  605.31
      Required ratio:    0.00 (Cumulative side area) 

    Layer: li1
      Partial area ratio:    0.00
      Required ratio:    0.00 (Gate area) 
      Partial area ratio:    0.00
      Required ratio:   75.00 (Side area) 
      Cumulative area ratio:    0.00
      Required ratio:    0.00 (Cumulative area) 
      Cumulative area ratio:    0.00
      Required ratio:    0.00 (Cumulative side area) 

    Via: M1M2_PR
      Partial area ratio:    0.34
      Required ratio:    6.00 (Gate area) 
      Cumulative area ratio:    0.49
      Required ratio:    0.00 (Cumulative area) 

    Via: L1M1_PR
      Partial area ratio:    0.15
      Required ratio:    3.00 (Gate area) 
      Cumulative area ratio:    0.15
      Required ratio:    0.00 (Cumulative area) 

  Pin: output583/A (sky130_fd_sc_hd__buf_1)
    Layer: met1
      Partial area ratio:    2.98
      Required ratio:    0.00 (Gate area) 
      Partial area ratio:   15.91
      Required ratio:  400.00 (Side area) 
      Cumulative area ratio:    2.98
      Required ratio:    0.00 (Cumulative area) 
      Cumulative area ratio:   15.91
      Required ratio:    0.00 (Cumulative side area) 

    Layer: li1
      Partial area ratio:    0.00
      Required ratio:    0.00 (Gate area) 
      Partial area ratio:    0.00
      Required ratio:   75.00 (Side area) 
      Cumulative area ratio:    0.00
      Required ratio:    0.00 (Cumulative area) 
      Cumulative area ratio:    0.00
      Required ratio:    0.00 (Cumulative side area) 

    Via: M1M2_PR
      Partial area ratio:    0.23
      Required ratio:    6.00 (Gate area) 
      Cumulative area ratio:    0.38
      Required ratio:    0.00 (Cumulative area) 

    Via: L1M1_PR
      Partial area ratio:    0.15
      Required ratio:    3.00 (Gate area) 
      Cumulative area ratio:    0.15
      Required ratio:    0.00 (Cumulative area) 

  Pin: _6433_/B (sky130_fd_sc_hd__nand2_1)
    Layer: met1
      Partial area ratio:    8.65
      Required ratio:    0.00 (Gate area) 
      Partial area ratio:   45.61
      Required ratio: 2956.40 (Side area) 
      Cumulative area ratio:    8.65
      Required ratio:    0.00 (Cumulative area) 
      Cumulative area ratio:   45.61
      Required ratio:    0.00 (Cumulative side area) 

    Layer: met2
      Partial area ratio:    7.63
      Required ratio:    0.00 (Gate area) 
      Partial area ratio:   38.62
      Required ratio: 2956.40 (Side area) 
      Cumulative area ratio:   16.28
      Required ratio:    0.00 (Cumulative area) 
      Cumulative area ratio:   84.23
      Required ratio:    0.00 (Cumulative side area) 

    Layer: met2
      Partial area ratio:    7.63
      Required ratio:    0.00 (Gate area) 
      Partial area ratio:   38.62
      Required ratio: 2956.40 (Side area) 
      Cumulative area ratio:   16.28
      Required ratio:    0.00 (Cumulative area) 
      Cumulative area ratio:   84.23
      Required ratio:    0.00 (Cumulative side area) 

    Layer: li1
      Partial area ratio:    0.00
      Required ratio:    0.00 (Gate area) 
      Partial area ratio:    0.00
      Required ratio:   75.00 (Side area) 
      Cumulative area ratio:    0.00
      Required ratio:    0.00 (Cumulative area) 
      Cumulative area ratio:    0.00
      Required ratio:    0.00 (Cumulative side area) 

    Via: M1M2_PR
      Partial area ratio:    0.27
      Required ratio:    6.00 (Gate area) 
      Cumulative area ratio:    0.39
      Required ratio:    0.00 (Cumulative area) 

    Via: L1M1_PR
      Partial area ratio:    0.12
      Required ratio:    3.00 (Gate area) 
      Cumulative area ratio:    0.12
      Required ratio:    0.00 (Cumulative area) 


Net: net599
  Pin: _7163_/A (sky130_fd_sc_hd__clkbuf_1)
    Layer: met2
      Partial area ratio:   39.20
      Required ratio:    0.00 (Gate area) 
      Partial area ratio:  196.57
      Required ratio: 2956.40 (Side area) 
      Cumulative area ratio:  159.76
      Required ratio:    0.00 (Cumulative area) 
      Cumulative area ratio:  800.88
      Required ratio:    0.00 (Cumulative side area) 

    Layer: met1
      Partial area ratio:  120.56
      Required ratio:    0.00 (Gate area) 
      Partial area ratio:  604.32
      Required ratio:  400.00 (Side area) (VIOLATED)
      Cumulative area ratio:  120.56
      Required ratio:    0.00 (Cumulative area) 
      Cumulative area ratio:  604.32
      Required ratio:    0.00 (Cumulative side area) 

    Layer: li1
      Partial area ratio:    0.00
      Required ratio:    0.00 (Gate area) 
      Partial area ratio:    0.00
      Required ratio:   75.00 (Side area) 
      Cumulative area ratio:    0.00
      Required ratio:    0.00 (Cumulative area) 
      Cumulative area ratio:    0.00
      Required ratio:    0.00 (Cumulative side area) 

    Via: M1M2_PR
      Partial area ratio:    0.23
      Required ratio:    6.00 (Gate area) 
      Cumulative area ratio:    0.38
      Required ratio:    0.00 (Cumulative area) 

    Via: L1M1_PR
      Partial area ratio:    0.15
      Required ratio:    3.00 (Gate area) 
      Cumulative area ratio:    0.15
      Required ratio:    0.00 (Cumulative area) 

  Pin: output599/A (sky130_fd_sc_hd__buf_1)
    Layer: met2
      Partial area ratio:   39.20
      Required ratio:    0.00 (Gate area) 
      Partial area ratio:  196.57
      Required ratio: 2956.40 (Side area) 
      Cumulative area ratio:   40.87
      Required ratio:    0.00 (Cumulative area) 
      Cumulative area ratio:  205.92
      Required ratio:    0.00 (Cumulative side area) 

    Layer: met1
      Partial area ratio:    1.67
      Required ratio:    0.00 (Gate area) 
      Partial area ratio:    9.35
      Required ratio:  400.00 (Side area) 
      Cumulative area ratio:    1.67
      Required ratio:    0.00 (Cumulative area) 
      Cumulative area ratio:    9.35
      Required ratio:    0.00 (Cumulative side area) 

    Layer: li1
      Partial area ratio:    0.00
      Required ratio:    0.00 (Gate area) 
      Partial area ratio:    0.00
      Required ratio:   75.00 (Side area) 
      Cumulative area ratio:    0.00
      Required ratio:    0.00 (Cumulative area) 
      Cumulative area ratio:    0.00
      Required ratio:    0.00 (Cumulative side area) 

    Via: M1M2_PR
      Partial area ratio:    0.23
      Required ratio:    6.00 (Gate area) 
      Cumulative area ratio:    0.38
      Required ratio:    0.00 (Cumulative area) 

    Via: L1M1_PR
      Partial area ratio:    0.15
      Required ratio:    3.00 (Gate area) 
      Cumulative area ratio:    0.15
      Required ratio:    0.00 (Cumulative area) 

  Pin: _6540_/A0 (sky130_fd_sc_hd__mux2_1)
    Layer: met1
      Partial area ratio:   14.52
      Required ratio:    0.00 (Gate area) 
      Partial area ratio:   77.24
      Required ratio: 2956.40 (Side area) 
      Cumulative area ratio:   14.52
      Required ratio:    0.00 (Cumulative area) 
      Cumulative area ratio:   77.24
      Required ratio:    0.00 (Cumulative side area) 

    Layer: met2
      Partial area ratio:   39.20
      Required ratio:    0.00 (Gate area) 
      Partial area ratio:  196.57
      Required ratio: 2956.40 (Side area) 
      Cumulative area ratio:   53.72
      Required ratio:    0.00 (Cumulative area) 
      Cumulative area ratio:  273.81
      Required ratio:    0.00 (Cumulative side area) 

    Layer: met2
      Partial area ratio:   39.20
      Required ratio:    0.00 (Gate area) 
      Partial area ratio:  196.57
      Required ratio: 2956.40 (Side area) 
      Cumulative area ratio:   53.72
      Required ratio:    0.00 (Cumulative area) 
      Cumulative area ratio:  273.81
      Required ratio:    0.00 (Cumulative side area) 

    Layer: li1
      Partial area ratio:    0.00
      Required ratio:    0.00 (Gate area) 
      Partial area ratio:    0.00
      Required ratio:   75.00 (Side area) 
      Cumulative area ratio:    0.00
      Required ratio:    0.00 (Cumulative area) 
      Cumulative area ratio:    0.00
      Required ratio:    0.00 (Cumulative side area) 

    Layer: met2
      Partial area ratio:   39.20
      Required ratio:    0.00 (Gate area) 
      Partial area ratio:  196.57
      Required ratio: 2956.40 (Side area) 
      Cumulative area ratio:   53.72
      Required ratio:    0.00 (Cumulative area) 
      Cumulative area ratio:  273.81
      Required ratio:    0.00 (Cumulative side area) 

    Via: M1M2_PR
      Partial area ratio:    0.54
      Required ratio:    6.00 (Gate area) 
      Cumulative area ratio:    0.77
      Required ratio:    0.00 (Cumulative area) 

    Via: L1M1_PR
      Partial area ratio:    0.23
      Required ratio:    3.00 (Gate area) 
      Cumulative area ratio:    0.23
      Required ratio:    0.00 (Cumulative area) 


Net: net601
  Pin: output601/A (sky130_fd_sc_hd__buf_1)
    Layer: met1
      Partial area ratio:  115.82
      Required ratio:    0.00 (Gate area) 
      Partial area ratio:  580.61
      Required ratio:  400.00 (Side area) (VIOLATED)
      Cumulative area ratio:  115.82
      Required ratio:    0.00 (Cumulative area) 
      Cumulative area ratio:  580.61
      Required ratio:    0.00 (Cumulative side area) 

    Layer: li1
      Partial area ratio:    0.00
      Required ratio:    0.00 (Gate area) 
      Partial area ratio:    0.00
      Required ratio:   75.00 (Side area) 
      Cumulative area ratio:    0.00
      Required ratio:    0.00 (Cumulative area) 
      Cumulative area ratio:    0.00
      Required ratio:    0.00 (Cumulative side area) 

    Via: M1M2_PR
      Partial area ratio:    0.23
      Required ratio:    6.00 (Gate area) 
      Cumulative area ratio:    0.38
      Required ratio:    0.00 (Cumulative area) 

    Via: L1M1_PR
      Partial area ratio:    0.15
      Required ratio:    3.00 (Gate area) 
      Cumulative area ratio:    0.15
      Required ratio:    0.00 (Cumulative area) 


Net: net604
  Pin: _7167_/A (sky130_fd_sc_hd__clkbuf_1)
    Layer: met2
      Partial area ratio:   33.62
      Required ratio:    0.00 (Gate area) 
      Partial area ratio:  168.65
      Required ratio: 2956.40 (Side area) 
      Cumulative area ratio:  116.86
      Required ratio:    0.00 (Cumulative area) 
      Cumulative area ratio:  586.87
      Required ratio:    0.00 (Cumulative side area) 

    Layer: met1
      Partial area ratio:   83.24
      Required ratio:    0.00 (Gate area) 
      Partial area ratio:  418.22
      Required ratio:  400.00 (Side area) (VIOLATED)
      Cumulative area ratio:   83.24
      Required ratio:    0.00 (Cumulative area) 
      Cumulative area ratio:  418.22
      Required ratio:    0.00 (Cumulative side area) 

    Layer: li1
      Partial area ratio:    0.00
      Required ratio:    0.00 (Gate area) 
      Partial area ratio:    0.00
      Required ratio:   75.00 (Side area) 
      Cumulative area ratio:    0.00
      Required ratio:    0.00 (Cumulative area) 
      Cumulative area ratio:    0.00
      Required ratio:    0.00 (Cumulative side area) 

    Via: M1M2_PR
      Partial area ratio:    0.23
      Required ratio:    6.00 (Gate area) 
      Cumulative area ratio:    0.38
      Required ratio:    0.00 (Cumulative area) 

    Via: L1M1_PR
      Partial area ratio:    0.15
      Required ratio:    3.00 (Gate area) 
      Cumulative area ratio:    0.15
      Required ratio:    0.00 (Cumulative area) 

  Pin: output604/A (sky130_fd_sc_hd__buf_1)
    Layer: met2
      Partial area ratio:   33.62
      Required ratio:    0.00 (Gate area) 
      Partial area ratio:  168.65
      Required ratio: 2956.40 (Side area) 
      Cumulative area ratio:   36.86
      Required ratio:    0.00 (Cumulative area) 
      Cumulative area ratio:  185.87
      Required ratio:    0.00 (Cumulative side area) 

    Layer: met1
      Partial area ratio:    3.25
      Required ratio:    0.00 (Gate area) 
      Partial area ratio:   17.22
      Required ratio:  400.00 (Side area) 
      Cumulative area ratio:    3.25
      Required ratio:    0.00 (Cumulative area) 
      Cumulative area ratio:   17.22
      Required ratio:    0.00 (Cumulative side area) 

    Layer: li1
      Partial area ratio:    0.00
      Required ratio:    0.00 (Gate area) 
      Partial area ratio:    0.00
      Required ratio:   75.00 (Side area) 
      Cumulative area ratio:    0.00
      Required ratio:    0.00 (Cumulative area) 
      Cumulative area ratio:    0.00
      Required ratio:    0.00 (Cumulative side area) 

    Via: M1M2_PR
      Partial area ratio:    0.23
      Required ratio:    6.00 (Gate area) 
      Cumulative area ratio:    0.38
      Required ratio:    0.00 (Cumulative area) 

    Via: L1M1_PR
      Partial area ratio:    0.15
      Required ratio:    3.00 (Gate area) 
      Cumulative area ratio:    0.15
      Required ratio:    0.00 (Cumulative area) 

  Pin: _6558_/A0 (sky130_fd_sc_hd__mux2_1)
    Layer: met1
      Partial area ratio:   30.59
      Required ratio:    0.00 (Gate area) 
      Partial area ratio:  158.38
      Required ratio: 2956.40 (Side area) 
      Cumulative area ratio:   30.59
      Required ratio:    0.00 (Cumulative area) 
      Cumulative area ratio:  158.38
      Required ratio:    0.00 (Cumulative side area) 

    Layer: met2
      Partial area ratio:   33.62
      Required ratio:    0.00 (Gate area) 
      Partial area ratio:  168.65
      Required ratio: 2956.40 (Side area) 
      Cumulative area ratio:   64.20
      Required ratio:    0.00 (Cumulative area) 
      Cumulative area ratio:  327.03
      Required ratio:    0.00 (Cumulative side area) 

    Layer: met2
      Partial area ratio:   33.62
      Required ratio:    0.00 (Gate area) 
      Partial area ratio:  168.65
      Required ratio: 2956.40 (Side area) 
      Cumulative area ratio:   64.20
      Required ratio:    0.00 (Cumulative area) 
      Cumulative area ratio:  327.03
      Required ratio:    0.00 (Cumulative side area) 

    Layer: li1
      Partial area ratio:    0.00
      Required ratio:    0.00 (Gate area) 
      Partial area ratio:    0.00
      Required ratio:   75.00 (Side area) 
      Cumulative area ratio:    0.00
      Required ratio:    0.00 (Cumulative area) 
      Cumulative area ratio:    0.00
      Required ratio:    0.00 (Cumulative side area) 

    Layer: met2
      Partial area ratio:   33.62
      Required ratio:    0.00 (Gate area) 
      Partial area ratio:  168.65
      Required ratio: 2956.40 (Side area) 
      Cumulative area ratio:   64.20
      Required ratio:    0.00 (Cumulative area) 
      Cumulative area ratio:  327.03
      Required ratio:    0.00 (Cumulative side area) 

    Via: M1M2_PR
      Partial area ratio:    0.54
      Required ratio:    6.00 (Gate area) 
      Cumulative area ratio:    0.77
      Required ratio:    0.00 (Cumulative area) 

    Via: L1M1_PR
      Partial area ratio:    0.23
      Required ratio:    3.00 (Gate area) 
      Cumulative area ratio:    0.23
      Required ratio:    0.00 (Cumulative area) 


Net: net630
  Pin: output630/A (sky130_fd_sc_hd__buf_1)
    Layer: met2
      Partial area ratio:    5.02
      Required ratio:    0.00 (Gate area) 
      Partial area ratio:   25.58
      Required ratio: 2753.36 (Side area) 
      Cumulative area ratio:  136.34
      Required ratio:    0.00 (Cumulative area) 
      Cumulative area ratio:  683.70
      Required ratio:    0.00 (Cumulative side area) 

    Layer: met1
      Partial area ratio:  131.33
      Required ratio:    0.00 (Gate area) 
      Partial area ratio:  658.12
      Required ratio:  400.00 (Side area) (VIOLATED)
      Cumulative area ratio:  131.33
      Required ratio:    0.00 (Cumulative area) 
      Cumulative area ratio:  658.12
      Required ratio:    0.00 (Cumulative side area) 

    Layer: li1
      Partial area ratio:    0.00
      Required ratio:    0.00 (Gate area) 
      Partial area ratio:    0.00
      Required ratio:   75.00 (Side area) 
      Cumulative area ratio:    0.00
      Required ratio:    0.00 (Cumulative area) 
      Cumulative area ratio:    0.00
      Required ratio:    0.00 (Cumulative side area) 

    Via: M1M2_PR
      Partial area ratio:    0.23
      Required ratio:    6.00 (Gate area) 
      Cumulative area ratio:    0.38
      Required ratio:    0.00 (Cumulative area) 

    Via: L1M1_PR
      Partial area ratio:    0.15
      Required ratio:    3.00 (Gate area) 
      Cumulative area ratio:    0.15
      Required ratio:    0.00 (Cumulative area) 


Net: net654
  Pin: _5107_/B (sky130_fd_sc_hd__and2_1)
    Layer: met1
      Partial area ratio:   12.34
      Required ratio:    0.00 (Gate area) 
      Partial area ratio:   64.79
      Required ratio: 2956.40 (Side area) 
      Cumulative area ratio:   12.34
      Required ratio:    0.00 (Cumulative area) 
      Cumulative area ratio:   64.79
      Required ratio:    0.00 (Cumulative side area) 

    Layer: met2
      Partial area ratio:    3.06
      Required ratio:    0.00 (Gate area) 
      Partial area ratio:   15.58
      Required ratio: 2956.40 (Side area) 
      Cumulative area ratio:   15.39
      Required ratio:    0.00 (Cumulative area) 
      Cumulative area ratio:   80.37
      Required ratio:    0.00 (Cumulative side area) 

    Layer: li1
      Partial area ratio:    0.00
      Required ratio:    0.00 (Gate area) 
      Partial area ratio:    0.00
      Required ratio:   75.00 (Side area) 
      Cumulative area ratio:    0.00
      Required ratio:    0.00 (Cumulative area) 
      Cumulative area ratio:    0.00
      Required ratio:    0.00 (Cumulative side area) 

    Layer: met3
      Partial area ratio:  115.84
      Required ratio:    0.00 (Gate area) 
      Partial area ratio:  618.73
      Required ratio: 2956.40 (Side area) 
      Cumulative area ratio:  128.17
      Required ratio:    0.00 (Cumulative area) 
      Cumulative area ratio:  683.52
      Required ratio:    0.00 (Cumulative side area) 

    Layer: met2
      Partial area ratio:    3.06
      Required ratio:    0.00 (Gate area) 
      Partial area ratio:   15.58
      Required ratio: 2956.40 (Side area) 
      Cumulative area ratio:   15.39
      Required ratio:    0.00 (Cumulative area) 
      Cumulative area ratio:   80.37
      Required ratio:    0.00 (Cumulative side area) 

    Via: M1M2_PR
      Partial area ratio:    0.54
      Required ratio:    6.00 (Gate area) 
      Cumulative area ratio:    0.77
      Required ratio:    0.00 (Cumulative area) 

    Via: L1M1_PR
      Partial area ratio:    0.23
      Required ratio:    3.00 (Gate area) 
      Cumulative area ratio:    0.23
      Required ratio:    0.00 (Cumulative area) 

    Via: M2M3_PR
      Partial area ratio:    0.12
      Required ratio:    6.00 (Gate area) 
      Cumulative area ratio:    0.89
      Required ratio:    0.00 (Cumulative area) 

  Pin: output654/A (sky130_fd_sc_hd__buf_1)
    Layer: met1
      Partial area ratio:  114.97
      Required ratio:    0.00 (Gate area) 
      Partial area ratio:  576.87
      Required ratio:  400.00 (Side area) (VIOLATED)
      Cumulative area ratio:  114.97
      Required ratio:    0.00 (Cumulative area) 
      Cumulative area ratio:  576.87
      Required ratio:    0.00 (Cumulative side area) 

    Layer: li1
      Partial area ratio:    0.00
      Required ratio:    0.00 (Gate area) 
      Partial area ratio:    0.00
      Required ratio:   75.00 (Side area) 
      Cumulative area ratio:    0.00
      Required ratio:    0.00 (Cumulative area) 
      Cumulative area ratio:    0.00
      Required ratio:    0.00 (Cumulative side area) 

    Layer: met3
      Partial area ratio:  115.84
      Required ratio:    0.00 (Gate area) 
      Partial area ratio:  618.73
      Required ratio: 2956.40 (Side area) 
      Cumulative area ratio:  230.81
      Required ratio:    0.00 (Cumulative area) 
      Cumulative area ratio: 1195.60
      Required ratio:    0.00 (Cumulative side area) 

    Via: M2M3_PR
      Partial area ratio:    0.12
      Required ratio:    6.00 (Gate area) 
      Cumulative area ratio:    0.50
      Required ratio:    0.00 (Cumulative area) 

    Via: M1M2_PR
      Partial area ratio:    0.23
      Required ratio:    6.00 (Gate area) 
      Cumulative area ratio:    0.38
      Required ratio:    0.00 (Cumulative area) 

    Via: L1M1_PR
      Partial area ratio:    0.15
      Required ratio:    3.00 (Gate area) 
      Cumulative area ratio:    0.15
      Required ratio:    0.00 (Cumulative area) 

  Pin: _7182_/A (sky130_fd_sc_hd__clkbuf_1)
    Layer: met3
      Partial area ratio:  115.84
      Required ratio:    0.00 (Gate area) 
      Partial area ratio:  618.73
      Required ratio: 2956.40 (Side area) 
      Cumulative area ratio:  117.55
      Required ratio:    0.00 (Cumulative area) 
      Cumulative area ratio:  628.28
      Required ratio:    0.00 (Cumulative side area) 

    Layer: met2
      Partial area ratio:    0.00
      Required ratio:    0.00 (Gate area) 
      Partial area ratio:    0.00
      Required ratio:  400.00 (Side area) 
      Cumulative area ratio:    1.71
      Required ratio:    0.00 (Cumulative area) 
      Cumulative area ratio:    9.55
      Required ratio:    0.00 (Cumulative side area) 

    Layer: met1
      Partial area ratio:    1.71
      Required ratio:    0.00 (Gate area) 
      Partial area ratio:    9.55
      Required ratio:  400.00 (Side area) 
      Cumulative area ratio:    1.71
      Required ratio:    0.00 (Cumulative area) 
      Cumulative area ratio:    9.55
      Required ratio:    0.00 (Cumulative side area) 

    Layer: li1
      Partial area ratio:    0.00
      Required ratio:    0.00 (Gate area) 
      Partial area ratio:    0.00
      Required ratio:   75.00 (Side area) 
      Cumulative area ratio:    0.00
      Required ratio:    0.00 (Cumulative area) 
      Cumulative area ratio:    0.00
      Required ratio:    0.00 (Cumulative side area) 

    Via: M2M3_PR
      Partial area ratio:    0.20
      Required ratio:    6.00 (Gate area) 
      Cumulative area ratio:    0.58
      Required ratio:    0.00 (Cumulative area) 

    Via: M1M2_PR
      Partial area ratio:    0.23
      Required ratio:    6.00 (Gate area) 
      Cumulative area ratio:    0.38
      Required ratio:    0.00 (Cumulative area) 

    Via: L1M1_PR
      Partial area ratio:    0.15
      Required ratio:    3.00 (Gate area) 
      Cumulative area ratio:    0.15
      Required ratio:    0.00 (Cumulative area) 


Net: net671
  Pin: _5210_/A1 (sky130_fd_sc_hd__o21a_1)
    Layer: met1
      Partial area ratio:  111.67
      Required ratio:    0.00 (Gate area) 
      Partial area ratio:  559.53
      Required ratio:  400.00 (Side area) (VIOLATED)
      Cumulative area ratio:  111.67
      Required ratio:    0.00 (Cumulative area) 
      Cumulative area ratio:  559.53
      Required ratio:    0.00 (Cumulative side area) 

    Layer: li1
      Partial area ratio:    0.00
      Required ratio:    0.00 (Gate area) 
      Partial area ratio:    0.00
      Required ratio:   75.00 (Side area) 
      Cumulative area ratio:    0.00
      Required ratio:    0.00 (Cumulative area) 
      Cumulative area ratio:    0.00
      Required ratio:    0.00 (Cumulative side area) 

    Via: M1M2_PR
      Partial area ratio:    0.27
      Required ratio:    6.00 (Gate area) 
      Cumulative area ratio:    0.39
      Required ratio:    0.00 (Cumulative area) 

    Via: L1M1_PR
      Partial area ratio:    0.12
      Required ratio:    3.00 (Gate area) 
      Cumulative area ratio:    0.12
      Required ratio:    0.00 (Cumulative area) 

  Pin: output671/A (sky130_fd_sc_hd__buf_1)
    Layer: met1
      Partial area ratio:    3.08
      Required ratio:    0.00 (Gate area) 
      Partial area ratio:   16.40
      Required ratio:  400.00 (Side area) 
      Cumulative area ratio:    3.08
      Required ratio:    0.00 (Cumulative area) 
      Cumulative area ratio:   16.40
      Required ratio:    0.00 (Cumulative side area) 

    Layer: li1
      Partial area ratio:    0.00
      Required ratio:    0.00 (Gate area) 
      Partial area ratio:    0.00
      Required ratio:   75.00 (Side area) 
      Cumulative area ratio:    0.00
      Required ratio:    0.00 (Cumulative area) 
      Cumulative area ratio:    0.00
      Required ratio:    0.00 (Cumulative side area) 

    Via: M1M2_PR
      Partial area ratio:    0.23
      Required ratio:    6.00 (Gate area) 
      Cumulative area ratio:    0.38
      Required ratio:    0.00 (Cumulative area) 

    Via: L1M1_PR
      Partial area ratio:    0.15
      Required ratio:    3.00 (Gate area) 
      Cumulative area ratio:    0.15
      Required ratio:    0.00 (Cumulative area) 

  Pin: _7198_/A (sky130_fd_sc_hd__clkbuf_1)
    Layer: met1
      Partial area ratio:   22.51
      Required ratio:    0.00 (Gate area) 
      Partial area ratio:  114.56
      Required ratio:  400.00 (Side area) 
      Cumulative area ratio:   22.51
      Required ratio:    0.00 (Cumulative area) 
      Cumulative area ratio:  114.56
      Required ratio:    0.00 (Cumulative side area) 

    Layer: li1
      Partial area ratio:    0.00
      Required ratio:    0.00 (Gate area) 
      Partial area ratio:    0.00
      Required ratio:   75.00 (Side area) 
      Cumulative area ratio:    0.00
      Required ratio:    0.00 (Cumulative area) 
      Cumulative area ratio:    0.00
      Required ratio:    0.00 (Cumulative side area) 

    Via: M1M2_PR
      Partial area ratio:    0.23
      Required ratio:    6.00 (Gate area) 
      Cumulative area ratio:    0.38
      Required ratio:    0.00 (Cumulative area) 

    Via: L1M1_PR
      Partial area ratio:    0.15
      Required ratio:    3.00 (Gate area) 
      Cumulative area ratio:    0.15
      Required ratio:    0.00 (Cumulative area) 


Net: net701
  Pin: output701/A (sky130_fd_sc_hd__buf_1)
    Layer: met1
      Partial area ratio:  101.27
      Required ratio:    0.00 (Gate area) 
      Partial area ratio:  508.36
      Required ratio:  400.00 (Side area) (VIOLATED)
      Cumulative area ratio:  101.27
      Required ratio:    0.00 (Cumulative area) 
      Cumulative area ratio:  508.36
      Required ratio:    0.00 (Cumulative side area) 

    Layer: li1
      Partial area ratio:    0.00
      Required ratio:    0.00 (Gate area) 
      Partial area ratio:    0.00
      Required ratio:   75.00 (Side area) 
      Cumulative area ratio:    0.00
      Required ratio:    0.00 (Cumulative area) 
      Cumulative area ratio:    0.00
      Required ratio:    0.00 (Cumulative side area) 

    Via: M1M2_PR
      Partial area ratio:    0.23
      Required ratio:    6.00 (Gate area) 
      Cumulative area ratio:    0.38
      Required ratio:    0.00 (Cumulative area) 

    Via: L1M1_PR
      Partial area ratio:    0.15
      Required ratio:    3.00 (Gate area) 
      Cumulative area ratio:    0.15
      Required ratio:    0.00 (Cumulative area) 


Net: net746
  Pin: output746/A (sky130_fd_sc_hd__buf_1)
    Layer: met1
      Partial area ratio:    8.98
      Required ratio:    0.00 (Gate area) 
      Partial area ratio:   46.40
      Required ratio:  400.00 (Side area) 
      Cumulative area ratio:    8.98
      Required ratio:    0.00 (Cumulative area) 
      Cumulative area ratio:   46.40
      Required ratio:    0.00 (Cumulative side area) 

    Layer: li1
      Partial area ratio:    0.00
      Required ratio:    0.00 (Gate area) 
      Partial area ratio:    0.00
      Required ratio:   75.00 (Side area) 
      Cumulative area ratio:    0.00
      Required ratio:    0.00 (Cumulative area) 
      Cumulative area ratio:    0.00
      Required ratio:    0.00 (Cumulative side area) 

    Via: M1M2_PR
      Partial area ratio:    0.23
      Required ratio:    6.00 (Gate area) 
      Cumulative area ratio:    0.38
      Required ratio:    0.00 (Cumulative area) 

    Via: L1M1_PR
      Partial area ratio:    0.15
      Required ratio:    3.00 (Gate area) 
      Cumulative area ratio:    0.15
      Required ratio:    0.00 (Cumulative area) 

  Pin: _7232_/A (sky130_fd_sc_hd__clkbuf_1)
    Layer: met1
      Partial area ratio:   82.72
      Required ratio:    0.00 (Gate area) 
      Partial area ratio:  415.58
      Required ratio:  400.00 (Side area) (VIOLATED)
      Cumulative area ratio:   82.72
      Required ratio:    0.00 (Cumulative area) 
      Cumulative area ratio:  415.58
      Required ratio:    0.00 (Cumulative side area) 

    Layer: li1
      Partial area ratio:    0.00
      Required ratio:    0.00 (Gate area) 
      Partial area ratio:    0.00
      Required ratio:   75.00 (Side area) 
      Cumulative area ratio:    0.00
      Required ratio:    0.00 (Cumulative area) 
      Cumulative area ratio:    0.00
      Required ratio:    0.00 (Cumulative side area) 

    Via: M1M2_PR
      Partial area ratio:    0.34
      Required ratio:    6.00 (Gate area) 
      Cumulative area ratio:    0.49
      Required ratio:    0.00 (Cumulative area) 

    Via: L1M1_PR
      Partial area ratio:    0.15
      Required ratio:    3.00 (Gate area) 
      Cumulative area ratio:    0.15
      Required ratio:    0.00 (Cumulative area) 

  Pin: _4971_/A1 (sky130_fd_sc_hd__o22a_1)
    Layer: met1
      Partial area ratio:    2.31
      Required ratio:    0.00 (Gate area) 
      Partial area ratio:   12.37
      Required ratio:  400.00 (Side area) 
      Cumulative area ratio:    2.31
      Required ratio:    0.00 (Cumulative area) 
      Cumulative area ratio:   12.37
      Required ratio:    0.00 (Cumulative side area) 

    Layer: li1
      Partial area ratio:    0.00
      Required ratio:    0.00 (Gate area) 
      Partial area ratio:    0.00
      Required ratio:   75.00 (Side area) 
      Cumulative area ratio:    0.00
      Required ratio:    0.00 (Cumulative area) 
      Cumulative area ratio:    0.00
      Required ratio:    0.00 (Cumulative side area) 

    Via: M1M2_PR
      Partial area ratio:    0.18
      Required ratio:    6.00 (Gate area) 
      Cumulative area ratio:    0.30
      Required ratio:    0.00 (Cumulative area) 

    Via: L1M1_PR
      Partial area ratio:    0.12
      Required ratio:    3.00 (Gate area) 
      Cumulative area ratio:    0.12
      Required ratio:    0.00 (Cumulative area) 


Net: net751
  Pin: output751/A (sky130_fd_sc_hd__buf_1)
    Layer: met2
      Partial area ratio:   46.82
      Required ratio:    0.00 (Gate area) 
      Partial area ratio:  234.38
      Required ratio: 2956.40 (Side area) 
      Cumulative area ratio:  137.15
      Required ratio:    0.00 (Cumulative area) 
      Cumulative area ratio:  689.03
      Required ratio:    0.00 (Cumulative side area) 

    Layer: met1
      Partial area ratio:    4.15
      Required ratio:    0.00 (Gate area) 
      Partial area ratio:   21.75
      Required ratio:  400.00 (Side area) 
      Cumulative area ratio:    4.15
      Required ratio:    0.00 (Cumulative area) 
      Cumulative area ratio:   21.75
      Required ratio:    0.00 (Cumulative side area) 

    Layer: li1
      Partial area ratio:    0.00
      Required ratio:    0.00 (Gate area) 
      Partial area ratio:    0.00
      Required ratio:   75.00 (Side area) 
      Cumulative area ratio:    0.00
      Required ratio:    0.00 (Cumulative area) 
      Cumulative area ratio:    0.00
      Required ratio:    0.00 (Cumulative side area) 

    Via: M1M2_PR
      Partial area ratio:    0.23
      Required ratio:    6.00 (Gate area) 
      Cumulative area ratio:    0.38
      Required ratio:    0.00 (Cumulative area) 

    Via: L1M1_PR
      Partial area ratio:    0.15
      Required ratio:    3.00 (Gate area) 
      Cumulative area ratio:    0.15
      Required ratio:    0.00 (Cumulative area) 

  Pin: _7236_/A (sky130_fd_sc_hd__clkbuf_1)
    Layer: met2
      Partial area ratio:   46.82
      Required ratio:    0.00 (Gate area) 
      Partial area ratio:  234.38
      Required ratio: 2956.40 (Side area) 
      Cumulative area ratio:  133.00
      Required ratio:    0.00 (Cumulative area) 
      Cumulative area ratio:  667.28
      Required ratio:    0.00 (Cumulative side area) 

    Layer: met1
      Partial area ratio:   86.18
      Required ratio:    0.00 (Gate area) 
      Partial area ratio:  432.90
      Required ratio:  400.00 (Side area) (VIOLATED)
      Cumulative area ratio:   86.18
      Required ratio:    0.00 (Cumulative area) 
      Cumulative area ratio:  432.90
      Required ratio:    0.00 (Cumulative side area) 

    Layer: li1
      Partial area ratio:    0.00
      Required ratio:    0.00 (Gate area) 
      Partial area ratio:    0.00
      Required ratio:   75.00 (Side area) 
      Cumulative area ratio:    0.00
      Required ratio:    0.00 (Cumulative area) 
      Cumulative area ratio:    0.00
      Required ratio:    0.00 (Cumulative side area) 

    Via: M1M2_PR
      Partial area ratio:    0.34
      Required ratio:    6.00 (Gate area) 
      Cumulative area ratio:    0.49
      Required ratio:    0.00 (Cumulative area) 

    Via: L1M1_PR
      Partial area ratio:    0.15
      Required ratio:    3.00 (Gate area) 
      Cumulative area ratio:    0.15
      Required ratio:    0.00 (Cumulative area) 

  Pin: _4997_/A1 (sky130_fd_sc_hd__o22a_1)
    Layer: met1
      Partial area ratio:    7.45
      Required ratio:    0.00 (Gate area) 
      Partial area ratio:   39.61
      Required ratio: 2956.40 (Side area) 
      Cumulative area ratio:    7.45
      Required ratio:    0.00 (Cumulative area) 
      Cumulative area ratio:   39.61
      Required ratio:    0.00 (Cumulative side area) 

    Layer: met2
      Partial area ratio:   46.82
      Required ratio:    0.00 (Gate area) 
      Partial area ratio:  234.38
      Required ratio: 2956.40 (Side area) 
      Cumulative area ratio:   54.26
      Required ratio:    0.00 (Cumulative area) 
      Cumulative area ratio:  273.99
      Required ratio:    0.00 (Cumulative side area) 

    Layer: met2
      Partial area ratio:   46.82
      Required ratio:    0.00 (Gate area) 
      Partial area ratio:  234.38
      Required ratio: 2956.40 (Side area) 
      Cumulative area ratio:   54.26
      Required ratio:    0.00 (Cumulative area) 
      Cumulative area ratio:  273.99
      Required ratio:    0.00 (Cumulative side area) 

    Layer: met2
      Partial area ratio:   46.82
      Required ratio:    0.00 (Gate area) 
      Partial area ratio:  234.38
      Required ratio: 2956.40 (Side area) 
      Cumulative area ratio:   54.26
      Required ratio:    0.00 (Cumulative area) 
      Cumulative area ratio:  273.99
      Required ratio:    0.00 (Cumulative side area) 

    Layer: li1
      Partial area ratio:    0.00
      Required ratio:    0.00 (Gate area) 
      Partial area ratio:    0.00
      Required ratio:   75.00 (Side area) 
      Cumulative area ratio:    0.00
      Required ratio:    0.00 (Cumulative area) 
      Cumulative area ratio:    0.00
      Required ratio:    0.00 (Cumulative side area) 

    Via: M1M2_PR
      Partial area ratio:    0.27
      Required ratio:    6.00 (Gate area) 
      Cumulative area ratio:    0.39
      Required ratio:    0.00 (Cumulative area) 

    Via: L1M1_PR
      Partial area ratio:    0.12
      Required ratio:    3.00 (Gate area) 
      Cumulative area ratio:    0.12
      Required ratio:    0.00 (Cumulative area) 


Net: net754
  Pin: output754/A (sky130_fd_sc_hd__buf_1)
    Layer: met2
      Partial area ratio:   52.88
      Required ratio:    0.00 (Gate area) 
      Partial area ratio:  264.85
      Required ratio: 2956.40 (Side area) 
      Cumulative area ratio:  164.65
      Required ratio:    0.00 (Cumulative area) 
      Cumulative area ratio:  825.23
      Required ratio:    0.00 (Cumulative side area) 

    Layer: met1
      Partial area ratio:  111.78
      Required ratio:    0.00 (Gate area) 
      Partial area ratio:  560.37
      Required ratio:  400.00 (Side area) (VIOLATED)
      Cumulative area ratio:  111.78
      Required ratio:    0.00 (Cumulative area) 
      Cumulative area ratio:  560.37
      Required ratio:    0.00 (Cumulative side area) 

    Layer: li1
      Partial area ratio:    0.00
      Required ratio:    0.00 (Gate area) 
      Partial area ratio:    0.00
      Required ratio:   75.00 (Side area) 
      Cumulative area ratio:    0.00
      Required ratio:    0.00 (Cumulative area) 
      Cumulative area ratio:    0.00
      Required ratio:    0.00 (Cumulative side area) 

    Via: M1M2_PR
      Partial area ratio:    0.34
      Required ratio:    6.00 (Gate area) 
      Cumulative area ratio:    0.49
      Required ratio:    0.00 (Cumulative area) 

    Via: L1M1_PR
      Partial area ratio:    0.15
      Required ratio:    3.00 (Gate area) 
      Cumulative area ratio:    0.15
      Required ratio:    0.00 (Cumulative area) 

  Pin: _7239_/A (sky130_fd_sc_hd__clkbuf_1)
    Layer: met2
      Partial area ratio:   52.88
      Required ratio:    0.00 (Gate area) 
      Partial area ratio:  264.85
      Required ratio: 2956.40 (Side area) 
      Cumulative area ratio:  166.52
      Required ratio:    0.00 (Cumulative area) 
      Cumulative area ratio:  835.56
      Required ratio:    0.00 (Cumulative side area) 

    Layer: met1
      Partial area ratio:    1.87
      Required ratio:    0.00 (Gate area) 
      Partial area ratio:   10.33
      Required ratio:  400.00 (Side area) 
      Cumulative area ratio:    1.87
      Required ratio:    0.00 (Cumulative area) 
      Cumulative area ratio:   10.33
      Required ratio:    0.00 (Cumulative side area) 

    Layer: li1
      Partial area ratio:    0.00
      Required ratio:    0.00 (Gate area) 
      Partial area ratio:    0.00
      Required ratio:   75.00 (Side area) 
      Cumulative area ratio:    0.00
      Required ratio:    0.00 (Cumulative area) 
      Cumulative area ratio:    0.00
      Required ratio:    0.00 (Cumulative side area) 

    Via: M1M2_PR
      Partial area ratio:    0.23
      Required ratio:    6.00 (Gate area) 
      Cumulative area ratio:    0.38
      Required ratio:    0.00 (Cumulative area) 

    Via: L1M1_PR
      Partial area ratio:    0.15
      Required ratio:    3.00 (Gate area) 
      Cumulative area ratio:    0.15
      Required ratio:    0.00 (Cumulative area) 

  Pin: _5018_/A1 (sky130_fd_sc_hd__o22a_1)
    Layer: met2
      Partial area ratio:   52.88
      Required ratio:    0.00 (Gate area) 
      Partial area ratio:  264.85
      Required ratio: 2956.40 (Side area) 
      Cumulative area ratio:   55.19
      Required ratio:    0.00 (Cumulative area) 
      Cumulative area ratio:  277.22
      Required ratio:    0.00 (Cumulative side area) 

    Layer: met1
      Partial area ratio:    2.32
      Required ratio:    0.00 (Gate area) 
      Partial area ratio:   12.37
      Required ratio:  400.00 (Side area) 
      Cumulative area ratio:    2.32
      Required ratio:    0.00 (Cumulative area) 
      Cumulative area ratio:   12.37
      Required ratio:    0.00 (Cumulative side area) 

    Layer: li1
      Partial area ratio:    0.00
      Required ratio:    0.00 (Gate area) 
      Partial area ratio:    0.00
      Required ratio:   75.00 (Side area) 
      Cumulative area ratio:    0.00
      Required ratio:    0.00 (Cumulative area) 
      Cumulative area ratio:    0.00
      Required ratio:    0.00 (Cumulative side area) 

    Via: M1M2_PR
      Partial area ratio:    0.18
      Required ratio:    6.00 (Gate area) 
      Cumulative area ratio:    0.30
      Required ratio:    0.00 (Cumulative area) 

    Via: L1M1_PR
      Partial area ratio:    0.12
      Required ratio:    3.00 (Gate area) 
      Cumulative area ratio:    0.12
      Required ratio:    0.00 (Cumulative area) 


Net: net900
  Pin: output900/A (sky130_fd_sc_hd__buf_1)
    Layer: met2
      Partial area ratio:  304.89
      Required ratio:    0.00 (Gate area) 
      Partial area ratio: 1524.97
      Required ratio: 3593.60 (Side area) 
      Cumulative area ratio:  611.85
      Required ratio:    0.00 (Cumulative area) 
      Cumulative area ratio: 3061.74
      Required ratio:    0.00 (Cumulative side area) 

    Layer: met1
      Partial area ratio:  306.96
      Required ratio:    0.00 (Gate area) 
      Partial area ratio: 1536.78
      Required ratio:  400.00 (Side area) (VIOLATED)
      Cumulative area ratio:  306.96
      Required ratio:    0.00 (Cumulative area) 
      Cumulative area ratio: 1536.78
      Required ratio:    0.00 (Cumulative side area) 

    Layer: li1
      Partial area ratio:    0.00
      Required ratio:    0.00 (Gate area) 
      Partial area ratio:    0.00
      Required ratio:   75.00 (Side area) 
      Cumulative area ratio:    0.00
      Required ratio:    0.00 (Cumulative area) 
      Cumulative area ratio:    0.00
      Required ratio:    0.00 (Cumulative side area) 

    Via: M1M2_PR
      Partial area ratio:    0.23
      Required ratio:    6.00 (Gate area) 
      Cumulative area ratio:    0.38
      Required ratio:    0.00 (Cumulative area) 

    Via: L1M1_PR
      Partial area ratio:    0.15
      Required ratio:    3.00 (Gate area) 
      Cumulative area ratio:    0.15
      Required ratio:    0.00 (Cumulative area) 


Net: net902
  Pin: output902/A (sky130_fd_sc_hd__buf_1)
    Layer: met2
      Partial area ratio:  398.30
      Required ratio:    0.00 (Gate area) 
      Partial area ratio: 1991.99
      Required ratio: 3593.60 (Side area) 
      Cumulative area ratio:  707.12
      Required ratio:    0.00 (Cumulative area) 
      Cumulative area ratio: 3538.10
      Required ratio:    0.00 (Cumulative side area) 

    Layer: met1
      Partial area ratio:  308.82
      Required ratio:    0.00 (Gate area) 
      Partial area ratio: 1546.11
      Required ratio:  400.00 (Side area) (VIOLATED)
      Cumulative area ratio:  308.82
      Required ratio:    0.00 (Cumulative area) 
      Cumulative area ratio: 1546.11
      Required ratio:    0.00 (Cumulative side area) 

    Layer: li1
      Partial area ratio:    0.00
      Required ratio:    0.00 (Gate area) 
      Partial area ratio:    0.00
      Required ratio:   75.00 (Side area) 
      Cumulative area ratio:    0.00
      Required ratio:    0.00 (Cumulative area) 
      Cumulative area ratio:    0.00
      Required ratio:    0.00 (Cumulative side area) 

    Via: M1M2_PR
      Partial area ratio:    0.23
      Required ratio:    6.00 (Gate area) 
      Cumulative area ratio:    0.38
      Required ratio:    0.00 (Cumulative area) 

    Via: L1M1_PR
      Partial area ratio:    0.15
      Required ratio:    3.00 (Gate area) 
      Cumulative area ratio:    0.15
      Required ratio:    0.00 (Cumulative area) 


Net: net905
  Pin: output905/A (sky130_fd_sc_hd__buf_1)
    Layer: met1
      Partial area ratio:  306.77
      Required ratio:    0.00 (Gate area) 
      Partial area ratio: 1535.85
      Required ratio:  400.00 (Side area) (VIOLATED)
      Cumulative area ratio:  306.77
      Required ratio:    0.00 (Cumulative area) 
      Cumulative area ratio: 1535.85
      Required ratio:    0.00 (Cumulative side area) 

    Layer: li1
      Partial area ratio:    0.00
      Required ratio:    0.00 (Gate area) 
      Partial area ratio:    0.00
      Required ratio:   75.00 (Side area) 
      Cumulative area ratio:    0.00
      Required ratio:    0.00 (Cumulative area) 
      Cumulative area ratio:    0.00
      Required ratio:    0.00 (Cumulative side area) 

    Via: M1M2_PR
      Partial area ratio:    0.23
      Required ratio:    6.00 (Gate area) 
      Cumulative area ratio:    0.38
      Required ratio:    0.00 (Cumulative area) 

    Via: L1M1_PR
      Partial area ratio:    0.15
      Required ratio:    3.00 (Gate area) 
      Cumulative area ratio:    0.15
      Required ratio:    0.00 (Cumulative area) 


Net: net906
  Pin: output906/A (sky130_fd_sc_hd__buf_1)
    Layer: met2
      Partial area ratio:  373.72
      Required ratio:    0.00 (Gate area) 
      Partial area ratio: 1869.09
      Required ratio: 3593.60 (Side area) 
      Cumulative area ratio:  680.55
      Required ratio:    0.00 (Cumulative area) 
      Cumulative area ratio: 3405.22
      Required ratio:    0.00 (Cumulative side area) 

    Layer: met1
      Partial area ratio:  306.83
      Required ratio:    0.00 (Gate area) 
      Partial area ratio: 1536.13
      Required ratio:  400.00 (Side area) (VIOLATED)
      Cumulative area ratio:  306.83
      Required ratio:    0.00 (Cumulative area) 
      Cumulative area ratio: 1536.13
      Required ratio:    0.00 (Cumulative side area) 

    Layer: li1
      Partial area ratio:    0.00
      Required ratio:    0.00 (Gate area) 
      Partial area ratio:    0.00
      Required ratio:   75.00 (Side area) 
      Cumulative area ratio:    0.00
      Required ratio:    0.00 (Cumulative area) 
      Cumulative area ratio:    0.00
      Required ratio:    0.00 (Cumulative side area) 

    Via: M1M2_PR
      Partial area ratio:    0.23
      Required ratio:    6.00 (Gate area) 
      Cumulative area ratio:    0.38
      Required ratio:    0.00 (Cumulative area) 

    Via: L1M1_PR
      Partial area ratio:    0.15
      Required ratio:    3.00 (Gate area) 
      Cumulative area ratio:    0.15
      Required ratio:    0.00 (Cumulative area) 


Net: net908
  Pin: output908/A (sky130_fd_sc_hd__buf_1)
    Layer: met2
      Partial area ratio:    5.02
      Required ratio:    0.00 (Gate area) 
      Partial area ratio:   25.58
      Required ratio: 3096.80 (Side area) 
      Cumulative area ratio:  312.96
      Required ratio:    0.00 (Cumulative area) 
      Cumulative area ratio: 1567.27
      Required ratio:    0.00 (Cumulative side area) 

    Layer: met1
      Partial area ratio:  307.94
      Required ratio:    0.00 (Gate area) 
      Partial area ratio: 1541.69
      Required ratio:  400.00 (Side area) (VIOLATED)
      Cumulative area ratio:  307.94
      Required ratio:    0.00 (Cumulative area) 
      Cumulative area ratio: 1541.69
      Required ratio:    0.00 (Cumulative side area) 

    Layer: li1
      Partial area ratio:    0.00
      Required ratio:    0.00 (Gate area) 
      Partial area ratio:    0.00
      Required ratio:   75.00 (Side area) 
      Cumulative area ratio:    0.00
      Required ratio:    0.00 (Cumulative area) 
      Cumulative area ratio:    0.00
      Required ratio:    0.00 (Cumulative side area) 

    Via: M1M2_PR
      Partial area ratio:    0.23
      Required ratio:    6.00 (Gate area) 
      Cumulative area ratio:    0.38
      Required ratio:    0.00 (Cumulative area) 

    Via: L1M1_PR
      Partial area ratio:    0.15
      Required ratio:    3.00 (Gate area) 
      Cumulative area ratio:    0.15
      Required ratio:    0.00 (Cumulative area) 


Net: net943
  Pin: _4430_/A (sky130_fd_sc_hd__nor2_8)
    Layer: met1
      Partial area ratio:    0.35
      Required ratio:    0.00 (Gate area) 
      Partial area ratio:    1.82
      Required ratio:  400.00 (Side area) 
      Cumulative area ratio:    0.35
      Required ratio:    0.00 (Cumulative area) 
      Cumulative area ratio:    1.82
      Required ratio:    0.00 (Cumulative side area) 

    Layer: li1
      Partial area ratio:    0.00
      Required ratio:    0.00 (Gate area) 
      Partial area ratio:    0.00
      Required ratio:   75.00 (Side area) 
      Cumulative area ratio:    0.00
      Required ratio:    0.00 (Cumulative area) 
      Cumulative area ratio:    0.00
      Required ratio:    0.00 (Cumulative side area) 

    Layer: met3
      Partial area ratio:    0.00
      Required ratio:    0.00 (Gate area) 
      Partial area ratio:    0.00
      Required ratio: 3312.80 (Side area) 
      Cumulative area ratio:    0.35
      Required ratio:    0.00 (Cumulative area) 
      Cumulative area ratio:    1.82
      Required ratio:    0.00 (Cumulative side area) 

    Layer: met4
      Partial area ratio:   19.80
      Required ratio:    0.00 (Gate area) 
      Partial area ratio:  105.79
      Required ratio: 3312.80 (Side area) 
      Cumulative area ratio:   20.15
      Required ratio:    0.00 (Cumulative area) 
      Cumulative area ratio:  107.61
      Required ratio:    0.00 (Cumulative side area) 

    Via: M2M3_PR
      Partial area ratio:    0.02
      Required ratio:    6.00 (Gate area) 
      Cumulative area ratio:    0.05
      Required ratio:    0.00 (Cumulative area) 

    Via: M1M2_PR
      Partial area ratio:    0.02
      Required ratio:    6.00 (Gate area) 
      Cumulative area ratio:    0.04
      Required ratio:    0.00 (Cumulative area) 

    Via: L1M1_PR
      Partial area ratio:    0.01
      Required ratio:    3.00 (Gate area) 
      Cumulative area ratio:    0.01
      Required ratio:    0.00 (Cumulative area) 

    Via: M3M4_PR
      Partial area ratio:    0.02
      Required ratio:    6.00 (Gate area) 
      Cumulative area ratio:    0.07
      Required ratio:    0.00 (Cumulative area) 

  Pin: _4394_/A (sky130_fd_sc_hd__nor2_1)
    Layer: met1
      Partial area ratio:  211.20
      Required ratio:    0.00 (Gate area) 
      Partial area ratio: 1057.21
      Required ratio:  400.00 (Side area) (VIOLATED)
      Cumulative area ratio:  211.20
      Required ratio:    0.00 (Cumulative area) 
      Cumulative area ratio: 1057.21
      Required ratio:    0.00 (Cumulative side area) 

    Layer: li1
      Partial area ratio:    0.00
      Required ratio:    0.00 (Gate area) 
      Partial area ratio:    0.00
      Required ratio:   75.00 (Side area) 
      Cumulative area ratio:    0.00
      Required ratio:    0.00 (Cumulative area) 
      Cumulative area ratio:    0.00
      Required ratio:    0.00 (Cumulative side area) 

    Layer: met3
      Partial area ratio:    0.00
      Required ratio:    0.00 (Gate area) 
      Partial area ratio:    0.00
      Required ratio: 3312.80 (Side area) 
      Cumulative area ratio:  211.20
      Required ratio:    0.00 (Cumulative area) 
      Cumulative area ratio: 1057.21
      Required ratio:    0.00 (Cumulative side area) 

    Layer: met4
      Partial area ratio:   19.80
      Required ratio:    0.00 (Gate area) 
      Partial area ratio:  105.79
      Required ratio: 3312.80 (Side area) 
      Cumulative area ratio:  231.01
      Required ratio:    0.00 (Cumulative area) 
      Cumulative area ratio: 1163.00
      Required ratio:    0.00 (Cumulative side area) 

    Via: M2M3_PR
      Partial area ratio:    0.02
      Required ratio:    6.00 (Gate area) 
      Cumulative area ratio:    0.41
      Required ratio:    0.00 (Cumulative area) 

    Via: M1M2_PR
      Partial area ratio:    0.27
      Required ratio:    6.00 (Gate area) 
      Cumulative area ratio:    0.39
      Required ratio:    0.00 (Cumulative area) 

    Via: L1M1_PR
      Partial area ratio:    0.12
      Required ratio:    3.00 (Gate area) 
      Cumulative area ratio:    0.12
      Required ratio:    0.00 (Cumulative area) 

    Via: M3M4_PR
      Partial area ratio:    0.02
      Required ratio:    6.00 (Gate area) 
      Cumulative area ratio:    0.42
      Required ratio:    0.00 (Cumulative area) 

  Pin: _4466_/A (sky130_fd_sc_hd__nor2_1)
    Layer: met4
      Partial area ratio:   19.80
      Required ratio:    0.00 (Gate area) 
      Partial area ratio:  105.79
      Required ratio: 3312.80 (Side area) 
      Cumulative area ratio:   20.63
      Required ratio:    0.00 (Cumulative area) 
      Cumulative area ratio:  110.71
      Required ratio:    0.00 (Cumulative side area) 

    Layer: met3
      Partial area ratio:    0.00
      Required ratio:    0.00 (Gate area) 
      Partial area ratio:    0.00
      Required ratio:  400.00 (Side area) 
      Cumulative area ratio:    0.83
      Required ratio:    0.00 (Cumulative area) 
      Cumulative area ratio:    4.92
      Required ratio:    0.00 (Cumulative side area) 

    Layer: met2
      Partial area ratio:    0.00
      Required ratio:    0.00 (Gate area) 
      Partial area ratio:    0.00
      Required ratio:  400.00 (Side area) 
      Cumulative area ratio:    0.83
      Required ratio:    0.00 (Cumulative area) 
      Cumulative area ratio:    4.92
      Required ratio:    0.00 (Cumulative side area) 

    Layer: met1
      Partial area ratio:    0.83
      Required ratio:    0.00 (Gate area) 
      Partial area ratio:    4.92
      Required ratio:  400.00 (Side area) 
      Cumulative area ratio:    0.83
      Required ratio:    0.00 (Cumulative area) 
      Cumulative area ratio:    4.92
      Required ratio:    0.00 (Cumulative side area) 

    Layer: li1
      Partial area ratio:    0.00
      Required ratio:    0.00 (Gate area) 
      Partial area ratio:    0.00
      Required ratio:   75.00 (Side area) 
      Cumulative area ratio:    0.00
      Required ratio:    0.00 (Cumulative area) 
      Cumulative area ratio:    0.00
      Required ratio:    0.00 (Cumulative side area) 

    Via: M3M4_PR
      Partial area ratio:    0.16
      Required ratio:    6.00 (Gate area) 
      Cumulative area ratio:    0.62
      Required ratio:    0.00 (Cumulative area) 

    Via: M2M3_PR
      Partial area ratio:    0.16
      Required ratio:    6.00 (Gate area) 
      Cumulative area ratio:    0.46
      Required ratio:    0.00 (Cumulative area) 

    Via: M1M2_PR
      Partial area ratio:    0.18
      Required ratio:    6.00 (Gate area) 
      Cumulative area ratio:    0.30
      Required ratio:    0.00 (Cumulative area) 

    Via: L1M1_PR
      Partial area ratio:    0.12
      Required ratio:    3.00 (Gate area) 
      Cumulative area ratio:    0.12
      Required ratio:    0.00 (Cumulative area) 

  Pin: _4319_/A (sky130_fd_sc_hd__nor2_1)
    Layer: met3
      Partial area ratio:    0.00
      Required ratio:    0.00 (Gate area) 
      Partial area ratio:    0.00
      Required ratio: 3312.80 (Side area) 
      Cumulative area ratio:  212.38
      Required ratio:    0.00 (Cumulative area) 
      Cumulative area ratio: 1063.89
      Required ratio:    0.00 (Cumulative side area) 

    Layer: met4
      Partial area ratio:   19.80
      Required ratio:    0.00 (Gate area) 
      Partial area ratio:  105.79
      Required ratio: 3312.80 (Side area) 
      Cumulative area ratio:  232.18
      Required ratio:    0.00 (Cumulative area) 
      Cumulative area ratio: 1169.67
      Required ratio:    0.00 (Cumulative side area) 

    Layer: met1
      Partial area ratio:    1.18
      Required ratio:    0.00 (Gate area) 
      Partial area ratio:    6.67
      Required ratio:  400.00 (Side area) 
      Cumulative area ratio:    1.18
      Required ratio:    0.00 (Cumulative area) 
      Cumulative area ratio:    6.67
      Required ratio:    0.00 (Cumulative side area) 

    Layer: li1
      Partial area ratio:    0.00
      Required ratio:    0.00 (Gate area) 
      Partial area ratio:    0.00
      Required ratio:   75.00 (Side area) 
      Cumulative area ratio:    0.00
      Required ratio:    0.00 (Cumulative area) 
      Cumulative area ratio:    0.00
      Required ratio:    0.00 (Cumulative side area) 

    Via: M2M3_PR
      Partial area ratio:    0.02
      Required ratio:    6.00 (Gate area) 
      Cumulative area ratio:    0.59
      Required ratio:    0.00 (Cumulative area) 

    Via: M3M4_PR
      Partial area ratio:    0.02
      Required ratio:    6.00 (Gate area) 
      Cumulative area ratio:    0.60
      Required ratio:    0.00 (Cumulative area) 

    Via: M1M2_PR
      Partial area ratio:    0.18
      Required ratio:    6.00 (Gate area) 
      Cumulative area ratio:    0.30
      Required ratio:    0.00 (Cumulative area) 

    Via: L1M1_PR
      Partial area ratio:    0.12
      Required ratio:    3.00 (Gate area) 
      Cumulative area ratio:    0.12
      Required ratio:    0.00 (Cumulative area) 


Net: net948
  Pin: _6942_/RESET_B (sky130_fd_sc_hd__dfrtp_1)
    Layer: met2
      Partial area ratio:    4.17
      Required ratio:    0.00 (Gate area) 
      Partial area ratio:   21.09
      Required ratio: 3872.32 (Side area) 
      Cumulative area ratio:    5.38
      Required ratio:    0.00 (Cumulative area) 
      Cumulative area ratio:   27.93
      Required ratio:    0.00 (Cumulative side area) 

    Layer: met1
      Partial area ratio:    1.21
      Required ratio:    0.00 (Gate area) 
      Partial area ratio:    6.84
      Required ratio:  400.00 (Side area) 
      Cumulative area ratio:    1.21
      Required ratio:    0.00 (Cumulative area) 
      Cumulative area ratio:    6.84
      Required ratio:    0.00 (Cumulative side area) 

    Via: M1M2_PR
      Partial area ratio:    0.09
      Required ratio:    6.00 (Gate area) 
      Cumulative area ratio:    0.09
      Required ratio:    0.00 (Cumulative area) 

  Pin: _6911_/RESET_B (sky130_fd_sc_hd__dfrtp_1)
    Layer: met2
      Partial area ratio:    4.17
      Required ratio:    0.00 (Gate area) 
      Partial area ratio:   21.09
      Required ratio: 3872.32 (Side area) 
      Cumulative area ratio:    8.37
      Required ratio:    0.00 (Cumulative area) 
      Cumulative area ratio:   43.06
      Required ratio:    0.00 (Cumulative side area) 

    Layer: met1
      Partial area ratio:    4.20
      Required ratio:    0.00 (Gate area) 
      Partial area ratio:   21.98
      Required ratio:  400.00 (Side area) 
      Cumulative area ratio:    4.20
      Required ratio:    0.00 (Cumulative area) 
      Cumulative area ratio:   21.98
      Required ratio:    0.00 (Cumulative side area) 

    Via: M1M2_PR
      Partial area ratio:    0.04
      Required ratio:    6.00 (Gate area) 
      Cumulative area ratio:    0.04
      Required ratio:    0.00 (Cumulative area) 

  Pin: _6941_/RESET_B (sky130_fd_sc_hd__dfrtp_1)
    Layer: met2
      Partial area ratio:    4.17
      Required ratio:    0.00 (Gate area) 
      Partial area ratio:   21.09
      Required ratio: 3872.32 (Side area) 
      Cumulative area ratio:   10.81
      Required ratio:    0.00 (Cumulative area) 
      Cumulative area ratio:   56.03
      Required ratio:    0.00 (Cumulative side area) 

    Layer: met1
      Partial area ratio:    2.44
      Required ratio:    0.00 (Gate area) 
      Partial area ratio:   12.97
      Required ratio:  400.00 (Side area) 
      Cumulative area ratio:    2.44
      Required ratio:    0.00 (Cumulative area) 
      Cumulative area ratio:   12.97
      Required ratio:    0.00 (Cumulative side area) 

    Via: M1M2_PR
      Partial area ratio:    0.09
      Required ratio:    6.00 (Gate area) 
      Cumulative area ratio:    0.09
      Required ratio:    0.00 (Cumulative area) 

  Pin: _6944_/RESET_B (sky130_fd_sc_hd__dfrtp_1)
    Layer: met2
      Partial area ratio:    4.17
      Required ratio:    0.00 (Gate area) 
      Partial area ratio:   21.09
      Required ratio: 3872.32 (Side area) 
      Cumulative area ratio:   13.44
      Required ratio:    0.00 (Cumulative area) 
      Cumulative area ratio:   69.97
      Required ratio:    0.00 (Cumulative side area) 

    Layer: met1
      Partial area ratio:    5.07
      Required ratio:    0.00 (Gate area) 
      Partial area ratio:   26.91
      Required ratio:  400.00 (Side area) 
      Cumulative area ratio:    5.07
      Required ratio:    0.00 (Cumulative area) 
      Cumulative area ratio:   26.91
      Required ratio:    0.00 (Cumulative side area) 

    Via: M1M2_PR
      Partial area ratio:    0.09
      Required ratio:    6.00 (Gate area) 
      Cumulative area ratio:    0.09
      Required ratio:    0.00 (Cumulative area) 

  Pin: _6945_/RESET_B (sky130_fd_sc_hd__dfrtp_1)
    Layer: met2
      Partial area ratio:    4.17
      Required ratio:    0.00 (Gate area) 
      Partial area ratio:   21.09
      Required ratio: 3872.32 (Side area) 
      Cumulative area ratio:   10.46
      Required ratio:    0.00 (Cumulative area) 
      Cumulative area ratio:   54.28
      Required ratio:    0.00 (Cumulative side area) 

    Layer: met1
      Partial area ratio:    2.09
      Required ratio:    0.00 (Gate area) 
      Partial area ratio:   11.21
      Required ratio:  400.00 (Side area) 
      Cumulative area ratio:    2.09
      Required ratio:    0.00 (Cumulative area) 
      Cumulative area ratio:   11.21
      Required ratio:    0.00 (Cumulative side area) 

    Via: M1M2_PR
      Partial area ratio:    0.09
      Required ratio:    6.00 (Gate area) 
      Cumulative area ratio:    0.09
      Required ratio:    0.00 (Cumulative area) 

  Pin: _7089_/RESET_B (sky130_fd_sc_hd__dfrtp_1)
    Layer: met2
      Partial area ratio:    4.17
      Required ratio:    0.00 (Gate area) 
      Partial area ratio:   21.09
      Required ratio: 3872.32 (Side area) 
      Cumulative area ratio:   37.00
      Required ratio:    0.00 (Cumulative area) 
      Cumulative area ratio:  188.35
      Required ratio:    0.00 (Cumulative side area) 

    Layer: met1
      Partial area ratio:    1.00
      Required ratio:    0.00 (Gate area) 
      Partial area ratio:    5.76
      Required ratio:  400.00 (Side area) 
      Cumulative area ratio:    1.00
      Required ratio:    0.00 (Cumulative area) 
      Cumulative area ratio:    5.76
      Required ratio:    0.00 (Cumulative side area) 

    Via: M1M2_PR
      Partial area ratio:    0.09
      Required ratio:    6.00 (Gate area) 
      Cumulative area ratio:    0.09
      Required ratio:    0.00 (Cumulative area) 

  Pin: _6631_/SET_B (sky130_fd_sc_hd__dfstp_4)
    Layer: met2
      Partial area ratio:    4.17
      Required ratio:    0.00 (Gate area) 
      Partial area ratio:   21.09
      Required ratio: 3872.32 (Side area) 
      Cumulative area ratio:   52.66
      Required ratio:    0.00 (Cumulative area) 
      Cumulative area ratio:  268.63
      Required ratio:    0.00 (Cumulative side area) 

    Layer: met1
      Partial area ratio:    2.64
      Required ratio:    0.00 (Gate area) 
      Partial area ratio:   13.97
      Required ratio:  400.00 (Side area) 
      Cumulative area ratio:    2.64
      Required ratio:    0.00 (Cumulative area) 
      Cumulative area ratio:   13.97
      Required ratio:    0.00 (Cumulative side area) 

    Via: M1M2_PR
      Partial area ratio:    0.09
      Required ratio:    6.00 (Gate area) 
      Cumulative area ratio:    0.09
      Required ratio:    0.00 (Cumulative area) 

  Pin: _6666_/RESET_B (sky130_fd_sc_hd__dfrtp_1)
    Layer: met2
      Partial area ratio:    4.17
      Required ratio:    0.00 (Gate area) 
      Partial area ratio:   21.09
      Required ratio: 3872.32 (Side area) 
      Cumulative area ratio:   60.29
      Required ratio:    0.00 (Cumulative area) 
      Cumulative area ratio:  307.40
      Required ratio:    0.00 (Cumulative side area) 

    Layer: met1
      Partial area ratio:   10.26
      Required ratio:    0.00 (Gate area) 
      Partial area ratio:   52.74
      Required ratio:  400.00 (Side area) 
      Cumulative area ratio:   10.26
      Required ratio:    0.00 (Cumulative area) 
      Cumulative area ratio:   52.74
      Required ratio:    0.00 (Cumulative side area) 

    Via: M1M2_PR
      Partial area ratio:    0.06
      Required ratio:    6.00 (Gate area) 
      Cumulative area ratio:    0.06
      Required ratio:    0.00 (Cumulative area) 

  Pin: _7053_/RESET_B (sky130_fd_sc_hd__dfrtp_1)
    Layer: met2
      Partial area ratio:    4.17
      Required ratio:    0.00 (Gate area) 
      Partial area ratio:   21.09
      Required ratio: 3872.32 (Side area) 
      Cumulative area ratio:   66.35
      Required ratio:    0.00 (Cumulative area) 
      Cumulative area ratio:  338.89
      Required ratio:    0.00 (Cumulative side area) 

    Layer: met1
      Partial area ratio:    6.07
      Required ratio:    0.00 (Gate area) 
      Partial area ratio:   31.49
      Required ratio:  400.00 (Side area) 
      Cumulative area ratio:    6.07
      Required ratio:    0.00 (Cumulative area) 
      Cumulative area ratio:   31.49
      Required ratio:    0.00 (Cumulative side area) 

    Via: M1M2_PR
      Partial area ratio:    0.09
      Required ratio:    6.00 (Gate area) 
      Cumulative area ratio:    0.09
      Required ratio:    0.00 (Cumulative area) 

  Pin: _7054_/RESET_B (sky130_fd_sc_hd__dfrtp_1)
    Layer: met2
      Partial area ratio:    4.17
      Required ratio:    0.00 (Gate area) 
      Partial area ratio:   21.09
      Required ratio: 3872.32 (Side area) 
      Cumulative area ratio:   67.89
      Required ratio:    0.00 (Cumulative area) 
      Cumulative area ratio:  346.97
      Required ratio:    0.00 (Cumulative side area) 

    Layer: met1
      Partial area ratio:    7.60
      Required ratio:    0.00 (Gate area) 
      Partial area ratio:   39.57
      Required ratio:  400.00 (Side area) 
      Cumulative area ratio:    7.60
      Required ratio:    0.00 (Cumulative area) 
      Cumulative area ratio:   39.57
      Required ratio:    0.00 (Cumulative side area) 

    Via: M1M2_PR
      Partial area ratio:    0.09
      Required ratio:    6.00 (Gate area) 
      Cumulative area ratio:    0.09
      Required ratio:    0.00 (Cumulative area) 

  Pin: _6675_/RESET_B (sky130_fd_sc_hd__dfrtp_4)
    Layer: met2
      Partial area ratio:    4.17
      Required ratio:    0.00 (Gate area) 
      Partial area ratio:   21.09
      Required ratio: 3872.32 (Side area) 
      Cumulative area ratio:  197.61
      Required ratio:    0.00 (Cumulative area) 
      Cumulative area ratio:  996.64
      Required ratio:    0.00 (Cumulative side area) 

    Layer: met1
      Partial area ratio:  127.48
      Required ratio:    0.00 (Gate area) 
      Partial area ratio:  638.55
      Required ratio:  400.00 (Side area) (VIOLATED)
      Cumulative area ratio:  127.48
      Required ratio:    0.00 (Cumulative area) 
      Cumulative area ratio:  638.55
      Required ratio:    0.00 (Cumulative side area) 

    Via: M1M2_PR
      Partial area ratio:    0.18
      Required ratio:    6.00 (Gate area) 
      Cumulative area ratio:    0.18
      Required ratio:    0.00 (Cumulative area) 

  Pin: _6704_/RESET_B (sky130_fd_sc_hd__dfrtp_4)
    Layer: met2
      Partial area ratio:    4.17
      Required ratio:    0.00 (Gate area) 
      Partial area ratio:   21.09
      Required ratio: 3872.32 (Side area) 
      Cumulative area ratio:  318.52
      Required ratio:    0.00 (Cumulative area) 
      Cumulative area ratio: 1605.43
      Required ratio:    0.00 (Cumulative side area) 

    Layer: met1
      Partial area ratio:    2.03
      Required ratio:    0.00 (Gate area) 
      Partial area ratio:   10.92
      Required ratio:  400.00 (Side area) 
      Cumulative area ratio:    2.03
      Required ratio:    0.00 (Cumulative area) 
      Cumulative area ratio:   10.92
      Required ratio:    0.00 (Cumulative side area) 

    Via: M1M2_PR
      Partial area ratio:    0.09
      Required ratio:    6.00 (Gate area) 
      Cumulative area ratio:    0.09
      Required ratio:    0.00 (Cumulative area) 

  Pin: _6707_/RESET_B (sky130_fd_sc_hd__dfrtp_4)
    Layer: met2
      Partial area ratio:    4.17
      Required ratio:    0.00 (Gate area) 
      Partial area ratio:   21.09
      Required ratio: 3872.32 (Side area) 
      Cumulative area ratio:  318.37
      Required ratio:    0.00 (Cumulative area) 
      Cumulative area ratio: 1604.73
      Required ratio:    0.00 (Cumulative side area) 

    Layer: met1
      Partial area ratio:    1.89
      Required ratio:    0.00 (Gate area) 
      Partial area ratio:   10.22
      Required ratio:  400.00 (Side area) 
      Cumulative area ratio:    1.89
      Required ratio:    0.00 (Cumulative area) 
      Cumulative area ratio:   10.22
      Required ratio:    0.00 (Cumulative side area) 

    Via: M1M2_PR
      Partial area ratio:    0.09
      Required ratio:    6.00 (Gate area) 
      Cumulative area ratio:    0.09
      Required ratio:    0.00 (Cumulative area) 

  Pin: _6706_/RESET_B (sky130_fd_sc_hd__dfrtp_4)
    Layer: met2
      Partial area ratio:    4.17
      Required ratio:    0.00 (Gate area) 
      Partial area ratio:   21.09
      Required ratio: 3872.32 (Side area) 
      Cumulative area ratio:  316.49
      Required ratio:    0.00 (Cumulative area) 
      Cumulative area ratio: 1594.51
      Required ratio:    0.00 (Cumulative side area) 

    Layer: met1
      Partial area ratio:    6.11
      Required ratio:    0.00 (Gate area) 
      Partial area ratio:   32.10
      Required ratio:  400.00 (Side area) 
      Cumulative area ratio:    6.11
      Required ratio:    0.00 (Cumulative area) 
      Cumulative area ratio:   32.10
      Required ratio:    0.00 (Cumulative side area) 

    Via: M1M2_PR
      Partial area ratio:    0.18
      Required ratio:    6.00 (Gate area) 
      Cumulative area ratio:    0.18
      Required ratio:    0.00 (Cumulative area) 

  Pin: _6784_/RESET_B (sky130_fd_sc_hd__dfrtp_1)
    Layer: met2
      Partial area ratio:    4.17
      Required ratio:    0.00 (Gate area) 
      Partial area ratio:   21.09
      Required ratio: 3872.32 (Side area) 
      Cumulative area ratio:  311.40
      Required ratio:    0.00 (Cumulative area) 
      Cumulative area ratio: 1568.31
      Required ratio:    0.00 (Cumulative side area) 

    Layer: met1
      Partial area ratio:    1.02
      Required ratio:    0.00 (Gate area) 
      Partial area ratio:    5.90
      Required ratio:  400.00 (Side area) 
      Cumulative area ratio:    1.02
      Required ratio:    0.00 (Cumulative area) 
      Cumulative area ratio:    5.90
      Required ratio:    0.00 (Cumulative side area) 

    Via: M1M2_PR
      Partial area ratio:    0.09
      Required ratio:    6.00 (Gate area) 
      Cumulative area ratio:    0.09
      Required ratio:    0.00 (Cumulative area) 

  Pin: load_slew946/A (sky130_fd_sc_hd__clkbuf_16)
    Layer: met2
      Partial area ratio:    4.17
      Required ratio:    0.00 (Gate area) 
      Partial area ratio:   21.09
      Required ratio: 3872.32 (Side area) 
      Cumulative area ratio:  310.99
      Required ratio:    0.00 (Cumulative area) 
      Cumulative area ratio: 1565.71
      Required ratio:    0.00 (Cumulative side area) 

    Layer: met1
      Partial area ratio:    0.61
      Required ratio:    0.00 (Gate area) 
      Partial area ratio:    3.30
      Required ratio:  400.00 (Side area) 
      Cumulative area ratio:    0.61
      Required ratio:    0.00 (Cumulative area) 
      Cumulative area ratio:    3.30
      Required ratio:    0.00 (Cumulative side area) 

    Layer: li1
      Partial area ratio:    0.00
      Required ratio:    0.00 (Gate area) 
      Partial area ratio:    0.00
      Required ratio:   75.00 (Side area) 
      Cumulative area ratio:    0.00
      Required ratio:    0.00 (Cumulative area) 
      Cumulative area ratio:    0.00
      Required ratio:    0.00 (Cumulative side area) 

    Via: M1M2_PR
      Partial area ratio:    0.05
      Required ratio:    6.00 (Gate area) 
      Cumulative area ratio:    0.09
      Required ratio:    0.00 (Cumulative area) 

    Via: L1M1_PR
      Partial area ratio:    0.03
      Required ratio:    3.00 (Gate area) 
      Cumulative area ratio:    0.03
      Required ratio:    0.00 (Cumulative area) 

  Pin: _6881_/RESET_B (sky130_fd_sc_hd__dfrtp_1)
    Layer: met2
      Partial area ratio:    4.17
      Required ratio:    0.00 (Gate area) 
      Partial area ratio:   21.09
      Required ratio: 3872.32 (Side area) 
      Cumulative area ratio:  310.38
      Required ratio:    0.00 (Cumulative area) 
      Cumulative area ratio: 1562.41
      Required ratio:    0.00 (Cumulative side area) 

    Layer: met1
      Partial area ratio:  112.77
      Required ratio:    0.00 (Gate area) 
      Partial area ratio:  565.77
      Required ratio:  400.00 (Side area) (VIOLATED)
      Cumulative area ratio:  112.77
      Required ratio:    0.00 (Cumulative area) 
      Cumulative area ratio:  565.77
      Required ratio:    0.00 (Cumulative side area) 

    Via: M1M2_PR
      Partial area ratio:    0.18
      Required ratio:    6.00 (Gate area) 
      Cumulative area ratio:    0.18
      Required ratio:    0.00 (Cumulative area) 

  Pin: _6652_/RESET_B (sky130_fd_sc_hd__dfrtp_4)
    Layer: met2
      Partial area ratio:    4.17
      Required ratio:    0.00 (Gate area) 
      Partial area ratio:   21.09
      Required ratio: 3872.32 (Side area) 
      Cumulative area ratio:   70.81
      Required ratio:    0.00 (Cumulative area) 
      Cumulative area ratio:  362.25
      Required ratio:    0.00 (Cumulative side area) 

    Layer: met1
      Partial area ratio:    0.68
      Required ratio:    0.00 (Gate area) 
      Partial area ratio:    4.16
      Required ratio:  400.00 (Side area) 
      Cumulative area ratio:    0.68
      Required ratio:    0.00 (Cumulative area) 
      Cumulative area ratio:    4.16
      Required ratio:    0.00 (Cumulative side area) 

    Via: M1M2_PR
      Partial area ratio:    0.09
      Required ratio:    6.00 (Gate area) 
      Cumulative area ratio:    0.09
      Required ratio:    0.00 (Cumulative area) 

  Pin: _6667_/RESET_B (sky130_fd_sc_hd__dfrtp_1)
    Layer: met2
      Partial area ratio:    4.17
      Required ratio:    0.00 (Gate area) 
      Partial area ratio:   21.09
      Required ratio: 3872.32 (Side area) 
      Cumulative area ratio:   75.12
      Required ratio:    0.00 (Cumulative area) 
      Cumulative area ratio:  384.58
      Required ratio:    0.00 (Cumulative side area) 

    Layer: met1
      Partial area ratio:    4.99
      Required ratio:    0.00 (Gate area) 
      Partial area ratio:   26.49
      Required ratio:  400.00 (Side area) 
      Cumulative area ratio:    4.99
      Required ratio:    0.00 (Cumulative area) 
      Cumulative area ratio:   26.49
      Required ratio:    0.00 (Cumulative side area) 

    Via: M1M2_PR
      Partial area ratio:    0.09
      Required ratio:    6.00 (Gate area) 
      Cumulative area ratio:    0.09
      Required ratio:    0.00 (Cumulative area) 

  Pin: _6668_/RESET_B (sky130_fd_sc_hd__dfrtp_1)
    Layer: met2
      Partial area ratio:    4.17
      Required ratio:    0.00 (Gate area) 
      Partial area ratio:   21.09
      Required ratio: 3872.32 (Side area) 
      Cumulative area ratio:   77.38
      Required ratio:    0.00 (Cumulative area) 
      Cumulative area ratio:  395.65
      Required ratio:    0.00 (Cumulative side area) 

    Layer: met1
      Partial area ratio:    7.24
      Required ratio:    0.00 (Gate area) 
      Partial area ratio:   37.56
      Required ratio:  400.00 (Side area) 
      Cumulative area ratio:    7.24
      Required ratio:    0.00 (Cumulative area) 
      Cumulative area ratio:   37.56
      Required ratio:    0.00 (Cumulative side area) 

    Via: M1M2_PR
      Partial area ratio:    0.09
      Required ratio:    6.00 (Gate area) 
      Cumulative area ratio:    0.09
      Required ratio:    0.00 (Cumulative area) 

  Pin: _6670_/RESET_B (sky130_fd_sc_hd__dfrtp_1)
    Layer: met2
      Partial area ratio:    4.17
      Required ratio:    0.00 (Gate area) 
      Partial area ratio:   21.09
      Required ratio: 3872.32 (Side area) 
      Cumulative area ratio:   77.38
      Required ratio:    0.00 (Cumulative area) 
      Cumulative area ratio:  395.65
      Required ratio:    0.00 (Cumulative side area) 

    Layer: met1
      Partial area ratio:    7.24
      Required ratio:    0.00 (Gate area) 
      Partial area ratio:   37.56
      Required ratio:  400.00 (Side area) 
      Cumulative area ratio:    7.24
      Required ratio:    0.00 (Cumulative area) 
      Cumulative area ratio:   37.56
      Required ratio:    0.00 (Cumulative side area) 

    Via: M1M2_PR
      Partial area ratio:    0.09
      Required ratio:    6.00 (Gate area) 
      Cumulative area ratio:    0.09
      Required ratio:    0.00 (Cumulative area) 

  Pin: _6669_/RESET_B (sky130_fd_sc_hd__dfrtp_1)
    Layer: met2
      Partial area ratio:    4.17
      Required ratio:    0.00 (Gate area) 
      Partial area ratio:   21.09
      Required ratio: 3872.32 (Side area) 
      Cumulative area ratio:   78.28
      Required ratio:    0.00 (Cumulative area) 
      Cumulative area ratio:  400.94
      Required ratio:    0.00 (Cumulative side area) 

    Layer: met1
      Partial area ratio:    0.90
      Required ratio:    0.00 (Gate area) 
      Partial area ratio:    5.29
      Required ratio:  400.00 (Side area) 
      Cumulative area ratio:    0.90
      Required ratio:    0.00 (Cumulative area) 
      Cumulative area ratio:    5.29
      Required ratio:    0.00 (Cumulative side area) 

    Via: M1M2_PR
      Partial area ratio:    0.09
      Required ratio:    6.00 (Gate area) 
      Cumulative area ratio:    0.09
      Required ratio:    0.00 (Cumulative area) 

  Pin: _6671_/RESET_B (sky130_fd_sc_hd__dfrtp_1)
    Layer: met2
      Partial area ratio:    4.17
      Required ratio:    0.00 (Gate area) 
      Partial area ratio:   21.09
      Required ratio: 3872.32 (Side area) 
      Cumulative area ratio:   71.18
      Required ratio:    0.00 (Cumulative area) 
      Cumulative area ratio:  364.11
      Required ratio:    0.00 (Cumulative side area) 

    Layer: met1
      Partial area ratio:    1.05
      Required ratio:    0.00 (Gate area) 
      Partial area ratio:    6.02
      Required ratio:  400.00 (Side area) 
      Cumulative area ratio:    1.05
      Required ratio:    0.00 (Cumulative area) 
      Cumulative area ratio:    6.02
      Required ratio:    0.00 (Cumulative side area) 

    Via: M1M2_PR
      Partial area ratio:    0.09
      Required ratio:    6.00 (Gate area) 
      Cumulative area ratio:    0.09
      Required ratio:    0.00 (Cumulative area) 

  Pin: _6672_/RESET_B (sky130_fd_sc_hd__dfrtp_1)
    Layer: met2
      Partial area ratio:    4.17
      Required ratio:    0.00 (Gate area) 
      Partial area ratio:   21.09
      Required ratio: 3872.32 (Side area) 
      Cumulative area ratio:   71.15
      Required ratio:    0.00 (Cumulative area) 
      Cumulative area ratio:  363.96
      Required ratio:    0.00 (Cumulative side area) 

    Layer: met1
      Partial area ratio:    1.02
      Required ratio:    0.00 (Gate area) 
      Partial area ratio:    5.87
      Required ratio:  400.00 (Side area) 
      Cumulative area ratio:    1.02
      Required ratio:    0.00 (Cumulative area) 
      Cumulative area ratio:    5.87
      Required ratio:    0.00 (Cumulative side area) 

    Via: M1M2_PR
      Partial area ratio:    0.09
      Required ratio:    6.00 (Gate area) 
      Cumulative area ratio:    0.09
      Required ratio:    0.00 (Cumulative area) 

  Pin: _7063_/RESET_B (sky130_fd_sc_hd__dfrtp_4)
    Layer: met2
      Partial area ratio:    4.17
      Required ratio:    0.00 (Gate area) 
      Partial area ratio:   21.09
      Required ratio: 3872.32 (Side area) 
      Cumulative area ratio:   70.14
      Required ratio:    0.00 (Cumulative area) 
      Cumulative area ratio:  358.09
      Required ratio:    0.00 (Cumulative side area) 

    Layer: met1
      Partial area ratio:    9.85
      Required ratio:    0.00 (Gate area) 
      Partial area ratio:   50.69
      Required ratio:  400.00 (Side area) 
      Cumulative area ratio:    9.85
      Required ratio:    0.00 (Cumulative area) 
      Cumulative area ratio:   50.69
      Required ratio:    0.00 (Cumulative side area) 

    Via: M1M2_PR
      Partial area ratio:    0.04
      Required ratio:    6.00 (Gate area) 
      Cumulative area ratio:    0.04
      Required ratio:    0.00 (Cumulative area) 

  Pin: _7064_/RESET_B (sky130_fd_sc_hd__dfrtp_4)
    Layer: met2
      Partial area ratio:    4.17
      Required ratio:    0.00 (Gate area) 
      Partial area ratio:   21.09
      Required ratio: 3872.32 (Side area) 
      Cumulative area ratio:   70.14
      Required ratio:    0.00 (Cumulative area) 
      Cumulative area ratio:  358.09
      Required ratio:    0.00 (Cumulative side area) 

    Layer: met1
      Partial area ratio:    9.85
      Required ratio:    0.00 (Gate area) 
      Partial area ratio:   50.69
      Required ratio:  400.00 (Side area) 
      Cumulative area ratio:    9.85
      Required ratio:    0.00 (Cumulative area) 
      Cumulative area ratio:   50.69
      Required ratio:    0.00 (Cumulative side area) 

    Via: M1M2_PR
      Partial area ratio:    0.04
      Required ratio:    6.00 (Gate area) 
      Cumulative area ratio:    0.04
      Required ratio:    0.00 (Cumulative area) 

  Pin: _7052_/SET_B (sky130_fd_sc_hd__dfstp_1)
    Layer: met2
      Partial area ratio:    4.17
      Required ratio:    0.00 (Gate area) 
      Partial area ratio:   21.09
      Required ratio: 3872.32 (Side area) 
      Cumulative area ratio:   70.14
      Required ratio:    0.00 (Cumulative area) 
      Cumulative area ratio:  358.09
      Required ratio:    0.00 (Cumulative side area) 

    Layer: met1
      Partial area ratio:    9.85
      Required ratio:    0.00 (Gate area) 
      Partial area ratio:   50.69
      Required ratio:  400.00 (Side area) 
      Cumulative area ratio:    9.85
      Required ratio:    0.00 (Cumulative area) 
      Cumulative area ratio:   50.69
      Required ratio:    0.00 (Cumulative side area) 

    Via: M1M2_PR
      Partial area ratio:    0.04
      Required ratio:    6.00 (Gate area) 
      Cumulative area ratio:    0.04
      Required ratio:    0.00 (Cumulative area) 

  Pin: _6665_/SET_B (sky130_fd_sc_hd__dfstp_1)
    Layer: met2
      Partial area ratio:    4.17
      Required ratio:    0.00 (Gate area) 
      Partial area ratio:   21.09
      Required ratio: 3872.32 (Side area) 
      Cumulative area ratio:   70.14
      Required ratio:    0.00 (Cumulative area) 
      Cumulative area ratio:  358.09
      Required ratio:    0.00 (Cumulative side area) 

    Layer: met1
      Partial area ratio:    9.85
      Required ratio:    0.00 (Gate area) 
      Partial area ratio:   50.69
      Required ratio:  400.00 (Side area) 
      Cumulative area ratio:    9.85
      Required ratio:    0.00 (Cumulative area) 
      Cumulative area ratio:   50.69
      Required ratio:    0.00 (Cumulative side area) 

    Via: M1M2_PR
      Partial area ratio:    0.04
      Required ratio:    6.00 (Gate area) 
      Cumulative area ratio:    0.04
      Required ratio:    0.00 (Cumulative area) 

  Pin: _6657_/SET_B (sky130_fd_sc_hd__dfstp_1)
    Layer: met2
      Partial area ratio:    4.17
      Required ratio:    0.00 (Gate area) 
      Partial area ratio:   21.09
      Required ratio: 3872.32 (Side area) 
      Cumulative area ratio:   60.29
      Required ratio:    0.00 (Cumulative area) 
      Cumulative area ratio:  307.40
      Required ratio:    0.00 (Cumulative side area) 

    Layer: met1
      Partial area ratio:   10.26
      Required ratio:    0.00 (Gate area) 
      Partial area ratio:   52.74
      Required ratio:  400.00 (Side area) 
      Cumulative area ratio:   10.26
      Required ratio:    0.00 (Cumulative area) 
      Cumulative area ratio:   52.74
      Required ratio:    0.00 (Cumulative side area) 

    Via: M1M2_PR
      Partial area ratio:    0.06
      Required ratio:    6.00 (Gate area) 
      Cumulative area ratio:    0.06
      Required ratio:    0.00 (Cumulative area) 

  Pin: _6658_/RESET_B (sky130_fd_sc_hd__dfrtp_1)
    Layer: met2
      Partial area ratio:    4.17
      Required ratio:    0.00 (Gate area) 
      Partial area ratio:   21.09
      Required ratio: 3872.32 (Side area) 
      Cumulative area ratio:   60.29
      Required ratio:    0.00 (Cumulative area) 
      Cumulative area ratio:  307.40
      Required ratio:    0.00 (Cumulative side area) 

    Layer: met1
      Partial area ratio:   10.26
      Required ratio:    0.00 (Gate area) 
      Partial area ratio:   52.74
      Required ratio:  400.00 (Side area) 
      Cumulative area ratio:   10.26
      Required ratio:    0.00 (Cumulative area) 
      Cumulative area ratio:   52.74
      Required ratio:    0.00 (Cumulative side area) 

    Via: M1M2_PR
      Partial area ratio:    0.06
      Required ratio:    6.00 (Gate area) 
      Cumulative area ratio:    0.06
      Required ratio:    0.00 (Cumulative area) 

  Pin: _6660_/RESET_B (sky130_fd_sc_hd__dfrtp_1)
    Layer: met2
      Partial area ratio:    4.17
      Required ratio:    0.00 (Gate area) 
      Partial area ratio:   21.09
      Required ratio: 3872.32 (Side area) 
      Cumulative area ratio:   55.66
      Required ratio:    0.00 (Cumulative area) 
      Cumulative area ratio:  284.37
      Required ratio:    0.00 (Cumulative side area) 

    Layer: met1
      Partial area ratio:    5.63
      Required ratio:    0.00 (Gate area) 
      Partial area ratio:   29.71
      Required ratio:  400.00 (Side area) 
      Cumulative area ratio:    5.63
      Required ratio:    0.00 (Cumulative area) 
      Cumulative area ratio:   29.71
      Required ratio:    0.00 (Cumulative side area) 

    Via: M1M2_PR
      Partial area ratio:    0.09
      Required ratio:    6.00 (Gate area) 
      Cumulative area ratio:    0.09
      Required ratio:    0.00 (Cumulative area) 

  Pin: _6659_/RESET_B (sky130_fd_sc_hd__dfrtp_1)
    Layer: met2
      Partial area ratio:    4.17
      Required ratio:    0.00 (Gate area) 
      Partial area ratio:   21.09
      Required ratio: 3872.32 (Side area) 
      Cumulative area ratio:   62.50
      Required ratio:    0.00 (Cumulative area) 
      Cumulative area ratio:  318.59
      Required ratio:    0.00 (Cumulative side area) 

    Layer: met1
      Partial area ratio:   12.48
      Required ratio:    0.00 (Gate area) 
      Partial area ratio:   63.93
      Required ratio:  400.00 (Side area) 
      Cumulative area ratio:   12.48
      Required ratio:    0.00 (Cumulative area) 
      Cumulative area ratio:   63.93
      Required ratio:    0.00 (Cumulative side area) 

    Via: M1M2_PR
      Partial area ratio:    0.07
      Required ratio:    6.00 (Gate area) 
      Cumulative area ratio:    0.07
      Required ratio:    0.00 (Cumulative area) 

  Pin: _6661_/SET_B (sky130_fd_sc_hd__dfstp_1)
    Layer: met2
      Partial area ratio:    4.17
      Required ratio:    0.00 (Gate area) 
      Partial area ratio:   21.09
      Required ratio: 3872.32 (Side area) 
      Cumulative area ratio:   66.12
      Required ratio:    0.00 (Cumulative area) 
      Cumulative area ratio:  337.44
      Required ratio:    0.00 (Cumulative side area) 

    Layer: met1
      Partial area ratio:    3.61
      Required ratio:    0.00 (Gate area) 
      Partial area ratio:   18.84
      Required ratio:  400.00 (Side area) 
      Cumulative area ratio:    3.61
      Required ratio:    0.00 (Cumulative area) 
      Cumulative area ratio:   18.84
      Required ratio:    0.00 (Cumulative side area) 

    Via: M1M2_PR
      Partial area ratio:    0.09
      Required ratio:    6.00 (Gate area) 
      Cumulative area ratio:    0.09
      Required ratio:    0.00 (Cumulative area) 

  Pin: _6656_/RESET_B (sky130_fd_sc_hd__dfrtp_2)
    Layer: met2
      Partial area ratio:    4.17
      Required ratio:    0.00 (Gate area) 
      Partial area ratio:   21.09
      Required ratio: 3872.32 (Side area) 
      Cumulative area ratio:   71.79
      Required ratio:    0.00 (Cumulative area) 
      Cumulative area ratio:  366.19
      Required ratio:    0.00 (Cumulative side area) 

    Layer: met1
      Partial area ratio:    9.29
      Required ratio:    0.00 (Gate area) 
      Partial area ratio:   47.60
      Required ratio:  400.00 (Side area) 
      Cumulative area ratio:    9.29
      Required ratio:    0.00 (Cumulative area) 
      Cumulative area ratio:   47.60
      Required ratio:    0.00 (Cumulative side area) 

    Via: M1M2_PR
      Partial area ratio:    0.04
      Required ratio:    6.00 (Gate area) 
      Cumulative area ratio:    0.04
      Required ratio:    0.00 (Cumulative area) 

  Pin: _6653_/SET_B (sky130_fd_sc_hd__dfstp_1)
    Layer: met2
      Partial area ratio:    4.17
      Required ratio:    0.00 (Gate area) 
      Partial area ratio:   21.09
      Required ratio: 3872.32 (Side area) 
      Cumulative area ratio:   71.79
      Required ratio:    0.00 (Cumulative area) 
      Cumulative area ratio:  366.19
      Required ratio:    0.00 (Cumulative side area) 

    Layer: met1
      Partial area ratio:    9.29
      Required ratio:    0.00 (Gate area) 
      Partial area ratio:   47.60
      Required ratio:  400.00 (Side area) 
      Cumulative area ratio:    9.29
      Required ratio:    0.00 (Cumulative area) 
      Cumulative area ratio:   47.60
      Required ratio:    0.00 (Cumulative side area) 

    Via: M1M2_PR
      Partial area ratio:    0.04
      Required ratio:    6.00 (Gate area) 
      Cumulative area ratio:    0.04
      Required ratio:    0.00 (Cumulative area) 

  Pin: _6635_/RESET_B (sky130_fd_sc_hd__dfrtp_1)
    Layer: met2
      Partial area ratio:    4.17
      Required ratio:    0.00 (Gate area) 
      Partial area ratio:   21.09
      Required ratio: 3872.32 (Side area) 
      Cumulative area ratio:   82.73
      Required ratio:    0.00 (Cumulative area) 
      Cumulative area ratio:  422.96
      Required ratio:    0.00 (Cumulative side area) 

    Layer: met1
      Partial area ratio:    9.94
      Required ratio:    0.00 (Gate area) 
      Partial area ratio:   51.15
      Required ratio:  400.00 (Side area) 
      Cumulative area ratio:    9.94
      Required ratio:    0.00 (Cumulative area) 
      Cumulative area ratio:   51.15
      Required ratio:    0.00 (Cumulative side area) 

    Via: M1M2_PR
      Partial area ratio:    0.04
      Required ratio:    6.00 (Gate area) 
      Cumulative area ratio:    0.04
      Required ratio:    0.00 (Cumulative area) 

  Pin: _6655_/RESET_B (sky130_fd_sc_hd__dfrtp_1)
    Layer: met2
      Partial area ratio:    4.17
      Required ratio:    0.00 (Gate area) 
      Partial area ratio:   21.09
      Required ratio: 3872.32 (Side area) 
      Cumulative area ratio:   87.52
      Required ratio:    0.00 (Cumulative area) 
      Cumulative area ratio:  447.65
      Required ratio:    0.00 (Cumulative side area) 

    Layer: met1
      Partial area ratio:    4.78
      Required ratio:    0.00 (Gate area) 
      Partial area ratio:   24.69
      Required ratio:  400.00 (Side area) 
      Cumulative area ratio:    4.78
      Required ratio:    0.00 (Cumulative area) 
      Cumulative area ratio:   24.69
      Required ratio:    0.00 (Cumulative side area) 

    Via: M1M2_PR
      Partial area ratio:    0.09
      Required ratio:    6.00 (Gate area) 
      Cumulative area ratio:    0.09
      Required ratio:    0.00 (Cumulative area) 

  Pin: _6638_/RESET_B (sky130_fd_sc_hd__dfrtp_1)
    Layer: met2
      Partial area ratio:    4.17
      Required ratio:    0.00 (Gate area) 
      Partial area ratio:   21.09
      Required ratio: 3872.32 (Side area) 
      Cumulative area ratio:   87.93
      Required ratio:    0.00 (Cumulative area) 
      Cumulative area ratio:  450.11
      Required ratio:    0.00 (Cumulative side area) 

    Layer: met1
      Partial area ratio:    5.20
      Required ratio:    0.00 (Gate area) 
      Partial area ratio:   27.15
      Required ratio:  400.00 (Side area) 
      Cumulative area ratio:    5.20
      Required ratio:    0.00 (Cumulative area) 
      Cumulative area ratio:   27.15
      Required ratio:    0.00 (Cumulative side area) 

    Via: M1M2_PR
      Partial area ratio:    0.06
      Required ratio:    6.00 (Gate area) 
      Cumulative area ratio:    0.06
      Required ratio:    0.00 (Cumulative area) 

  Pin: _6636_/RESET_B (sky130_fd_sc_hd__dfrtp_1)
    Layer: met2
      Partial area ratio:    4.17
      Required ratio:    0.00 (Gate area) 
      Partial area ratio:   21.09
      Required ratio: 3872.32 (Side area) 
      Cumulative area ratio:   92.94
      Required ratio:    0.00 (Cumulative area) 
      Cumulative area ratio:  475.93
      Required ratio:    0.00 (Cumulative side area) 

    Layer: met1
      Partial area ratio:    5.01
      Required ratio:    0.00 (Gate area) 
      Partial area ratio:   25.81
      Required ratio:  400.00 (Side area) 
      Cumulative area ratio:    5.01
      Required ratio:    0.00 (Cumulative area) 
      Cumulative area ratio:   25.81
      Required ratio:    0.00 (Cumulative side area) 

    Via: M1M2_PR
      Partial area ratio:    0.09
      Required ratio:    6.00 (Gate area) 
      Cumulative area ratio:    0.09
      Required ratio:    0.00 (Cumulative area) 

  Pin: _6639_/RESET_B (sky130_fd_sc_hd__dfrtp_1)
    Layer: met2
      Partial area ratio:    4.17
      Required ratio:    0.00 (Gate area) 
      Partial area ratio:   21.09
      Required ratio: 3872.32 (Side area) 
      Cumulative area ratio:   95.82
      Required ratio:    0.00 (Cumulative area) 
      Cumulative area ratio:  490.75
      Required ratio:    0.00 (Cumulative side area) 

    Layer: met1
      Partial area ratio:    7.89
      Required ratio:    0.00 (Gate area) 
      Partial area ratio:   40.63
      Required ratio:  400.00 (Side area) 
      Cumulative area ratio:    7.89
      Required ratio:    0.00 (Cumulative area) 
      Cumulative area ratio:   40.63
      Required ratio:    0.00 (Cumulative side area) 

    Via: M1M2_PR
      Partial area ratio:    0.09
      Required ratio:    6.00 (Gate area) 
      Cumulative area ratio:    0.09
      Required ratio:    0.00 (Cumulative area) 

  Pin: _6673_/RESET_B (sky130_fd_sc_hd__dfrtp_1)
    Layer: met2
      Partial area ratio:    4.17
      Required ratio:    0.00 (Gate area) 
      Partial area ratio:   21.09
      Required ratio: 3872.32 (Side area) 
      Cumulative area ratio:   97.38
      Required ratio:    0.00 (Cumulative area) 
      Cumulative area ratio:  498.89
      Required ratio:    0.00 (Cumulative side area) 

    Layer: met1
      Partial area ratio:    9.44
      Required ratio:    0.00 (Gate area) 
      Partial area ratio:   48.78
      Required ratio:  400.00 (Side area) 
      Cumulative area ratio:    9.44
      Required ratio:    0.00 (Cumulative area) 
      Cumulative area ratio:   48.78
      Required ratio:    0.00 (Cumulative side area) 

    Via: M1M2_PR
      Partial area ratio:    0.06
      Required ratio:    6.00 (Gate area) 
      Cumulative area ratio:    0.06
      Required ratio:    0.00 (Cumulative area) 

  Pin: _6647_/RESET_B (sky130_fd_sc_hd__dfrtp_1)
    Layer: met2
      Partial area ratio:    4.17
      Required ratio:    0.00 (Gate area) 
      Partial area ratio:   21.09
      Required ratio: 3872.32 (Side area) 
      Cumulative area ratio:   98.25
      Required ratio:    0.00 (Cumulative area) 
      Cumulative area ratio:  504.02
      Required ratio:    0.00 (Cumulative side area) 

    Layer: met1
      Partial area ratio:    0.87
      Required ratio:    0.00 (Gate area) 
      Partial area ratio:    5.13
      Required ratio:  400.00 (Side area) 
      Cumulative area ratio:    0.87
      Required ratio:    0.00 (Cumulative area) 
      Cumulative area ratio:    5.13
      Required ratio:    0.00 (Cumulative side area) 

    Via: M1M2_PR
      Partial area ratio:    0.09
      Required ratio:    6.00 (Gate area) 
      Cumulative area ratio:    0.09
      Required ratio:    0.00 (Cumulative area) 

  Pin: _7055_/RESET_B (sky130_fd_sc_hd__dfrtp_1)
    Layer: met2
      Partial area ratio:    4.17
      Required ratio:    0.00 (Gate area) 
      Partial area ratio:   21.09
      Required ratio: 3872.32 (Side area) 
      Cumulative area ratio:  103.34
      Required ratio:    0.00 (Cumulative area) 
      Cumulative area ratio:  529.86
      Required ratio:    0.00 (Cumulative side area) 

    Layer: met1
      Partial area ratio:    5.96
      Required ratio:    0.00 (Gate area) 
      Partial area ratio:   30.97
      Required ratio:  400.00 (Side area) 
      Cumulative area ratio:    5.96
      Required ratio:    0.00 (Cumulative area) 
      Cumulative area ratio:   30.97
      Required ratio:    0.00 (Cumulative side area) 

    Via: M1M2_PR
      Partial area ratio:    0.04
      Required ratio:    6.00 (Gate area) 
      Cumulative area ratio:    0.04
      Required ratio:    0.00 (Cumulative area) 

  Pin: _6646_/RESET_B (sky130_fd_sc_hd__dfrtp_1)
    Layer: met2
      Partial area ratio:    4.17
      Required ratio:    0.00 (Gate area) 
      Partial area ratio:   21.09
      Required ratio: 3872.32 (Side area) 
      Cumulative area ratio:  103.34
      Required ratio:    0.00 (Cumulative area) 
      Cumulative area ratio:  529.86
      Required ratio:    0.00 (Cumulative side area) 

    Layer: met1
      Partial area ratio:    5.96
      Required ratio:    0.00 (Gate area) 
      Partial area ratio:   30.97
      Required ratio:  400.00 (Side area) 
      Cumulative area ratio:    5.96
      Required ratio:    0.00 (Cumulative area) 
      Cumulative area ratio:   30.97
      Required ratio:    0.00 (Cumulative side area) 

    Via: M1M2_PR
      Partial area ratio:    0.04
      Required ratio:    6.00 (Gate area) 
      Cumulative area ratio:    0.04
      Required ratio:    0.00 (Cumulative area) 

  Pin: _7062_/RESET_B (sky130_fd_sc_hd__dfrtp_1)
    Layer: met2
      Partial area ratio:    4.17
      Required ratio:    0.00 (Gate area) 
      Partial area ratio:   21.09
      Required ratio: 3872.32 (Side area) 
      Cumulative area ratio:  104.11
      Required ratio:    0.00 (Cumulative area) 
      Cumulative area ratio:  533.92
      Required ratio:    0.00 (Cumulative side area) 

    Layer: met1
      Partial area ratio:    6.73
      Required ratio:    0.00 (Gate area) 
      Partial area ratio:   35.03
      Required ratio:  400.00 (Side area) 
      Cumulative area ratio:    6.73
      Required ratio:    0.00 (Cumulative area) 
      Cumulative area ratio:   35.03
      Required ratio:    0.00 (Cumulative side area) 

    Via: M1M2_PR
      Partial area ratio:    0.04
      Required ratio:    6.00 (Gate area) 
      Cumulative area ratio:    0.04
      Required ratio:    0.00 (Cumulative area) 

  Pin: _6645_/RESET_B (sky130_fd_sc_hd__dfrtp_1)
    Layer: met2
      Partial area ratio:    4.17
      Required ratio:    0.00 (Gate area) 
      Partial area ratio:   21.09
      Required ratio: 3872.32 (Side area) 
      Cumulative area ratio:  104.11
      Required ratio:    0.00 (Cumulative area) 
      Cumulative area ratio:  533.92
      Required ratio:    0.00 (Cumulative side area) 

    Layer: met1
      Partial area ratio:    6.73
      Required ratio:    0.00 (Gate area) 
      Partial area ratio:   35.03
      Required ratio:  400.00 (Side area) 
      Cumulative area ratio:    6.73
      Required ratio:    0.00 (Cumulative area) 
      Cumulative area ratio:   35.03
      Required ratio:    0.00 (Cumulative side area) 

    Via: M1M2_PR
      Partial area ratio:    0.04
      Required ratio:    6.00 (Gate area) 
      Cumulative area ratio:    0.04
      Required ratio:    0.00 (Cumulative area) 

  Pin: _6644_/RESET_B (sky130_fd_sc_hd__dfrtp_1)
    Layer: met2
      Partial area ratio:    4.17
      Required ratio:    0.00 (Gate area) 
      Partial area ratio:   21.09
      Required ratio: 3872.32 (Side area) 
      Cumulative area ratio:  103.16
      Required ratio:    0.00 (Cumulative area) 
      Cumulative area ratio:  529.35
      Required ratio:    0.00 (Cumulative side area) 

    Layer: met1
      Partial area ratio:    5.78
      Required ratio:    0.00 (Gate area) 
      Partial area ratio:   30.46
      Required ratio:  400.00 (Side area) 
      Cumulative area ratio:    5.78
      Required ratio:    0.00 (Cumulative area) 
      Cumulative area ratio:   30.46
      Required ratio:    0.00 (Cumulative side area) 

    Via: M1M2_PR
      Partial area ratio:    0.09
      Required ratio:    6.00 (Gate area) 
      Cumulative area ratio:    0.09
      Required ratio:    0.00 (Cumulative area) 

  Pin: _7060_/RESET_B (sky130_fd_sc_hd__dfrtp_1)
    Layer: met2
      Partial area ratio:    4.17
      Required ratio:    0.00 (Gate area) 
      Partial area ratio:   21.09
      Required ratio: 3872.32 (Side area) 
      Cumulative area ratio:  108.42
      Required ratio:    0.00 (Cumulative area) 
      Cumulative area ratio:  556.27
      Required ratio:    0.00 (Cumulative side area) 

    Layer: met1
      Partial area ratio:    4.17
      Required ratio:    0.00 (Gate area) 
      Partial area ratio:   21.65
      Required ratio:  400.00 (Side area) 
      Cumulative area ratio:    4.17
      Required ratio:    0.00 (Cumulative area) 
      Cumulative area ratio:   21.65
      Required ratio:    0.00 (Cumulative side area) 

    Via: M1M2_PR
      Partial area ratio:    0.09
      Required ratio:    6.00 (Gate area) 
      Cumulative area ratio:    0.09
      Required ratio:    0.00 (Cumulative area) 

  Pin: _7059_/RESET_B (sky130_fd_sc_hd__dfrtp_1)
    Layer: met2
      Partial area ratio:    4.17
      Required ratio:    0.00 (Gate area) 
      Partial area ratio:   21.09
      Required ratio: 3872.32 (Side area) 
      Cumulative area ratio:  110.26
      Required ratio:    0.00 (Cumulative area) 
      Cumulative area ratio:  566.21
      Required ratio:    0.00 (Cumulative side area) 

    Layer: met1
      Partial area ratio:    6.01
      Required ratio:    0.00 (Gate area) 
      Partial area ratio:   31.59
      Required ratio:  400.00 (Side area) 
      Cumulative area ratio:    6.01
      Required ratio:    0.00 (Cumulative area) 
      Cumulative area ratio:   31.59
      Required ratio:    0.00 (Cumulative side area) 

    Via: M1M2_PR
      Partial area ratio:    0.09
      Required ratio:    6.00 (Gate area) 
      Cumulative area ratio:    0.09
      Required ratio:    0.00 (Cumulative area) 

  Pin: _7058_/RESET_B (sky130_fd_sc_hd__dfrtp_1)
    Layer: met2
      Partial area ratio:    4.17
      Required ratio:    0.00 (Gate area) 
      Partial area ratio:   21.09
      Required ratio: 3872.32 (Side area) 
      Cumulative area ratio:  107.87
      Required ratio:    0.00 (Cumulative area) 
      Cumulative area ratio:  553.48
      Required ratio:    0.00 (Cumulative side area) 

    Layer: met1
      Partial area ratio:    3.62
      Required ratio:    0.00 (Gate area) 
      Partial area ratio:   18.85
      Required ratio:  400.00 (Side area) 
      Cumulative area ratio:    3.62
      Required ratio:    0.00 (Cumulative area) 
      Cumulative area ratio:   18.85
      Required ratio:    0.00 (Cumulative side area) 

    Via: M1M2_PR
      Partial area ratio:    0.09
      Required ratio:    6.00 (Gate area) 
      Cumulative area ratio:    0.09
      Required ratio:    0.00 (Cumulative area) 

  Pin: _7057_/RESET_B (sky130_fd_sc_hd__dfrtp_1)
    Layer: met2
      Partial area ratio:    4.17
      Required ratio:    0.00 (Gate area) 
      Partial area ratio:   21.09
      Required ratio: 3872.32 (Side area) 
      Cumulative area ratio:  104.83
      Required ratio:    0.00 (Cumulative area) 
      Cumulative area ratio:  538.30
      Required ratio:    0.00 (Cumulative side area) 

    Layer: met1
      Partial area ratio:    0.58
      Required ratio:    0.00 (Gate area) 
      Partial area ratio:    3.67
      Required ratio:  400.00 (Side area) 
      Cumulative area ratio:    0.58
      Required ratio:    0.00 (Cumulative area) 
      Cumulative area ratio:    3.67
      Required ratio:    0.00 (Cumulative side area) 

    Via: M1M2_PR
      Partial area ratio:    0.09
      Required ratio:    6.00 (Gate area) 
      Cumulative area ratio:    0.09
      Required ratio:    0.00 (Cumulative area) 

  Pin: _7056_/RESET_B (sky130_fd_sc_hd__dfrtp_2)
    Layer: met2
      Partial area ratio:    4.17
      Required ratio:    0.00 (Gate area) 
      Partial area ratio:   21.09
      Required ratio: 3872.32 (Side area) 
      Cumulative area ratio:  104.25
      Required ratio:    0.00 (Cumulative area) 
      Cumulative area ratio:  534.63
      Required ratio:    0.00 (Cumulative side area) 

    Layer: met1
      Partial area ratio:    6.87
      Required ratio:    0.00 (Gate area) 
      Partial area ratio:   35.73
      Required ratio:  400.00 (Side area) 
      Cumulative area ratio:    6.87
      Required ratio:    0.00 (Cumulative area) 
      Cumulative area ratio:   35.73
      Required ratio:    0.00 (Cumulative side area) 

    Via: M1M2_PR
      Partial area ratio:    0.09
      Required ratio:    6.00 (Gate area) 
      Cumulative area ratio:    0.09
      Required ratio:    0.00 (Cumulative area) 

  Pin: _7061_/RESET_B (sky130_fd_sc_hd__dfrtp_1)
    Layer: met2
      Partial area ratio:    4.17
      Required ratio:    0.00 (Gate area) 
      Partial area ratio:   21.09
      Required ratio: 3872.32 (Side area) 
      Cumulative area ratio:  104.25
      Required ratio:    0.00 (Cumulative area) 
      Cumulative area ratio:  534.63
      Required ratio:    0.00 (Cumulative side area) 

    Layer: met1
      Partial area ratio:    6.87
      Required ratio:    0.00 (Gate area) 
      Partial area ratio:   35.73
      Required ratio:  400.00 (Side area) 
      Cumulative area ratio:    6.87
      Required ratio:    0.00 (Cumulative area) 
      Cumulative area ratio:   35.73
      Required ratio:    0.00 (Cumulative side area) 

    Via: M1M2_PR
      Partial area ratio:    0.09
      Required ratio:    6.00 (Gate area) 
      Cumulative area ratio:    0.09
      Required ratio:    0.00 (Cumulative area) 

  Pin: _6674_/RESET_B (sky130_fd_sc_hd__dfrtp_1)
    Layer: met2
      Partial area ratio:    4.17
      Required ratio:    0.00 (Gate area) 
      Partial area ratio:   21.09
      Required ratio: 3872.32 (Side area) 
      Cumulative area ratio:   97.38
      Required ratio:    0.00 (Cumulative area) 
      Cumulative area ratio:  498.89
      Required ratio:    0.00 (Cumulative side area) 

    Layer: met1
      Partial area ratio:    9.44
      Required ratio:    0.00 (Gate area) 
      Partial area ratio:   48.78
      Required ratio:  400.00 (Side area) 
      Cumulative area ratio:    9.44
      Required ratio:    0.00 (Cumulative area) 
      Cumulative area ratio:   48.78
      Required ratio:    0.00 (Cumulative side area) 

    Via: M1M2_PR
      Partial area ratio:    0.06
      Required ratio:    6.00 (Gate area) 
      Cumulative area ratio:    0.06
      Required ratio:    0.00 (Cumulative area) 

  Pin: _6637_/RESET_B (sky130_fd_sc_hd__dfrtp_1)
    Layer: met2
      Partial area ratio:    4.17
      Required ratio:    0.00 (Gate area) 
      Partial area ratio:   21.09
      Required ratio: 3872.32 (Side area) 
      Cumulative area ratio:   97.38
      Required ratio:    0.00 (Cumulative area) 
      Cumulative area ratio:  498.89
      Required ratio:    0.00 (Cumulative side area) 

    Layer: met1
      Partial area ratio:    9.44
      Required ratio:    0.00 (Gate area) 
      Partial area ratio:   48.78
      Required ratio:  400.00 (Side area) 
      Cumulative area ratio:    9.44
      Required ratio:    0.00 (Cumulative area) 
      Cumulative area ratio:   48.78
      Required ratio:    0.00 (Cumulative side area) 

    Via: M1M2_PR
      Partial area ratio:    0.06
      Required ratio:    6.00 (Gate area) 
      Cumulative area ratio:    0.06
      Required ratio:    0.00 (Cumulative area) 

  Pin: _6640_/RESET_B (sky130_fd_sc_hd__dfrtp_1)
    Layer: met2
      Partial area ratio:    4.17
      Required ratio:    0.00 (Gate area) 
      Partial area ratio:   21.09
      Required ratio: 3872.32 (Side area) 
      Cumulative area ratio:  104.52
      Required ratio:    0.00 (Cumulative area) 
      Cumulative area ratio:  535.76
      Required ratio:    0.00 (Cumulative side area) 

    Layer: met1
      Partial area ratio:    3.60
      Required ratio:    0.00 (Gate area) 
      Partial area ratio:   18.76
      Required ratio:  400.00 (Side area) 
      Cumulative area ratio:    3.60
      Required ratio:    0.00 (Cumulative area) 
      Cumulative area ratio:   18.76
      Required ratio:    0.00 (Cumulative side area) 

    Via: M1M2_PR
      Partial area ratio:    0.09
      Required ratio:    6.00 (Gate area) 
      Cumulative area ratio:    0.09
      Required ratio:    0.00 (Cumulative area) 

  Pin: _6641_/RESET_B (sky130_fd_sc_hd__dfrtp_1)
    Layer: met2
      Partial area ratio:    4.17
      Required ratio:    0.00 (Gate area) 
      Partial area ratio:   21.09
      Required ratio: 3872.32 (Side area) 
      Cumulative area ratio:  103.22
      Required ratio:    0.00 (Cumulative area) 
      Cumulative area ratio:  529.30
      Required ratio:    0.00 (Cumulative side area) 

    Layer: met1
      Partial area ratio:    2.30
      Required ratio:    0.00 (Gate area) 
      Partial area ratio:   12.30
      Required ratio:  400.00 (Side area) 
      Cumulative area ratio:    2.30
      Required ratio:    0.00 (Cumulative area) 
      Cumulative area ratio:   12.30
      Required ratio:    0.00 (Cumulative side area) 

    Via: M1M2_PR
      Partial area ratio:    0.09
      Required ratio:    6.00 (Gate area) 
      Cumulative area ratio:    0.09
      Required ratio:    0.00 (Cumulative area) 

  Pin: _7097_/RESET_B (sky130_fd_sc_hd__dfrtp_1)
    Layer: met2
      Partial area ratio:    4.17
      Required ratio:    0.00 (Gate area) 
      Partial area ratio:   21.09
      Required ratio: 3872.32 (Side area) 
      Cumulative area ratio:  100.92
      Required ratio:    0.00 (Cumulative area) 
      Cumulative area ratio:  517.01
      Required ratio:    0.00 (Cumulative side area) 

    Layer: met1
      Partial area ratio:   12.99
      Required ratio:    0.00 (Gate area) 
      Partial area ratio:   66.89
      Required ratio:  400.00 (Side area) 
      Cumulative area ratio:   12.99
      Required ratio:    0.00 (Cumulative area) 
      Cumulative area ratio:   66.89
      Required ratio:    0.00 (Cumulative side area) 

    Via: M1M2_PR
      Partial area ratio:    0.18
      Required ratio:    6.00 (Gate area) 
      Cumulative area ratio:    0.18
      Required ratio:    0.00 (Cumulative area) 

  Pin: _6634_/RESET_B (sky130_fd_sc_hd__dfrtp_1)
    Layer: met2
      Partial area ratio:    4.17
      Required ratio:    0.00 (Gate area) 
      Partial area ratio:   21.09
      Required ratio: 3872.32 (Side area) 
      Cumulative area ratio:   87.93
      Required ratio:    0.00 (Cumulative area) 
      Cumulative area ratio:  450.11
      Required ratio:    0.00 (Cumulative side area) 

    Layer: met1
      Partial area ratio:    5.20
      Required ratio:    0.00 (Gate area) 
      Partial area ratio:   27.15
      Required ratio:  400.00 (Side area) 
      Cumulative area ratio:    5.20
      Required ratio:    0.00 (Cumulative area) 
      Cumulative area ratio:   27.15
      Required ratio:    0.00 (Cumulative side area) 

    Via: M1M2_PR
      Partial area ratio:    0.06
      Required ratio:    6.00 (Gate area) 
      Cumulative area ratio:    0.06
      Required ratio:    0.00 (Cumulative area) 

  Pin: _6632_/RESET_B (sky130_fd_sc_hd__dfrtp_1)
    Layer: met2
      Partial area ratio:    4.17
      Required ratio:    0.00 (Gate area) 
      Partial area ratio:   21.09
      Required ratio: 3872.32 (Side area) 
      Cumulative area ratio:   87.93
      Required ratio:    0.00 (Cumulative area) 
      Cumulative area ratio:  450.11
      Required ratio:    0.00 (Cumulative side area) 

    Layer: met1
      Partial area ratio:    5.20
      Required ratio:    0.00 (Gate area) 
      Partial area ratio:   27.15
      Required ratio:  400.00 (Side area) 
      Cumulative area ratio:    5.20
      Required ratio:    0.00 (Cumulative area) 
      Cumulative area ratio:   27.15
      Required ratio:    0.00 (Cumulative side area) 

    Via: M1M2_PR
      Partial area ratio:    0.06
      Required ratio:    6.00 (Gate area) 
      Cumulative area ratio:    0.06
      Required ratio:    0.00 (Cumulative area) 

  Pin: _6633_/RESET_B (sky130_fd_sc_hd__dfrtp_1)
    Layer: met2
      Partial area ratio:    4.17
      Required ratio:    0.00 (Gate area) 
      Partial area ratio:   21.09
      Required ratio: 3872.32 (Side area) 
      Cumulative area ratio:   82.73
      Required ratio:    0.00 (Cumulative area) 
      Cumulative area ratio:  422.96
      Required ratio:    0.00 (Cumulative side area) 

    Layer: met1
      Partial area ratio:    9.94
      Required ratio:    0.00 (Gate area) 
      Partial area ratio:   51.15
      Required ratio:  400.00 (Side area) 
      Cumulative area ratio:    9.94
      Required ratio:    0.00 (Cumulative area) 
      Cumulative area ratio:   51.15
      Required ratio:    0.00 (Cumulative side area) 

    Via: M1M2_PR
      Partial area ratio:    0.04
      Required ratio:    6.00 (Gate area) 
      Cumulative area ratio:    0.04
      Required ratio:    0.00 (Cumulative area) 

  Pin: _7085_/RESET_B (sky130_fd_sc_hd__dfrtp_1)
    Layer: met2
      Partial area ratio:    4.17
      Required ratio:    0.00 (Gate area) 
      Partial area ratio:   21.09
      Required ratio: 3872.32 (Side area) 
      Cumulative area ratio:   82.73
      Required ratio:    0.00 (Cumulative area) 
      Cumulative area ratio:  422.96
      Required ratio:    0.00 (Cumulative side area) 

    Layer: met1
      Partial area ratio:    9.94
      Required ratio:    0.00 (Gate area) 
      Partial area ratio:   51.15
      Required ratio:  400.00 (Side area) 
      Cumulative area ratio:    9.94
      Required ratio:    0.00 (Cumulative area) 
      Cumulative area ratio:   51.15
      Required ratio:    0.00 (Cumulative side area) 

    Via: M1M2_PR
      Partial area ratio:    0.04
      Required ratio:    6.00 (Gate area) 
      Cumulative area ratio:    0.04
      Required ratio:    0.00 (Cumulative area) 

  Pin: _7084_/SET_B (sky130_fd_sc_hd__dfstp_1)
    Layer: met2
      Partial area ratio:    4.17
      Required ratio:    0.00 (Gate area) 
      Partial area ratio:   21.09
      Required ratio: 3872.32 (Side area) 
      Cumulative area ratio:   82.73
      Required ratio:    0.00 (Cumulative area) 
      Cumulative area ratio:  422.96
      Required ratio:    0.00 (Cumulative side area) 

    Layer: met1
      Partial area ratio:    9.94
      Required ratio:    0.00 (Gate area) 
      Partial area ratio:   51.15
      Required ratio:  400.00 (Side area) 
      Cumulative area ratio:    9.94
      Required ratio:    0.00 (Cumulative area) 
      Cumulative area ratio:   51.15
      Required ratio:    0.00 (Cumulative side area) 

    Via: M1M2_PR
      Partial area ratio:    0.04
      Required ratio:    6.00 (Gate area) 
      Cumulative area ratio:    0.04
      Required ratio:    0.00 (Cumulative area) 

  Pin: _6630_/RESET_B (sky130_fd_sc_hd__dfrtp_1)
    Layer: met2
      Partial area ratio:    4.17
      Required ratio:    0.00 (Gate area) 
      Partial area ratio:   21.09
      Required ratio: 3872.32 (Side area) 
      Cumulative area ratio:   76.48
      Required ratio:    0.00 (Cumulative area) 
      Cumulative area ratio:  390.99
      Required ratio:    0.00 (Cumulative side area) 

    Layer: met1
      Partial area ratio:    3.68
      Required ratio:    0.00 (Gate area) 
      Partial area ratio:   19.19
      Required ratio:  400.00 (Side area) 
      Cumulative area ratio:    3.68
      Required ratio:    0.00 (Cumulative area) 
      Cumulative area ratio:   19.19
      Required ratio:    0.00 (Cumulative side area) 

    Via: M1M2_PR
      Partial area ratio:    0.09
      Required ratio:    6.00 (Gate area) 
      Cumulative area ratio:    0.09
      Required ratio:    0.00 (Cumulative area) 

  Pin: _6662_/RESET_B (sky130_fd_sc_hd__dfrtp_1)
    Layer: met2
      Partial area ratio:    4.17
      Required ratio:    0.00 (Gate area) 
      Partial area ratio:   21.09
      Required ratio: 3872.32 (Side area) 
      Cumulative area ratio:   78.32
      Required ratio:    0.00 (Cumulative area) 
      Cumulative area ratio:  400.60
      Required ratio:    0.00 (Cumulative side area) 

    Layer: met1
      Partial area ratio:    5.53
      Required ratio:    0.00 (Gate area) 
      Partial area ratio:   28.80
      Required ratio:  400.00 (Side area) 
      Cumulative area ratio:    5.53
      Required ratio:    0.00 (Cumulative area) 
      Cumulative area ratio:   28.80
      Required ratio:    0.00 (Cumulative side area) 

    Via: M1M2_PR
      Partial area ratio:    0.04
      Required ratio:    6.00 (Gate area) 
      Cumulative area ratio:    0.04
      Required ratio:    0.00 (Cumulative area) 

  Pin: _6664_/RESET_B (sky130_fd_sc_hd__dfrtp_1)
    Layer: met2
      Partial area ratio:    4.17
      Required ratio:    0.00 (Gate area) 
      Partial area ratio:   21.09
      Required ratio: 3872.32 (Side area) 
      Cumulative area ratio:   78.32
      Required ratio:    0.00 (Cumulative area) 
      Cumulative area ratio:  400.60
      Required ratio:    0.00 (Cumulative side area) 

    Layer: met1
      Partial area ratio:    5.53
      Required ratio:    0.00 (Gate area) 
      Partial area ratio:   28.80
      Required ratio:  400.00 (Side area) 
      Cumulative area ratio:    5.53
      Required ratio:    0.00 (Cumulative area) 
      Cumulative area ratio:   28.80
      Required ratio:    0.00 (Cumulative side area) 

    Via: M1M2_PR
      Partial area ratio:    0.04
      Required ratio:    6.00 (Gate area) 
      Cumulative area ratio:    0.04
      Required ratio:    0.00 (Cumulative area) 

  Pin: _7087_/RESET_B (sky130_fd_sc_hd__dfrtp_1)
    Layer: met2
      Partial area ratio:    4.17
      Required ratio:    0.00 (Gate area) 
      Partial area ratio:   21.09
      Required ratio: 3872.32 (Side area) 
      Cumulative area ratio:   72.79
      Required ratio:    0.00 (Cumulative area) 
      Cumulative area ratio:  371.80
      Required ratio:    0.00 (Cumulative side area) 

    Layer: met1
      Partial area ratio:   10.29
      Required ratio:    0.00 (Gate area) 
      Partial area ratio:   53.21
      Required ratio:  400.00 (Side area) 
      Cumulative area ratio:   10.29
      Required ratio:    0.00 (Cumulative area) 
      Cumulative area ratio:   53.21
      Required ratio:    0.00 (Cumulative side area) 

    Via: M1M2_PR
      Partial area ratio:    0.13
      Required ratio:    6.00 (Gate area) 
      Cumulative area ratio:    0.13
      Required ratio:    0.00 (Cumulative area) 

  Pin: _6654_/RESET_B (sky130_fd_sc_hd__dfrtp_1)
    Layer: met2
      Partial area ratio:    4.17
      Required ratio:    0.00 (Gate area) 
      Partial area ratio:   21.09
      Required ratio: 3872.32 (Side area) 
      Cumulative area ratio:   72.79
      Required ratio:    0.00 (Cumulative area) 
      Cumulative area ratio:  371.80
      Required ratio:    0.00 (Cumulative side area) 

    Layer: met1
      Partial area ratio:   10.29
      Required ratio:    0.00 (Gate area) 
      Partial area ratio:   53.21
      Required ratio:  400.00 (Side area) 
      Cumulative area ratio:   10.29
      Required ratio:    0.00 (Cumulative area) 
      Cumulative area ratio:   53.21
      Required ratio:    0.00 (Cumulative side area) 

    Via: M1M2_PR
      Partial area ratio:    0.13
      Required ratio:    6.00 (Gate area) 
      Cumulative area ratio:    0.13
      Required ratio:    0.00 (Cumulative area) 

  Pin: _6663_/RESET_B (sky130_fd_sc_hd__dfrtp_1)
    Layer: met2
      Partial area ratio:    4.17
      Required ratio:    0.00 (Gate area) 
      Partial area ratio:   21.09
      Required ratio: 3872.32 (Side area) 
      Cumulative area ratio:   62.50
      Required ratio:    0.00 (Cumulative area) 
      Cumulative area ratio:  318.59
      Required ratio:    0.00 (Cumulative side area) 

    Layer: met1
      Partial area ratio:   12.48
      Required ratio:    0.00 (Gate area) 
      Partial area ratio:   63.93
      Required ratio:  400.00 (Side area) 
      Cumulative area ratio:   12.48
      Required ratio:    0.00 (Cumulative area) 
      Cumulative area ratio:   63.93
      Required ratio:    0.00 (Cumulative side area) 

    Via: M1M2_PR
      Partial area ratio:    0.07
      Required ratio:    6.00 (Gate area) 
      Cumulative area ratio:    0.07
      Required ratio:    0.00 (Cumulative area) 

  Pin: _7093_/RESET_B (sky130_fd_sc_hd__dfrtp_1)
    Layer: met2
      Partial area ratio:    4.17
      Required ratio:    0.00 (Gate area) 
      Partial area ratio:   21.09
      Required ratio: 3872.32 (Side area) 
      Cumulative area ratio:   68.24
      Required ratio:    0.00 (Cumulative area) 
      Cumulative area ratio:  348.84
      Required ratio:    0.00 (Cumulative side area) 

    Layer: met1
      Partial area ratio:    5.74
      Required ratio:    0.00 (Gate area) 
      Partial area ratio:   30.24
      Required ratio:  400.00 (Side area) 
      Cumulative area ratio:    5.74
      Required ratio:    0.00 (Cumulative area) 
      Cumulative area ratio:   30.24
      Required ratio:    0.00 (Cumulative side area) 

    Via: M1M2_PR
      Partial area ratio:    0.09
      Required ratio:    6.00 (Gate area) 
      Cumulative area ratio:    0.09
      Required ratio:    0.00 (Cumulative area) 

  Pin: _7092_/SET_B (sky130_fd_sc_hd__dfstp_1)
    Layer: met2
      Partial area ratio:    4.17
      Required ratio:    0.00 (Gate area) 
      Partial area ratio:   21.09
      Required ratio: 3872.32 (Side area) 
      Cumulative area ratio:   64.96
      Required ratio:    0.00 (Cumulative area) 
      Cumulative area ratio:  331.67
      Required ratio:    0.00 (Cumulative side area) 

    Layer: met1
      Partial area ratio:    2.46
      Required ratio:    0.00 (Gate area) 
      Partial area ratio:   13.08
      Required ratio:  400.00 (Side area) 
      Cumulative area ratio:    2.46
      Required ratio:    0.00 (Cumulative area) 
      Cumulative area ratio:   13.08
      Required ratio:    0.00 (Cumulative side area) 

    Via: M1M2_PR
      Partial area ratio:    0.09
      Required ratio:    6.00 (Gate area) 
      Cumulative area ratio:    0.09
      Required ratio:    0.00 (Cumulative area) 

  Pin: _7091_/RESET_B (sky130_fd_sc_hd__dfrtp_2)
    Layer: met2
      Partial area ratio:    4.17
      Required ratio:    0.00 (Gate area) 
      Partial area ratio:   21.09
      Required ratio: 3872.32 (Side area) 
      Cumulative area ratio:   62.50
      Required ratio:    0.00 (Cumulative area) 
      Cumulative area ratio:  318.59
      Required ratio:    0.00 (Cumulative side area) 

    Layer: met1
      Partial area ratio:   12.48
      Required ratio:    0.00 (Gate area) 
      Partial area ratio:   63.93
      Required ratio:  400.00 (Side area) 
      Cumulative area ratio:   12.48
      Required ratio:    0.00 (Cumulative area) 
      Cumulative area ratio:   63.93
      Required ratio:    0.00 (Cumulative side area) 

    Via: M1M2_PR
      Partial area ratio:    0.07
      Required ratio:    6.00 (Gate area) 
      Cumulative area ratio:    0.07
      Required ratio:    0.00 (Cumulative area) 

  Pin: _7094_/RESET_B (sky130_fd_sc_hd__dfrtp_1)
    Layer: met2
      Partial area ratio:    4.17
      Required ratio:    0.00 (Gate area) 
      Partial area ratio:   21.09
      Required ratio: 3872.32 (Side area) 
      Cumulative area ratio:   62.50
      Required ratio:    0.00 (Cumulative area) 
      Cumulative area ratio:  318.59
      Required ratio:    0.00 (Cumulative side area) 

    Layer: met1
      Partial area ratio:   12.48
      Required ratio:    0.00 (Gate area) 
      Partial area ratio:   63.93
      Required ratio:  400.00 (Side area) 
      Cumulative area ratio:   12.48
      Required ratio:    0.00 (Cumulative area) 
      Cumulative area ratio:   63.93
      Required ratio:    0.00 (Cumulative side area) 

    Via: M1M2_PR
      Partial area ratio:    0.07
      Required ratio:    6.00 (Gate area) 
      Cumulative area ratio:    0.07
      Required ratio:    0.00 (Cumulative area) 

  Pin: _7088_/SET_B (sky130_fd_sc_hd__dfstp_1)
    Layer: met2
      Partial area ratio:    4.17
      Required ratio:    0.00 (Gate area) 
      Partial area ratio:   21.09
      Required ratio: 3872.32 (Side area) 
      Cumulative area ratio:   50.03
      Required ratio:    0.00 (Cumulative area) 
      Cumulative area ratio:  254.66
      Required ratio:    0.00 (Cumulative side area) 

    Layer: met1
      Partial area ratio:   14.03
      Required ratio:    0.00 (Gate area) 
      Partial area ratio:   72.07
      Required ratio:  400.00 (Side area) 
      Cumulative area ratio:   14.03
      Required ratio:    0.00 (Cumulative area) 
      Cumulative area ratio:   72.07
      Required ratio:    0.00 (Cumulative side area) 

    Via: M1M2_PR
      Partial area ratio:    0.18
      Required ratio:    6.00 (Gate area) 
      Cumulative area ratio:    0.18
      Required ratio:    0.00 (Cumulative area) 

  Pin: _7090_/RESET_B (sky130_fd_sc_hd__dfrtp_2)
    Layer: met2
      Partial area ratio:    4.17
      Required ratio:    0.00 (Gate area) 
      Partial area ratio:   21.09
      Required ratio: 3872.32 (Side area) 
      Cumulative area ratio:   36.00
      Required ratio:    0.00 (Cumulative area) 
      Cumulative area ratio:  182.59
      Required ratio:    0.00 (Cumulative side area) 

    Layer: met1
      Partial area ratio:   27.63
      Required ratio:    0.00 (Gate area) 
      Partial area ratio:  139.53
      Required ratio:  400.00 (Side area) 
      Cumulative area ratio:   27.63
      Required ratio:    0.00 (Cumulative area) 
      Cumulative area ratio:  139.53
      Required ratio:    0.00 (Cumulative side area) 

    Via: M1M2_PR
      Partial area ratio:    0.09
      Required ratio:    6.00 (Gate area) 
      Cumulative area ratio:    0.09
      Required ratio:    0.00 (Cumulative area) 

  Pin: _6914_/RESET_B (sky130_fd_sc_hd__dfrtp_1)
    Layer: met2
      Partial area ratio:    4.17
      Required ratio:    0.00 (Gate area) 
      Partial area ratio:   21.09
      Required ratio: 3872.32 (Side area) 
      Cumulative area ratio:   36.00
      Required ratio:    0.00 (Cumulative area) 
      Cumulative area ratio:  182.59
      Required ratio:    0.00 (Cumulative side area) 

    Layer: met1
      Partial area ratio:   27.63
      Required ratio:    0.00 (Gate area) 
      Partial area ratio:  139.53
      Required ratio:  400.00 (Side area) 
      Cumulative area ratio:   27.63
      Required ratio:    0.00 (Cumulative area) 
      Cumulative area ratio:  139.53
      Required ratio:    0.00 (Cumulative side area) 

    Via: M1M2_PR
      Partial area ratio:    0.09
      Required ratio:    6.00 (Gate area) 
      Cumulative area ratio:    0.09
      Required ratio:    0.00 (Cumulative area) 

  Pin: _6909_/RESET_B (sky130_fd_sc_hd__dfrtp_1)
    Layer: met2
      Partial area ratio:    4.17
      Required ratio:    0.00 (Gate area) 
      Partial area ratio:   21.09
      Required ratio: 3872.32 (Side area) 
      Cumulative area ratio:    8.37
      Required ratio:    0.00 (Cumulative area) 
      Cumulative area ratio:   43.06
      Required ratio:    0.00 (Cumulative side area) 

    Layer: met1
      Partial area ratio:    4.20
      Required ratio:    0.00 (Gate area) 
      Partial area ratio:   21.98
      Required ratio:  400.00 (Side area) 
      Cumulative area ratio:    4.20
      Required ratio:    0.00 (Cumulative area) 
      Cumulative area ratio:   21.98
      Required ratio:    0.00 (Cumulative side area) 

    Via: M1M2_PR
      Partial area ratio:    0.04
      Required ratio:    6.00 (Gate area) 
      Cumulative area ratio:    0.04
      Required ratio:    0.00 (Cumulative area) 

  Pin: _6910_/RESET_B (sky130_fd_sc_hd__dfrtp_1)
    Layer: met2
      Partial area ratio:    4.17
      Required ratio:    0.00 (Gate area) 
      Partial area ratio:   21.09
      Required ratio: 3872.32 (Side area) 
      Cumulative area ratio:    8.37
      Required ratio:    0.00 (Cumulative area) 
      Cumulative area ratio:   43.06
      Required ratio:    0.00 (Cumulative side area) 

    Layer: met1
      Partial area ratio:    4.20
      Required ratio:    0.00 (Gate area) 
      Partial area ratio:   21.98
      Required ratio:  400.00 (Side area) 
      Cumulative area ratio:    4.20
      Required ratio:    0.00 (Cumulative area) 
      Cumulative area ratio:   21.98
      Required ratio:    0.00 (Cumulative side area) 

    Via: M1M2_PR
      Partial area ratio:    0.04
      Required ratio:    6.00 (Gate area) 
      Cumulative area ratio:    0.04
      Required ratio:    0.00 (Cumulative area) 

  Pin: max_cap947/A (sky130_fd_sc_hd__clkbuf_16)
    Layer: met2
      Partial area ratio:    4.17
      Required ratio:    0.00 (Gate area) 
      Partial area ratio:   21.09
      Required ratio: 3872.32 (Side area) 
      Cumulative area ratio:    8.37
      Required ratio:    0.00 (Cumulative area) 
      Cumulative area ratio:   43.06
      Required ratio:    0.00 (Cumulative side area) 

    Layer: met1
      Partial area ratio:    4.20
      Required ratio:    0.00 (Gate area) 
      Partial area ratio:   21.98
      Required ratio:  400.00 (Side area) 
      Cumulative area ratio:    4.20
      Required ratio:    0.00 (Cumulative area) 
      Cumulative area ratio:   21.98
      Required ratio:    0.00 (Cumulative side area) 

    Layer: li1
      Partial area ratio:    0.00
      Required ratio:    0.00 (Gate area) 
      Partial area ratio:    0.00
      Required ratio:   75.00 (Side area) 
      Cumulative area ratio:    0.00
      Required ratio:    0.00 (Cumulative area) 
      Cumulative area ratio:    0.00
      Required ratio:    0.00 (Cumulative side area) 

    Via: M1M2_PR
      Partial area ratio:    0.04
      Required ratio:    6.00 (Gate area) 
      Cumulative area ratio:    0.08
      Required ratio:    0.00 (Cumulative area) 

    Via: L1M1_PR
      Partial area ratio:    0.03
      Required ratio:    3.00 (Gate area) 
      Cumulative area ratio:    0.03
      Required ratio:    0.00 (Cumulative area) 


[INFO ANT-0002] Found 121 net violations.
[INFO ANT-0001] Found 141 pin violations.
