
 /----------------------------------------------------------------------------\
 |                                                                            |
 |  yosys -- Yosys Open SYnthesis Suite                                       |
 |                                                                            |
 |  Copyright (C) 2012 - 2020  Claire Xenia Wolf <claire@yosyshq.com>         |
 |                                                                            |
 |  Permission to use, copy, modify, and/or distribute this software for any  |
 |  purpose with or without fee is hereby granted, provided that the above    |
 |  copyright notice and this permission notice appear in all copies.         |
 |                                                                            |
 |  THE SOFTWARE IS PROVIDED "AS IS" AND THE AUTHOR DISCLAIMS ALL WARRANTIES  |
 |  WITH REGARD TO THIS SOFTWARE INCLUDING ALL IMPLIED WARRANTIES OF          |
 |  MERCHANTABILITY AND FITNESS. IN NO EVENT SHALL THE AUTHOR BE LIABLE FOR   |
 |  ANY SPECIAL, DIRECT, INDIRECT, OR CONSEQUENTIAL DAMAGES OR ANY DAMAGES    |
 |  WHATSOEVER RESULTING FROM LOSS OF USE, DATA OR PROFITS, WHETHER IN AN     |
 |  ACTION OF CONTRACT, NEGLIGENCE OR OTHER TORTIOUS ACTION, ARISING OUT OF   |
 |  OR IN CONNECTION WITH THE USE OR PERFORMANCE OF THIS SOFTWARE.            |
 |                                                                            |
 \----------------------------------------------------------------------------/

 Yosys 0.38 (git sha1 543faed9c8c, clang++ 16.0.6 -fPIC -Os)

Loaded SDC plugin
[TCL: yosys -import] Command name collision: found pre-existing command `cd' -> skip.
[TCL: yosys -import] Command name collision: found pre-existing command `eval' -> skip.
[TCL: yosys -import] Command name collision: found pre-existing command `exec' -> skip.
[TCL: yosys -import] Command name collision: found pre-existing command `read' -> skip.
[TCL: yosys -import] Command name collision: found pre-existing command `trace' -> skip.

1. Executing Liberty frontend: /.volare/volare/sky130/versions/bdc9412b3e468c102d01b7cf6337be06ec6e9c9a/sky130A/libs.ref/sky130_fd_sc_hd/lib/sky130_fd_sc_hd__tt_025C_1v80.lib
Imported 428 cell types from liberty file.

2. Executing Verilog-2005 frontend: /work/openlane/axi4lite_arbiter_top_sv2v.v
Parsing SystemVerilog input from `/work/openlane/axi4lite_arbiter_top_sv2v.v' to AST representation.
Generating RTLIL representation for module `\axi4lite_address_decoder'.
Generating RTLIL representation for module `\axi4lite_qos_scheduler'.
Generating RTLIL representation for module `\axi4lite_response_router'.
Generating RTLIL representation for module `\axi4lite_write_arbiter'.
Generating RTLIL representation for module `\axi4lite_read_arbiter'.
Generating RTLIL representation for module `\axi4lite_arbiter_top'.
Successfully finished Verilog frontend.

3. Executing HIERARCHY pass (managing design hierarchy).

3.1. Analyzing design hierarchy..
Top module:  \axi4lite_arbiter_top
Used module:     \axi4lite_response_router
Used module:     \axi4lite_read_arbiter
Used module:         \axi4lite_address_decoder
Used module:         \axi4lite_qos_scheduler
Used module:     \axi4lite_write_arbiter
Parameter \ADDR_WIDTH = 32
Parameter \S0_BASE = 0
Parameter \S0_SIZE = 65536
Parameter \S1_BASE = 65536
Parameter \S1_SIZE = 65536

3.2. Executing AST frontend in derive mode using pre-parsed AST for module `\axi4lite_address_decoder'.
Parameter \ADDR_WIDTH = 32
Parameter \S0_BASE = 0
Parameter \S0_SIZE = 65536
Parameter \S1_BASE = 65536
Parameter \S1_SIZE = 65536
Generating RTLIL representation for module `$paramod$8607e6e28e9a0ecf78b5ef5ea17d8b714c8188a1\axi4lite_address_decoder'.
Parameter \NUM_MASTERS = 4

3.3. Executing AST frontend in derive mode using pre-parsed AST for module `\axi4lite_qos_scheduler'.
Parameter \NUM_MASTERS = 4
Generating RTLIL representation for module `$paramod\axi4lite_qos_scheduler\NUM_MASTERS=s32'00000000000000000000000000000100'.
Parameter \ADDR_WIDTH = 32
Parameter \S0_BASE = 0
Parameter \S0_SIZE = 65536
Parameter \S1_BASE = 65536
Parameter \S1_SIZE = 65536
Found cached RTLIL representation for module `$paramod$8607e6e28e9a0ecf78b5ef5ea17d8b714c8188a1\axi4lite_address_decoder'.
Parameter \NUM_MASTERS = 4
Found cached RTLIL representation for module `$paramod\axi4lite_qos_scheduler\NUM_MASTERS=s32'00000000000000000000000000000100'.
Parameter \NUM_MASTERS = 4
Parameter \NUM_SLAVES = 2
Parameter \DATA_WIDTH = 32

3.4. Executing AST frontend in derive mode using pre-parsed AST for module `\axi4lite_response_router'.
Parameter \NUM_MASTERS = 4
Parameter \NUM_SLAVES = 2
Parameter \DATA_WIDTH = 32
Generating RTLIL representation for module `$paramod$b358acc07f1df1ca7668b3eda652fc0a3794bba8\axi4lite_response_router'.
Parameter \NUM_MASTERS = 4
Parameter \NUM_SLAVES = 2
Parameter \ADDR_WIDTH = 32
Parameter \S0_BASE = 0
Parameter \S0_SIZE = 65536
Parameter \S1_BASE = 65536
Parameter \S1_SIZE = 65536

3.5. Executing AST frontend in derive mode using pre-parsed AST for module `\axi4lite_read_arbiter'.
Parameter \NUM_MASTERS = 4
Parameter \NUM_SLAVES = 2
Parameter \ADDR_WIDTH = 32
Parameter \S0_BASE = 0
Parameter \S0_SIZE = 65536
Parameter \S1_BASE = 65536
Parameter \S1_SIZE = 65536
Generating RTLIL representation for module `$paramod$81ce42896b6420f5b5e2661c2ae9db4347cc4ddf\axi4lite_read_arbiter'.
Parameter \NUM_MASTERS = 4
Parameter \NUM_SLAVES = 2
Parameter \ADDR_WIDTH = 32
Parameter \DATA_WIDTH = 32
Parameter \STRB_WIDTH = 4
Parameter \S0_BASE = 0
Parameter \S0_SIZE = 65536
Parameter \S1_BASE = 65536
Parameter \S1_SIZE = 65536

3.6. Executing AST frontend in derive mode using pre-parsed AST for module `\axi4lite_write_arbiter'.
Parameter \NUM_MASTERS = 4
Parameter \NUM_SLAVES = 2
Parameter \ADDR_WIDTH = 32
Parameter \DATA_WIDTH = 32
Parameter \STRB_WIDTH = 4
Parameter \S0_BASE = 0
Parameter \S0_SIZE = 65536
Parameter \S1_BASE = 65536
Parameter \S1_SIZE = 65536
Generating RTLIL representation for module `$paramod$70e768f93198a4a8c4f7d958f2c0abe528626c73\axi4lite_write_arbiter'.

3.7. Analyzing design hierarchy..
Top module:  \axi4lite_arbiter_top
Used module:     $paramod$b358acc07f1df1ca7668b3eda652fc0a3794bba8\axi4lite_response_router
Used module:     $paramod$81ce42896b6420f5b5e2661c2ae9db4347cc4ddf\axi4lite_read_arbiter
Used module:         \axi4lite_address_decoder
Used module:         \axi4lite_qos_scheduler
Used module:     $paramod$70e768f93198a4a8c4f7d958f2c0abe528626c73\axi4lite_write_arbiter
Parameter \ADDR_WIDTH = 32
Parameter \S0_BASE = 0
Parameter \S0_SIZE = 65536
Parameter \S1_BASE = 65536
Parameter \S1_SIZE = 65536
Found cached RTLIL representation for module `$paramod$8607e6e28e9a0ecf78b5ef5ea17d8b714c8188a1\axi4lite_address_decoder'.
Parameter \NUM_MASTERS = 4
Found cached RTLIL representation for module `$paramod\axi4lite_qos_scheduler\NUM_MASTERS=s32'00000000000000000000000000000100'.
Parameter \ADDR_WIDTH = 32
Parameter \S0_BASE = 0
Parameter \S0_SIZE = 65536
Parameter \S1_BASE = 65536
Parameter \S1_SIZE = 65536
Found cached RTLIL representation for module `$paramod$8607e6e28e9a0ecf78b5ef5ea17d8b714c8188a1\axi4lite_address_decoder'.
Parameter \NUM_MASTERS = 4
Found cached RTLIL representation for module `$paramod\axi4lite_qos_scheduler\NUM_MASTERS=s32'00000000000000000000000000000100'.

3.8. Analyzing design hierarchy..
Top module:  \axi4lite_arbiter_top
Used module:     $paramod$b358acc07f1df1ca7668b3eda652fc0a3794bba8\axi4lite_response_router
Used module:     $paramod$81ce42896b6420f5b5e2661c2ae9db4347cc4ddf\axi4lite_read_arbiter
Used module:         $paramod$8607e6e28e9a0ecf78b5ef5ea17d8b714c8188a1\axi4lite_address_decoder
Used module:         $paramod\axi4lite_qos_scheduler\NUM_MASTERS=s32'00000000000000000000000000000100
Used module:     $paramod$70e768f93198a4a8c4f7d958f2c0abe528626c73\axi4lite_write_arbiter

3.9. Analyzing design hierarchy..
Top module:  \axi4lite_arbiter_top
Used module:     $paramod$b358acc07f1df1ca7668b3eda652fc0a3794bba8\axi4lite_response_router
Used module:     $paramod$81ce42896b6420f5b5e2661c2ae9db4347cc4ddf\axi4lite_read_arbiter
Used module:         $paramod$8607e6e28e9a0ecf78b5ef5ea17d8b714c8188a1\axi4lite_address_decoder
Used module:         $paramod\axi4lite_qos_scheduler\NUM_MASTERS=s32'00000000000000000000000000000100
Used module:     $paramod$70e768f93198a4a8c4f7d958f2c0abe528626c73\axi4lite_write_arbiter
Removing unused module `\axi4lite_read_arbiter'.
Removing unused module `\axi4lite_write_arbiter'.
Removing unused module `\axi4lite_response_router'.
Removing unused module `\axi4lite_qos_scheduler'.
Removing unused module `\axi4lite_address_decoder'.
Removed 5 unused modules.

4. Generating Graphviz representation of design.
Writing dot description to `/work/openlane/runs/RUN_2026-08-29_00-36-26/06-yosys-synthesis/hierarchy.dot'.
Dumping module axi4lite_arbiter_top to page 1.
Renaming module axi4lite_arbiter_top to axi4lite_arbiter_top.

5. Executing TRIBUF pass.

6. Executing HIERARCHY pass (managing design hierarchy).

6.1. Analyzing design hierarchy..
Top module:  \axi4lite_arbiter_top
Used module:     $paramod$b358acc07f1df1ca7668b3eda652fc0a3794bba8\axi4lite_response_router
Used module:     $paramod$81ce42896b6420f5b5e2661c2ae9db4347cc4ddf\axi4lite_read_arbiter
Used module:         $paramod$8607e6e28e9a0ecf78b5ef5ea17d8b714c8188a1\axi4lite_address_decoder
Used module:         $paramod\axi4lite_qos_scheduler\NUM_MASTERS=s32'00000000000000000000000000000100
Used module:     $paramod$70e768f93198a4a8c4f7d958f2c0abe528626c73\axi4lite_write_arbiter

6.2. Analyzing design hierarchy..
Top module:  \axi4lite_arbiter_top
Used module:     $paramod$b358acc07f1df1ca7668b3eda652fc0a3794bba8\axi4lite_response_router
Used module:     $paramod$81ce42896b6420f5b5e2661c2ae9db4347cc4ddf\axi4lite_read_arbiter
Used module:         $paramod$8607e6e28e9a0ecf78b5ef5ea17d8b714c8188a1\axi4lite_address_decoder
Used module:         $paramod\axi4lite_qos_scheduler\NUM_MASTERS=s32'00000000000000000000000000000100
Used module:     $paramod$70e768f93198a4a8c4f7d958f2c0abe528626c73\axi4lite_write_arbiter
Removed 0 unused modules.

7. Executing PROC_CLEAN pass (remove empty switches from decision trees).
Found and cleaned up 2 empty switches in `\axi4lite_arbiter_top.$proc$/work/openlane/axi4lite_arbiter_top_sv2v.v:0$523'.
Removing empty process `axi4lite_arbiter_top.$proc$/work/openlane/axi4lite_arbiter_top_sv2v.v:0$523'.
Cleaned up 2 empty switches.

8. Executing PROC_RMDEAD pass (remove dead branches from decision trees).
Marked 3 switch rules as full_case in process $proc$/work/openlane/axi4lite_arbiter_top_sv2v.v:815$1028 in module $paramod$70e768f93198a4a8c4f7d958f2c0abe528626c73\axi4lite_write_arbiter.
Marked 3 switch rules as full_case in process $proc$/work/openlane/axi4lite_arbiter_top_sv2v.v:798$1024 in module $paramod$70e768f93198a4a8c4f7d958f2c0abe528626c73\axi4lite_write_arbiter.
Removed 1 dead cases from process $proc$/work/openlane/axi4lite_arbiter_top_sv2v.v:722$958 in module $paramod$70e768f93198a4a8c4f7d958f2c0abe528626c73\axi4lite_write_arbiter.
Marked 13 switch rules as full_case in process $proc$/work/openlane/axi4lite_arbiter_top_sv2v.v:722$958 in module $paramod$70e768f93198a4a8c4f7d958f2c0abe528626c73\axi4lite_write_arbiter.
Marked 1 switch rules as full_case in process $proc$/work/openlane/axi4lite_arbiter_top_sv2v.v:683$901 in module $paramod$70e768f93198a4a8c4f7d958f2c0abe528626c73\axi4lite_write_arbiter.
Marked 3 switch rules as full_case in process $proc$/work/openlane/axi4lite_arbiter_top_sv2v.v:1000$890 in module $paramod$81ce42896b6420f5b5e2661c2ae9db4347cc4ddf\axi4lite_read_arbiter.
Marked 4 switch rules as full_case in process $proc$/work/openlane/axi4lite_arbiter_top_sv2v.v:989$855 in module $paramod$81ce42896b6420f5b5e2661c2ae9db4347cc4ddf\axi4lite_read_arbiter.
Marked 4 switch rules as full_case in process $proc$/work/openlane/axi4lite_arbiter_top_sv2v.v:950$846 in module $paramod$81ce42896b6420f5b5e2661c2ae9db4347cc4ddf\axi4lite_read_arbiter.
Marked 2 switch rules as full_case in process $proc$/work/openlane/axi4lite_arbiter_top_sv2v.v:943$845 in module $paramod$81ce42896b6420f5b5e2661c2ae9db4347cc4ddf\axi4lite_read_arbiter.
Marked 1 switch rules as full_case in process $proc$/work/openlane/axi4lite_arbiter_top_sv2v.v:925$841 in module $paramod$81ce42896b6420f5b5e2661c2ae9db4347cc4ddf\axi4lite_read_arbiter.
Removed 3 dead cases from process $proc$/work/openlane/axi4lite_arbiter_top_sv2v.v:528$781 in module $paramod$b358acc07f1df1ca7668b3eda652fc0a3794bba8\axi4lite_response_router.
Marked 13 switch rules as full_case in process $proc$/work/openlane/axi4lite_arbiter_top_sv2v.v:528$781 in module $paramod$b358acc07f1df1ca7668b3eda652fc0a3794bba8\axi4lite_response_router.
Removed 3 dead cases from process $proc$/work/openlane/axi4lite_arbiter_top_sv2v.v:493$743 in module $paramod$b358acc07f1df1ca7668b3eda652fc0a3794bba8\axi4lite_response_router.
Marked 10 switch rules as full_case in process $proc$/work/openlane/axi4lite_arbiter_top_sv2v.v:493$743 in module $paramod$b358acc07f1df1ca7668b3eda652fc0a3794bba8\axi4lite_response_router.
Marked 2 switch rules as full_case in process $proc$/work/openlane/axi4lite_arbiter_top_sv2v.v:421$708 in module $paramod\axi4lite_qos_scheduler\NUM_MASTERS=s32'00000000000000000000000000000100.
Marked 8 switch rules as full_case in process $proc$/work/openlane/axi4lite_arbiter_top_sv2v.v:350$672 in module $paramod\axi4lite_qos_scheduler\NUM_MASTERS=s32'00000000000000000000000000000100.
Marked 44 switch rules as full_case in process $proc$/work/openlane/axi4lite_arbiter_top_sv2v.v:171$643 in module $paramod\axi4lite_qos_scheduler\NUM_MASTERS=s32'00000000000000000000000000000100.
Marked 5 switch rules as full_case in process $proc$/work/openlane/axi4lite_arbiter_top_sv2v.v:137$635 in module $paramod\axi4lite_qos_scheduler\NUM_MASTERS=s32'00000000000000000000000000000100.
Marked 4 switch rules as full_case in process $proc$/work/openlane/axi4lite_arbiter_top_sv2v.v:22$534 in module $paramod$8607e6e28e9a0ecf78b5ef5ea17d8b714c8188a1\axi4lite_address_decoder.
Removed a total of 7 dead cases.

9. Executing PROC_PRUNE pass (remove redundant assignments in processes).
Removed 2 redundant assignments.
Promoted 115 assignments to connections.

10. Executing PROC_INIT pass (extract init attributes).

11. Executing PROC_ARST pass (detect async resets in processes).
Found async reset \aresetn in `$paramod$70e768f93198a4a8c4f7d958f2c0abe528626c73\axi4lite_write_arbiter.$proc$/work/openlane/axi4lite_arbiter_top_sv2v.v:722$958'.
Found async reset \aresetn in `$paramod$81ce42896b6420f5b5e2661c2ae9db4347cc4ddf\axi4lite_read_arbiter.$proc$/work/openlane/axi4lite_arbiter_top_sv2v.v:950$846'.
Found async reset \aresetn in `$paramod\axi4lite_qos_scheduler\NUM_MASTERS=s32'00000000000000000000000000000100.$proc$/work/openlane/axi4lite_arbiter_top_sv2v.v:350$672'.

12. Executing PROC_ROM pass (convert switches to ROMs).
Converted 0 switches.
<suppressed ~132 debug messages>

13. Executing PROC_MUX pass (convert decision trees to multiplexers).
Creating decoders for process `$paramod$70e768f93198a4a8c4f7d958f2c0abe528626c73\axi4lite_write_arbiter.$proc$/work/openlane/axi4lite_arbiter_top_sv2v.v:815$1028'.
     1/4: $1\m_axi_wvalid[1:0] [1]
     2/4: $2\m_axi_wvalid[0:0]
     3/4: $1\m_axi_wvalid[1:0] [0]
     4/4: $3\m_axi_wvalid[1:1]
Creating decoders for process `$paramod$70e768f93198a4a8c4f7d958f2c0abe528626c73\axi4lite_write_arbiter.$proc$/work/openlane/axi4lite_arbiter_top_sv2v.v:798$1024'.
     1/4: $1\m_axi_awvalid[1:0] [1]
     2/4: $2\m_axi_awvalid[0:0]
     3/4: $1\m_axi_awvalid[1:0] [0]
     4/4: $3\m_axi_awvalid[1:1]
Creating decoders for process `$paramod$70e768f93198a4a8c4f7d958f2c0abe528626c73\axi4lite_write_arbiter.$proc$/work/openlane/axi4lite_arbiter_top_sv2v.v:722$958'.
     1/48: $7$lookahead\w_buf_valid$957[3:0]$1009
     2/48: $3$bitselwrite$pos$/work/openlane/axi4lite_arbiter_top_sv2v.v:791$900[1:0]$1007
     3/48: $7$lookahead\aw_buf_valid$956[3:0]$1008
     4/48: $3$bitselwrite$pos$/work/openlane/axi4lite_arbiter_top_sv2v.v:790$899[1:0]$1006
     5/48: $6$lookahead\w_buf_valid$957[3:0]$987
     6/48: $6$lookahead\aw_buf_valid$956[3:0]$986
     7/48: $2$bitselwrite$pos$/work/openlane/axi4lite_arbiter_top_sv2v.v:791$900[1:0]$985
     8/48: $2$bitselwrite$pos$/work/openlane/axi4lite_arbiter_top_sv2v.v:790$899[1:0]$984
     9/48: $5$lookahead\w_buf_valid$957[3:3]$983
    10/48: $0\w_buf_strb[15:0] [15:12]
    11/48: $0\w_buf_strb[15:0] [11:8]
    12/48: $0\w_buf_data[127:0] [95:64]
    13/48: $0\w_buf_data[127:0] [127:96]
    14/48: $0\w_buf_strb[15:0] [7:4]
    15/48: $0\w_buf_data[127:0] [63:32]
    16/48: $4$lookahead\w_buf_valid$957[2:2]$981
    17/48: $0\w_buf_strb[15:0] [3:0]
    18/48: $0\w_buf_data[127:0] [31:0]
    19/48: $5$lookahead\aw_buf_valid$956[3:3]$975
    20/48: $0\aw_buf_prot[11:0] [11:9]
    21/48: $0\aw_buf_prot[11:0] [8:6]
    22/48: $0\aw_buf_addr[127:0] [95:64]
    23/48: $0\aw_buf_addr[127:0] [127:96]
    24/48: $0\aw_buf_prot[11:0] [5:3]
    25/48: $0\aw_buf_addr[127:0] [63:32]
    26/48: $4$lookahead\aw_buf_valid$956[2:2]$973
    27/48: $0\aw_buf_prot[11:0] [2:0]
    28/48: $0\aw_buf_addr[127:0] [31:0]
    29/48: $1$lookahead\w_buf_valid$957[3:0]$967
    30/48: $1$lookahead\aw_buf_valid$956[3:0]$966
    31/48: $1$bitselwrite$pos$/work/openlane/axi4lite_arbiter_top_sv2v.v:791$900[1:0]$965
    32/48: $1$bitselwrite$pos$/work/openlane/axi4lite_arbiter_top_sv2v.v:790$899[1:0]$964
    33/48: $1\sv2v_autoblock_6.m[31:0]
    34/48: $1\sv2v_autoblock_5.m[31:0]
    35/48: $0\arb_tx_done[0:0]
    36/48: $1\sv2v_autoblock_4.m[31:0]
    37/48: $0\latched_wstrb[3:0]
    38/48: $0\latched_wdata[31:0]
    39/48: $0\latched_prot[2:0]
    40/48: $0\latched_addr[31:0]
    41/48: $0\target_invalid_r[0:0]
    42/48: $0\target_slave_r[1:0]
    43/48: $0\owner_id_r[1:0]
    44/48: $0\w_state[1:0]
    45/48: $3$lookahead\w_buf_valid$957[1:1]$979
    46/48: $2$lookahead\w_buf_valid$957[0:0]$977
    47/48: $3$lookahead\aw_buf_valid$956[1:1]$971
    48/48: $2$lookahead\aw_buf_valid$956[0:0]$969
Creating decoders for process `$paramod$70e768f93198a4a8c4f7d958f2c0abe528626c73\axi4lite_write_arbiter.$proc$/work/openlane/axi4lite_arbiter_top_sv2v.v:717$943'.
Creating decoders for process `$paramod$70e768f93198a4a8c4f7d958f2c0abe528626c73\axi4lite_write_arbiter.$proc$/work/openlane/axi4lite_arbiter_top_sv2v.v:709$918'.
Creating decoders for process `$paramod$70e768f93198a4a8c4f7d958f2c0abe528626c73\axi4lite_write_arbiter.$proc$/work/openlane/axi4lite_arbiter_top_sv2v.v:704$905'.
Creating decoders for process `$paramod$70e768f93198a4a8c4f7d958f2c0abe528626c73\axi4lite_write_arbiter.$proc$/work/openlane/axi4lite_arbiter_top_sv2v.v:683$901'.
     1/1: $1\decode_addr[31:0]
Creating decoders for process `$paramod$81ce42896b6420f5b5e2661c2ae9db4347cc4ddf\axi4lite_read_arbiter.$proc$/work/openlane/axi4lite_arbiter_top_sv2v.v:1000$890'.
     1/4: $1\m_axi_arvalid[1:0] [1]
     2/4: $2\m_axi_arvalid[0:0]
     3/4: $1\m_axi_arvalid[1:0] [0]
     4/4: $3\m_axi_arvalid[1:1]
Creating decoders for process `$paramod$81ce42896b6420f5b5e2661c2ae9db4347cc4ddf\axi4lite_read_arbiter.$proc$/work/openlane/axi4lite_arbiter_top_sv2v.v:989$855'.
     1/13: $4\s_axi_arready[3:0]
     2/13: $4$bitselwrite$pos$/work/openlane/axi4lite_arbiter_top_sv2v.v:997$840[1:0]$882
     3/13: $3\s_axi_arready[3:0]
     4/13: $3$bitselwrite$pos$/work/openlane/axi4lite_arbiter_top_sv2v.v:995$839[1:0]$873
     5/13: $3$bitselwrite$pos$/work/openlane/axi4lite_arbiter_top_sv2v.v:997$840[1:0]$874
     6/13: $2\s_axi_arready[3:0]
     7/13: $2$bitselwrite$pos$/work/openlane/axi4lite_arbiter_top_sv2v.v:993$838[1:0]$863
     8/13: $2$bitselwrite$pos$/work/openlane/axi4lite_arbiter_top_sv2v.v:997$840[1:0]$865
     9/13: $2$bitselwrite$pos$/work/openlane/axi4lite_arbiter_top_sv2v.v:995$839[1:0]$864
    10/13: $1$bitselwrite$pos$/work/openlane/axi4lite_arbiter_top_sv2v.v:997$840[1:0]$862
    11/13: $1$bitselwrite$pos$/work/openlane/axi4lite_arbiter_top_sv2v.v:995$839[1:0]$861
    12/13: $1$bitselwrite$pos$/work/openlane/axi4lite_arbiter_top_sv2v.v:993$838[1:0]$860
    13/13: $1\s_axi_arready[3:0]
Creating decoders for process `$paramod$81ce42896b6420f5b5e2661c2ae9db4347cc4ddf\axi4lite_read_arbiter.$proc$/work/openlane/axi4lite_arbiter_top_sv2v.v:950$846'.
     1/7: $0\arb_tx_done[0:0]
     2/7: $0\r_state[1:0]
     3/7: $0\latched_prot[2:0]
     4/7: $0\latched_addr[31:0]
     5/7: $0\target_invalid_r[0:0]
     6/7: $0\target_slave_r[1:0]
     7/7: $0\owner_id_r[1:0]
Creating decoders for process `$paramod$81ce42896b6420f5b5e2661c2ae9db4347cc4ddf\axi4lite_read_arbiter.$proc$/work/openlane/axi4lite_arbiter_top_sv2v.v:943$845'.
     1/2: $2\target_arready[0:0]
     2/2: $1\target_arready[0:0]
Creating decoders for process `$paramod$81ce42896b6420f5b5e2661c2ae9db4347cc4ddf\axi4lite_read_arbiter.$proc$/work/openlane/axi4lite_arbiter_top_sv2v.v:925$841'.
     1/1: $1\decode_addr[31:0]
Creating decoders for process `$paramod$b358acc07f1df1ca7668b3eda652fc0a3794bba8\axi4lite_response_router.$proc$/work/openlane/axi4lite_arbiter_top_sv2v.v:528$781'.
     1/85: $7\m_rresp[7:0] [7:6]
     2/85: $7\m_rresp[7:0] [1:0]
     3/85: $7\m_rresp[7:0] [5:4]
     4/85: $7\m_rresp[7:0] [3:2]
     5/85: $7\m_rdata[127:0] [127:96]
     6/85: $7\m_rdata[127:0] [31:0]
     7/85: $7\m_rdata[127:0] [95:64]
     8/85: $7\m_rdata[127:0] [63:32]
     9/85: $7\m_rvalid[3:0] [2]
    10/85: $7\m_rvalid[3:0] [1]
    11/85: $7\m_rvalid[3:0] [3]
    12/85: $7\m_rvalid[3:0] [0]
    13/85: $4\r_resp_handshake[0:0]
    14/85: $4\s_rready[1:1]
    15/85: $6\m_rresp[7:0]
    16/85: $4$bitselwrite$rvalue$/work/openlane/axi4lite_arbiter_top_sv2v.v:563$742[1:0]$830
    17/85: $6\m_rdata[127:0]
    18/85: $4$bitselwrite$rvalue$/work/openlane/axi4lite_arbiter_top_sv2v.v:562$741[31:0]$829
    19/85: $6\m_rvalid[3:0]
    20/85: $4$bitselwrite$rvalue$/work/openlane/axi4lite_arbiter_top_sv2v.v:561$740[0:0]$828
    21/85: $5\m_rresp[7:0] [7:6]
    22/85: $5\m_rresp[7:0] [1:0]
    23/85: $5\m_rresp[7:0] [5:4]
    24/85: $5\m_rresp[7:0] [3:2]
    25/85: $5\m_rdata[127:0] [127:96]
    26/85: $5\m_rdata[127:0] [31:0]
    27/85: $5\m_rdata[127:0] [95:64]
    28/85: $5\m_rdata[127:0] [63:32]
    29/85: $5\m_rvalid[3:0] [2]
    30/85: $5\m_rvalid[3:0] [1]
    31/85: $5\m_rvalid[3:0] [3]
    32/85: $5\m_rvalid[3:0] [0]
    33/85: $3\r_resp_handshake[0:0]
    34/85: $3\s_rready[1:0] [0]
    35/85: $4\m_rresp[7:0]
    36/85: $3$bitselwrite$rvalue$/work/openlane/axi4lite_arbiter_top_sv2v.v:556$739[1:0]$817
    37/85: $4\m_rdata[127:0]
    38/85: $3$bitselwrite$rvalue$/work/openlane/axi4lite_arbiter_top_sv2v.v:555$738[31:0]$816
    39/85: $4\m_rvalid[3:0]
    40/85: $3$bitselwrite$rvalue$/work/openlane/axi4lite_arbiter_top_sv2v.v:554$737[0:0]$815
    41/85: $3$bitselwrite$rvalue$/work/openlane/axi4lite_arbiter_top_sv2v.v:563$742[1:0]$820
    42/85: $3$bitselwrite$rvalue$/work/openlane/axi4lite_arbiter_top_sv2v.v:562$741[31:0]$819
    43/85: $3$bitselwrite$rvalue$/work/openlane/axi4lite_arbiter_top_sv2v.v:561$740[0:0]$818
    44/85: $3\s_rready[1:0] [1]
    45/85: $3\m_rresp[7:0] [7:6]
    46/85: $3\m_rresp[7:0] [1:0]
    47/85: $3\m_rresp[7:0] [5:4]
    48/85: $3\m_rresp[7:0] [3:2]
    49/85: $3\m_rdata[127:0] [127:96]
    50/85: $3\m_rdata[127:0] [31:0]
    51/85: $3\m_rdata[127:0] [95:64]
    52/85: $3\m_rdata[127:0] [63:32]
    53/85: $3\m_rvalid[3:0] [2]
    54/85: $3\m_rvalid[3:0] [1]
    55/85: $3\m_rvalid[3:0] [3]
    56/85: $3\m_rvalid[3:0] [0]
    57/85: $2\r_resp_handshake[0:0]
    58/85: $2\m_rresp[7:0]
    59/85: $2$bitselwrite$rvalue$/work/openlane/axi4lite_arbiter_top_sv2v.v:550$736[1:0]$803
    60/85: $2\m_rdata[127:0]
    61/85: $2$bitselwrite$rvalue$/work/openlane/axi4lite_arbiter_top_sv2v.v:549$735[0:0]$802
    62/85: $2\m_rvalid[3:0]
    63/85: $2$bitselwrite$rvalue$/work/openlane/axi4lite_arbiter_top_sv2v.v:548$734[0:0]$801
    64/85: $2$bitselwrite$rvalue$/work/openlane/axi4lite_arbiter_top_sv2v.v:563$742[1:0]$809
    65/85: $2$bitselwrite$rvalue$/work/openlane/axi4lite_arbiter_top_sv2v.v:562$741[31:0]$808
    66/85: $2$bitselwrite$rvalue$/work/openlane/axi4lite_arbiter_top_sv2v.v:561$740[0:0]$807
    67/85: $2$bitselwrite$rvalue$/work/openlane/axi4lite_arbiter_top_sv2v.v:556$739[1:0]$806
    68/85: $2$bitselwrite$rvalue$/work/openlane/axi4lite_arbiter_top_sv2v.v:555$738[31:0]$805
    69/85: $2$bitselwrite$rvalue$/work/openlane/axi4lite_arbiter_top_sv2v.v:554$737[0:0]$804
    70/85: $2\s_rready[1:0]
    71/85: $1$bitselwrite$rvalue$/work/openlane/axi4lite_arbiter_top_sv2v.v:563$742[1:0]$799
    72/85: $1$bitselwrite$rvalue$/work/openlane/axi4lite_arbiter_top_sv2v.v:562$741[31:0]$798
    73/85: $1$bitselwrite$rvalue$/work/openlane/axi4lite_arbiter_top_sv2v.v:561$740[0:0]$797
    74/85: $1$bitselwrite$rvalue$/work/openlane/axi4lite_arbiter_top_sv2v.v:556$739[1:0]$796
    75/85: $1$bitselwrite$rvalue$/work/openlane/axi4lite_arbiter_top_sv2v.v:555$738[31:0]$795
    76/85: $1$bitselwrite$rvalue$/work/openlane/axi4lite_arbiter_top_sv2v.v:554$737[0:0]$794
    77/85: $1$bitselwrite$rvalue$/work/openlane/axi4lite_arbiter_top_sv2v.v:550$736[1:0]$793
    78/85: $1$bitselwrite$rvalue$/work/openlane/axi4lite_arbiter_top_sv2v.v:549$735[0:0]$792
    79/85: $1$bitselwrite$rvalue$/work/openlane/axi4lite_arbiter_top_sv2v.v:548$734[0:0]$791
    80/85: $1\r_resp_handshake[0:0]
    81/85: $1\m_rvalid[3:0]
    82/85: $1\m_rresp[7:0]
    83/85: $1\m_rdata[127:0]
    84/85: $1\s_rready[1:0]
    85/85: $1\r_owner_rready[0:0]
Creating decoders for process `$paramod$b358acc07f1df1ca7668b3eda652fc0a3794bba8\axi4lite_response_router.$proc$/work/openlane/axi4lite_arbiter_top_sv2v.v:493$743'.
     1/59: $7\m_bresp[7:0] [7:6]
     2/59: $7\m_bresp[7:0] [1:0]
     3/59: $7\m_bresp[7:0] [5:4]
     4/59: $7\m_bresp[7:0] [3:2]
     5/59: $7\m_bvalid[3:0] [2]
     6/59: $7\m_bvalid[3:0] [1]
     7/59: $7\m_bvalid[3:0] [3]
     8/59: $7\m_bvalid[3:0] [0]
     9/59: $4\w_resp_handshake[0:0]
    10/59: $4\s_bready[1:1]
    11/59: $6\m_bresp[7:0]
    12/59: $4$bitselwrite$rvalue$/work/openlane/axi4lite_arbiter_top_sv2v.v:522$733[1:0]$775
    13/59: $6\m_bvalid[3:0]
    14/59: $4$bitselwrite$rvalue$/work/openlane/axi4lite_arbiter_top_sv2v.v:521$732[0:0]$774
    15/59: $5\m_bresp[7:0] [7:6]
    16/59: $5\m_bresp[7:0] [1:0]
    17/59: $5\m_bresp[7:0] [5:4]
    18/59: $5\m_bresp[7:0] [3:2]
    19/59: $5\m_bvalid[3:0] [2]
    20/59: $5\m_bvalid[3:0] [1]
    21/59: $5\m_bvalid[3:0] [3]
    22/59: $5\m_bvalid[3:0] [0]
    23/59: $3\w_resp_handshake[0:0]
    24/59: $3\s_bready[1:0] [0]
    25/59: $4\m_bresp[7:0]
    26/59: $3$bitselwrite$rvalue$/work/openlane/axi4lite_arbiter_top_sv2v.v:516$731[1:0]$766
    27/59: $4\m_bvalid[3:0]
    28/59: $3$bitselwrite$rvalue$/work/openlane/axi4lite_arbiter_top_sv2v.v:515$730[0:0]$765
    29/59: $3$bitselwrite$rvalue$/work/openlane/axi4lite_arbiter_top_sv2v.v:522$733[1:0]$768
    30/59: $3$bitselwrite$rvalue$/work/openlane/axi4lite_arbiter_top_sv2v.v:521$732[0:0]$767
    31/59: $3\s_bready[1:0] [1]
    32/59: $3\m_bresp[7:0] [7:6]
    33/59: $3\m_bresp[7:0] [1:0]
    34/59: $3\m_bresp[7:0] [5:4]
    35/59: $3\m_bresp[7:0] [3:2]
    36/59: $3\m_bvalid[3:0] [2]
    37/59: $3\m_bvalid[3:0] [1]
    38/59: $3\m_bvalid[3:0] [3]
    39/59: $3\m_bvalid[3:0] [0]
    40/59: $2\w_resp_handshake[0:0]
    41/59: $2\m_bresp[7:0]
    42/59: $2$bitselwrite$rvalue$/work/openlane/axi4lite_arbiter_top_sv2v.v:511$729[1:0]$757
    43/59: $2\m_bvalid[3:0]
    44/59: $2$bitselwrite$rvalue$/work/openlane/axi4lite_arbiter_top_sv2v.v:510$728[0:0]$756
    45/59: $2$bitselwrite$rvalue$/work/openlane/axi4lite_arbiter_top_sv2v.v:522$733[1:0]$761
    46/59: $2$bitselwrite$rvalue$/work/openlane/axi4lite_arbiter_top_sv2v.v:521$732[0:0]$760
    47/59: $2$bitselwrite$rvalue$/work/openlane/axi4lite_arbiter_top_sv2v.v:516$731[1:0]$759
    48/59: $2$bitselwrite$rvalue$/work/openlane/axi4lite_arbiter_top_sv2v.v:515$730[0:0]$758
    49/59: $2\s_bready[1:0]
    50/59: $1$bitselwrite$rvalue$/work/openlane/axi4lite_arbiter_top_sv2v.v:522$733[1:0]$755
    51/59: $1$bitselwrite$rvalue$/work/openlane/axi4lite_arbiter_top_sv2v.v:521$732[0:0]$754
    52/59: $1$bitselwrite$rvalue$/work/openlane/axi4lite_arbiter_top_sv2v.v:516$731[1:0]$753
    53/59: $1$bitselwrite$rvalue$/work/openlane/axi4lite_arbiter_top_sv2v.v:515$730[0:0]$752
    54/59: $1$bitselwrite$rvalue$/work/openlane/axi4lite_arbiter_top_sv2v.v:511$729[1:0]$751
    55/59: $1$bitselwrite$rvalue$/work/openlane/axi4lite_arbiter_top_sv2v.v:510$728[0:0]$750
    56/59: $1\w_resp_handshake[0:0]
    57/59: $1\m_bvalid[3:0]
    58/59: $1\m_bresp[7:0]
    59/59: $1\s_bready[1:0]
Creating decoders for process `$paramod\axi4lite_qos_scheduler\NUM_MASTERS=s32'00000000000000000000000000000100.$proc$/work/openlane/axi4lite_arbiter_top_sv2v.v:421$708'.
     1/9: $2\grant_valid[0:0]
     2/9: $2\master_id[1:0]
     3/9: $2\grant[3:0]
     4/9: $2$bitselwrite$pos$/work/openlane/axi4lite_arbiter_top_sv2v.v:431$610[1:0]$720
     5/9: $1\grant_valid[0:0]
     6/9: $1\master_id[1:0]
     7/9: $1\grant[3:0]
     8/9: $1$bitselwrite$pos$/work/openlane/axi4lite_arbiter_top_sv2v.v:426$609[1:0]$711
     9/9: $1$bitselwrite$pos$/work/openlane/axi4lite_arbiter_top_sv2v.v:431$610[1:0]$712
Creating decoders for process `$paramod\axi4lite_qos_scheduler\NUM_MASTERS=s32'00000000000000000000000000000100.$proc$/work/openlane/axi4lite_arbiter_top_sv2v.v:350$672'.
     1/11: $0\f_first_cycle[0:0]
     2/11: $0\m0_burst_count[7:0]
     3/11: $0\age_m3[7:0]
     4/11: $0\age_m2[7:0]
     5/11: $0\age_m1[7:0]
     6/11: $0\rr_ptr[1:0]
     7/11: $0\budget_3[3:0]
     8/11: $0\budget_2[3:0]
     9/11: $0\budget_1[3:0]
    10/11: $0\is_active[0:0]
    11/11: $0\current_master[1:0]
Creating decoders for process `$paramod\axi4lite_qos_scheduler\NUM_MASTERS=s32'00000000000000000000000000000100.$proc$/work/openlane/axi4lite_arbiter_top_sv2v.v:171$643'.
     1/88: $44\cand_valid[0:0]
     2/88: $44\next_cand[1:0]
     3/88: $43\cand_valid[0:0]
     4/88: $43\next_cand[1:0]
     5/88: $42\cand_valid[0:0]
     6/88: $42\next_cand[1:0]
     7/88: $41\cand_valid[0:0]
     8/88: $41\next_cand[1:0]
     9/88: $40\cand_valid[0:0]
    10/88: $40\next_cand[1:0]
    11/88: $39\cand_valid[0:0]
    12/88: $39\next_cand[1:0]
    13/88: $38\cand_valid[0:0]
    14/88: $38\next_cand[1:0]
    15/88: $37\cand_valid[0:0]
    16/88: $37\next_cand[1:0]
    17/88: $36\cand_valid[0:0]
    18/88: $36\next_cand[1:0]
    19/88: $35\cand_valid[0:0]
    20/88: $35\next_cand[1:0]
    21/88: $34\cand_valid[0:0]
    22/88: $34\next_cand[1:0]
    23/88: $33\cand_valid[0:0]
    24/88: $33\next_cand[1:0]
    25/88: $32\cand_valid[0:0]
    26/88: $32\next_cand[1:0]
    27/88: $31\cand_valid[0:0]
    28/88: $31\next_cand[1:0]
    29/88: $30\cand_valid[0:0]
    30/88: $30\next_cand[1:0]
    31/88: $29\cand_valid[0:0]
    32/88: $29\next_cand[1:0]
    33/88: $28\cand_valid[0:0]
    34/88: $28\next_cand[1:0]
    35/88: $27\cand_valid[0:0]
    36/88: $27\next_cand[1:0]
    37/88: $26\cand_valid[0:0]
    38/88: $26\next_cand[1:0]
    39/88: $25\cand_valid[0:0]
    40/88: $25\next_cand[1:0]
    41/88: $24\cand_valid[0:0]
    42/88: $24\next_cand[1:0]
    43/88: $23\cand_valid[0:0]
    44/88: $23\next_cand[1:0]
    45/88: $22\cand_valid[0:0]
    46/88: $22\next_cand[1:0]
    47/88: $21\cand_valid[0:0]
    48/88: $21\next_cand[1:0]
    49/88: $20\cand_valid[0:0]
    50/88: $20\next_cand[1:0]
    51/88: $19\cand_valid[0:0]
    52/88: $19\next_cand[1:0]
    53/88: $18\cand_valid[0:0]
    54/88: $18\next_cand[1:0]
    55/88: $17\cand_valid[0:0]
    56/88: $17\next_cand[1:0]
    57/88: $16\cand_valid[0:0]
    58/88: $16\next_cand[1:0]
    59/88: $15\cand_valid[0:0]
    60/88: $15\next_cand[1:0]
    61/88: $14\cand_valid[0:0]
    62/88: $14\next_cand[1:0]
    63/88: $13\cand_valid[0:0]
    64/88: $13\next_cand[1:0]
    65/88: $12\cand_valid[0:0]
    66/88: $12\next_cand[1:0]
    67/88: $11\cand_valid[0:0]
    68/88: $11\next_cand[1:0]
    69/88: $10\cand_valid[0:0]
    70/88: $10\next_cand[1:0]
    71/88: $9\cand_valid[0:0]
    72/88: $9\next_cand[1:0]
    73/88: $8\cand_valid[0:0]
    74/88: $8\next_cand[1:0]
    75/88: $7\cand_valid[0:0]
    76/88: $7\next_cand[1:0]
    77/88: $6\cand_valid[0:0]
    78/88: $6\next_cand[1:0]
    79/88: $5\cand_valid[0:0]
    80/88: $5\next_cand[1:0]
    81/88: $4\cand_valid[0:0]
    82/88: $4\next_cand[1:0]
    83/88: $3\cand_valid[0:0]
    84/88: $3\next_cand[1:0]
    85/88: $2\cand_valid[0:0]
    86/88: $2\next_cand[1:0]
    87/88: $1\cand_valid[0:0]
    88/88: $1\next_cand[1:0]
Creating decoders for process `$paramod\axi4lite_qos_scheduler\NUM_MASTERS=s32'00000000000000000000000000000100.$proc$/work/openlane/axi4lite_arbiter_top_sv2v.v:137$635'.
     1/14: $3\eff_b3[3:0]
     2/14: $5\eff_rr_ptr[1:0]
     3/14: $3\eff_b2[3:0]
     4/14: $4\eff_rr_ptr[1:0]
     5/14: $3\eff_b1[3:0]
     6/14: $3\eff_rr_ptr[1:0]
     7/14: $2\eff_rr_ptr[1:0]
     8/14: $2\eff_b1[3:0]
     9/14: $2\eff_b3[3:0]
    10/14: $2\eff_b2[3:0]
    11/14: $1\eff_rr_ptr[1:0]
    12/14: $1\eff_b3[3:0]
    13/14: $1\eff_b2[3:0]
    14/14: $1\eff_b1[3:0]
Creating decoders for process `$paramod\axi4lite_qos_scheduler\NUM_MASTERS=s32'00000000000000000000000000000100.$proc$/work/openlane/axi4lite_arbiter_top_sv2v.v:120$625'.
Creating decoders for process `$paramod\axi4lite_qos_scheduler\NUM_MASTERS=s32'00000000000000000000000000000100.$proc$/work/openlane/axi4lite_arbiter_top_sv2v.v:92$618'.
Creating decoders for process `$paramod\axi4lite_qos_scheduler\NUM_MASTERS=s32'00000000000000000000000000000100.$proc$/work/openlane/axi4lite_arbiter_top_sv2v.v:85$611'.
Creating decoders for process `$paramod$8607e6e28e9a0ecf78b5ef5ea17d8b714c8188a1\axi4lite_address_decoder.$proc$/work/openlane/axi4lite_arbiter_top_sv2v.v:22$534'.
     1/8: $2\invalid_addr[0:0]
     2/8: $2\valid_addr[0:0]
     3/8: $2\slave_sel[1:0]
     4/8: $1\invalid_addr[0:0]
     5/8: $1\valid_addr[0:0]
     6/8: $1\slave_sel[1:0]
     7/8: $1\match_s1[0:0]
     8/8: $1\match_s0[0:0]

14. Executing PROC_DLATCH pass (convert process syncs to latches).
No latch inferred for signal `$paramod$70e768f93198a4a8c4f7d958f2c0abe528626c73\axi4lite_write_arbiter.\m_axi_wdata' from process `$paramod$70e768f93198a4a8c4f7d958f2c0abe528626c73\axi4lite_write_arbiter.$proc$/work/openlane/axi4lite_arbiter_top_sv2v.v:815$1028'.
No latch inferred for signal `$paramod$70e768f93198a4a8c4f7d958f2c0abe528626c73\axi4lite_write_arbiter.\m_axi_wstrb' from process `$paramod$70e768f93198a4a8c4f7d958f2c0abe528626c73\axi4lite_write_arbiter.$proc$/work/openlane/axi4lite_arbiter_top_sv2v.v:815$1028'.
No latch inferred for signal `$paramod$70e768f93198a4a8c4f7d958f2c0abe528626c73\axi4lite_write_arbiter.\m_axi_wvalid' from process `$paramod$70e768f93198a4a8c4f7d958f2c0abe528626c73\axi4lite_write_arbiter.$proc$/work/openlane/axi4lite_arbiter_top_sv2v.v:815$1028'.
No latch inferred for signal `$paramod$70e768f93198a4a8c4f7d958f2c0abe528626c73\axi4lite_write_arbiter.\sv2v_autoblock_8.s' from process `$paramod$70e768f93198a4a8c4f7d958f2c0abe528626c73\axi4lite_write_arbiter.$proc$/work/openlane/axi4lite_arbiter_top_sv2v.v:815$1028'.
No latch inferred for signal `$paramod$70e768f93198a4a8c4f7d958f2c0abe528626c73\axi4lite_write_arbiter.\m_axi_awaddr' from process `$paramod$70e768f93198a4a8c4f7d958f2c0abe528626c73\axi4lite_write_arbiter.$proc$/work/openlane/axi4lite_arbiter_top_sv2v.v:798$1024'.
No latch inferred for signal `$paramod$70e768f93198a4a8c4f7d958f2c0abe528626c73\axi4lite_write_arbiter.\m_axi_awprot' from process `$paramod$70e768f93198a4a8c4f7d958f2c0abe528626c73\axi4lite_write_arbiter.$proc$/work/openlane/axi4lite_arbiter_top_sv2v.v:798$1024'.
No latch inferred for signal `$paramod$70e768f93198a4a8c4f7d958f2c0abe528626c73\axi4lite_write_arbiter.\m_axi_awvalid' from process `$paramod$70e768f93198a4a8c4f7d958f2c0abe528626c73\axi4lite_write_arbiter.$proc$/work/openlane/axi4lite_arbiter_top_sv2v.v:798$1024'.
No latch inferred for signal `$paramod$70e768f93198a4a8c4f7d958f2c0abe528626c73\axi4lite_write_arbiter.\sv2v_autoblock_7.s' from process `$paramod$70e768f93198a4a8c4f7d958f2c0abe528626c73\axi4lite_write_arbiter.$proc$/work/openlane/axi4lite_arbiter_top_sv2v.v:798$1024'.
No latch inferred for signal `$paramod$70e768f93198a4a8c4f7d958f2c0abe528626c73\axi4lite_write_arbiter.\write_eligible' from process `$paramod$70e768f93198a4a8c4f7d958f2c0abe528626c73\axi4lite_write_arbiter.$proc$/work/openlane/axi4lite_arbiter_top_sv2v.v:717$943'.
No latch inferred for signal `$paramod$70e768f93198a4a8c4f7d958f2c0abe528626c73\axi4lite_write_arbiter.\sv2v_autoblock_3.m' from process `$paramod$70e768f93198a4a8c4f7d958f2c0abe528626c73\axi4lite_write_arbiter.$proc$/work/openlane/axi4lite_arbiter_top_sv2v.v:717$943'.
No latch inferred for signal `$paramod$70e768f93198a4a8c4f7d958f2c0abe528626c73\axi4lite_write_arbiter.\s_axi_awready' from process `$paramod$70e768f93198a4a8c4f7d958f2c0abe528626c73\axi4lite_write_arbiter.$proc$/work/openlane/axi4lite_arbiter_top_sv2v.v:709$918'.
No latch inferred for signal `$paramod$70e768f93198a4a8c4f7d958f2c0abe528626c73\axi4lite_write_arbiter.\s_axi_wready' from process `$paramod$70e768f93198a4a8c4f7d958f2c0abe528626c73\axi4lite_write_arbiter.$proc$/work/openlane/axi4lite_arbiter_top_sv2v.v:709$918'.
No latch inferred for signal `$paramod$70e768f93198a4a8c4f7d958f2c0abe528626c73\axi4lite_write_arbiter.\sv2v_autoblock_2.m' from process `$paramod$70e768f93198a4a8c4f7d958f2c0abe528626c73\axi4lite_write_arbiter.$proc$/work/openlane/axi4lite_arbiter_top_sv2v.v:709$918'.
No latch inferred for signal `$paramod$70e768f93198a4a8c4f7d958f2c0abe528626c73\axi4lite_write_arbiter.\buf_locked' from process `$paramod$70e768f93198a4a8c4f7d958f2c0abe528626c73\axi4lite_write_arbiter.$proc$/work/openlane/axi4lite_arbiter_top_sv2v.v:704$905'.
No latch inferred for signal `$paramod$70e768f93198a4a8c4f7d958f2c0abe528626c73\axi4lite_write_arbiter.\sv2v_autoblock_1.m' from process `$paramod$70e768f93198a4a8c4f7d958f2c0abe528626c73\axi4lite_write_arbiter.$proc$/work/openlane/axi4lite_arbiter_top_sv2v.v:704$905'.
No latch inferred for signal `$paramod$70e768f93198a4a8c4f7d958f2c0abe528626c73\axi4lite_write_arbiter.\decode_addr' from process `$paramod$70e768f93198a4a8c4f7d958f2c0abe528626c73\axi4lite_write_arbiter.$proc$/work/openlane/axi4lite_arbiter_top_sv2v.v:683$901'.
No latch inferred for signal `$paramod$81ce42896b6420f5b5e2661c2ae9db4347cc4ddf\axi4lite_read_arbiter.\m_axi_araddr' from process `$paramod$81ce42896b6420f5b5e2661c2ae9db4347cc4ddf\axi4lite_read_arbiter.$proc$/work/openlane/axi4lite_arbiter_top_sv2v.v:1000$890'.
No latch inferred for signal `$paramod$81ce42896b6420f5b5e2661c2ae9db4347cc4ddf\axi4lite_read_arbiter.\m_axi_arprot' from process `$paramod$81ce42896b6420f5b5e2661c2ae9db4347cc4ddf\axi4lite_read_arbiter.$proc$/work/openlane/axi4lite_arbiter_top_sv2v.v:1000$890'.
No latch inferred for signal `$paramod$81ce42896b6420f5b5e2661c2ae9db4347cc4ddf\axi4lite_read_arbiter.\m_axi_arvalid' from process `$paramod$81ce42896b6420f5b5e2661c2ae9db4347cc4ddf\axi4lite_read_arbiter.$proc$/work/openlane/axi4lite_arbiter_top_sv2v.v:1000$890'.
No latch inferred for signal `$paramod$81ce42896b6420f5b5e2661c2ae9db4347cc4ddf\axi4lite_read_arbiter.\sv2v_autoblock_1.s' from process `$paramod$81ce42896b6420f5b5e2661c2ae9db4347cc4ddf\axi4lite_read_arbiter.$proc$/work/openlane/axi4lite_arbiter_top_sv2v.v:1000$890'.
No latch inferred for signal `$paramod$81ce42896b6420f5b5e2661c2ae9db4347cc4ddf\axi4lite_read_arbiter.\s_axi_arready' from process `$paramod$81ce42896b6420f5b5e2661c2ae9db4347cc4ddf\axi4lite_read_arbiter.$proc$/work/openlane/axi4lite_arbiter_top_sv2v.v:989$855'.
No latch inferred for signal `$paramod$81ce42896b6420f5b5e2661c2ae9db4347cc4ddf\axi4lite_read_arbiter.$bitselwrite$pos$/work/openlane/axi4lite_arbiter_top_sv2v.v:993$838' from process `$paramod$81ce42896b6420f5b5e2661c2ae9db4347cc4ddf\axi4lite_read_arbiter.$proc$/work/openlane/axi4lite_arbiter_top_sv2v.v:989$855'.
No latch inferred for signal `$paramod$81ce42896b6420f5b5e2661c2ae9db4347cc4ddf\axi4lite_read_arbiter.$bitselwrite$pos$/work/openlane/axi4lite_arbiter_top_sv2v.v:995$839' from process `$paramod$81ce42896b6420f5b5e2661c2ae9db4347cc4ddf\axi4lite_read_arbiter.$proc$/work/openlane/axi4lite_arbiter_top_sv2v.v:989$855'.
No latch inferred for signal `$paramod$81ce42896b6420f5b5e2661c2ae9db4347cc4ddf\axi4lite_read_arbiter.$bitselwrite$pos$/work/openlane/axi4lite_arbiter_top_sv2v.v:997$840' from process `$paramod$81ce42896b6420f5b5e2661c2ae9db4347cc4ddf\axi4lite_read_arbiter.$proc$/work/openlane/axi4lite_arbiter_top_sv2v.v:989$855'.
No latch inferred for signal `$paramod$81ce42896b6420f5b5e2661c2ae9db4347cc4ddf\axi4lite_read_arbiter.\target_arready' from process `$paramod$81ce42896b6420f5b5e2661c2ae9db4347cc4ddf\axi4lite_read_arbiter.$proc$/work/openlane/axi4lite_arbiter_top_sv2v.v:943$845'.
No latch inferred for signal `$paramod$81ce42896b6420f5b5e2661c2ae9db4347cc4ddf\axi4lite_read_arbiter.\decode_addr' from process `$paramod$81ce42896b6420f5b5e2661c2ae9db4347cc4ddf\axi4lite_read_arbiter.$proc$/work/openlane/axi4lite_arbiter_top_sv2v.v:925$841'.
No latch inferred for signal `$paramod$b358acc07f1df1ca7668b3eda652fc0a3794bba8\axi4lite_response_router.\s_rready' from process `$paramod$b358acc07f1df1ca7668b3eda652fc0a3794bba8\axi4lite_response_router.$proc$/work/openlane/axi4lite_arbiter_top_sv2v.v:528$781'.
No latch inferred for signal `$paramod$b358acc07f1df1ca7668b3eda652fc0a3794bba8\axi4lite_response_router.\m_rdata' from process `$paramod$b358acc07f1df1ca7668b3eda652fc0a3794bba8\axi4lite_response_router.$proc$/work/openlane/axi4lite_arbiter_top_sv2v.v:528$781'.
No latch inferred for signal `$paramod$b358acc07f1df1ca7668b3eda652fc0a3794bba8\axi4lite_response_router.\m_rresp' from process `$paramod$b358acc07f1df1ca7668b3eda652fc0a3794bba8\axi4lite_response_router.$proc$/work/openlane/axi4lite_arbiter_top_sv2v.v:528$781'.
No latch inferred for signal `$paramod$b358acc07f1df1ca7668b3eda652fc0a3794bba8\axi4lite_response_router.\m_rvalid' from process `$paramod$b358acc07f1df1ca7668b3eda652fc0a3794bba8\axi4lite_response_router.$proc$/work/openlane/axi4lite_arbiter_top_sv2v.v:528$781'.
No latch inferred for signal `$paramod$b358acc07f1df1ca7668b3eda652fc0a3794bba8\axi4lite_response_router.\r_resp_handshake' from process `$paramod$b358acc07f1df1ca7668b3eda652fc0a3794bba8\axi4lite_response_router.$proc$/work/openlane/axi4lite_arbiter_top_sv2v.v:528$781'.
No latch inferred for signal `$paramod$b358acc07f1df1ca7668b3eda652fc0a3794bba8\axi4lite_response_router.\r_owner_rready' from process `$paramod$b358acc07f1df1ca7668b3eda652fc0a3794bba8\axi4lite_response_router.$proc$/work/openlane/axi4lite_arbiter_top_sv2v.v:528$781'.
No latch inferred for signal `$paramod$b358acc07f1df1ca7668b3eda652fc0a3794bba8\axi4lite_response_router.\sv2v_autoblock_3.i' from process `$paramod$b358acc07f1df1ca7668b3eda652fc0a3794bba8\axi4lite_response_router.$proc$/work/openlane/axi4lite_arbiter_top_sv2v.v:528$781'.
No latch inferred for signal `$paramod$b358acc07f1df1ca7668b3eda652fc0a3794bba8\axi4lite_response_router.\sv2v_autoblock_4.i' from process `$paramod$b358acc07f1df1ca7668b3eda652fc0a3794bba8\axi4lite_response_router.$proc$/work/openlane/axi4lite_arbiter_top_sv2v.v:528$781'.
No latch inferred for signal `$paramod$b358acc07f1df1ca7668b3eda652fc0a3794bba8\axi4lite_response_router.$bitselwrite$rvalue$/work/openlane/axi4lite_arbiter_top_sv2v.v:548$734' from process `$paramod$b358acc07f1df1ca7668b3eda652fc0a3794bba8\axi4lite_response_router.$proc$/work/openlane/axi4lite_arbiter_top_sv2v.v:528$781'.
No latch inferred for signal `$paramod$b358acc07f1df1ca7668b3eda652fc0a3794bba8\axi4lite_response_router.$bitselwrite$rvalue$/work/openlane/axi4lite_arbiter_top_sv2v.v:549$735' from process `$paramod$b358acc07f1df1ca7668b3eda652fc0a3794bba8\axi4lite_response_router.$proc$/work/openlane/axi4lite_arbiter_top_sv2v.v:528$781'.
No latch inferred for signal `$paramod$b358acc07f1df1ca7668b3eda652fc0a3794bba8\axi4lite_response_router.$bitselwrite$rvalue$/work/openlane/axi4lite_arbiter_top_sv2v.v:550$736' from process `$paramod$b358acc07f1df1ca7668b3eda652fc0a3794bba8\axi4lite_response_router.$proc$/work/openlane/axi4lite_arbiter_top_sv2v.v:528$781'.
No latch inferred for signal `$paramod$b358acc07f1df1ca7668b3eda652fc0a3794bba8\axi4lite_response_router.$bitselwrite$rvalue$/work/openlane/axi4lite_arbiter_top_sv2v.v:554$737' from process `$paramod$b358acc07f1df1ca7668b3eda652fc0a3794bba8\axi4lite_response_router.$proc$/work/openlane/axi4lite_arbiter_top_sv2v.v:528$781'.
No latch inferred for signal `$paramod$b358acc07f1df1ca7668b3eda652fc0a3794bba8\axi4lite_response_router.$bitselwrite$rvalue$/work/openlane/axi4lite_arbiter_top_sv2v.v:555$738' from process `$paramod$b358acc07f1df1ca7668b3eda652fc0a3794bba8\axi4lite_response_router.$proc$/work/openlane/axi4lite_arbiter_top_sv2v.v:528$781'.
No latch inferred for signal `$paramod$b358acc07f1df1ca7668b3eda652fc0a3794bba8\axi4lite_response_router.$bitselwrite$rvalue$/work/openlane/axi4lite_arbiter_top_sv2v.v:556$739' from process `$paramod$b358acc07f1df1ca7668b3eda652fc0a3794bba8\axi4lite_response_router.$proc$/work/openlane/axi4lite_arbiter_top_sv2v.v:528$781'.
No latch inferred for signal `$paramod$b358acc07f1df1ca7668b3eda652fc0a3794bba8\axi4lite_response_router.$bitselwrite$rvalue$/work/openlane/axi4lite_arbiter_top_sv2v.v:561$740' from process `$paramod$b358acc07f1df1ca7668b3eda652fc0a3794bba8\axi4lite_response_router.$proc$/work/openlane/axi4lite_arbiter_top_sv2v.v:528$781'.
No latch inferred for signal `$paramod$b358acc07f1df1ca7668b3eda652fc0a3794bba8\axi4lite_response_router.$bitselwrite$rvalue$/work/openlane/axi4lite_arbiter_top_sv2v.v:562$741' from process `$paramod$b358acc07f1df1ca7668b3eda652fc0a3794bba8\axi4lite_response_router.$proc$/work/openlane/axi4lite_arbiter_top_sv2v.v:528$781'.
No latch inferred for signal `$paramod$b358acc07f1df1ca7668b3eda652fc0a3794bba8\axi4lite_response_router.$bitselwrite$rvalue$/work/openlane/axi4lite_arbiter_top_sv2v.v:563$742' from process `$paramod$b358acc07f1df1ca7668b3eda652fc0a3794bba8\axi4lite_response_router.$proc$/work/openlane/axi4lite_arbiter_top_sv2v.v:528$781'.
No latch inferred for signal `$paramod$b358acc07f1df1ca7668b3eda652fc0a3794bba8\axi4lite_response_router.\s_bready' from process `$paramod$b358acc07f1df1ca7668b3eda652fc0a3794bba8\axi4lite_response_router.$proc$/work/openlane/axi4lite_arbiter_top_sv2v.v:493$743'.
No latch inferred for signal `$paramod$b358acc07f1df1ca7668b3eda652fc0a3794bba8\axi4lite_response_router.\m_bresp' from process `$paramod$b358acc07f1df1ca7668b3eda652fc0a3794bba8\axi4lite_response_router.$proc$/work/openlane/axi4lite_arbiter_top_sv2v.v:493$743'.
No latch inferred for signal `$paramod$b358acc07f1df1ca7668b3eda652fc0a3794bba8\axi4lite_response_router.\m_bvalid' from process `$paramod$b358acc07f1df1ca7668b3eda652fc0a3794bba8\axi4lite_response_router.$proc$/work/openlane/axi4lite_arbiter_top_sv2v.v:493$743'.
No latch inferred for signal `$paramod$b358acc07f1df1ca7668b3eda652fc0a3794bba8\axi4lite_response_router.\w_resp_handshake' from process `$paramod$b358acc07f1df1ca7668b3eda652fc0a3794bba8\axi4lite_response_router.$proc$/work/openlane/axi4lite_arbiter_top_sv2v.v:493$743'.
No latch inferred for signal `$paramod$b358acc07f1df1ca7668b3eda652fc0a3794bba8\axi4lite_response_router.\sv2v_autoblock_1.i' from process `$paramod$b358acc07f1df1ca7668b3eda652fc0a3794bba8\axi4lite_response_router.$proc$/work/openlane/axi4lite_arbiter_top_sv2v.v:493$743'.
No latch inferred for signal `$paramod$b358acc07f1df1ca7668b3eda652fc0a3794bba8\axi4lite_response_router.\sv2v_autoblock_2.i' from process `$paramod$b358acc07f1df1ca7668b3eda652fc0a3794bba8\axi4lite_response_router.$proc$/work/openlane/axi4lite_arbiter_top_sv2v.v:493$743'.
No latch inferred for signal `$paramod$b358acc07f1df1ca7668b3eda652fc0a3794bba8\axi4lite_response_router.$bitselwrite$rvalue$/work/openlane/axi4lite_arbiter_top_sv2v.v:510$728' from process `$paramod$b358acc07f1df1ca7668b3eda652fc0a3794bba8\axi4lite_response_router.$proc$/work/openlane/axi4lite_arbiter_top_sv2v.v:493$743'.
No latch inferred for signal `$paramod$b358acc07f1df1ca7668b3eda652fc0a3794bba8\axi4lite_response_router.$bitselwrite$rvalue$/work/openlane/axi4lite_arbiter_top_sv2v.v:511$729' from process `$paramod$b358acc07f1df1ca7668b3eda652fc0a3794bba8\axi4lite_response_router.$proc$/work/openlane/axi4lite_arbiter_top_sv2v.v:493$743'.
No latch inferred for signal `$paramod$b358acc07f1df1ca7668b3eda652fc0a3794bba8\axi4lite_response_router.$bitselwrite$rvalue$/work/openlane/axi4lite_arbiter_top_sv2v.v:515$730' from process `$paramod$b358acc07f1df1ca7668b3eda652fc0a3794bba8\axi4lite_response_router.$proc$/work/openlane/axi4lite_arbiter_top_sv2v.v:493$743'.
No latch inferred for signal `$paramod$b358acc07f1df1ca7668b3eda652fc0a3794bba8\axi4lite_response_router.$bitselwrite$rvalue$/work/openlane/axi4lite_arbiter_top_sv2v.v:516$731' from process `$paramod$b358acc07f1df1ca7668b3eda652fc0a3794bba8\axi4lite_response_router.$proc$/work/openlane/axi4lite_arbiter_top_sv2v.v:493$743'.
No latch inferred for signal `$paramod$b358acc07f1df1ca7668b3eda652fc0a3794bba8\axi4lite_response_router.$bitselwrite$rvalue$/work/openlane/axi4lite_arbiter_top_sv2v.v:521$732' from process `$paramod$b358acc07f1df1ca7668b3eda652fc0a3794bba8\axi4lite_response_router.$proc$/work/openlane/axi4lite_arbiter_top_sv2v.v:493$743'.
No latch inferred for signal `$paramod$b358acc07f1df1ca7668b3eda652fc0a3794bba8\axi4lite_response_router.$bitselwrite$rvalue$/work/openlane/axi4lite_arbiter_top_sv2v.v:522$733' from process `$paramod$b358acc07f1df1ca7668b3eda652fc0a3794bba8\axi4lite_response_router.$proc$/work/openlane/axi4lite_arbiter_top_sv2v.v:493$743'.
No latch inferred for signal `$paramod\axi4lite_qos_scheduler\NUM_MASTERS=s32'00000000000000000000000000000100.\grant' from process `$paramod\axi4lite_qos_scheduler\NUM_MASTERS=s32'00000000000000000000000000000100.$proc$/work/openlane/axi4lite_arbiter_top_sv2v.v:421$708'.
No latch inferred for signal `$paramod\axi4lite_qos_scheduler\NUM_MASTERS=s32'00000000000000000000000000000100.\master_id' from process `$paramod\axi4lite_qos_scheduler\NUM_MASTERS=s32'00000000000000000000000000000100.$proc$/work/openlane/axi4lite_arbiter_top_sv2v.v:421$708'.
No latch inferred for signal `$paramod\axi4lite_qos_scheduler\NUM_MASTERS=s32'00000000000000000000000000000100.\grant_valid' from process `$paramod\axi4lite_qos_scheduler\NUM_MASTERS=s32'00000000000000000000000000000100.$proc$/work/openlane/axi4lite_arbiter_top_sv2v.v:421$708'.
No latch inferred for signal `$paramod\axi4lite_qos_scheduler\NUM_MASTERS=s32'00000000000000000000000000000100.$bitselwrite$pos$/work/openlane/axi4lite_arbiter_top_sv2v.v:426$609' from process `$paramod\axi4lite_qos_scheduler\NUM_MASTERS=s32'00000000000000000000000000000100.$proc$/work/openlane/axi4lite_arbiter_top_sv2v.v:421$708'.
No latch inferred for signal `$paramod\axi4lite_qos_scheduler\NUM_MASTERS=s32'00000000000000000000000000000100.$bitselwrite$pos$/work/openlane/axi4lite_arbiter_top_sv2v.v:431$610' from process `$paramod\axi4lite_qos_scheduler\NUM_MASTERS=s32'00000000000000000000000000000100.$proc$/work/openlane/axi4lite_arbiter_top_sv2v.v:421$708'.
No latch inferred for signal `$paramod\axi4lite_qos_scheduler\NUM_MASTERS=s32'00000000000000000000000000000100.\next_cand' from process `$paramod\axi4lite_qos_scheduler\NUM_MASTERS=s32'00000000000000000000000000000100.$proc$/work/openlane/axi4lite_arbiter_top_sv2v.v:171$643'.
No latch inferred for signal `$paramod\axi4lite_qos_scheduler\NUM_MASTERS=s32'00000000000000000000000000000100.\cand_valid' from process `$paramod\axi4lite_qos_scheduler\NUM_MASTERS=s32'00000000000000000000000000000100.$proc$/work/openlane/axi4lite_arbiter_top_sv2v.v:171$643'.
No latch inferred for signal `$paramod\axi4lite_qos_scheduler\NUM_MASTERS=s32'00000000000000000000000000000100.\eff_b1' from process `$paramod\axi4lite_qos_scheduler\NUM_MASTERS=s32'00000000000000000000000000000100.$proc$/work/openlane/axi4lite_arbiter_top_sv2v.v:137$635'.
No latch inferred for signal `$paramod\axi4lite_qos_scheduler\NUM_MASTERS=s32'00000000000000000000000000000100.\eff_b2' from process `$paramod\axi4lite_qos_scheduler\NUM_MASTERS=s32'00000000000000000000000000000100.$proc$/work/openlane/axi4lite_arbiter_top_sv2v.v:137$635'.
No latch inferred for signal `$paramod\axi4lite_qos_scheduler\NUM_MASTERS=s32'00000000000000000000000000000100.\eff_b3' from process `$paramod\axi4lite_qos_scheduler\NUM_MASTERS=s32'00000000000000000000000000000100.$proc$/work/openlane/axi4lite_arbiter_top_sv2v.v:137$635'.
No latch inferred for signal `$paramod\axi4lite_qos_scheduler\NUM_MASTERS=s32'00000000000000000000000000000100.\eff_rr_ptr' from process `$paramod\axi4lite_qos_scheduler\NUM_MASTERS=s32'00000000000000000000000000000100.$proc$/work/openlane/axi4lite_arbiter_top_sv2v.v:137$635'.
No latch inferred for signal `$paramod\axi4lite_qos_scheduler\NUM_MASTERS=s32'00000000000000000000000000000100.\m1_aged' from process `$paramod\axi4lite_qos_scheduler\NUM_MASTERS=s32'00000000000000000000000000000100.$proc$/work/openlane/axi4lite_arbiter_top_sv2v.v:120$625'.
No latch inferred for signal `$paramod\axi4lite_qos_scheduler\NUM_MASTERS=s32'00000000000000000000000000000100.\m2_aged' from process `$paramod\axi4lite_qos_scheduler\NUM_MASTERS=s32'00000000000000000000000000000100.$proc$/work/openlane/axi4lite_arbiter_top_sv2v.v:120$625'.
No latch inferred for signal `$paramod\axi4lite_qos_scheduler\NUM_MASTERS=s32'00000000000000000000000000000100.\m3_aged' from process `$paramod\axi4lite_qos_scheduler\NUM_MASTERS=s32'00000000000000000000000000000100.$proc$/work/openlane/axi4lite_arbiter_top_sv2v.v:120$625'.
No latch inferred for signal `$paramod\axi4lite_qos_scheduler\NUM_MASTERS=s32'00000000000000000000000000000100.\any_aged' from process `$paramod\axi4lite_qos_scheduler\NUM_MASTERS=s32'00000000000000000000000000000100.$proc$/work/openlane/axi4lite_arbiter_top_sv2v.v:120$625'.
No latch inferred for signal `$paramod\axi4lite_qos_scheduler\NUM_MASTERS=s32'00000000000000000000000000000100.\age_thresh' from process `$paramod\axi4lite_qos_scheduler\NUM_MASTERS=s32'00000000000000000000000000000100.$proc$/work/openlane/axi4lite_arbiter_top_sv2v.v:92$618'.
No latch inferred for signal `$paramod\axi4lite_qos_scheduler\NUM_MASTERS=s32'00000000000000000000000000000100.\burst_limit' from process `$paramod\axi4lite_qos_scheduler\NUM_MASTERS=s32'00000000000000000000000000000100.$proc$/work/openlane/axi4lite_arbiter_top_sv2v.v:92$618'.
No latch inferred for signal `$paramod\axi4lite_qos_scheduler\NUM_MASTERS=s32'00000000000000000000000000000100.\w1' from process `$paramod\axi4lite_qos_scheduler\NUM_MASTERS=s32'00000000000000000000000000000100.$proc$/work/openlane/axi4lite_arbiter_top_sv2v.v:85$611'.
No latch inferred for signal `$paramod\axi4lite_qos_scheduler\NUM_MASTERS=s32'00000000000000000000000000000100.\w2' from process `$paramod\axi4lite_qos_scheduler\NUM_MASTERS=s32'00000000000000000000000000000100.$proc$/work/openlane/axi4lite_arbiter_top_sv2v.v:85$611'.
No latch inferred for signal `$paramod\axi4lite_qos_scheduler\NUM_MASTERS=s32'00000000000000000000000000000100.\w3' from process `$paramod\axi4lite_qos_scheduler\NUM_MASTERS=s32'00000000000000000000000000000100.$proc$/work/openlane/axi4lite_arbiter_top_sv2v.v:85$611'.
No latch inferred for signal `$paramod$8607e6e28e9a0ecf78b5ef5ea17d8b714c8188a1\axi4lite_address_decoder.\slave_sel' from process `$paramod$8607e6e28e9a0ecf78b5ef5ea17d8b714c8188a1\axi4lite_address_decoder.$proc$/work/openlane/axi4lite_arbiter_top_sv2v.v:22$534'.
No latch inferred for signal `$paramod$8607e6e28e9a0ecf78b5ef5ea17d8b714c8188a1\axi4lite_address_decoder.\valid_addr' from process `$paramod$8607e6e28e9a0ecf78b5ef5ea17d8b714c8188a1\axi4lite_address_decoder.$proc$/work/openlane/axi4lite_arbiter_top_sv2v.v:22$534'.
No latch inferred for signal `$paramod$8607e6e28e9a0ecf78b5ef5ea17d8b714c8188a1\axi4lite_address_decoder.\invalid_addr' from process `$paramod$8607e6e28e9a0ecf78b5ef5ea17d8b714c8188a1\axi4lite_address_decoder.$proc$/work/openlane/axi4lite_arbiter_top_sv2v.v:22$534'.
No latch inferred for signal `$paramod$8607e6e28e9a0ecf78b5ef5ea17d8b714c8188a1\axi4lite_address_decoder.\match_s0' from process `$paramod$8607e6e28e9a0ecf78b5ef5ea17d8b714c8188a1\axi4lite_address_decoder.$proc$/work/openlane/axi4lite_arbiter_top_sv2v.v:22$534'.
No latch inferred for signal `$paramod$8607e6e28e9a0ecf78b5ef5ea17d8b714c8188a1\axi4lite_address_decoder.\match_s1' from process `$paramod$8607e6e28e9a0ecf78b5ef5ea17d8b714c8188a1\axi4lite_address_decoder.$proc$/work/openlane/axi4lite_arbiter_top_sv2v.v:22$534'.
No latch inferred for signal `$paramod$8607e6e28e9a0ecf78b5ef5ea17d8b714c8188a1\axi4lite_address_decoder.\sv2v_cast_64$func$/work/openlane/axi4lite_arbiter_top_sv2v.v:23$524.$result' from process `$paramod$8607e6e28e9a0ecf78b5ef5ea17d8b714c8188a1\axi4lite_address_decoder.$proc$/work/openlane/axi4lite_arbiter_top_sv2v.v:22$534'.
No latch inferred for signal `$paramod$8607e6e28e9a0ecf78b5ef5ea17d8b714c8188a1\axi4lite_address_decoder.\sv2v_cast_64$func$/work/openlane/axi4lite_arbiter_top_sv2v.v:23$524.inp' from process `$paramod$8607e6e28e9a0ecf78b5ef5ea17d8b714c8188a1\axi4lite_address_decoder.$proc$/work/openlane/axi4lite_arbiter_top_sv2v.v:22$534'.
No latch inferred for signal `$paramod$8607e6e28e9a0ecf78b5ef5ea17d8b714c8188a1\axi4lite_address_decoder.\sv2v_cast_64$func$/work/openlane/axi4lite_arbiter_top_sv2v.v:23$526.$result' from process `$paramod$8607e6e28e9a0ecf78b5ef5ea17d8b714c8188a1\axi4lite_address_decoder.$proc$/work/openlane/axi4lite_arbiter_top_sv2v.v:22$534'.
No latch inferred for signal `$paramod$8607e6e28e9a0ecf78b5ef5ea17d8b714c8188a1\axi4lite_address_decoder.\sv2v_cast_64$func$/work/openlane/axi4lite_arbiter_top_sv2v.v:23$526.inp' from process `$paramod$8607e6e28e9a0ecf78b5ef5ea17d8b714c8188a1\axi4lite_address_decoder.$proc$/work/openlane/axi4lite_arbiter_top_sv2v.v:22$534'.
No latch inferred for signal `$paramod$8607e6e28e9a0ecf78b5ef5ea17d8b714c8188a1\axi4lite_address_decoder.\sv2v_cast_64$func$/work/openlane/axi4lite_arbiter_top_sv2v.v:27$529.$result' from process `$paramod$8607e6e28e9a0ecf78b5ef5ea17d8b714c8188a1\axi4lite_address_decoder.$proc$/work/openlane/axi4lite_arbiter_top_sv2v.v:22$534'.
No latch inferred for signal `$paramod$8607e6e28e9a0ecf78b5ef5ea17d8b714c8188a1\axi4lite_address_decoder.\sv2v_cast_64$func$/work/openlane/axi4lite_arbiter_top_sv2v.v:27$529.inp' from process `$paramod$8607e6e28e9a0ecf78b5ef5ea17d8b714c8188a1\axi4lite_address_decoder.$proc$/work/openlane/axi4lite_arbiter_top_sv2v.v:22$534'.
No latch inferred for signal `$paramod$8607e6e28e9a0ecf78b5ef5ea17d8b714c8188a1\axi4lite_address_decoder.\sv2v_cast_64$func$/work/openlane/axi4lite_arbiter_top_sv2v.v:27$531.$result' from process `$paramod$8607e6e28e9a0ecf78b5ef5ea17d8b714c8188a1\axi4lite_address_decoder.$proc$/work/openlane/axi4lite_arbiter_top_sv2v.v:22$534'.
No latch inferred for signal `$paramod$8607e6e28e9a0ecf78b5ef5ea17d8b714c8188a1\axi4lite_address_decoder.\sv2v_cast_64$func$/work/openlane/axi4lite_arbiter_top_sv2v.v:27$531.inp' from process `$paramod$8607e6e28e9a0ecf78b5ef5ea17d8b714c8188a1\axi4lite_address_decoder.$proc$/work/openlane/axi4lite_arbiter_top_sv2v.v:22$534'.

15. Executing PROC_DFF pass (convert process syncs to FFs).
Creating register for signal `$paramod$70e768f93198a4a8c4f7d958f2c0abe528626c73\axi4lite_write_arbiter.\aw_buf_valid' using process `$paramod$70e768f93198a4a8c4f7d958f2c0abe528626c73\axi4lite_write_arbiter.$proc$/work/openlane/axi4lite_arbiter_top_sv2v.v:722$958'.
  created $adff cell `$procdff$4608' with positive edge clock and negative level reset.
Creating register for signal `$paramod$70e768f93198a4a8c4f7d958f2c0abe528626c73\axi4lite_write_arbiter.\aw_buf_addr' using process `$paramod$70e768f93198a4a8c4f7d958f2c0abe528626c73\axi4lite_write_arbiter.$proc$/work/openlane/axi4lite_arbiter_top_sv2v.v:722$958'.
  created $adff cell `$procdff$4609' with positive edge clock and negative level reset.
Creating register for signal `$paramod$70e768f93198a4a8c4f7d958f2c0abe528626c73\axi4lite_write_arbiter.\aw_buf_prot' using process `$paramod$70e768f93198a4a8c4f7d958f2c0abe528626c73\axi4lite_write_arbiter.$proc$/work/openlane/axi4lite_arbiter_top_sv2v.v:722$958'.
  created $adff cell `$procdff$4610' with positive edge clock and negative level reset.
Creating register for signal `$paramod$70e768f93198a4a8c4f7d958f2c0abe528626c73\axi4lite_write_arbiter.\w_buf_valid' using process `$paramod$70e768f93198a4a8c4f7d958f2c0abe528626c73\axi4lite_write_arbiter.$proc$/work/openlane/axi4lite_arbiter_top_sv2v.v:722$958'.
  created $adff cell `$procdff$4611' with positive edge clock and negative level reset.
Creating register for signal `$paramod$70e768f93198a4a8c4f7d958f2c0abe528626c73\axi4lite_write_arbiter.\w_buf_data' using process `$paramod$70e768f93198a4a8c4f7d958f2c0abe528626c73\axi4lite_write_arbiter.$proc$/work/openlane/axi4lite_arbiter_top_sv2v.v:722$958'.
  created $adff cell `$procdff$4612' with positive edge clock and negative level reset.
Creating register for signal `$paramod$70e768f93198a4a8c4f7d958f2c0abe528626c73\axi4lite_write_arbiter.\w_buf_strb' using process `$paramod$70e768f93198a4a8c4f7d958f2c0abe528626c73\axi4lite_write_arbiter.$proc$/work/openlane/axi4lite_arbiter_top_sv2v.v:722$958'.
  created $adff cell `$procdff$4613' with positive edge clock and negative level reset.
Creating register for signal `$paramod$70e768f93198a4a8c4f7d958f2c0abe528626c73\axi4lite_write_arbiter.\w_state' using process `$paramod$70e768f93198a4a8c4f7d958f2c0abe528626c73\axi4lite_write_arbiter.$proc$/work/openlane/axi4lite_arbiter_top_sv2v.v:722$958'.
  created $adff cell `$procdff$4614' with positive edge clock and negative level reset.
Creating register for signal `$paramod$70e768f93198a4a8c4f7d958f2c0abe528626c73\axi4lite_write_arbiter.\owner_id_r' using process `$paramod$70e768f93198a4a8c4f7d958f2c0abe528626c73\axi4lite_write_arbiter.$proc$/work/openlane/axi4lite_arbiter_top_sv2v.v:722$958'.
  created $adff cell `$procdff$4615' with positive edge clock and negative level reset.
Creating register for signal `$paramod$70e768f93198a4a8c4f7d958f2c0abe528626c73\axi4lite_write_arbiter.\target_slave_r' using process `$paramod$70e768f93198a4a8c4f7d958f2c0abe528626c73\axi4lite_write_arbiter.$proc$/work/openlane/axi4lite_arbiter_top_sv2v.v:722$958'.
  created $adff cell `$procdff$4616' with positive edge clock and negative level reset.
Creating register for signal `$paramod$70e768f93198a4a8c4f7d958f2c0abe528626c73\axi4lite_write_arbiter.\target_invalid_r' using process `$paramod$70e768f93198a4a8c4f7d958f2c0abe528626c73\axi4lite_write_arbiter.$proc$/work/openlane/axi4lite_arbiter_top_sv2v.v:722$958'.
  created $adff cell `$procdff$4617' with positive edge clock and negative level reset.
Creating register for signal `$paramod$70e768f93198a4a8c4f7d958f2c0abe528626c73\axi4lite_write_arbiter.\latched_addr' using process `$paramod$70e768f93198a4a8c4f7d958f2c0abe528626c73\axi4lite_write_arbiter.$proc$/work/openlane/axi4lite_arbiter_top_sv2v.v:722$958'.
  created $adff cell `$procdff$4618' with positive edge clock and negative level reset.
Creating register for signal `$paramod$70e768f93198a4a8c4f7d958f2c0abe528626c73\axi4lite_write_arbiter.\latched_prot' using process `$paramod$70e768f93198a4a8c4f7d958f2c0abe528626c73\axi4lite_write_arbiter.$proc$/work/openlane/axi4lite_arbiter_top_sv2v.v:722$958'.
  created $adff cell `$procdff$4619' with positive edge clock and negative level reset.
Creating register for signal `$paramod$70e768f93198a4a8c4f7d958f2c0abe528626c73\axi4lite_write_arbiter.\latched_wdata' using process `$paramod$70e768f93198a4a8c4f7d958f2c0abe528626c73\axi4lite_write_arbiter.$proc$/work/openlane/axi4lite_arbiter_top_sv2v.v:722$958'.
  created $adff cell `$procdff$4620' with positive edge clock and negative level reset.
Creating register for signal `$paramod$70e768f93198a4a8c4f7d958f2c0abe528626c73\axi4lite_write_arbiter.\latched_wstrb' using process `$paramod$70e768f93198a4a8c4f7d958f2c0abe528626c73\axi4lite_write_arbiter.$proc$/work/openlane/axi4lite_arbiter_top_sv2v.v:722$958'.
  created $adff cell `$procdff$4621' with positive edge clock and negative level reset.
Creating register for signal `$paramod$70e768f93198a4a8c4f7d958f2c0abe528626c73\axi4lite_write_arbiter.\arb_tx_done' using process `$paramod$70e768f93198a4a8c4f7d958f2c0abe528626c73\axi4lite_write_arbiter.$proc$/work/openlane/axi4lite_arbiter_top_sv2v.v:722$958'.
  created $adff cell `$procdff$4622' with positive edge clock and negative level reset.
Creating register for signal `$paramod$70e768f93198a4a8c4f7d958f2c0abe528626c73\axi4lite_write_arbiter.\sv2v_autoblock_4.m' using process `$paramod$70e768f93198a4a8c4f7d958f2c0abe528626c73\axi4lite_write_arbiter.$proc$/work/openlane/axi4lite_arbiter_top_sv2v.v:722$958'.
  created $adff cell `$procdff$4623' with positive edge clock and negative level reset.
Creating register for signal `$paramod$70e768f93198a4a8c4f7d958f2c0abe528626c73\axi4lite_write_arbiter.\sv2v_autoblock_5.m' using process `$paramod$70e768f93198a4a8c4f7d958f2c0abe528626c73\axi4lite_write_arbiter.$proc$/work/openlane/axi4lite_arbiter_top_sv2v.v:722$958'.
  created $dff cell `$procdff$4626' with positive edge clock.
Creating register for signal `$paramod$70e768f93198a4a8c4f7d958f2c0abe528626c73\axi4lite_write_arbiter.\sv2v_autoblock_6.m' using process `$paramod$70e768f93198a4a8c4f7d958f2c0abe528626c73\axi4lite_write_arbiter.$proc$/work/openlane/axi4lite_arbiter_top_sv2v.v:722$958'.
  created $dff cell `$procdff$4629' with positive edge clock.
Creating register for signal `$paramod$70e768f93198a4a8c4f7d958f2c0abe528626c73\axi4lite_write_arbiter.$bitselwrite$pos$/work/openlane/axi4lite_arbiter_top_sv2v.v:790$899' using process `$paramod$70e768f93198a4a8c4f7d958f2c0abe528626c73\axi4lite_write_arbiter.$proc$/work/openlane/axi4lite_arbiter_top_sv2v.v:722$958'.
  created $adff cell `$procdff$4630' with positive edge clock and negative level reset.
Creating register for signal `$paramod$70e768f93198a4a8c4f7d958f2c0abe528626c73\axi4lite_write_arbiter.$bitselwrite$pos$/work/openlane/axi4lite_arbiter_top_sv2v.v:791$900' using process `$paramod$70e768f93198a4a8c4f7d958f2c0abe528626c73\axi4lite_write_arbiter.$proc$/work/openlane/axi4lite_arbiter_top_sv2v.v:722$958'.
  created $adff cell `$procdff$4631' with positive edge clock and negative level reset.
Creating register for signal `$paramod$70e768f93198a4a8c4f7d958f2c0abe528626c73\axi4lite_write_arbiter.$lookahead\aw_buf_valid$956' using process `$paramod$70e768f93198a4a8c4f7d958f2c0abe528626c73\axi4lite_write_arbiter.$proc$/work/openlane/axi4lite_arbiter_top_sv2v.v:722$958'.
  created $adff cell `$procdff$4632' with positive edge clock and negative level reset.
Creating register for signal `$paramod$70e768f93198a4a8c4f7d958f2c0abe528626c73\axi4lite_write_arbiter.$lookahead\w_buf_valid$957' using process `$paramod$70e768f93198a4a8c4f7d958f2c0abe528626c73\axi4lite_write_arbiter.$proc$/work/openlane/axi4lite_arbiter_top_sv2v.v:722$958'.
  created $adff cell `$procdff$4633' with positive edge clock and negative level reset.
Creating register for signal `$paramod$81ce42896b6420f5b5e2661c2ae9db4347cc4ddf\axi4lite_read_arbiter.\owner_id_r' using process `$paramod$81ce42896b6420f5b5e2661c2ae9db4347cc4ddf\axi4lite_read_arbiter.$proc$/work/openlane/axi4lite_arbiter_top_sv2v.v:950$846'.
  created $adff cell `$procdff$4634' with positive edge clock and negative level reset.
Creating register for signal `$paramod$81ce42896b6420f5b5e2661c2ae9db4347cc4ddf\axi4lite_read_arbiter.\target_slave_r' using process `$paramod$81ce42896b6420f5b5e2661c2ae9db4347cc4ddf\axi4lite_read_arbiter.$proc$/work/openlane/axi4lite_arbiter_top_sv2v.v:950$846'.
  created $adff cell `$procdff$4635' with positive edge clock and negative level reset.
Creating register for signal `$paramod$81ce42896b6420f5b5e2661c2ae9db4347cc4ddf\axi4lite_read_arbiter.\target_invalid_r' using process `$paramod$81ce42896b6420f5b5e2661c2ae9db4347cc4ddf\axi4lite_read_arbiter.$proc$/work/openlane/axi4lite_arbiter_top_sv2v.v:950$846'.
  created $adff cell `$procdff$4636' with positive edge clock and negative level reset.
Creating register for signal `$paramod$81ce42896b6420f5b5e2661c2ae9db4347cc4ddf\axi4lite_read_arbiter.\latched_addr' using process `$paramod$81ce42896b6420f5b5e2661c2ae9db4347cc4ddf\axi4lite_read_arbiter.$proc$/work/openlane/axi4lite_arbiter_top_sv2v.v:950$846'.
  created $adff cell `$procdff$4637' with positive edge clock and negative level reset.
Creating register for signal `$paramod$81ce42896b6420f5b5e2661c2ae9db4347cc4ddf\axi4lite_read_arbiter.\latched_prot' using process `$paramod$81ce42896b6420f5b5e2661c2ae9db4347cc4ddf\axi4lite_read_arbiter.$proc$/work/openlane/axi4lite_arbiter_top_sv2v.v:950$846'.
  created $adff cell `$procdff$4638' with positive edge clock and negative level reset.
Creating register for signal `$paramod$81ce42896b6420f5b5e2661c2ae9db4347cc4ddf\axi4lite_read_arbiter.\arb_tx_done' using process `$paramod$81ce42896b6420f5b5e2661c2ae9db4347cc4ddf\axi4lite_read_arbiter.$proc$/work/openlane/axi4lite_arbiter_top_sv2v.v:950$846'.
  created $adff cell `$procdff$4639' with positive edge clock and negative level reset.
Creating register for signal `$paramod$81ce42896b6420f5b5e2661c2ae9db4347cc4ddf\axi4lite_read_arbiter.\r_state' using process `$paramod$81ce42896b6420f5b5e2661c2ae9db4347cc4ddf\axi4lite_read_arbiter.$proc$/work/openlane/axi4lite_arbiter_top_sv2v.v:950$846'.
  created $adff cell `$procdff$4640' with positive edge clock and negative level reset.
Creating register for signal `$paramod\axi4lite_qos_scheduler\NUM_MASTERS=s32'00000000000000000000000000000100.\current_master' using process `$paramod\axi4lite_qos_scheduler\NUM_MASTERS=s32'00000000000000000000000000000100.$proc$/work/openlane/axi4lite_arbiter_top_sv2v.v:350$672'.
  created $adff cell `$procdff$4641' with positive edge clock and negative level reset.
Creating register for signal `$paramod\axi4lite_qos_scheduler\NUM_MASTERS=s32'00000000000000000000000000000100.\is_active' using process `$paramod\axi4lite_qos_scheduler\NUM_MASTERS=s32'00000000000000000000000000000100.$proc$/work/openlane/axi4lite_arbiter_top_sv2v.v:350$672'.
  created $adff cell `$procdff$4642' with positive edge clock and negative level reset.
Creating register for signal `$paramod\axi4lite_qos_scheduler\NUM_MASTERS=s32'00000000000000000000000000000100.\budget_1' using process `$paramod\axi4lite_qos_scheduler\NUM_MASTERS=s32'00000000000000000000000000000100.$proc$/work/openlane/axi4lite_arbiter_top_sv2v.v:350$672'.
  created $adff cell `$procdff$4643' with positive edge clock and negative level reset.
Creating register for signal `$paramod\axi4lite_qos_scheduler\NUM_MASTERS=s32'00000000000000000000000000000100.\budget_2' using process `$paramod\axi4lite_qos_scheduler\NUM_MASTERS=s32'00000000000000000000000000000100.$proc$/work/openlane/axi4lite_arbiter_top_sv2v.v:350$672'.
  created $adff cell `$procdff$4644' with positive edge clock and negative level reset.
Creating register for signal `$paramod\axi4lite_qos_scheduler\NUM_MASTERS=s32'00000000000000000000000000000100.\budget_3' using process `$paramod\axi4lite_qos_scheduler\NUM_MASTERS=s32'00000000000000000000000000000100.$proc$/work/openlane/axi4lite_arbiter_top_sv2v.v:350$672'.
  created $adff cell `$procdff$4645' with positive edge clock and negative level reset.
Creating register for signal `$paramod\axi4lite_qos_scheduler\NUM_MASTERS=s32'00000000000000000000000000000100.\rr_ptr' using process `$paramod\axi4lite_qos_scheduler\NUM_MASTERS=s32'00000000000000000000000000000100.$proc$/work/openlane/axi4lite_arbiter_top_sv2v.v:350$672'.
  created $adff cell `$procdff$4646' with positive edge clock and negative level reset.
Creating register for signal `$paramod\axi4lite_qos_scheduler\NUM_MASTERS=s32'00000000000000000000000000000100.\age_m1' using process `$paramod\axi4lite_qos_scheduler\NUM_MASTERS=s32'00000000000000000000000000000100.$proc$/work/openlane/axi4lite_arbiter_top_sv2v.v:350$672'.
  created $adff cell `$procdff$4647' with positive edge clock and negative level reset.
Creating register for signal `$paramod\axi4lite_qos_scheduler\NUM_MASTERS=s32'00000000000000000000000000000100.\age_m2' using process `$paramod\axi4lite_qos_scheduler\NUM_MASTERS=s32'00000000000000000000000000000100.$proc$/work/openlane/axi4lite_arbiter_top_sv2v.v:350$672'.
  created $adff cell `$procdff$4648' with positive edge clock and negative level reset.
Creating register for signal `$paramod\axi4lite_qos_scheduler\NUM_MASTERS=s32'00000000000000000000000000000100.\age_m3' using process `$paramod\axi4lite_qos_scheduler\NUM_MASTERS=s32'00000000000000000000000000000100.$proc$/work/openlane/axi4lite_arbiter_top_sv2v.v:350$672'.
  created $adff cell `$procdff$4649' with positive edge clock and negative level reset.
Creating register for signal `$paramod\axi4lite_qos_scheduler\NUM_MASTERS=s32'00000000000000000000000000000100.\m0_burst_count' using process `$paramod\axi4lite_qos_scheduler\NUM_MASTERS=s32'00000000000000000000000000000100.$proc$/work/openlane/axi4lite_arbiter_top_sv2v.v:350$672'.
  created $adff cell `$procdff$4650' with positive edge clock and negative level reset.
Creating register for signal `$paramod\axi4lite_qos_scheduler\NUM_MASTERS=s32'00000000000000000000000000000100.\f_first_cycle' using process `$paramod\axi4lite_qos_scheduler\NUM_MASTERS=s32'00000000000000000000000000000100.$proc$/work/openlane/axi4lite_arbiter_top_sv2v.v:350$672'.
  created $adff cell `$procdff$4651' with positive edge clock and negative level reset.

16. Executing PROC_MEMWR pass (convert process memory writes to cells).

17. Executing PROC_CLEAN pass (remove empty switches from decision trees).
Found and cleaned up 3 empty switches in `$paramod$70e768f93198a4a8c4f7d958f2c0abe528626c73\axi4lite_write_arbiter.$proc$/work/openlane/axi4lite_arbiter_top_sv2v.v:815$1028'.
Removing empty process `$paramod$70e768f93198a4a8c4f7d958f2c0abe528626c73\axi4lite_write_arbiter.$proc$/work/openlane/axi4lite_arbiter_top_sv2v.v:815$1028'.
Found and cleaned up 3 empty switches in `$paramod$70e768f93198a4a8c4f7d958f2c0abe528626c73\axi4lite_write_arbiter.$proc$/work/openlane/axi4lite_arbiter_top_sv2v.v:798$1024'.
Removing empty process `$paramod$70e768f93198a4a8c4f7d958f2c0abe528626c73\axi4lite_write_arbiter.$proc$/work/openlane/axi4lite_arbiter_top_sv2v.v:798$1024'.
Found and cleaned up 15 empty switches in `$paramod$70e768f93198a4a8c4f7d958f2c0abe528626c73\axi4lite_write_arbiter.$proc$/work/openlane/axi4lite_arbiter_top_sv2v.v:722$958'.
Removing empty process `$paramod$70e768f93198a4a8c4f7d958f2c0abe528626c73\axi4lite_write_arbiter.$proc$/work/openlane/axi4lite_arbiter_top_sv2v.v:722$958'.
Removing empty process `$paramod$70e768f93198a4a8c4f7d958f2c0abe528626c73\axi4lite_write_arbiter.$proc$/work/openlane/axi4lite_arbiter_top_sv2v.v:717$943'.
Removing empty process `$paramod$70e768f93198a4a8c4f7d958f2c0abe528626c73\axi4lite_write_arbiter.$proc$/work/openlane/axi4lite_arbiter_top_sv2v.v:709$918'.
Removing empty process `$paramod$70e768f93198a4a8c4f7d958f2c0abe528626c73\axi4lite_write_arbiter.$proc$/work/openlane/axi4lite_arbiter_top_sv2v.v:704$905'.
Found and cleaned up 1 empty switch in `$paramod$70e768f93198a4a8c4f7d958f2c0abe528626c73\axi4lite_write_arbiter.$proc$/work/openlane/axi4lite_arbiter_top_sv2v.v:683$901'.
Removing empty process `$paramod$70e768f93198a4a8c4f7d958f2c0abe528626c73\axi4lite_write_arbiter.$proc$/work/openlane/axi4lite_arbiter_top_sv2v.v:683$901'.
Found and cleaned up 3 empty switches in `$paramod$81ce42896b6420f5b5e2661c2ae9db4347cc4ddf\axi4lite_read_arbiter.$proc$/work/openlane/axi4lite_arbiter_top_sv2v.v:1000$890'.
Removing empty process `$paramod$81ce42896b6420f5b5e2661c2ae9db4347cc4ddf\axi4lite_read_arbiter.$proc$/work/openlane/axi4lite_arbiter_top_sv2v.v:1000$890'.
Found and cleaned up 4 empty switches in `$paramod$81ce42896b6420f5b5e2661c2ae9db4347cc4ddf\axi4lite_read_arbiter.$proc$/work/openlane/axi4lite_arbiter_top_sv2v.v:989$855'.
Removing empty process `$paramod$81ce42896b6420f5b5e2661c2ae9db4347cc4ddf\axi4lite_read_arbiter.$proc$/work/openlane/axi4lite_arbiter_top_sv2v.v:989$855'.
Found and cleaned up 6 empty switches in `$paramod$81ce42896b6420f5b5e2661c2ae9db4347cc4ddf\axi4lite_read_arbiter.$proc$/work/openlane/axi4lite_arbiter_top_sv2v.v:950$846'.
Removing empty process `$paramod$81ce42896b6420f5b5e2661c2ae9db4347cc4ddf\axi4lite_read_arbiter.$proc$/work/openlane/axi4lite_arbiter_top_sv2v.v:950$846'.
Found and cleaned up 2 empty switches in `$paramod$81ce42896b6420f5b5e2661c2ae9db4347cc4ddf\axi4lite_read_arbiter.$proc$/work/openlane/axi4lite_arbiter_top_sv2v.v:943$845'.
Removing empty process `$paramod$81ce42896b6420f5b5e2661c2ae9db4347cc4ddf\axi4lite_read_arbiter.$proc$/work/openlane/axi4lite_arbiter_top_sv2v.v:943$845'.
Found and cleaned up 1 empty switch in `$paramod$81ce42896b6420f5b5e2661c2ae9db4347cc4ddf\axi4lite_read_arbiter.$proc$/work/openlane/axi4lite_arbiter_top_sv2v.v:925$841'.
Removing empty process `$paramod$81ce42896b6420f5b5e2661c2ae9db4347cc4ddf\axi4lite_read_arbiter.$proc$/work/openlane/axi4lite_arbiter_top_sv2v.v:925$841'.
Found and cleaned up 13 empty switches in `$paramod$b358acc07f1df1ca7668b3eda652fc0a3794bba8\axi4lite_response_router.$proc$/work/openlane/axi4lite_arbiter_top_sv2v.v:528$781'.
Removing empty process `$paramod$b358acc07f1df1ca7668b3eda652fc0a3794bba8\axi4lite_response_router.$proc$/work/openlane/axi4lite_arbiter_top_sv2v.v:528$781'.
Found and cleaned up 10 empty switches in `$paramod$b358acc07f1df1ca7668b3eda652fc0a3794bba8\axi4lite_response_router.$proc$/work/openlane/axi4lite_arbiter_top_sv2v.v:493$743'.
Removing empty process `$paramod$b358acc07f1df1ca7668b3eda652fc0a3794bba8\axi4lite_response_router.$proc$/work/openlane/axi4lite_arbiter_top_sv2v.v:493$743'.
Found and cleaned up 2 empty switches in `$paramod\axi4lite_qos_scheduler\NUM_MASTERS=s32'00000000000000000000000000000100.$proc$/work/openlane/axi4lite_arbiter_top_sv2v.v:421$708'.
Removing empty process `$paramod\axi4lite_qos_scheduler\NUM_MASTERS=s32'00000000000000000000000000000100.$proc$/work/openlane/axi4lite_arbiter_top_sv2v.v:421$708'.
Found and cleaned up 16 empty switches in `$paramod\axi4lite_qos_scheduler\NUM_MASTERS=s32'00000000000000000000000000000100.$proc$/work/openlane/axi4lite_arbiter_top_sv2v.v:350$672'.
Removing empty process `$paramod\axi4lite_qos_scheduler\NUM_MASTERS=s32'00000000000000000000000000000100.$proc$/work/openlane/axi4lite_arbiter_top_sv2v.v:350$672'.
Found and cleaned up 44 empty switches in `$paramod\axi4lite_qos_scheduler\NUM_MASTERS=s32'00000000000000000000000000000100.$proc$/work/openlane/axi4lite_arbiter_top_sv2v.v:171$643'.
Removing empty process `$paramod\axi4lite_qos_scheduler\NUM_MASTERS=s32'00000000000000000000000000000100.$proc$/work/openlane/axi4lite_arbiter_top_sv2v.v:171$643'.
Found and cleaned up 5 empty switches in `$paramod\axi4lite_qos_scheduler\NUM_MASTERS=s32'00000000000000000000000000000100.$proc$/work/openlane/axi4lite_arbiter_top_sv2v.v:137$635'.
Removing empty process `$paramod\axi4lite_qos_scheduler\NUM_MASTERS=s32'00000000000000000000000000000100.$proc$/work/openlane/axi4lite_arbiter_top_sv2v.v:137$635'.
Removing empty process `$paramod\axi4lite_qos_scheduler\NUM_MASTERS=s32'00000000000000000000000000000100.$proc$/work/openlane/axi4lite_arbiter_top_sv2v.v:120$625'.
Removing empty process `$paramod\axi4lite_qos_scheduler\NUM_MASTERS=s32'00000000000000000000000000000100.$proc$/work/openlane/axi4lite_arbiter_top_sv2v.v:92$618'.
Removing empty process `$paramod\axi4lite_qos_scheduler\NUM_MASTERS=s32'00000000000000000000000000000100.$proc$/work/openlane/axi4lite_arbiter_top_sv2v.v:85$611'.
Found and cleaned up 4 empty switches in `$paramod$8607e6e28e9a0ecf78b5ef5ea17d8b714c8188a1\axi4lite_address_decoder.$proc$/work/openlane/axi4lite_arbiter_top_sv2v.v:22$534'.
Removing empty process `$paramod$8607e6e28e9a0ecf78b5ef5ea17d8b714c8188a1\axi4lite_address_decoder.$proc$/work/openlane/axi4lite_arbiter_top_sv2v.v:22$534'.
Cleaned up 132 empty switches.

18. Executing CHECK pass (checking for obvious problems).
Checking module axi4lite_arbiter_top...
Checking module $paramod$70e768f93198a4a8c4f7d958f2c0abe528626c73\axi4lite_write_arbiter...
Checking module $paramod$81ce42896b6420f5b5e2661c2ae9db4347cc4ddf\axi4lite_read_arbiter...
Checking module $paramod$b358acc07f1df1ca7668b3eda652fc0a3794bba8\axi4lite_response_router...
Checking module $paramod\axi4lite_qos_scheduler\NUM_MASTERS=s32'00000000000000000000000000000100...
Checking module $paramod$8607e6e28e9a0ecf78b5ef5ea17d8b714c8188a1\axi4lite_address_decoder...
Found and reported 0 problems.

19. Executing OPT_EXPR pass (perform const folding).
Optimizing module axi4lite_arbiter_top.
Optimizing module $paramod$70e768f93198a4a8c4f7d958f2c0abe528626c73\axi4lite_write_arbiter.
<suppressed ~30 debug messages>
Optimizing module $paramod$81ce42896b6420f5b5e2661c2ae9db4347cc4ddf\axi4lite_read_arbiter.
<suppressed ~20 debug messages>
Optimizing module $paramod$b358acc07f1df1ca7668b3eda652fc0a3794bba8\axi4lite_response_router.
<suppressed ~59 debug messages>
Optimizing module $paramod\axi4lite_qos_scheduler\NUM_MASTERS=s32'00000000000000000000000000000100.
<suppressed ~45 debug messages>
Optimizing module $paramod$8607e6e28e9a0ecf78b5ef5ea17d8b714c8188a1\axi4lite_address_decoder.
<suppressed ~2 debug messages>

20. Executing FLATTEN pass (flatten design).
Deleting now unused module $paramod$70e768f93198a4a8c4f7d958f2c0abe528626c73\axi4lite_write_arbiter.
Deleting now unused module $paramod$81ce42896b6420f5b5e2661c2ae9db4347cc4ddf\axi4lite_read_arbiter.
Deleting now unused module $paramod$b358acc07f1df1ca7668b3eda652fc0a3794bba8\axi4lite_response_router.
Deleting now unused module $paramod\axi4lite_qos_scheduler\NUM_MASTERS=s32'00000000000000000000000000000100.
Deleting now unused module $paramod$8607e6e28e9a0ecf78b5ef5ea17d8b714c8188a1\axi4lite_address_decoder.
<suppressed ~7 debug messages>

21. Executing OPT_EXPR pass (perform const folding).
Optimizing module axi4lite_arbiter_top.

22. Executing OPT_CLEAN pass (remove unused cells and wires).
Finding unused cells or wires in module \axi4lite_arbiter_top..
Removed 202 unused cells and 2400 unused wires.
<suppressed ~233 debug messages>

23. Executing OPT pass (performing simple optimizations).

23.1. Executing OPT_EXPR pass (perform const folding).
Optimizing module axi4lite_arbiter_top.

23.2. Executing OPT_MERGE pass (detect identical cells).
Finding identical cells in module `\axi4lite_arbiter_top'.
<suppressed ~1509 debug messages>
Removed a total of 503 cells.

23.3. Executing OPT_MUXTREE pass (detect dead branches in mux trees).
Running muxtree optimizer on module \axi4lite_arbiter_top..
  Creating internal representation of mux trees.
  Evaluating internal representation of mux trees.
      Replacing known input bits on port B of cell $flatten\u_read_arbiter.\u_read_qos.$procmux$3592: $flatten\u_read_arbiter.\u_read_qos.$17\cand_valid[0:0] -> 1'1
      Replacing known input bits on port A of cell $flatten\u_read_arbiter.\u_read_qos.$procmux$3164: $flatten\u_read_arbiter.\u_read_qos.$17\cand_valid[0:0] -> 1'0
      Replacing known input bits on port A of cell $flatten\u_read_arbiter.\u_read_qos.$procmux$3291: $flatten\u_read_arbiter.\u_read_qos.$17\cand_valid[0:0] -> 1'0
      Replacing known input bits on port A of cell $flatten\u_read_arbiter.\u_read_qos.$procmux$3424: $flatten\u_read_arbiter.\u_read_qos.$17\cand_valid[0:0] -> 1'0
      Replacing known input bits on port A of cell $flatten\u_read_arbiter.\u_read_qos.$procmux$3025: $flatten\u_read_arbiter.\u_read_qos.$17\cand_valid[0:0] -> 1'0
      Replacing known input bits on port A of cell $flatten\u_read_arbiter.\u_read_qos.$procmux$2892: \u_read_arbiter.u_read_qos.f_first_cycle -> 1'0
      Replacing known input bits on port A of cell $flatten\u_read_arbiter.\u_read_qos.$procmux$2985: \u_read_arbiter.u_read_qos.is_active -> 1'1
      Replacing known input bits on port A of cell $flatten\u_read_arbiter.\u_read_qos.$procmux$2979: \u_read_arbiter.u_read_qos.is_active -> 1'0
      Replacing known input bits on port A of cell $flatten\u_write_arbiter.\u_write_qos.$procmux$2892: \u_write_arbiter.u_write_qos.f_first_cycle -> 1'0
      Replacing known input bits on port A of cell $flatten\u_write_arbiter.\u_write_qos.$procmux$2985: \u_write_arbiter.u_write_qos.is_active -> 1'1
      Replacing known input bits on port A of cell $flatten\u_write_arbiter.\u_write_qos.$procmux$2979: \u_write_arbiter.u_write_qos.is_active -> 1'0
      Replacing known input bits on port B of cell $flatten\u_write_arbiter.\u_write_qos.$procmux$3592: $flatten\u_write_arbiter.\u_write_qos.$17\cand_valid[0:0] -> 1'1
      Replacing known input bits on port A of cell $flatten\u_write_arbiter.\u_write_qos.$procmux$3164: $flatten\u_write_arbiter.\u_write_qos.$17\cand_valid[0:0] -> 1'0
      Replacing known input bits on port A of cell $flatten\u_write_arbiter.\u_write_qos.$procmux$3291: $flatten\u_write_arbiter.\u_write_qos.$17\cand_valid[0:0] -> 1'0
      Replacing known input bits on port A of cell $flatten\u_write_arbiter.\u_write_qos.$procmux$3424: $flatten\u_write_arbiter.\u_write_qos.$17\cand_valid[0:0] -> 1'0
      Replacing known input bits on port A of cell $flatten\u_write_arbiter.\u_write_qos.$procmux$3025: $flatten\u_write_arbiter.\u_write_qos.$17\cand_valid[0:0] -> 1'0
  Analyzing evaluation results.
    dead port 1/4 on $pmux $flatten\u_read_arbiter.\u_read_qos.$procmux$3705.
    dead port 2/4 on $pmux $flatten\u_read_arbiter.\u_read_qos.$procmux$3705.
    dead port 3/4 on $pmux $flatten\u_read_arbiter.\u_read_qos.$procmux$3705.
    dead port 1/2 on $mux $flatten\u_read_arbiter.\u_read_decoder.$procmux$4591.
    dead port 2/2 on $mux $flatten\u_read_arbiter.\u_read_qos.$procmux$3709.
    dead port 1/2 on $mux $flatten\u_read_arbiter.\u_read_qos.$procmux$3712.
    dead port 1/2 on $mux $flatten\u_read_arbiter.\u_read_qos.$procmux$3715.
    dead port 1/4 on $pmux $flatten\u_read_arbiter.\u_read_qos.$procmux$3722.
    dead port 2/4 on $pmux $flatten\u_read_arbiter.\u_read_qos.$procmux$3722.
    dead port 3/4 on $pmux $flatten\u_read_arbiter.\u_read_qos.$procmux$3722.
    dead port 2/2 on $mux $flatten\u_read_arbiter.\u_read_qos.$procmux$3726.
    dead port 1/2 on $mux $flatten\u_read_arbiter.\u_read_qos.$procmux$3729.
    dead port 1/2 on $mux $flatten\u_read_arbiter.\u_read_qos.$procmux$3732.
    dead port 1/2 on $mux $flatten\u_read_arbiter.\u_read_qos.$procmux$3740.
    dead port 1/2 on $mux $flatten\u_read_arbiter.\u_read_qos.$procmux$3743.
    dead port 2/2 on $mux $flatten\u_read_arbiter.\u_read_qos.$procmux$3745.
    dead port 2/2 on $mux $flatten\u_read_arbiter.\u_read_qos.$procmux$3747.
    dead port 1/2 on $mux $flatten\u_read_arbiter.\u_read_qos.$procmux$3750.
    dead port 1/2 on $mux $flatten\u_read_arbiter.\u_read_qos.$procmux$3753.
    dead port 1/2 on $mux $flatten\u_read_arbiter.\u_read_qos.$procmux$3761.
    dead port 1/2 on $mux $flatten\u_read_arbiter.\u_read_qos.$procmux$3764.
    dead port 2/2 on $mux $flatten\u_read_arbiter.\u_read_qos.$procmux$3766.
    dead port 2/2 on $mux $flatten\u_read_arbiter.\u_read_qos.$procmux$3768.
    dead port 1/2 on $mux $flatten\u_read_arbiter.\u_read_qos.$procmux$3771.
    dead port 1/2 on $mux $flatten\u_read_arbiter.\u_read_qos.$procmux$3774.
    dead port 1/2 on $mux $flatten\u_read_arbiter.\u_read_qos.$procmux$3782.
    dead port 2/2 on $mux $flatten\u_read_arbiter.\u_read_qos.$procmux$3784.
    dead port 2/2 on $mux $flatten\u_read_arbiter.\u_read_qos.$procmux$3786.
    dead port 1/2 on $mux $flatten\u_read_arbiter.\u_read_qos.$procmux$3789.
    dead port 1/2 on $mux $flatten\u_read_arbiter.\u_read_qos.$procmux$3792.
    dead port 1/2 on $mux $flatten\u_read_arbiter.\u_read_qos.$procmux$3800.
    dead port 2/2 on $mux $flatten\u_read_arbiter.\u_read_qos.$procmux$3802.
    dead port 2/2 on $mux $flatten\u_read_arbiter.\u_read_qos.$procmux$3804.
    dead port 1/2 on $mux $flatten\u_read_arbiter.\u_read_qos.$procmux$3807.
    dead port 1/2 on $mux $flatten\u_read_arbiter.\u_read_qos.$procmux$3810.
    dead port 2/2 on $mux $flatten\u_read_arbiter.\u_read_qos.$procmux$3817.
    dead port 2/2 on $mux $flatten\u_read_arbiter.\u_read_qos.$procmux$3819.
    dead port 1/2 on $mux $flatten\u_read_arbiter.\u_read_qos.$procmux$3822.
    dead port 1/2 on $mux $flatten\u_read_arbiter.\u_read_qos.$procmux$3825.
    dead port 2/2 on $mux $flatten\u_read_arbiter.\u_read_qos.$procmux$3832.
    dead port 2/2 on $mux $flatten\u_read_arbiter.\u_read_qos.$procmux$3834.
    dead port 1/2 on $mux $flatten\u_read_arbiter.\u_read_qos.$procmux$3837.
    dead port 1/2 on $mux $flatten\u_read_arbiter.\u_read_qos.$procmux$3840.
    dead port 1/2 on $mux $flatten\u_read_arbiter.\u_read_qos.$procmux$3849.
    dead port 1/2 on $mux $flatten\u_read_arbiter.\u_read_qos.$procmux$3852.
    dead port 2/2 on $mux $flatten\u_read_arbiter.\u_read_qos.$procmux$3854.
    dead port 2/2 on $mux $flatten\u_read_arbiter.\u_read_qos.$procmux$3856.
    dead port 1/2 on $mux $flatten\u_read_arbiter.\u_read_qos.$procmux$3859.
    dead port 1/2 on $mux $flatten\u_read_arbiter.\u_read_qos.$procmux$3862.
    dead port 1/2 on $mux $flatten\u_read_arbiter.\u_read_qos.$procmux$3871.
    dead port 1/2 on $mux $flatten\u_read_arbiter.\u_read_qos.$procmux$3874.
    dead port 2/2 on $mux $flatten\u_read_arbiter.\u_read_qos.$procmux$3876.
    dead port 2/2 on $mux $flatten\u_read_arbiter.\u_read_qos.$procmux$3878.
    dead port 1/2 on $mux $flatten\u_read_arbiter.\u_read_qos.$procmux$3881.
    dead port 1/2 on $mux $flatten\u_read_arbiter.\u_read_qos.$procmux$3884.
    dead port 1/2 on $mux $flatten\u_read_arbiter.\u_read_qos.$procmux$3893.
    dead port 2/2 on $mux $flatten\u_read_arbiter.\u_read_qos.$procmux$3895.
    dead port 2/2 on $mux $flatten\u_read_arbiter.\u_read_qos.$procmux$3897.
    dead port 1/2 on $mux $flatten\u_read_arbiter.\u_read_qos.$procmux$3900.
    dead port 1/2 on $mux $flatten\u_read_arbiter.\u_read_qos.$procmux$3903.
    dead port 1/2 on $mux $flatten\u_read_arbiter.\u_read_qos.$procmux$3912.
    dead port 2/2 on $mux $flatten\u_read_arbiter.\u_read_qos.$procmux$3914.
    dead port 2/2 on $mux $flatten\u_read_arbiter.\u_read_qos.$procmux$3916.
    dead port 1/2 on $mux $flatten\u_read_arbiter.\u_read_qos.$procmux$3919.
    dead port 1/2 on $mux $flatten\u_read_arbiter.\u_read_qos.$procmux$3922.
    dead port 2/2 on $mux $flatten\u_read_arbiter.\u_read_qos.$procmux$3930.
    dead port 2/2 on $mux $flatten\u_read_arbiter.\u_read_qos.$procmux$3932.
    dead port 1/2 on $mux $flatten\u_read_arbiter.\u_read_qos.$procmux$3935.
    dead port 1/2 on $mux $flatten\u_read_arbiter.\u_read_qos.$procmux$3938.
    dead port 2/2 on $mux $flatten\u_read_arbiter.\u_read_qos.$procmux$3946.
    dead port 2/2 on $mux $flatten\u_read_arbiter.\u_read_qos.$procmux$3948.
    dead port 1/2 on $mux $flatten\u_read_arbiter.\u_read_qos.$procmux$3951.
    dead port 1/2 on $mux $flatten\u_read_arbiter.\u_read_qos.$procmux$3954.
    dead port 1/2 on $mux $flatten\u_read_arbiter.\u_read_qos.$procmux$3964.
    dead port 1/2 on $mux $flatten\u_read_arbiter.\u_read_qos.$procmux$3967.
    dead port 2/2 on $mux $flatten\u_read_arbiter.\u_read_qos.$procmux$3969.
    dead port 2/2 on $mux $flatten\u_read_arbiter.\u_read_qos.$procmux$3971.
    dead port 1/2 on $mux $flatten\u_read_arbiter.\u_read_qos.$procmux$3974.
    dead port 1/2 on $mux $flatten\u_read_arbiter.\u_read_qos.$procmux$3977.
    dead port 1/2 on $mux $flatten\u_read_arbiter.\u_read_qos.$procmux$3987.
    dead port 1/2 on $mux $flatten\u_read_arbiter.\u_read_qos.$procmux$3990.
    dead port 2/2 on $mux $flatten\u_read_arbiter.\u_read_qos.$procmux$3992.
    dead port 2/2 on $mux $flatten\u_read_arbiter.\u_read_qos.$procmux$3994.
    dead port 1/2 on $mux $flatten\u_read_arbiter.\u_read_qos.$procmux$3997.
    dead port 1/2 on $mux $flatten\u_read_arbiter.\u_read_qos.$procmux$4000.
    dead port 1/2 on $mux $flatten\u_read_arbiter.\u_read_qos.$procmux$4010.
    dead port 2/2 on $mux $flatten\u_read_arbiter.\u_read_qos.$procmux$4012.
    dead port 2/2 on $mux $flatten\u_read_arbiter.\u_read_qos.$procmux$4014.
    dead port 1/2 on $mux $flatten\u_read_arbiter.\u_read_qos.$procmux$4017.
    dead port 1/2 on $mux $flatten\u_read_arbiter.\u_read_qos.$procmux$4020.
    dead port 1/2 on $mux $flatten\u_read_arbiter.\u_read_qos.$procmux$4030.
    dead port 2/2 on $mux $flatten\u_read_arbiter.\u_read_qos.$procmux$4032.
    dead port 2/2 on $mux $flatten\u_read_arbiter.\u_read_qos.$procmux$4034.
    dead port 1/2 on $mux $flatten\u_read_arbiter.\u_read_qos.$procmux$4037.
    dead port 1/2 on $mux $flatten\u_read_arbiter.\u_read_qos.$procmux$4040.
    dead port 2/2 on $mux $flatten\u_read_arbiter.\u_read_qos.$procmux$4049.
    dead port 2/2 on $mux $flatten\u_read_arbiter.\u_read_qos.$procmux$4051.
    dead port 1/2 on $mux $flatten\u_read_arbiter.\u_read_qos.$procmux$4054.
    dead port 1/2 on $mux $flatten\u_read_arbiter.\u_read_qos.$procmux$4057.
    dead port 2/2 on $mux $flatten\u_read_arbiter.\u_read_qos.$procmux$4066.
    dead port 2/2 on $mux $flatten\u_read_arbiter.\u_read_qos.$procmux$4068.
    dead port 1/2 on $mux $flatten\u_read_arbiter.\u_read_qos.$procmux$4071.
    dead port 1/2 on $mux $flatten\u_read_arbiter.\u_read_qos.$procmux$4074.
    dead port 2/2 on $mux $flatten\u_read_arbiter.\u_read_qos.$procmux$4096.
    dead port 1/2 on $mux $flatten\u_read_arbiter.\u_read_qos.$procmux$4099.
    dead port 1/2 on $mux $flatten\u_read_arbiter.\u_read_qos.$procmux$4102.
    dead port 1/2 on $mux $flatten\u_read_arbiter.\u_read_qos.$procmux$4108.
    dead port 1/2 on $mux $flatten\u_read_arbiter.\u_read_qos.$procmux$4111.
    dead port 1/2 on $mux $flatten\u_read_arbiter.\u_read_qos.$procmux$4117.
    dead port 1/2 on $mux $flatten\u_read_arbiter.\u_read_qos.$procmux$4120.
    dead port 1/2 on $mux $flatten\u_read_arbiter.\u_read_qos.$procmux$4126.
    dead port 1/2 on $mux $flatten\u_read_arbiter.\u_read_qos.$procmux$4132.
    dead port 1/2 on $mux $flatten\u_read_arbiter.\u_read_qos.$procmux$4139.
    dead port 1/2 on $mux $flatten\u_read_arbiter.\u_read_qos.$procmux$4142.
    dead port 1/4 on $pmux $flatten\u_read_arbiter.\u_read_qos.$procmux$4145.
    dead port 2/4 on $pmux $flatten\u_read_arbiter.\u_read_qos.$procmux$4145.
    dead port 3/4 on $pmux $flatten\u_read_arbiter.\u_read_qos.$procmux$4145.
    dead port 2/2 on $mux $flatten\u_read_arbiter.\u_read_qos.$procmux$4149.
    dead port 1/2 on $mux $flatten\u_read_arbiter.\u_read_qos.$procmux$4156.
    dead port 1/2 on $mux $flatten\u_read_arbiter.\u_read_qos.$procmux$4159.
    dead port 1/4 on $pmux $flatten\u_read_arbiter.\u_read_qos.$procmux$4162.
    dead port 2/4 on $pmux $flatten\u_read_arbiter.\u_read_qos.$procmux$4162.
    dead port 3/4 on $pmux $flatten\u_read_arbiter.\u_read_qos.$procmux$4162.
    dead port 2/2 on $mux $flatten\u_read_arbiter.$procmux$1265.
    dead port 2/2 on $mux $flatten\u_read_arbiter.\u_read_qos.$procmux$4166.
    dead port 1/2 on $mux $flatten\u_read_arbiter.\u_read_qos.$procmux$4173.
    dead port 1/4 on $pmux $flatten\u_read_arbiter.\u_read_qos.$procmux$4176.
    dead port 2/4 on $pmux $flatten\u_read_arbiter.\u_read_qos.$procmux$4176.
    dead port 3/4 on $pmux $flatten\u_read_arbiter.\u_read_qos.$procmux$4176.
    dead port 2/2 on $mux $flatten\u_read_arbiter.$procmux$1274.
    dead port 2/2 on $mux $flatten\u_read_arbiter.\u_read_qos.$procmux$4180.
    dead port 1/2 on $mux $flatten\u_read_arbiter.\u_read_qos.$procmux$4187.
    dead port 1/4 on $pmux $flatten\u_read_arbiter.\u_read_qos.$procmux$4190.
    dead port 2/4 on $pmux $flatten\u_read_arbiter.\u_read_qos.$procmux$4190.
    dead port 3/4 on $pmux $flatten\u_read_arbiter.\u_read_qos.$procmux$4190.
    dead port 1/2 on $mux $flatten\u_read_arbiter.$procmux$1281.
    dead port 2/2 on $mux $flatten\u_read_arbiter.\u_read_qos.$procmux$4194.
    dead port 1/4 on $pmux $flatten\u_read_arbiter.\u_read_qos.$procmux$4201.
    dead port 2/4 on $pmux $flatten\u_read_arbiter.\u_read_qos.$procmux$4201.
    dead port 3/4 on $pmux $flatten\u_read_arbiter.\u_read_qos.$procmux$4201.
    dead port 2/2 on $mux $flatten\u_read_arbiter.\u_read_qos.$procmux$4205.
    dead port 1/4 on $pmux $flatten\u_read_arbiter.\u_read_qos.$procmux$4212.
    dead port 2/4 on $pmux $flatten\u_read_arbiter.\u_read_qos.$procmux$4212.
    dead port 3/4 on $pmux $flatten\u_read_arbiter.\u_read_qos.$procmux$4212.
    dead port 2/2 on $mux $flatten\u_read_arbiter.\u_read_qos.$procmux$4216.
    dead port 1/2 on $mux $flatten\u_read_arbiter.\u_read_qos.$procmux$4224.
    dead port 1/2 on $mux $flatten\u_read_arbiter.\u_read_qos.$procmux$4227.
    dead port 2/2 on $mux $flatten\u_read_arbiter.\u_read_qos.$procmux$4229.
    dead port 2/2 on $mux $flatten\u_read_arbiter.\u_read_qos.$procmux$4231.
    dead port 1/2 on $mux $flatten\u_read_arbiter.\u_read_qos.$procmux$4239.
    dead port 1/2 on $mux $flatten\u_read_arbiter.\u_read_qos.$procmux$4242.
    dead port 2/2 on $mux $flatten\u_read_arbiter.\u_read_qos.$procmux$4244.
    dead port 1/2 on $mux $flatten\u_read_arbiter.$procmux$1284.
    dead port 2/2 on $mux $flatten\u_read_arbiter.\u_read_qos.$procmux$4246.
    dead port 1/2 on $mux $flatten\u_read_arbiter.\u_read_qos.$procmux$4254.
    dead port 2/2 on $mux $flatten\u_read_arbiter.\u_read_qos.$procmux$4256.
    dead port 2/2 on $mux $flatten\u_read_arbiter.$procmux$1286.
    dead port 2/2 on $mux $flatten\u_read_arbiter.\u_read_qos.$procmux$4258.
    dead port 1/2 on $mux $flatten\u_read_arbiter.\u_read_qos.$procmux$4266.
    dead port 2/2 on $mux $flatten\u_read_arbiter.\u_read_qos.$procmux$4268.
    dead port 2/2 on $mux $flatten\u_read_arbiter.\u_read_qos.$procmux$4270.
    dead port 2/2 on $mux $flatten\u_read_arbiter.\u_read_qos.$procmux$4277.
    dead port 1/2 on $mux $flatten\u_read_arbiter.$procmux$1305.
    dead port 2/2 on $mux $flatten\u_read_arbiter.\u_read_qos.$procmux$4279.
    dead port 2/2 on $mux $flatten\u_read_arbiter.\u_read_qos.$procmux$4286.
    dead port 2/2 on $mux $flatten\u_read_arbiter.$procmux$1307.
    dead port 2/2 on $mux $flatten\u_read_arbiter.\u_read_qos.$procmux$4288.
    dead port 1/2 on $mux $flatten\u_read_arbiter.\u_read_qos.$procmux$4297.
    dead port 1/2 on $mux $flatten\u_read_arbiter.\u_read_qos.$procmux$4300.
    dead port 2/2 on $mux $flatten\u_read_arbiter.\u_read_qos.$procmux$4302.
    dead port 2/2 on $mux $flatten\u_read_arbiter.\u_read_qos.$procmux$4304.
    dead port 1/2 on $mux $flatten\u_read_arbiter.\u_read_qos.$procmux$4313.
    dead port 1/2 on $mux $flatten\u_read_arbiter.\u_read_qos.$procmux$4316.
    dead port 2/2 on $mux $flatten\u_read_arbiter.\u_read_qos.$procmux$4318.
    dead port 2/2 on $mux $flatten\u_read_arbiter.$procmux$1331.
    dead port 2/2 on $mux $flatten\u_read_arbiter.\u_read_qos.$procmux$4320.
    dead port 1/2 on $mux $flatten\u_read_arbiter.\u_read_qos.$procmux$4329.
    dead port 2/2 on $mux $flatten\u_read_arbiter.\u_read_qos.$procmux$4331.
    dead port 2/2 on $mux $flatten\u_read_arbiter.\u_read_qos.$procmux$4333.
    dead port 1/2 on $mux $flatten\u_read_arbiter.\u_read_qos.$procmux$4342.
    dead port 2/2 on $mux $flatten\u_read_arbiter.\u_read_qos.$procmux$4344.
    dead port 2/2 on $mux $flatten\u_read_arbiter.\u_read_qos.$procmux$4346.
    dead port 2/2 on $mux $flatten\u_read_arbiter.\u_read_qos.$procmux$4354.
    dead port 2/2 on $mux $flatten\u_read_arbiter.\u_read_qos.$procmux$4356.
    dead port 2/2 on $mux $flatten\u_read_arbiter.\u_read_qos.$procmux$4364.
    dead port 2/2 on $mux $flatten\u_read_arbiter.\u_read_qos.$procmux$4366.
    dead port 1/2 on $mux $flatten\u_read_arbiter.\u_read_qos.$procmux$4376.
    dead port 1/2 on $mux $flatten\u_read_arbiter.\u_read_qos.$procmux$4379.
    dead port 2/2 on $mux $flatten\u_read_arbiter.\u_read_qos.$procmux$4381.
    dead port 2/2 on $mux $flatten\u_read_arbiter.\u_read_qos.$procmux$4383.
    dead port 1/2 on $mux $flatten\u_read_arbiter.\u_read_qos.$procmux$4393.
    dead port 1/2 on $mux $flatten\u_read_arbiter.\u_read_qos.$procmux$4396.
    dead port 2/2 on $mux $flatten\u_read_arbiter.\u_read_qos.$procmux$4398.
    dead port 2/2 on $mux $flatten\u_read_arbiter.\u_read_qos.$procmux$4400.
    dead port 1/2 on $mux $flatten\u_read_arbiter.\u_read_qos.$procmux$4410.
    dead port 2/2 on $mux $flatten\u_read_arbiter.\u_read_qos.$procmux$4412.
    dead port 2/2 on $mux $flatten\u_read_arbiter.\u_read_qos.$procmux$4414.
    dead port 1/2 on $mux $flatten\u_read_arbiter.\u_read_qos.$procmux$4424.
    dead port 2/2 on $mux $flatten\u_read_arbiter.\u_read_qos.$procmux$4426.
    dead port 2/2 on $mux $flatten\u_read_arbiter.\u_read_qos.$procmux$4428.
    dead port 2/2 on $mux $flatten\u_read_arbiter.\u_read_qos.$procmux$4437.
    dead port 2/2 on $mux $flatten\u_read_arbiter.\u_read_qos.$procmux$4439.
    dead port 2/2 on $mux $flatten\u_read_arbiter.\u_read_qos.$procmux$4448.
    dead port 2/2 on $mux $flatten\u_read_arbiter.\u_read_qos.$procmux$4450.
    dead port 2/2 on $mux $flatten\u_read_arbiter.\u_read_qos.$procmux$4458.
    dead port 2/2 on $mux $flatten\u_read_arbiter.\u_read_qos.$procmux$4466.
    dead port 2/2 on $mux $flatten\u_read_arbiter.\u_read_qos.$procmux$4479.
    dead port 2/2 on $mux $flatten\u_read_arbiter.\u_read_qos.$procmux$4481.
    dead port 2/2 on $mux $flatten\u_read_arbiter.\u_read_qos.$procmux$4488.
    dead port 2/2 on $mux $flatten\u_read_arbiter.\u_read_qos.$procmux$4490.
    dead port 2/2 on $mux $flatten\u_read_arbiter.\u_read_qos.$procmux$4498.
    dead port 2/2 on $mux $flatten\u_read_arbiter.\u_read_qos.$procmux$4500.
    dead port 2/2 on $mux $flatten\u_read_arbiter.\u_read_qos.$procmux$4508.
    dead port 2/2 on $mux $flatten\u_read_arbiter.\u_read_qos.$procmux$4510.
    dead port 2/2 on $mux $flatten\u_read_arbiter.\u_read_qos.$procmux$4519.
    dead port 2/2 on $mux $flatten\u_read_arbiter.\u_read_qos.$procmux$4521.
    dead port 2/2 on $mux $flatten\u_read_arbiter.\u_read_qos.$procmux$4530.
    dead port 2/2 on $mux $flatten\u_read_arbiter.\u_read_qos.$procmux$4532.
    dead port 2/2 on $mux $flatten\u_read_arbiter.\u_read_qos.$procmux$4540.
    dead port 2/2 on $mux $flatten\u_read_arbiter.\u_read_qos.$procmux$4548.
    dead port 2/2 on $mux $flatten\u_read_arbiter.\u_read_qos.$procmux$4554.
    dead port 2/2 on $mux $flatten\u_read_arbiter.\u_read_qos.$procmux$4561.
    dead port 2/2 on $mux $flatten\u_response_router.$procmux$1458.
    dead port 1/2 on $mux $flatten\u_response_router.$procmux$1461.
    dead port 1/2 on $mux $flatten\u_response_router.$procmux$1464.
    dead port 2/2 on $mux $flatten\u_response_router.$procmux$1466.
    dead port 2/2 on $mux $flatten\u_response_router.$procmux$1476.
    dead port 1/2 on $mux $flatten\u_response_router.$procmux$1479.
    dead port 1/2 on $mux $flatten\u_response_router.$procmux$1482.
    dead port 2/2 on $mux $flatten\u_response_router.$procmux$1484.
    dead port 2/2 on $mux $flatten\u_response_router.$procmux$1492.
    dead port 1/2 on $mux $flatten\u_response_router.$procmux$1495.
    dead port 1/2 on $mux $flatten\u_response_router.$procmux$1498.
    dead port 2/2 on $mux $flatten\u_response_router.$procmux$1500.
    dead port 2/2 on $mux $flatten\u_response_router.$procmux$1509.
    dead port 1/2 on $mux $flatten\u_response_router.$procmux$1512.
    dead port 1/2 on $mux $flatten\u_response_router.$procmux$1515.
    dead port 2/2 on $mux $flatten\u_response_router.$procmux$1517.
    dead port 2/2 on $mux $flatten\u_response_router.$procmux$1524.
    dead port 1/2 on $mux $flatten\u_response_router.$procmux$1527.
    dead port 1/2 on $mux $flatten\u_response_router.$procmux$1530.
    dead port 2/2 on $mux $flatten\u_response_router.$procmux$1532.
    dead port 2/2 on $mux $flatten\u_response_router.$procmux$1542.
    dead port 1/2 on $mux $flatten\u_response_router.$procmux$1545.
    dead port 1/2 on $mux $flatten\u_response_router.$procmux$1548.
    dead port 2/2 on $mux $flatten\u_response_router.$procmux$1550.
    dead port 2/2 on $mux $flatten\u_response_router.$procmux$1558.
    dead port 1/2 on $mux $flatten\u_response_router.$procmux$1561.
    dead port 1/2 on $mux $flatten\u_response_router.$procmux$1564.
    dead port 2/2 on $mux $flatten\u_response_router.$procmux$1566.
    dead port 2/2 on $mux $flatten\u_response_router.$procmux$1575.
    dead port 1/2 on $mux $flatten\u_response_router.$procmux$1578.
    dead port 1/2 on $mux $flatten\u_response_router.$procmux$1581.
    dead port 2/2 on $mux $flatten\u_response_router.$procmux$1583.
    dead port 2/2 on $mux $flatten\u_response_router.$procmux$1592.
    dead port 1/2 on $mux $flatten\u_response_router.$procmux$1595.
    dead port 1/2 on $mux $flatten\u_response_router.$procmux$1598.
    dead port 2/2 on $mux $flatten\u_response_router.$procmux$1600.
    dead port 1/2 on $mux $flatten\u_read_arbiter.\u_read_qos.$procmux$2857.
    dead port 1/2 on $mux $flatten\u_read_arbiter.\u_read_qos.$procmux$2863.
    dead port 2/2 on $mux $flatten\u_response_router.$procmux$1609.
    dead port 1/2 on $mux $flatten\u_response_router.$procmux$1612.
    dead port 1/2 on $mux $flatten\u_response_router.$procmux$1615.
    dead port 2/2 on $mux $flatten\u_response_router.$procmux$1617.
    dead port 2/2 on $mux $flatten\u_response_router.$procmux$1626.
    dead port 1/2 on $mux $flatten\u_response_router.$procmux$1629.
    dead port 1/2 on $mux $flatten\u_response_router.$procmux$1632.
    dead port 2/2 on $mux $flatten\u_response_router.$procmux$1634.
    dead port 2/2 on $mux $flatten\u_response_router.$procmux$1643.
    dead port 1/2 on $mux $flatten\u_response_router.$procmux$1646.
    dead port 1/2 on $mux $flatten\u_response_router.$procmux$1649.
    dead port 2/2 on $mux $flatten\u_response_router.$procmux$1651.
    dead port 1/2 on $mux $flatten\u_response_router.$procmux$1658.
    dead port 1/2 on $mux $flatten\u_response_router.$procmux$1661.
    dead port 2/2 on $mux $flatten\u_response_router.$procmux$1663.
    dead port 1/2 on $mux $flatten\u_response_router.$procmux$1670.
    dead port 1/2 on $mux $flatten\u_response_router.$procmux$1673.
    dead port 2/2 on $mux $flatten\u_response_router.$procmux$1675.
    dead port 1/2 on $mux $flatten\u_response_router.$procmux$1682.
    dead port 1/2 on $mux $flatten\u_response_router.$procmux$1685.
    dead port 2/2 on $mux $flatten\u_response_router.$procmux$1687.
    dead port 1/2 on $mux $flatten\u_response_router.$procmux$1706.
    dead port 1/2 on $mux $flatten\u_response_router.$procmux$1709.
    dead port 2/2 on $mux $flatten\u_response_router.$procmux$1711.
    dead port 1/2 on $mux $flatten\u_response_router.$procmux$1730.
    dead port 1/2 on $mux $flatten\u_response_router.$procmux$1733.
    dead port 2/2 on $mux $flatten\u_response_router.$procmux$1735.
    dead port 2/2 on $mux $flatten\u_response_router.$procmux$1754.
    dead port 1/2 on $mux $flatten\u_response_router.$procmux$1757.
    dead port 2/2 on $mux $flatten\u_response_router.$procmux$1759.
    dead port 2/2 on $mux $flatten\u_response_router.$procmux$1769.
    dead port 1/2 on $mux $flatten\u_response_router.$procmux$1772.
    dead port 2/2 on $mux $flatten\u_response_router.$procmux$1774.
    dead port 2/2 on $mux $flatten\u_response_router.$procmux$1782.
    dead port 1/2 on $mux $flatten\u_response_router.$procmux$1785.
    dead port 2/2 on $mux $flatten\u_response_router.$procmux$1787.
    dead port 2/2 on $mux $flatten\u_response_router.$procmux$1796.
    dead port 1/2 on $mux $flatten\u_response_router.$procmux$1799.
    dead port 2/2 on $mux $flatten\u_response_router.$procmux$1801.
    dead port 2/2 on $mux $flatten\u_response_router.$procmux$1808.
    dead port 1/2 on $mux $flatten\u_response_router.$procmux$1811.
    dead port 2/2 on $mux $flatten\u_response_router.$procmux$1813.
    dead port 2/2 on $mux $flatten\u_response_router.$procmux$1823.
    dead port 1/2 on $mux $flatten\u_response_router.$procmux$1826.
    dead port 2/2 on $mux $flatten\u_response_router.$procmux$1828.
    dead port 2/2 on $mux $flatten\u_response_router.$procmux$1836.
    dead port 1/2 on $mux $flatten\u_response_router.$procmux$1839.
    dead port 2/2 on $mux $flatten\u_response_router.$procmux$1841.
    dead port 2/2 on $mux $flatten\u_response_router.$procmux$1850.
    dead port 1/2 on $mux $flatten\u_response_router.$procmux$1853.
    dead port 2/2 on $mux $flatten\u_response_router.$procmux$1855.
    dead port 2/2 on $mux $flatten\u_response_router.$procmux$1864.
    dead port 1/2 on $mux $flatten\u_response_router.$procmux$1867.
    dead port 2/2 on $mux $flatten\u_response_router.$procmux$1869.
    dead port 2/2 on $mux $flatten\u_response_router.$procmux$1878.
    dead port 1/2 on $mux $flatten\u_response_router.$procmux$1881.
    dead port 2/2 on $mux $flatten\u_response_router.$procmux$1883.
    dead port 2/2 on $mux $flatten\u_response_router.$procmux$1892.
    dead port 1/2 on $mux $flatten\u_response_router.$procmux$1895.
    dead port 2/2 on $mux $flatten\u_response_router.$procmux$1897.
    dead port 2/2 on $mux $flatten\u_response_router.$procmux$1906.
    dead port 1/2 on $mux $flatten\u_response_router.$procmux$1909.
    dead port 2/2 on $mux $flatten\u_response_router.$procmux$1911.
    dead port 1/2 on $mux $flatten\u_response_router.$procmux$1918.
    dead port 2/2 on $mux $flatten\u_response_router.$procmux$1920.
    dead port 1/2 on $mux $flatten\u_response_router.$procmux$1927.
    dead port 2/2 on $mux $flatten\u_response_router.$procmux$1929.
    dead port 1/2 on $mux $flatten\u_response_router.$procmux$1936.
    dead port 2/2 on $mux $flatten\u_response_router.$procmux$1938.
    dead port 1/2 on $mux $flatten\u_response_router.$procmux$1954.
    dead port 2/2 on $mux $flatten\u_response_router.$procmux$1956.
    dead port 1/2 on $mux $flatten\u_response_router.$procmux$1972.
    dead port 2/2 on $mux $flatten\u_response_router.$procmux$1974.
    dead port 1/2 on $mux $flatten\u_response_router.$procmux$2017.
    dead port 2/2 on $mux $flatten\u_response_router.$procmux$2019.
    dead port 2/2 on $mux $flatten\u_response_router.$procmux$2026.
    dead port 2/2 on $mux $flatten\u_response_router.$procmux$2028.
    dead port 2/2 on $mux $flatten\u_response_router.$procmux$2038.
    dead port 2/2 on $mux $flatten\u_response_router.$procmux$2040.
    dead port 2/2 on $mux $flatten\u_response_router.$procmux$2048.
    dead port 2/2 on $mux $flatten\u_response_router.$procmux$2050.
    dead port 2/2 on $mux $flatten\u_response_router.$procmux$2059.
    dead port 2/2 on $mux $flatten\u_response_router.$procmux$2061.
    dead port 2/2 on $mux $flatten\u_response_router.$procmux$2070.
    dead port 2/2 on $mux $flatten\u_response_router.$procmux$2072.
    dead port 2/2 on $mux $flatten\u_response_router.$procmux$2081.
    dead port 2/2 on $mux $flatten\u_response_router.$procmux$2083.
    dead port 2/2 on $mux $flatten\u_response_router.$procmux$2092.
    dead port 2/2 on $mux $flatten\u_response_router.$procmux$2094.
    dead port 2/2 on $mux $flatten\u_response_router.$procmux$2103.
    dead port 2/2 on $mux $flatten\u_response_router.$procmux$2105.
    dead port 2/2 on $mux $flatten\u_response_router.$procmux$2114.
    dead port 2/2 on $mux $flatten\u_response_router.$procmux$2116.
    dead port 2/2 on $mux $flatten\u_response_router.$procmux$2125.
    dead port 2/2 on $mux $flatten\u_response_router.$procmux$2127.
    dead port 2/2 on $mux $flatten\u_response_router.$procmux$2136.
    dead port 2/2 on $mux $flatten\u_response_router.$procmux$2138.
    dead port 1/2 on $mux $flatten\u_read_arbiter.\u_read_qos.$procmux$3003.
    dead port 1/2 on $mux $flatten\u_read_arbiter.\u_read_qos.$procmux$3006.
    dead port 1/2 on $mux $flatten\u_read_arbiter.\u_read_qos.$procmux$3009.
    dead port 2/2 on $mux $flatten\u_response_router.$procmux$2147.
    dead port 2/2 on $mux $flatten\u_response_router.$procmux$2149.
    dead port 2/2 on $mux $flatten\u_response_router.$procmux$2155.
    dead port 2/2 on $mux $flatten\u_response_router.$procmux$2161.
    dead port 2/2 on $mux $flatten\u_response_router.$procmux$2173.
    dead port 2/2 on $mux $flatten\u_response_router.$procmux$2185.
    dead port 2/2 on $mux $flatten\u_response_router.$procmux$2233.
    dead port 2/2 on $mux $flatten\u_response_router.$procmux$2285.
    dead port 1/2 on $mux $flatten\u_response_router.$procmux$2288.
    dead port 1/2 on $mux $flatten\u_response_router.$procmux$2291.
    dead port 2/2 on $mux $flatten\u_response_router.$procmux$2293.
    dead port 2/2 on $mux $flatten\u_response_router.$procmux$2303.
    dead port 1/2 on $mux $flatten\u_response_router.$procmux$2306.
    dead port 1/2 on $mux $flatten\u_response_router.$procmux$2309.
    dead port 2/2 on $mux $flatten\u_response_router.$procmux$2311.
    dead port 2/2 on $mux $flatten\u_response_router.$procmux$2319.
    dead port 1/2 on $mux $flatten\u_response_router.$procmux$2322.
    dead port 1/2 on $mux $flatten\u_response_router.$procmux$2325.
    dead port 2/2 on $mux $flatten\u_response_router.$procmux$2327.
    dead port 2/2 on $mux $flatten\u_response_router.$procmux$2336.
    dead port 1/2 on $mux $flatten\u_response_router.$procmux$2339.
    dead port 1/2 on $mux $flatten\u_response_router.$procmux$2342.
    dead port 2/2 on $mux $flatten\u_response_router.$procmux$2344.
    dead port 1/2 on $mux $flatten\u_read_arbiter.\u_read_qos.$procmux$3014.
    dead port 1/2 on $mux $flatten\u_read_arbiter.\u_read_qos.$procmux$3017.
    dead port 1/2 on $mux $flatten\u_read_arbiter.\u_read_qos.$procmux$3020.
    dead port 2/2 on $mux $flatten\u_response_router.$procmux$2353.
    dead port 1/2 on $mux $flatten\u_response_router.$procmux$2356.
    dead port 1/2 on $mux $flatten\u_response_router.$procmux$2359.
    dead port 2/2 on $mux $flatten\u_response_router.$procmux$2361.
    dead port 1/2 on $mux $flatten\u_read_arbiter.\u_read_qos.$procmux$3028.
    dead port 1/2 on $mux $flatten\u_read_arbiter.\u_read_qos.$procmux$3031.
    dead port 1/4 on $pmux $flatten\u_read_arbiter.\u_read_qos.$procmux$3034.
    dead port 2/4 on $pmux $flatten\u_read_arbiter.\u_read_qos.$procmux$3034.
    dead port 3/4 on $pmux $flatten\u_read_arbiter.\u_read_qos.$procmux$3034.
    dead port 2/2 on $mux $flatten\u_response_router.$procmux$2370.
    dead port 1/2 on $mux $flatten\u_response_router.$procmux$2373.
    dead port 1/2 on $mux $flatten\u_response_router.$procmux$2376.
    dead port 2/2 on $mux $flatten\u_response_router.$procmux$2378.
    dead port 1/2 on $mux $flatten\u_read_arbiter.\u_read_qos.$procmux$3038.
    dead port 2/2 on $mux $flatten\u_response_router.$procmux$2387.
    dead port 1/2 on $mux $flatten\u_response_router.$procmux$2390.
    dead port 1/2 on $mux $flatten\u_response_router.$procmux$2393.
    dead port 2/2 on $mux $flatten\u_response_router.$procmux$2395.
    dead port 2/2 on $mux $flatten\u_read_arbiter.\u_read_qos.$procmux$3040.
    dead port 1/2 on $mux $flatten\u_read_arbiter.\u_read_qos.$procmux$3043.
    dead port 1/2 on $mux $flatten\u_read_arbiter.\u_read_qos.$procmux$3046.
    dead port 2/2 on $mux $flatten\u_response_router.$procmux$2404.
    dead port 1/2 on $mux $flatten\u_response_router.$procmux$2407.
    dead port 1/2 on $mux $flatten\u_response_router.$procmux$2410.
    dead port 2/2 on $mux $flatten\u_response_router.$procmux$2412.
    dead port 1/2 on $mux $flatten\u_response_router.$procmux$2419.
    dead port 1/2 on $mux $flatten\u_response_router.$procmux$2422.
    dead port 2/2 on $mux $flatten\u_response_router.$procmux$2424.
    dead port 1/2 on $mux $flatten\u_response_router.$procmux$2431.
    dead port 1/2 on $mux $flatten\u_response_router.$procmux$2434.
    dead port 2/2 on $mux $flatten\u_response_router.$procmux$2436.
    dead port 1/2 on $mux $flatten\u_response_router.$procmux$2443.
    dead port 1/2 on $mux $flatten\u_response_router.$procmux$2446.
    dead port 2/2 on $mux $flatten\u_response_router.$procmux$2448.
    dead port 1/2 on $mux $flatten\u_response_router.$procmux$2467.
    dead port 1/2 on $mux $flatten\u_response_router.$procmux$2470.
    dead port 2/2 on $mux $flatten\u_response_router.$procmux$2472.
    dead port 1/2 on $mux $flatten\u_read_arbiter.\u_read_qos.$procmux$3054.
    dead port 2/2 on $mux $flatten\u_response_router.$procmux$2491.
    dead port 1/2 on $mux $flatten\u_response_router.$procmux$2494.
    dead port 2/2 on $mux $flatten\u_response_router.$procmux$2496.
    dead port 1/2 on $mux $flatten\u_read_arbiter.\u_read_qos.$procmux$3057.
    dead port 2/2 on $mux $flatten\u_response_router.$procmux$2506.
    dead port 1/2 on $mux $flatten\u_response_router.$procmux$2509.
    dead port 2/2 on $mux $flatten\u_response_router.$procmux$2511.
    dead port 1/4 on $pmux $flatten\u_read_arbiter.\u_read_qos.$procmux$3060.
    dead port 2/4 on $pmux $flatten\u_read_arbiter.\u_read_qos.$procmux$3060.
    dead port 3/4 on $pmux $flatten\u_read_arbiter.\u_read_qos.$procmux$3060.
    dead port 2/2 on $mux $flatten\u_response_router.$procmux$2519.
    dead port 1/2 on $mux $flatten\u_response_router.$procmux$2522.
    dead port 2/2 on $mux $flatten\u_response_router.$procmux$2524.
    dead port 2/2 on $mux $flatten\u_response_router.$procmux$2533.
    dead port 1/2 on $mux $flatten\u_response_router.$procmux$2536.
    dead port 2/2 on $mux $flatten\u_response_router.$procmux$2538.
    dead port 1/2 on $mux $flatten\u_read_arbiter.\u_read_qos.$procmux$3064.
    dead port 2/2 on $mux $flatten\u_read_arbiter.\u_read_qos.$procmux$3066.
    dead port 2/2 on $mux $flatten\u_response_router.$procmux$2547.
    dead port 1/2 on $mux $flatten\u_response_router.$procmux$2550.
    dead port 2/2 on $mux $flatten\u_response_router.$procmux$2552.
    dead port 1/2 on $mux $flatten\u_read_arbiter.\u_read_qos.$procmux$3069.
    dead port 1/2 on $mux $flatten\u_read_arbiter.\u_read_qos.$procmux$3072.
    dead port 1/2 on $mux $flatten\u_read_arbiter.\u_read_qos.$procmux$3080.
    dead port 2/2 on $mux $flatten\u_response_router.$procmux$2561.
    dead port 1/2 on $mux $flatten\u_response_router.$procmux$2564.
    dead port 2/2 on $mux $flatten\u_response_router.$procmux$2566.
    dead port 1/4 on $pmux $flatten\u_read_arbiter.\u_read_qos.$procmux$3083.
    dead port 2/4 on $pmux $flatten\u_read_arbiter.\u_read_qos.$procmux$3083.
    dead port 3/4 on $pmux $flatten\u_read_arbiter.\u_read_qos.$procmux$3083.
    dead port 2/2 on $mux $flatten\u_response_router.$procmux$2575.
    dead port 1/2 on $mux $flatten\u_response_router.$procmux$2578.
    dead port 2/2 on $mux $flatten\u_response_router.$procmux$2580.
    dead port 1/2 on $mux $flatten\u_read_arbiter.\u_read_qos.$procmux$3087.
    dead port 2/2 on $mux $flatten\u_read_arbiter.\u_read_qos.$procmux$3089.
    dead port 1/2 on $mux $flatten\u_read_arbiter.\u_read_qos.$procmux$3092.
    dead port 1/2 on $mux $flatten\u_read_arbiter.\u_read_qos.$procmux$3095.
    dead port 2/2 on $mux $flatten\u_response_router.$procmux$2589.
    dead port 1/2 on $mux $flatten\u_response_router.$procmux$2592.
    dead port 2/2 on $mux $flatten\u_response_router.$procmux$2594.
    dead port 1/2 on $mux $flatten\u_response_router.$procmux$2601.
    dead port 2/2 on $mux $flatten\u_response_router.$procmux$2603.
    dead port 1/2 on $mux $flatten\u_response_router.$procmux$2610.
    dead port 2/2 on $mux $flatten\u_response_router.$procmux$2612.
    dead port 1/2 on $mux $flatten\u_response_router.$procmux$2619.
    dead port 2/2 on $mux $flatten\u_response_router.$procmux$2621.
    dead port 1/2 on $mux $flatten\u_response_router.$procmux$2637.
    dead port 2/2 on $mux $flatten\u_response_router.$procmux$2639.
    dead port 1/2 on $mux $flatten\u_response_router.$procmux$2673.
    dead port 2/2 on $mux $flatten\u_response_router.$procmux$2675.
    dead port 2/2 on $mux $flatten\u_response_router.$procmux$2682.
    dead port 2/2 on $mux $flatten\u_response_router.$procmux$2684.
    dead port 1/2 on $mux $flatten\u_read_arbiter.\u_read_qos.$procmux$3103.
    dead port 2/2 on $mux $flatten\u_response_router.$procmux$2694.
    dead port 2/2 on $mux $flatten\u_response_router.$procmux$2696.
    dead port 1/4 on $pmux $flatten\u_read_arbiter.\u_read_qos.$procmux$3106.
    dead port 2/4 on $pmux $flatten\u_read_arbiter.\u_read_qos.$procmux$3106.
    dead port 3/4 on $pmux $flatten\u_read_arbiter.\u_read_qos.$procmux$3106.
    dead port 2/2 on $mux $flatten\u_response_router.$procmux$2704.
    dead port 2/2 on $mux $flatten\u_response_router.$procmux$2706.
    dead port 2/2 on $mux $flatten\u_response_router.$procmux$2715.
    dead port 2/2 on $mux $flatten\u_response_router.$procmux$2717.
    dead port 1/2 on $mux $flatten\u_read_arbiter.\u_read_qos.$procmux$3110.
    dead port 2/2 on $mux $flatten\u_read_arbiter.\u_read_qos.$procmux$3112.
    dead port 2/2 on $mux $flatten\u_response_router.$procmux$2726.
    dead port 2/2 on $mux $flatten\u_response_router.$procmux$2728.
    dead port 1/2 on $mux $flatten\u_read_arbiter.\u_read_qos.$procmux$3115.
    dead port 1/2 on $mux $flatten\u_read_arbiter.\u_read_qos.$procmux$3118.
    dead port 1/4 on $pmux $flatten\u_read_arbiter.\u_read_qos.$procmux$3126.
    dead port 2/4 on $pmux $flatten\u_read_arbiter.\u_read_qos.$procmux$3126.
    dead port 3/4 on $pmux $flatten\u_read_arbiter.\u_read_qos.$procmux$3126.
    dead port 2/2 on $mux $flatten\u_response_router.$procmux$2737.
    dead port 2/2 on $mux $flatten\u_response_router.$procmux$2739.
    dead port 1/2 on $mux $flatten\u_read_arbiter.\u_read_qos.$procmux$3130.
    dead port 2/2 on $mux $flatten\u_response_router.$procmux$2748.
    dead port 2/2 on $mux $flatten\u_response_router.$procmux$2750.
    dead port 2/2 on $mux $flatten\u_read_arbiter.\u_read_qos.$procmux$3132.
    dead port 1/2 on $mux $flatten\u_read_arbiter.\u_read_qos.$procmux$3135.
    dead port 1/2 on $mux $flatten\u_read_arbiter.\u_read_qos.$procmux$3138.
    dead port 2/2 on $mux $flatten\u_response_router.$procmux$2759.
    dead port 2/2 on $mux $flatten\u_response_router.$procmux$2761.
    dead port 2/2 on $mux $flatten\u_response_router.$procmux$2767.
    dead port 2/2 on $mux $flatten\u_response_router.$procmux$2773.
    dead port 2/2 on $mux $flatten\u_response_router.$procmux$2785.
    dead port 2/2 on $mux $flatten\u_response_router.$procmux$2821.
    dead port 1/4 on $pmux $flatten\u_read_arbiter.\u_read_qos.$procmux$3146.
    dead port 2/4 on $pmux $flatten\u_read_arbiter.\u_read_qos.$procmux$3146.
    dead port 3/4 on $pmux $flatten\u_read_arbiter.\u_read_qos.$procmux$3146.
    dead port 1/2 on $mux $flatten\u_read_arbiter.\u_read_qos.$procmux$3150.
    dead port 2/2 on $mux $flatten\u_read_arbiter.\u_read_qos.$procmux$3152.
    dead port 1/2 on $mux $flatten\u_read_arbiter.\u_read_qos.$procmux$3155.
    dead port 1/2 on $mux $flatten\u_read_arbiter.\u_read_qos.$procmux$3158.
    dead port 1/2 on $mux $flatten\u_read_arbiter.\u_read_qos.$procmux$3167.
    dead port 1/2 on $mux $flatten\u_read_arbiter.\u_read_qos.$procmux$3170.
    dead port 2/2 on $mux $flatten\u_read_arbiter.\u_read_qos.$procmux$3172.
    dead port 1/2 on $mux $flatten\u_read_arbiter.\u_read_qos.$procmux$3174.
    dead port 2/2 on $mux $flatten\u_read_arbiter.\u_read_qos.$procmux$3176.
    dead port 1/2 on $mux $flatten\u_read_arbiter.\u_read_qos.$procmux$3179.
    dead port 1/2 on $mux $flatten\u_read_arbiter.\u_read_qos.$procmux$3182.
    dead port 1/2 on $mux $flatten\u_read_arbiter.\u_read_qos.$procmux$3191.
    dead port 1/2 on $mux $flatten\u_read_arbiter.\u_read_qos.$procmux$3194.
    dead port 2/2 on $mux $flatten\u_read_arbiter.\u_read_qos.$procmux$3196.
    dead port 1/2 on $mux $flatten\u_read_arbiter.\u_read_qos.$procmux$3198.
    dead port 2/2 on $mux $flatten\u_read_arbiter.\u_read_qos.$procmux$3200.
    dead port 1/2 on $mux $flatten\u_read_arbiter.\u_read_qos.$procmux$3203.
    dead port 1/2 on $mux $flatten\u_read_arbiter.\u_read_qos.$procmux$3206.
    dead port 2/2 on $mux $flatten\u_write_arbiter.$procmux$1040.
    dead port 2/2 on $mux $flatten\u_write_arbiter.$procmux$1049.
    dead port 2/2 on $mux $flatten\u_write_arbiter.$procmux$1058.
    dead port 2/2 on $mux $flatten\u_write_arbiter.$procmux$1067.
    dead port 2/2 on $mux $flatten\u_write_arbiter.$procmux$1072.
    dead port 1/2 on $mux $flatten\u_read_arbiter.\u_read_qos.$procmux$3215.
    dead port 2/2 on $mux $flatten\u_write_arbiter.$procmux$1082.
    dead port 2/2 on $mux $flatten\u_read_arbiter.\u_read_qos.$procmux$3217.
    dead port 1/2 on $mux $flatten\u_read_arbiter.\u_read_qos.$procmux$3219.
    dead port 2/2 on $mux $flatten\u_read_arbiter.\u_read_qos.$procmux$3221.
    dead port 1/2 on $mux $flatten\u_read_arbiter.\u_read_qos.$procmux$3224.
    dead port 1/2 on $mux $flatten\u_read_arbiter.\u_read_qos.$procmux$3227.
    dead port 1/2 on $mux $flatten\u_read_arbiter.\u_read_qos.$procmux$3236.
    dead port 2/2 on $mux $flatten\u_read_arbiter.\u_read_qos.$procmux$3238.
    dead port 1/2 on $mux $flatten\u_read_arbiter.\u_read_qos.$procmux$3240.
    dead port 2/2 on $mux $flatten\u_read_arbiter.\u_read_qos.$procmux$3242.
    dead port 1/2 on $mux $flatten\u_read_arbiter.\u_read_qos.$procmux$3245.
    dead port 1/2 on $mux $flatten\u_read_arbiter.\u_read_qos.$procmux$3248.
    dead port 2/2 on $mux $flatten\u_read_arbiter.\u_read_qos.$procmux$3256.
    dead port 1/2 on $mux $flatten\u_read_arbiter.\u_read_qos.$procmux$3258.
    dead port 2/2 on $mux $flatten\u_read_arbiter.\u_read_qos.$procmux$3260.
    dead port 1/2 on $mux $flatten\u_read_arbiter.\u_read_qos.$procmux$3263.
    dead port 1/2 on $mux $flatten\u_read_arbiter.\u_read_qos.$procmux$3266.
    dead port 2/2 on $mux $flatten\u_read_arbiter.\u_read_qos.$procmux$3274.
    dead port 1/2 on $mux $flatten\u_write_arbiter.\u_write_decoder.$procmux$4579.
    dead port 1/2 on $mux $flatten\u_write_arbiter.\u_write_decoder.$procmux$4591.
    dead port 1/2 on $mux $flatten\u_read_arbiter.\u_read_qos.$procmux$3276.
    dead port 2/2 on $mux $flatten\u_read_arbiter.\u_read_qos.$procmux$3278.
    dead port 1/2 on $mux $flatten\u_read_arbiter.\u_read_qos.$procmux$3281.
    dead port 1/2 on $mux $flatten\u_read_arbiter.\u_read_qos.$procmux$3284.
    dead port 1/2 on $mux $flatten\u_read_arbiter.\u_read_qos.$procmux$3294.
    dead port 1/2 on $mux $flatten\u_read_arbiter.\u_read_qos.$procmux$3297.
    dead port 2/2 on $mux $flatten\u_read_arbiter.\u_read_qos.$procmux$3299.
    dead port 1/2 on $mux $flatten\u_read_arbiter.\u_read_qos.$procmux$3301.
    dead port 2/2 on $mux $flatten\u_read_arbiter.\u_read_qos.$procmux$3303.
    dead port 1/2 on $mux $flatten\u_read_arbiter.\u_read_qos.$procmux$3306.
    dead port 1/2 on $mux $flatten\u_read_arbiter.\u_read_qos.$procmux$3309.
    dead port 1/2 on $mux $flatten\u_read_arbiter.\u_read_qos.$procmux$3319.
    dead port 1/2 on $mux $flatten\u_read_arbiter.\u_read_qos.$procmux$3322.
    dead port 2/2 on $mux $flatten\u_read_arbiter.\u_read_qos.$procmux$3324.
    dead port 1/2 on $mux $flatten\u_read_arbiter.\u_read_qos.$procmux$3326.
    dead port 2/2 on $mux $flatten\u_read_arbiter.\u_read_qos.$procmux$3328.
    dead port 1/2 on $mux $flatten\u_read_arbiter.\u_read_qos.$procmux$3331.
    dead port 1/2 on $mux $flatten\u_read_arbiter.\u_read_qos.$procmux$3334.
    dead port 1/2 on $mux $flatten\u_read_arbiter.\u_read_qos.$procmux$3344.
    dead port 1/2 on $mux $flatten\u_write_arbiter.\u_write_qos.$procmux$2857.
    dead port 1/2 on $mux $flatten\u_write_arbiter.\u_write_qos.$procmux$2863.
    dead port 2/2 on $mux $flatten\u_read_arbiter.\u_read_qos.$procmux$3346.
    dead port 1/2 on $mux $flatten\u_read_arbiter.\u_read_qos.$procmux$3348.
    dead port 1/2 on $mux $flatten\u_write_arbiter.\u_write_qos.$procmux$3003.
    dead port 1/2 on $mux $flatten\u_write_arbiter.\u_write_qos.$procmux$3006.
    dead port 1/2 on $mux $flatten\u_write_arbiter.\u_write_qos.$procmux$3009.
    dead port 1/2 on $mux $flatten\u_write_arbiter.\u_write_qos.$procmux$3014.
    dead port 1/2 on $mux $flatten\u_write_arbiter.\u_write_qos.$procmux$3017.
    dead port 1/2 on $mux $flatten\u_write_arbiter.\u_write_qos.$procmux$3020.
    dead port 1/2 on $mux $flatten\u_write_arbiter.\u_write_qos.$procmux$3028.
    dead port 1/2 on $mux $flatten\u_write_arbiter.\u_write_qos.$procmux$3031.
    dead port 1/4 on $pmux $flatten\u_write_arbiter.\u_write_qos.$procmux$3034.
    dead port 2/4 on $pmux $flatten\u_write_arbiter.\u_write_qos.$procmux$3034.
    dead port 3/4 on $pmux $flatten\u_write_arbiter.\u_write_qos.$procmux$3034.
    dead port 1/2 on $mux $flatten\u_write_arbiter.\u_write_qos.$procmux$3038.
    dead port 2/2 on $mux $flatten\u_write_arbiter.\u_write_qos.$procmux$3040.
    dead port 1/2 on $mux $flatten\u_write_arbiter.\u_write_qos.$procmux$3043.
    dead port 1/2 on $mux $flatten\u_write_arbiter.\u_write_qos.$procmux$3046.
    dead port 1/2 on $mux $flatten\u_write_arbiter.\u_write_qos.$procmux$3054.
    dead port 1/2 on $mux $flatten\u_write_arbiter.\u_write_qos.$procmux$3057.
    dead port 1/4 on $pmux $flatten\u_write_arbiter.\u_write_qos.$procmux$3060.
    dead port 2/4 on $pmux $flatten\u_write_arbiter.\u_write_qos.$procmux$3060.
    dead port 3/4 on $pmux $flatten\u_write_arbiter.\u_write_qos.$procmux$3060.
    dead port 2/2 on $mux $flatten\u_read_arbiter.\u_read_qos.$procmux$3350.
    dead port 1/2 on $mux $flatten\u_read_arbiter.\u_read_qos.$procmux$3353.
    dead port 1/2 on $mux $flatten\u_read_arbiter.\u_read_qos.$procmux$3356.
    dead port 1/2 on $mux $flatten\u_write_arbiter.\u_write_qos.$procmux$3064.
    dead port 2/2 on $mux $flatten\u_write_arbiter.\u_write_qos.$procmux$3066.
    dead port 1/2 on $mux $flatten\u_write_arbiter.\u_write_qos.$procmux$3069.
    dead port 1/2 on $mux $flatten\u_write_arbiter.\u_write_qos.$procmux$3072.
    dead port 1/2 on $mux $flatten\u_write_arbiter.\u_write_qos.$procmux$3080.
    dead port 1/4 on $pmux $flatten\u_write_arbiter.\u_write_qos.$procmux$3083.
    dead port 2/4 on $pmux $flatten\u_write_arbiter.\u_write_qos.$procmux$3083.
    dead port 3/4 on $pmux $flatten\u_write_arbiter.\u_write_qos.$procmux$3083.
    dead port 1/2 on $mux $flatten\u_read_arbiter.\u_read_qos.$procmux$3366.
    dead port 2/2 on $mux $flatten\u_read_arbiter.\u_read_qos.$procmux$3368.
    dead port 1/2 on $mux $flatten\u_write_arbiter.\u_write_qos.$procmux$3087.
    dead port 2/2 on $mux $flatten\u_write_arbiter.\u_write_qos.$procmux$3089.
    dead port 1/2 on $mux $flatten\u_write_arbiter.\u_write_qos.$procmux$3092.
    dead port 1/2 on $mux $flatten\u_write_arbiter.\u_write_qos.$procmux$3095.
    dead port 1/2 on $mux $flatten\u_write_arbiter.\u_write_qos.$procmux$3103.
    dead port 1/4 on $pmux $flatten\u_write_arbiter.\u_write_qos.$procmux$3106.
    dead port 2/4 on $pmux $flatten\u_write_arbiter.\u_write_qos.$procmux$3106.
    dead port 3/4 on $pmux $flatten\u_write_arbiter.\u_write_qos.$procmux$3106.
    dead port 1/2 on $mux $flatten\u_read_arbiter.\u_read_qos.$procmux$3370.
    dead port 2/2 on $mux $flatten\u_read_arbiter.\u_read_qos.$procmux$3372.
    dead port 1/2 on $mux $flatten\u_write_arbiter.\u_write_qos.$procmux$3110.
    dead port 2/2 on $mux $flatten\u_write_arbiter.\u_write_qos.$procmux$3112.
    dead port 1/2 on $mux $flatten\u_write_arbiter.\u_write_qos.$procmux$3115.
    dead port 1/2 on $mux $flatten\u_write_arbiter.\u_write_qos.$procmux$3118.
    dead port 1/4 on $pmux $flatten\u_write_arbiter.\u_write_qos.$procmux$3126.
    dead port 2/4 on $pmux $flatten\u_write_arbiter.\u_write_qos.$procmux$3126.
    dead port 3/4 on $pmux $flatten\u_write_arbiter.\u_write_qos.$procmux$3126.
    dead port 1/2 on $mux $flatten\u_read_arbiter.\u_read_qos.$procmux$3375.
    dead port 1/2 on $mux $flatten\u_read_arbiter.\u_read_qos.$procmux$3378.
    dead port 1/2 on $mux $flatten\u_write_arbiter.\u_write_qos.$procmux$3130.
    dead port 2/2 on $mux $flatten\u_write_arbiter.\u_write_qos.$procmux$3132.
    dead port 1/2 on $mux $flatten\u_write_arbiter.\u_write_qos.$procmux$3135.
    dead port 1/2 on $mux $flatten\u_write_arbiter.\u_write_qos.$procmux$3138.
    dead port 1/4 on $pmux $flatten\u_write_arbiter.\u_write_qos.$procmux$3146.
    dead port 2/4 on $pmux $flatten\u_write_arbiter.\u_write_qos.$procmux$3146.
    dead port 3/4 on $pmux $flatten\u_write_arbiter.\u_write_qos.$procmux$3146.
    dead port 2/2 on $mux $flatten\u_read_arbiter.\u_read_qos.$procmux$3387.
    dead port 1/2 on $mux $flatten\u_read_arbiter.\u_read_qos.$procmux$3389.
    dead port 1/2 on $mux $flatten\u_write_arbiter.\u_write_qos.$procmux$3150.
    dead port 2/2 on $mux $flatten\u_write_arbiter.\u_write_qos.$procmux$3152.
    dead port 1/2 on $mux $flatten\u_write_arbiter.\u_write_qos.$procmux$3155.
    dead port 1/2 on $mux $flatten\u_write_arbiter.\u_write_qos.$procmux$3158.
    dead port 1/2 on $mux $flatten\u_write_arbiter.\u_write_qos.$procmux$3167.
    dead port 1/2 on $mux $flatten\u_write_arbiter.\u_write_qos.$procmux$3170.
    dead port 2/2 on $mux $flatten\u_write_arbiter.\u_write_qos.$procmux$3172.
    dead port 2/2 on $mux $flatten\u_read_arbiter.\u_read_qos.$procmux$3391.
    dead port 1/2 on $mux $flatten\u_write_arbiter.\u_write_qos.$procmux$3174.
    dead port 2/2 on $mux $flatten\u_write_arbiter.\u_write_qos.$procmux$3176.
    dead port 1/2 on $mux $flatten\u_write_arbiter.\u_write_qos.$procmux$3179.
    dead port 1/2 on $mux $flatten\u_write_arbiter.\u_write_qos.$procmux$3182.
    dead port 1/2 on $mux $flatten\u_write_arbiter.\u_write_qos.$procmux$3191.
    dead port 1/2 on $mux $flatten\u_write_arbiter.\u_write_qos.$procmux$3194.
    dead port 2/2 on $mux $flatten\u_write_arbiter.\u_write_qos.$procmux$3196.
    dead port 1/2 on $mux $flatten\u_read_arbiter.\u_read_qos.$procmux$3394.
    dead port 1/2 on $mux $flatten\u_write_arbiter.\u_write_qos.$procmux$3198.
    dead port 2/2 on $mux $flatten\u_write_arbiter.\u_write_qos.$procmux$3200.
    dead port 1/2 on $mux $flatten\u_write_arbiter.\u_write_qos.$procmux$3203.
    dead port 1/2 on $mux $flatten\u_write_arbiter.\u_write_qos.$procmux$3206.
    dead port 1/2 on $mux $flatten\u_write_arbiter.\u_write_qos.$procmux$3215.
    dead port 2/2 on $mux $flatten\u_write_arbiter.\u_write_qos.$procmux$3217.
    dead port 1/2 on $mux $flatten\u_read_arbiter.\u_read_qos.$procmux$3397.
    dead port 1/2 on $mux $flatten\u_write_arbiter.\u_write_qos.$procmux$3219.
    dead port 2/2 on $mux $flatten\u_write_arbiter.\u_write_qos.$procmux$3221.
    dead port 1/2 on $mux $flatten\u_write_arbiter.\u_write_qos.$procmux$3224.
    dead port 1/2 on $mux $flatten\u_write_arbiter.\u_write_qos.$procmux$3227.
    dead port 1/2 on $mux $flatten\u_write_arbiter.\u_write_qos.$procmux$3236.
    dead port 2/2 on $mux $flatten\u_write_arbiter.\u_write_qos.$procmux$3238.
    dead port 1/2 on $mux $flatten\u_write_arbiter.\u_write_qos.$procmux$3240.
    dead port 2/2 on $mux $flatten\u_write_arbiter.\u_write_qos.$procmux$3242.
    dead port 1/2 on $mux $flatten\u_write_arbiter.\u_write_qos.$procmux$3245.
    dead port 1/2 on $mux $flatten\u_write_arbiter.\u_write_qos.$procmux$3248.
    dead port 2/2 on $mux $flatten\u_write_arbiter.\u_write_qos.$procmux$3256.
    dead port 2/2 on $mux $flatten\u_read_arbiter.\u_read_qos.$procmux$3406.
    dead port 1/2 on $mux $flatten\u_write_arbiter.\u_write_qos.$procmux$3258.
    dead port 2/2 on $mux $flatten\u_write_arbiter.\u_write_qos.$procmux$3260.
    dead port 1/2 on $mux $flatten\u_write_arbiter.\u_write_qos.$procmux$3263.
    dead port 1/2 on $mux $flatten\u_write_arbiter.\u_write_qos.$procmux$3266.
    dead port 2/2 on $mux $flatten\u_write_arbiter.\u_write_qos.$procmux$3274.
    dead port 1/2 on $mux $flatten\u_write_arbiter.\u_write_qos.$procmux$3276.
    dead port 2/2 on $mux $flatten\u_write_arbiter.\u_write_qos.$procmux$3278.
    dead port 1/2 on $mux $flatten\u_write_arbiter.\u_write_qos.$procmux$3281.
    dead port 1/2 on $mux $flatten\u_write_arbiter.\u_write_qos.$procmux$3284.
    dead port 1/2 on $mux $flatten\u_write_arbiter.\u_write_qos.$procmux$3294.
    dead port 1/2 on $mux $flatten\u_write_arbiter.\u_write_qos.$procmux$3297.
    dead port 2/2 on $mux $flatten\u_write_arbiter.\u_write_qos.$procmux$3299.
    dead port 1/2 on $mux $flatten\u_read_arbiter.\u_read_qos.$procmux$3408.
    dead port 1/2 on $mux $flatten\u_write_arbiter.\u_write_qos.$procmux$3301.
    dead port 2/2 on $mux $flatten\u_write_arbiter.\u_write_qos.$procmux$3303.
    dead port 1/2 on $mux $flatten\u_write_arbiter.\u_write_qos.$procmux$3306.
    dead port 1/2 on $mux $flatten\u_write_arbiter.\u_write_qos.$procmux$3309.
    dead port 1/2 on $mux $flatten\u_write_arbiter.\u_write_qos.$procmux$3319.
    dead port 1/2 on $mux $flatten\u_write_arbiter.\u_write_qos.$procmux$3322.
    dead port 2/2 on $mux $flatten\u_write_arbiter.\u_write_qos.$procmux$3324.
    dead port 2/2 on $mux $flatten\u_read_arbiter.\u_read_qos.$procmux$3410.
    dead port 1/2 on $mux $flatten\u_write_arbiter.\u_write_qos.$procmux$3326.
    dead port 2/2 on $mux $flatten\u_write_arbiter.\u_write_qos.$procmux$3328.
    dead port 1/2 on $mux $flatten\u_write_arbiter.\u_write_qos.$procmux$3331.
    dead port 1/2 on $mux $flatten\u_write_arbiter.\u_write_qos.$procmux$3334.
    dead port 1/2 on $mux $flatten\u_write_arbiter.\u_write_qos.$procmux$3344.
    dead port 2/2 on $mux $flatten\u_write_arbiter.\u_write_qos.$procmux$3346.
    dead port 1/2 on $mux $flatten\u_read_arbiter.\u_read_qos.$procmux$3413.
    dead port 1/2 on $mux $flatten\u_write_arbiter.\u_write_qos.$procmux$3348.
    dead port 2/2 on $mux $flatten\u_write_arbiter.\u_write_qos.$procmux$3350.
    dead port 1/2 on $mux $flatten\u_write_arbiter.\u_write_qos.$procmux$3353.
    dead port 1/2 on $mux $flatten\u_write_arbiter.\u_write_qos.$procmux$3356.
    dead port 1/2 on $mux $flatten\u_write_arbiter.\u_write_qos.$procmux$3366.
    dead port 2/2 on $mux $flatten\u_write_arbiter.\u_write_qos.$procmux$3368.
    dead port 1/2 on $mux $flatten\u_read_arbiter.\u_read_qos.$procmux$3416.
    dead port 1/2 on $mux $flatten\u_write_arbiter.\u_write_qos.$procmux$3370.
    dead port 2/2 on $mux $flatten\u_write_arbiter.\u_write_qos.$procmux$3372.
    dead port 1/2 on $mux $flatten\u_write_arbiter.\u_write_qos.$procmux$3375.
    dead port 1/2 on $mux $flatten\u_write_arbiter.\u_write_qos.$procmux$3378.
    dead port 2/2 on $mux $flatten\u_write_arbiter.\u_write_qos.$procmux$3387.
    dead port 1/2 on $mux $flatten\u_write_arbiter.\u_write_qos.$procmux$3389.
    dead port 2/2 on $mux $flatten\u_write_arbiter.\u_write_qos.$procmux$3391.
    dead port 1/2 on $mux $flatten\u_write_arbiter.\u_write_qos.$procmux$3394.
    dead port 1/2 on $mux $flatten\u_write_arbiter.\u_write_qos.$procmux$3397.
    dead port 2/2 on $mux $flatten\u_write_arbiter.\u_write_qos.$procmux$3406.
    dead port 1/2 on $mux $flatten\u_read_arbiter.\u_read_qos.$procmux$3427.
    dead port 1/2 on $mux $flatten\u_write_arbiter.\u_write_qos.$procmux$3408.
    dead port 2/2 on $mux $flatten\u_write_arbiter.\u_write_qos.$procmux$3410.
    dead port 1/2 on $mux $flatten\u_write_arbiter.\u_write_qos.$procmux$3413.
    dead port 1/2 on $mux $flatten\u_write_arbiter.\u_write_qos.$procmux$3416.
    dead port 1/2 on $mux $flatten\u_write_arbiter.\u_write_qos.$procmux$3427.
    dead port 1/2 on $mux $flatten\u_write_arbiter.\u_write_qos.$procmux$3430.
    dead port 2/2 on $mux $flatten\u_write_arbiter.\u_write_qos.$procmux$3432.
    dead port 1/2 on $mux $flatten\u_read_arbiter.\u_read_qos.$procmux$3430.
    dead port 1/2 on $mux $flatten\u_write_arbiter.\u_write_qos.$procmux$3434.
    dead port 2/2 on $mux $flatten\u_write_arbiter.\u_write_qos.$procmux$3436.
    dead port 1/2 on $mux $flatten\u_write_arbiter.\u_write_qos.$procmux$3439.
    dead port 1/2 on $mux $flatten\u_write_arbiter.\u_write_qos.$procmux$3442.
    dead port 1/2 on $mux $flatten\u_write_arbiter.\u_write_qos.$procmux$3453.
    dead port 1/2 on $mux $flatten\u_write_arbiter.\u_write_qos.$procmux$3456.
    dead port 2/2 on $mux $flatten\u_write_arbiter.\u_write_qos.$procmux$3458.
    dead port 2/2 on $mux $flatten\u_read_arbiter.\u_read_qos.$procmux$3432.
    dead port 1/2 on $mux $flatten\u_write_arbiter.\u_write_qos.$procmux$3460.
    dead port 2/2 on $mux $flatten\u_write_arbiter.\u_write_qos.$procmux$3462.
    dead port 1/2 on $mux $flatten\u_write_arbiter.\u_write_qos.$procmux$3465.
    dead port 1/2 on $mux $flatten\u_write_arbiter.\u_write_qos.$procmux$3468.
    dead port 1/2 on $mux $flatten\u_write_arbiter.\u_write_qos.$procmux$3479.
    dead port 2/2 on $mux $flatten\u_write_arbiter.\u_write_qos.$procmux$3481.
    dead port 1/2 on $mux $flatten\u_write_arbiter.\u_write_qos.$procmux$3483.
    dead port 2/2 on $mux $flatten\u_write_arbiter.\u_write_qos.$procmux$3485.
    dead port 1/2 on $mux $flatten\u_write_arbiter.\u_write_qos.$procmux$3488.
    dead port 1/2 on $mux $flatten\u_write_arbiter.\u_write_qos.$procmux$3491.
    dead port 1/2 on $mux $flatten\u_write_arbiter.\u_write_qos.$procmux$3502.
    dead port 2/2 on $mux $flatten\u_write_arbiter.\u_write_qos.$procmux$3504.
    dead port 1/2 on $mux $flatten\u_read_arbiter.\u_read_qos.$procmux$3434.
    dead port 1/2 on $mux $flatten\u_write_arbiter.\u_write_qos.$procmux$3506.
    dead port 2/2 on $mux $flatten\u_write_arbiter.\u_write_qos.$procmux$3508.
    dead port 1/2 on $mux $flatten\u_write_arbiter.\u_write_qos.$procmux$3511.
    dead port 1/2 on $mux $flatten\u_write_arbiter.\u_write_qos.$procmux$3514.
    dead port 2/2 on $mux $flatten\u_write_arbiter.\u_write_qos.$procmux$3524.
    dead port 2/2 on $mux $flatten\u_read_arbiter.\u_read_qos.$procmux$3436.
    dead port 1/2 on $mux $flatten\u_write_arbiter.\u_write_qos.$procmux$3526.
    dead port 2/2 on $mux $flatten\u_write_arbiter.\u_write_qos.$procmux$3528.
    dead port 1/2 on $mux $flatten\u_write_arbiter.\u_write_qos.$procmux$3531.
    dead port 1/2 on $mux $flatten\u_write_arbiter.\u_write_qos.$procmux$3534.
    dead port 2/2 on $mux $flatten\u_write_arbiter.\u_write_qos.$procmux$3544.
    dead port 1/2 on $mux $flatten\u_read_arbiter.\u_read_qos.$procmux$3439.
    dead port 1/2 on $mux $flatten\u_write_arbiter.\u_write_qos.$procmux$3546.
    dead port 2/2 on $mux $flatten\u_write_arbiter.\u_write_qos.$procmux$3548.
    dead port 1/2 on $mux $flatten\u_write_arbiter.\u_write_qos.$procmux$3551.
    dead port 1/2 on $mux $flatten\u_write_arbiter.\u_write_qos.$procmux$3554.
    dead port 1/2 on $mux $flatten\u_read_arbiter.\u_read_qos.$procmux$3442.
    dead port 1/2 on $mux $flatten\u_read_arbiter.\u_read_qos.$procmux$3453.
    dead port 1/2 on $mux $flatten\u_write_arbiter.\u_write_qos.$procmux$3563.
    dead port 2/2 on $mux $flatten\u_write_arbiter.\u_write_qos.$procmux$3565.
    dead port 1/2 on $mux $flatten\u_write_arbiter.\u_write_qos.$procmux$3568.
    dead port 1/2 on $mux $flatten\u_write_arbiter.\u_write_qos.$procmux$3571.
    dead port 1/2 on $mux $flatten\u_read_arbiter.\u_read_qos.$procmux$3456.
    dead port 2/2 on $mux $flatten\u_read_arbiter.\u_read_qos.$procmux$3458.
    dead port 1/2 on $mux $flatten\u_write_arbiter.\u_write_qos.$procmux$3580.
    dead port 2/2 on $mux $flatten\u_write_arbiter.\u_write_qos.$procmux$3582.
    dead port 1/2 on $mux $flatten\u_write_arbiter.\u_write_qos.$procmux$3585.
    dead port 1/2 on $mux $flatten\u_write_arbiter.\u_write_qos.$procmux$3588.
    dead port 2/2 on $mux $flatten\u_write_arbiter.\u_write_qos.$procmux$3594.
    dead port 1/2 on $mux $flatten\u_write_arbiter.\u_write_qos.$procmux$3597.
    dead port 1/2 on $mux $flatten\u_write_arbiter.\u_write_qos.$procmux$3600.
    dead port 2/2 on $mux $flatten\u_write_arbiter.\u_write_qos.$procmux$3606.
    dead port 1/2 on $mux $flatten\u_write_arbiter.\u_write_qos.$procmux$3609.
    dead port 1/2 on $mux $flatten\u_write_arbiter.\u_write_qos.$procmux$3612.
    dead port 1/2 on $mux $flatten\u_write_arbiter.\u_write_qos.$procmux$3619.
    dead port 1/2 on $mux $flatten\u_write_arbiter.\u_write_qos.$procmux$3622.
    dead port 1/4 on $pmux $flatten\u_write_arbiter.\u_write_qos.$procmux$3625.
    dead port 2/4 on $pmux $flatten\u_write_arbiter.\u_write_qos.$procmux$3625.
    dead port 3/4 on $pmux $flatten\u_write_arbiter.\u_write_qos.$procmux$3625.
    dead port 1/2 on $mux $flatten\u_read_arbiter.\u_read_qos.$procmux$3460.
    dead port 2/2 on $mux $flatten\u_read_arbiter.\u_read_qos.$procmux$3462.
    dead port 1/2 on $mux $flatten\u_read_arbiter.\u_read_qos.$procmux$3465.
    dead port 2/2 on $mux $flatten\u_write_arbiter.\u_write_qos.$procmux$3629.
    dead port 1/2 on $mux $flatten\u_write_arbiter.\u_write_qos.$procmux$3632.
    dead port 1/2 on $mux $flatten\u_write_arbiter.\u_write_qos.$procmux$3635.
    dead port 1/2 on $mux $flatten\u_write_arbiter.\u_write_qos.$procmux$3642.
    dead port 1/2 on $mux $flatten\u_write_arbiter.\u_write_qos.$procmux$3645.
    dead port 1/4 on $pmux $flatten\u_write_arbiter.\u_write_qos.$procmux$3648.
    dead port 2/4 on $pmux $flatten\u_write_arbiter.\u_write_qos.$procmux$3648.
    dead port 3/4 on $pmux $flatten\u_write_arbiter.\u_write_qos.$procmux$3648.
    dead port 1/2 on $mux $flatten\u_read_arbiter.\u_read_qos.$procmux$3468.
    dead port 1/2 on $mux $flatten\u_read_arbiter.\u_read_qos.$procmux$3479.
    dead port 2/2 on $mux $flatten\u_write_arbiter.\u_write_qos.$procmux$3652.
    dead port 1/2 on $mux $flatten\u_write_arbiter.\u_write_qos.$procmux$3655.
    dead port 1/2 on $mux $flatten\u_write_arbiter.\u_write_qos.$procmux$3658.
    dead port 1/2 on $mux $flatten\u_write_arbiter.\u_write_qos.$procmux$3665.
    dead port 1/4 on $pmux $flatten\u_write_arbiter.\u_write_qos.$procmux$3668.
    dead port 2/4 on $pmux $flatten\u_write_arbiter.\u_write_qos.$procmux$3668.
    dead port 3/4 on $pmux $flatten\u_write_arbiter.\u_write_qos.$procmux$3668.
    dead port 2/2 on $mux $flatten\u_read_arbiter.\u_read_qos.$procmux$3481.
    dead port 1/2 on $mux $flatten\u_read_arbiter.\u_read_qos.$procmux$3483.
    dead port 2/2 on $mux $flatten\u_write_arbiter.\u_write_qos.$procmux$3672.
    dead port 1/2 on $mux $flatten\u_write_arbiter.\u_write_qos.$procmux$3675.
    dead port 1/2 on $mux $flatten\u_write_arbiter.\u_write_qos.$procmux$3678.
    dead port 1/2 on $mux $flatten\u_write_arbiter.\u_write_qos.$procmux$3685.
    dead port 1/4 on $pmux $flatten\u_write_arbiter.\u_write_qos.$procmux$3688.
    dead port 2/4 on $pmux $flatten\u_write_arbiter.\u_write_qos.$procmux$3688.
    dead port 3/4 on $pmux $flatten\u_write_arbiter.\u_write_qos.$procmux$3688.
    dead port 2/2 on $mux $flatten\u_read_arbiter.\u_read_qos.$procmux$3485.
    dead port 1/2 on $mux $flatten\u_read_arbiter.\u_read_qos.$procmux$3488.
    dead port 1/2 on $mux $flatten\u_read_arbiter.\u_read_qos.$procmux$3491.
    dead port 2/2 on $mux $flatten\u_write_arbiter.\u_write_qos.$procmux$3692.
    dead port 1/2 on $mux $flatten\u_write_arbiter.\u_write_qos.$procmux$3695.
    dead port 1/2 on $mux $flatten\u_write_arbiter.\u_write_qos.$procmux$3698.
    dead port 1/4 on $pmux $flatten\u_write_arbiter.\u_write_qos.$procmux$3705.
    dead port 2/4 on $pmux $flatten\u_write_arbiter.\u_write_qos.$procmux$3705.
    dead port 3/4 on $pmux $flatten\u_write_arbiter.\u_write_qos.$procmux$3705.
    dead port 1/2 on $mux $flatten\u_read_arbiter.\u_read_qos.$procmux$3502.
    dead port 2/2 on $mux $flatten\u_read_arbiter.\u_read_qos.$procmux$3504.
    dead port 2/2 on $mux $flatten\u_write_arbiter.\u_write_qos.$procmux$3709.
    dead port 1/2 on $mux $flatten\u_write_arbiter.\u_write_qos.$procmux$3712.
    dead port 1/2 on $mux $flatten\u_write_arbiter.\u_write_qos.$procmux$3715.
    dead port 1/4 on $pmux $flatten\u_write_arbiter.\u_write_qos.$procmux$3722.
    dead port 2/4 on $pmux $flatten\u_write_arbiter.\u_write_qos.$procmux$3722.
    dead port 3/4 on $pmux $flatten\u_write_arbiter.\u_write_qos.$procmux$3722.
    dead port 1/2 on $mux $flatten\u_read_arbiter.\u_read_qos.$procmux$3506.
    dead port 2/2 on $mux $flatten\u_read_arbiter.\u_read_qos.$procmux$3508.
    dead port 2/2 on $mux $flatten\u_write_arbiter.\u_write_qos.$procmux$3726.
    dead port 1/2 on $mux $flatten\u_write_arbiter.\u_write_qos.$procmux$3729.
    dead port 1/2 on $mux $flatten\u_write_arbiter.\u_write_qos.$procmux$3732.
    dead port 1/2 on $mux $flatten\u_write_arbiter.\u_write_qos.$procmux$3740.
    dead port 1/2 on $mux $flatten\u_write_arbiter.\u_write_qos.$procmux$3743.
    dead port 2/2 on $mux $flatten\u_write_arbiter.\u_write_qos.$procmux$3745.
    dead port 1/2 on $mux $flatten\u_read_arbiter.\u_read_qos.$procmux$3511.
    dead port 2/2 on $mux $flatten\u_write_arbiter.\u_write_qos.$procmux$3747.
    dead port 1/2 on $mux $flatten\u_write_arbiter.\u_write_qos.$procmux$3750.
    dead port 1/2 on $mux $flatten\u_write_arbiter.\u_write_qos.$procmux$3753.
    dead port 1/2 on $mux $flatten\u_write_arbiter.\u_write_qos.$procmux$3761.
    dead port 1/2 on $mux $flatten\u_write_arbiter.\u_write_qos.$procmux$3764.
    dead port 2/2 on $mux $flatten\u_write_arbiter.\u_write_qos.$procmux$3766.
    dead port 1/2 on $mux $flatten\u_read_arbiter.\u_read_qos.$procmux$3514.
    dead port 2/2 on $mux $flatten\u_write_arbiter.\u_write_qos.$procmux$3768.
    dead port 1/2 on $mux $flatten\u_write_arbiter.\u_write_qos.$procmux$3771.
    dead port 1/2 on $mux $flatten\u_write_arbiter.\u_write_qos.$procmux$3774.
    dead port 1/2 on $mux $flatten\u_write_arbiter.\u_write_qos.$procmux$3782.
    dead port 2/2 on $mux $flatten\u_write_arbiter.\u_write_qos.$procmux$3784.
    dead port 2/2 on $mux $flatten\u_write_arbiter.\u_write_qos.$procmux$3786.
    dead port 1/2 on $mux $flatten\u_write_arbiter.\u_write_qos.$procmux$3789.
    dead port 1/2 on $mux $flatten\u_write_arbiter.\u_write_qos.$procmux$3792.
    dead port 1/2 on $mux $flatten\u_write_arbiter.\u_write_qos.$procmux$3800.
    dead port 2/2 on $mux $flatten\u_write_arbiter.\u_write_qos.$procmux$3802.
    dead port 2/2 on $mux $flatten\u_read_arbiter.\u_read_qos.$procmux$3524.
    dead port 2/2 on $mux $flatten\u_write_arbiter.\u_write_qos.$procmux$3804.
    dead port 1/2 on $mux $flatten\u_write_arbiter.\u_write_qos.$procmux$3807.
    dead port 1/2 on $mux $flatten\u_write_arbiter.\u_write_qos.$procmux$3810.
    dead port 2/2 on $mux $flatten\u_write_arbiter.\u_write_qos.$procmux$3817.
    dead port 2/2 on $mux $flatten\u_write_arbiter.\u_write_qos.$procmux$3819.
    dead port 1/2 on $mux $flatten\u_write_arbiter.\u_write_qos.$procmux$3822.
    dead port 1/2 on $mux $flatten\u_write_arbiter.\u_write_qos.$procmux$3825.
    dead port 2/2 on $mux $flatten\u_write_arbiter.\u_write_qos.$procmux$3832.
    dead port 1/2 on $mux $flatten\u_read_arbiter.\u_read_qos.$procmux$3526.
    dead port 2/2 on $mux $flatten\u_write_arbiter.\u_write_qos.$procmux$3834.
    dead port 1/2 on $mux $flatten\u_write_arbiter.\u_write_qos.$procmux$3837.
    dead port 1/2 on $mux $flatten\u_write_arbiter.\u_write_qos.$procmux$3840.
    dead port 1/2 on $mux $flatten\u_write_arbiter.\u_write_qos.$procmux$3849.
    dead port 1/2 on $mux $flatten\u_write_arbiter.\u_write_qos.$procmux$3852.
    dead port 2/2 on $mux $flatten\u_write_arbiter.\u_write_qos.$procmux$3854.
    dead port 2/2 on $mux $flatten\u_read_arbiter.\u_read_qos.$procmux$3528.
    dead port 2/2 on $mux $flatten\u_write_arbiter.\u_write_qos.$procmux$3856.
    dead port 1/2 on $mux $flatten\u_write_arbiter.\u_write_qos.$procmux$3859.
    dead port 1/2 on $mux $flatten\u_write_arbiter.\u_write_qos.$procmux$3862.
    dead port 1/2 on $mux $flatten\u_write_arbiter.\u_write_qos.$procmux$3871.
    dead port 1/2 on $mux $flatten\u_write_arbiter.\u_write_qos.$procmux$3874.
    dead port 2/2 on $mux $flatten\u_write_arbiter.\u_write_qos.$procmux$3876.
    dead port 1/2 on $mux $flatten\u_read_arbiter.\u_read_qos.$procmux$3531.
    dead port 2/2 on $mux $flatten\u_write_arbiter.\u_write_qos.$procmux$3878.
    dead port 1/2 on $mux $flatten\u_write_arbiter.\u_write_qos.$procmux$3881.
    dead port 1/2 on $mux $flatten\u_write_arbiter.\u_write_qos.$procmux$3884.
    dead port 1/2 on $mux $flatten\u_write_arbiter.\u_write_qos.$procmux$3893.
    dead port 2/2 on $mux $flatten\u_write_arbiter.\u_write_qos.$procmux$3895.
    dead port 1/2 on $mux $flatten\u_read_arbiter.\u_read_qos.$procmux$3534.
    dead port 2/2 on $mux $flatten\u_write_arbiter.\u_write_qos.$procmux$3897.
    dead port 1/2 on $mux $flatten\u_write_arbiter.\u_write_qos.$procmux$3900.
    dead port 1/2 on $mux $flatten\u_write_arbiter.\u_write_qos.$procmux$3903.
    dead port 1/2 on $mux $flatten\u_write_arbiter.\u_write_qos.$procmux$3912.
    dead port 2/2 on $mux $flatten\u_write_arbiter.\u_write_qos.$procmux$3914.
    dead port 2/2 on $mux $flatten\u_write_arbiter.\u_write_qos.$procmux$3916.
    dead port 1/2 on $mux $flatten\u_write_arbiter.\u_write_qos.$procmux$3919.
    dead port 1/2 on $mux $flatten\u_write_arbiter.\u_write_qos.$procmux$3922.
    dead port 2/2 on $mux $flatten\u_write_arbiter.\u_write_qos.$procmux$3930.
    dead port 2/2 on $mux $flatten\u_read_arbiter.\u_read_qos.$procmux$3544.
    dead port 2/2 on $mux $flatten\u_write_arbiter.\u_write_qos.$procmux$3932.
    dead port 1/2 on $mux $flatten\u_write_arbiter.\u_write_qos.$procmux$3935.
    dead port 1/2 on $mux $flatten\u_write_arbiter.\u_write_qos.$procmux$3938.
    dead port 2/2 on $mux $flatten\u_write_arbiter.\u_write_qos.$procmux$3946.
    dead port 1/2 on $mux $flatten\u_read_arbiter.$procmux$1445.
    dead port 2/2 on $mux $flatten\u_write_arbiter.\u_write_qos.$procmux$3948.
    dead port 1/2 on $mux $flatten\u_write_arbiter.\u_write_qos.$procmux$3951.
    dead port 1/2 on $mux $flatten\u_write_arbiter.\u_write_qos.$procmux$3954.
    dead port 1/2 on $mux $flatten\u_write_arbiter.\u_write_qos.$procmux$3964.
    dead port 1/2 on $mux $flatten\u_write_arbiter.\u_write_qos.$procmux$3967.
    dead port 2/2 on $mux $flatten\u_write_arbiter.\u_write_qos.$procmux$3969.
    dead port 1/2 on $mux $flatten\u_read_arbiter.\u_read_qos.$procmux$3546.
    dead port 2/2 on $mux $flatten\u_write_arbiter.\u_write_qos.$procmux$3971.
    dead port 1/2 on $mux $flatten\u_write_arbiter.\u_write_qos.$procmux$3974.
    dead port 1/2 on $mux $flatten\u_write_arbiter.\u_write_qos.$procmux$3977.
    dead port 1/2 on $mux $flatten\u_write_arbiter.\u_write_qos.$procmux$3987.
    dead port 1/2 on $mux $flatten\u_write_arbiter.\u_write_qos.$procmux$3990.
    dead port 2/2 on $mux $flatten\u_write_arbiter.\u_write_qos.$procmux$3992.
    dead port 2/2 on $mux $flatten\u_read_arbiter.\u_read_qos.$procmux$3548.
    dead port 2/2 on $mux $flatten\u_write_arbiter.\u_write_qos.$procmux$3994.
    dead port 1/2 on $mux $flatten\u_write_arbiter.\u_write_qos.$procmux$3997.
    dead port 1/2 on $mux $flatten\u_write_arbiter.\u_write_qos.$procmux$4000.
    dead port 1/2 on $mux $flatten\u_write_arbiter.\u_write_qos.$procmux$4010.
    dead port 2/2 on $mux $flatten\u_write_arbiter.\u_write_qos.$procmux$4012.
    dead port 1/2 on $mux $flatten\u_read_arbiter.\u_read_qos.$procmux$3551.
    dead port 2/2 on $mux $flatten\u_write_arbiter.\u_write_qos.$procmux$4014.
    dead port 1/2 on $mux $flatten\u_write_arbiter.\u_write_qos.$procmux$4017.
    dead port 1/2 on $mux $flatten\u_write_arbiter.\u_write_qos.$procmux$4020.
    dead port 1/2 on $mux $flatten\u_write_arbiter.\u_write_qos.$procmux$4030.
    dead port 2/2 on $mux $flatten\u_write_arbiter.\u_write_qos.$procmux$4032.
    dead port 1/2 on $mux $flatten\u_read_arbiter.\u_read_qos.$procmux$3554.
    dead port 2/2 on $mux $flatten\u_write_arbiter.\u_write_qos.$procmux$4034.
    dead port 1/2 on $mux $flatten\u_write_arbiter.\u_write_qos.$procmux$4037.
    dead port 1/2 on $mux $flatten\u_write_arbiter.\u_write_qos.$procmux$4040.
    dead port 2/2 on $mux $flatten\u_write_arbiter.\u_write_qos.$procmux$4049.
    dead port 2/2 on $mux $flatten\u_write_arbiter.\u_write_qos.$procmux$4051.
    dead port 1/2 on $mux $flatten\u_write_arbiter.\u_write_qos.$procmux$4054.
    dead port 1/2 on $mux $flatten\u_write_arbiter.\u_write_qos.$procmux$4057.
    dead port 2/2 on $mux $flatten\u_write_arbiter.\u_write_qos.$procmux$4066.
    dead port 2/2 on $mux $flatten\u_write_arbiter.\u_write_qos.$procmux$4068.
    dead port 1/2 on $mux $flatten\u_write_arbiter.\u_write_qos.$procmux$4071.
    dead port 1/2 on $mux $flatten\u_write_arbiter.\u_write_qos.$procmux$4074.
    dead port 1/2 on $mux $flatten\u_read_arbiter.\u_read_qos.$procmux$3563.
    dead port 2/2 on $mux $flatten\u_read_arbiter.\u_read_qos.$procmux$3565.
    dead port 1/2 on $mux $flatten\u_read_arbiter.\u_read_qos.$procmux$3568.
    dead port 1/2 on $mux $flatten\u_read_arbiter.\u_read_qos.$procmux$3571.
    dead port 2/2 on $mux $flatten\u_write_arbiter.\u_write_qos.$procmux$4096.
    dead port 1/2 on $mux $flatten\u_write_arbiter.\u_write_qos.$procmux$4099.
    dead port 1/2 on $mux $flatten\u_write_arbiter.\u_write_qos.$procmux$4102.
    dead port 1/2 on $mux $flatten\u_write_arbiter.\u_write_qos.$procmux$4108.
    dead port 1/2 on $mux $flatten\u_write_arbiter.\u_write_qos.$procmux$4111.
    dead port 1/2 on $mux $flatten\u_write_arbiter.\u_write_qos.$procmux$4117.
    dead port 1/2 on $mux $flatten\u_write_arbiter.\u_write_qos.$procmux$4120.
    dead port 1/2 on $mux $flatten\u_write_arbiter.\u_write_qos.$procmux$4126.
    dead port 1/2 on $mux $flatten\u_write_arbiter.\u_write_qos.$procmux$4132.
    dead port 1/2 on $mux $flatten\u_write_arbiter.\u_write_qos.$procmux$4139.
    dead port 1/2 on $mux $flatten\u_write_arbiter.\u_write_qos.$procmux$4142.
    dead port 1/4 on $pmux $flatten\u_write_arbiter.\u_write_qos.$procmux$4145.
    dead port 2/4 on $pmux $flatten\u_write_arbiter.\u_write_qos.$procmux$4145.
    dead port 3/4 on $pmux $flatten\u_write_arbiter.\u_write_qos.$procmux$4145.
    dead port 2/2 on $mux $flatten\u_write_arbiter.\u_write_qos.$procmux$4149.
    dead port 1/2 on $mux $flatten\u_write_arbiter.\u_write_qos.$procmux$4156.
    dead port 1/2 on $mux $flatten\u_write_arbiter.\u_write_qos.$procmux$4159.
    dead port 1/4 on $pmux $flatten\u_write_arbiter.\u_write_qos.$procmux$4162.
    dead port 2/4 on $pmux $flatten\u_write_arbiter.\u_write_qos.$procmux$4162.
    dead port 3/4 on $pmux $flatten\u_write_arbiter.\u_write_qos.$procmux$4162.
    dead port 1/2 on $mux $flatten\u_read_arbiter.\u_read_qos.$procmux$3580.
    dead port 2/2 on $mux $flatten\u_read_arbiter.\u_read_qos.$procmux$3582.
    dead port 2/2 on $mux $flatten\u_write_arbiter.\u_write_qos.$procmux$4166.
    dead port 1/2 on $mux $flatten\u_write_arbiter.\u_write_qos.$procmux$4173.
    dead port 1/4 on $pmux $flatten\u_write_arbiter.\u_write_qos.$procmux$4176.
    dead port 2/4 on $pmux $flatten\u_write_arbiter.\u_write_qos.$procmux$4176.
    dead port 3/4 on $pmux $flatten\u_write_arbiter.\u_write_qos.$procmux$4176.
    dead port 1/2 on $mux $flatten\u_read_arbiter.\u_read_qos.$procmux$3585.
    dead port 1/2 on $mux $flatten\u_read_arbiter.\u_read_qos.$procmux$3588.
    dead port 2/2 on $mux $flatten\u_write_arbiter.\u_write_qos.$procmux$4180.
    dead port 1/2 on $mux $flatten\u_write_arbiter.\u_write_qos.$procmux$4187.
    dead port 1/4 on $pmux $flatten\u_write_arbiter.\u_write_qos.$procmux$4190.
    dead port 2/4 on $pmux $flatten\u_write_arbiter.\u_write_qos.$procmux$4190.
    dead port 3/4 on $pmux $flatten\u_write_arbiter.\u_write_qos.$procmux$4190.
    dead port 2/2 on $mux $flatten\u_read_arbiter.\u_read_qos.$procmux$3594.
    dead port 1/2 on $mux $flatten\u_read_arbiter.\u_read_qos.$procmux$3597.
    dead port 1/2 on $mux $flatten\u_read_arbiter.\u_read_qos.$procmux$3600.
    dead port 2/2 on $mux $flatten\u_write_arbiter.\u_write_qos.$procmux$4194.
    dead port 1/4 on $pmux $flatten\u_write_arbiter.\u_write_qos.$procmux$4201.
    dead port 2/4 on $pmux $flatten\u_write_arbiter.\u_write_qos.$procmux$4201.
    dead port 3/4 on $pmux $flatten\u_write_arbiter.\u_write_qos.$procmux$4201.
    dead port 2/2 on $mux $flatten\u_read_arbiter.\u_read_qos.$procmux$3606.
    dead port 1/2 on $mux $flatten\u_read_arbiter.\u_read_qos.$procmux$3609.
    dead port 2/2 on $mux $flatten\u_write_arbiter.\u_write_qos.$procmux$4205.
    dead port 1/4 on $pmux $flatten\u_write_arbiter.\u_write_qos.$procmux$4212.
    dead port 2/4 on $pmux $flatten\u_write_arbiter.\u_write_qos.$procmux$4212.
    dead port 3/4 on $pmux $flatten\u_write_arbiter.\u_write_qos.$procmux$4212.
    dead port 1/2 on $mux $flatten\u_read_arbiter.\u_read_qos.$procmux$3612.
    dead port 1/2 on $mux $flatten\u_read_arbiter.\u_read_qos.$procmux$3619.
    dead port 2/2 on $mux $flatten\u_write_arbiter.\u_write_qos.$procmux$4216.
    dead port 1/2 on $mux $flatten\u_write_arbiter.\u_write_qos.$procmux$4224.
    dead port 1/2 on $mux $flatten\u_write_arbiter.\u_write_qos.$procmux$4227.
    dead port 2/2 on $mux $flatten\u_write_arbiter.\u_write_qos.$procmux$4229.
    dead port 1/2 on $mux $flatten\u_read_arbiter.\u_read_qos.$procmux$3622.
    dead port 2/2 on $mux $flatten\u_write_arbiter.\u_write_qos.$procmux$4231.
    dead port 1/2 on $mux $flatten\u_write_arbiter.\u_write_qos.$procmux$4239.
    dead port 1/2 on $mux $flatten\u_write_arbiter.\u_write_qos.$procmux$4242.
    dead port 2/2 on $mux $flatten\u_write_arbiter.\u_write_qos.$procmux$4244.
    dead port 1/4 on $pmux $flatten\u_read_arbiter.\u_read_qos.$procmux$3625.
    dead port 2/4 on $pmux $flatten\u_read_arbiter.\u_read_qos.$procmux$3625.
    dead port 3/4 on $pmux $flatten\u_read_arbiter.\u_read_qos.$procmux$3625.
    dead port 2/2 on $mux $flatten\u_write_arbiter.\u_write_qos.$procmux$4246.
    dead port 1/2 on $mux $flatten\u_write_arbiter.\u_write_qos.$procmux$4254.
    dead port 2/2 on $mux $flatten\u_write_arbiter.\u_write_qos.$procmux$4256.
    dead port 2/2 on $mux $flatten\u_write_arbiter.\u_write_qos.$procmux$4258.
    dead port 1/2 on $mux $flatten\u_write_arbiter.\u_write_qos.$procmux$4266.
    dead port 2/2 on $mux $flatten\u_write_arbiter.\u_write_qos.$procmux$4268.
    dead port 2/2 on $mux $flatten\u_write_arbiter.\u_write_qos.$procmux$4270.
    dead port 2/2 on $mux $flatten\u_write_arbiter.\u_write_qos.$procmux$4277.
    dead port 2/2 on $mux $flatten\u_write_arbiter.\u_write_qos.$procmux$4279.
    dead port 2/2 on $mux $flatten\u_write_arbiter.\u_write_qos.$procmux$4286.
    dead port 2/2 on $mux $flatten\u_read_arbiter.\u_read_qos.$procmux$3629.
    dead port 2/2 on $mux $flatten\u_write_arbiter.\u_write_qos.$procmux$4288.
    dead port 1/2 on $mux $flatten\u_write_arbiter.\u_write_qos.$procmux$4297.
    dead port 1/2 on $mux $flatten\u_write_arbiter.\u_write_qos.$procmux$4300.
    dead port 2/2 on $mux $flatten\u_write_arbiter.\u_write_qos.$procmux$4302.
    dead port 1/2 on $mux $flatten\u_read_arbiter.\u_read_qos.$procmux$3632.
    dead port 2/2 on $mux $flatten\u_write_arbiter.\u_write_qos.$procmux$4304.
    dead port 1/2 on $mux $flatten\u_write_arbiter.\u_write_qos.$procmux$4313.
    dead port 1/2 on $mux $flatten\u_write_arbiter.\u_write_qos.$procmux$4316.
    dead port 2/2 on $mux $flatten\u_write_arbiter.\u_write_qos.$procmux$4318.
    dead port 1/2 on $mux $flatten\u_read_arbiter.\u_read_qos.$procmux$3635.
    dead port 2/2 on $mux $flatten\u_write_arbiter.\u_write_qos.$procmux$4320.
    dead port 1/2 on $mux $flatten\u_write_arbiter.\u_write_qos.$procmux$4329.
    dead port 2/2 on $mux $flatten\u_write_arbiter.\u_write_qos.$procmux$4331.
    dead port 2/2 on $mux $flatten\u_write_arbiter.\u_write_qos.$procmux$4333.
    dead port 1/2 on $mux $flatten\u_write_arbiter.\u_write_qos.$procmux$4342.
    dead port 2/2 on $mux $flatten\u_write_arbiter.\u_write_qos.$procmux$4344.
    dead port 1/2 on $mux $flatten\u_read_arbiter.\u_read_qos.$procmux$3642.
    dead port 2/2 on $mux $flatten\u_write_arbiter.\u_write_qos.$procmux$4346.
    dead port 2/2 on $mux $flatten\u_write_arbiter.\u_write_qos.$procmux$4354.
    dead port 1/2 on $mux $flatten\u_read_arbiter.\u_read_qos.$procmux$3645.
    dead port 2/2 on $mux $flatten\u_write_arbiter.\u_write_qos.$procmux$4356.
    dead port 2/2 on $mux $flatten\u_write_arbiter.\u_write_qos.$procmux$4364.
    dead port 1/4 on $pmux $flatten\u_read_arbiter.\u_read_qos.$procmux$3648.
    dead port 2/4 on $pmux $flatten\u_read_arbiter.\u_read_qos.$procmux$3648.
    dead port 3/4 on $pmux $flatten\u_read_arbiter.\u_read_qos.$procmux$3648.
    dead port 2/2 on $mux $flatten\u_write_arbiter.\u_write_qos.$procmux$4366.
    dead port 1/2 on $mux $flatten\u_write_arbiter.\u_write_qos.$procmux$4376.
    dead port 1/2 on $mux $flatten\u_write_arbiter.\u_write_qos.$procmux$4379.
    dead port 2/2 on $mux $flatten\u_write_arbiter.\u_write_qos.$procmux$4381.
    dead port 2/2 on $mux $flatten\u_write_arbiter.\u_write_qos.$procmux$4383.
    dead port 1/2 on $mux $flatten\u_write_arbiter.\u_write_qos.$procmux$4393.
    dead port 1/2 on $mux $flatten\u_write_arbiter.\u_write_qos.$procmux$4396.
    dead port 2/2 on $mux $flatten\u_write_arbiter.\u_write_qos.$procmux$4398.
    dead port 2/2 on $mux $flatten\u_write_arbiter.\u_write_qos.$procmux$4400.
    dead port 1/2 on $mux $flatten\u_write_arbiter.\u_write_qos.$procmux$4410.
    dead port 2/2 on $mux $flatten\u_write_arbiter.\u_write_qos.$procmux$4412.
    dead port 2/2 on $mux $flatten\u_write_arbiter.\u_write_qos.$procmux$4414.
    dead port 1/2 on $mux $flatten\u_write_arbiter.\u_write_qos.$procmux$4424.
    dead port 2/2 on $mux $flatten\u_write_arbiter.\u_write_qos.$procmux$4426.
    dead port 2/2 on $mux $flatten\u_read_arbiter.\u_read_qos.$procmux$3652.
    dead port 2/2 on $mux $flatten\u_write_arbiter.\u_write_qos.$procmux$4428.
    dead port 2/2 on $mux $flatten\u_write_arbiter.\u_write_qos.$procmux$4437.
    dead port 1/2 on $mux $flatten\u_read_arbiter.\u_read_qos.$procmux$3655.
    dead port 2/2 on $mux $flatten\u_write_arbiter.\u_write_qos.$procmux$4439.
    dead port 2/2 on $mux $flatten\u_write_arbiter.\u_write_qos.$procmux$4448.
    dead port 1/2 on $mux $flatten\u_read_arbiter.\u_read_qos.$procmux$3658.
    dead port 2/2 on $mux $flatten\u_write_arbiter.\u_write_qos.$procmux$4450.
    dead port 1/2 on $mux $flatten\u_read_arbiter.\u_read_qos.$procmux$3665.
    dead port 1/4 on $pmux $flatten\u_read_arbiter.\u_read_qos.$procmux$3668.
    dead port 2/4 on $pmux $flatten\u_read_arbiter.\u_read_qos.$procmux$3668.
    dead port 3/4 on $pmux $flatten\u_read_arbiter.\u_read_qos.$procmux$3668.
    dead port 2/2 on $mux $flatten\u_write_arbiter.\u_write_qos.$procmux$4458.
    dead port 2/2 on $mux $flatten\u_write_arbiter.\u_write_qos.$procmux$4466.
    dead port 2/2 on $mux $flatten\u_write_arbiter.\u_write_qos.$procmux$4479.
    dead port 2/2 on $mux $flatten\u_read_arbiter.\u_read_qos.$procmux$3672.
    dead port 2/2 on $mux $flatten\u_write_arbiter.\u_write_qos.$procmux$4481.
    dead port 2/2 on $mux $flatten\u_write_arbiter.\u_write_qos.$procmux$4488.
    dead port 1/2 on $mux $flatten\u_read_arbiter.\u_read_qos.$procmux$3675.
    dead port 2/2 on $mux $flatten\u_write_arbiter.\u_write_qos.$procmux$4490.
    dead port 2/2 on $mux $flatten\u_write_arbiter.\u_write_qos.$procmux$4498.
    dead port 1/2 on $mux $flatten\u_read_arbiter.\u_read_qos.$procmux$3678.
    dead port 2/2 on $mux $flatten\u_write_arbiter.\u_write_qos.$procmux$4500.
    dead port 2/2 on $mux $flatten\u_write_arbiter.\u_write_qos.$procmux$4508.
    dead port 2/2 on $mux $flatten\u_write_arbiter.\u_write_qos.$procmux$4510.
    dead port 2/2 on $mux $flatten\u_write_arbiter.\u_write_qos.$procmux$4519.
    dead port 1/2 on $mux $flatten\u_read_arbiter.\u_read_qos.$procmux$3685.
    dead port 2/2 on $mux $flatten\u_write_arbiter.\u_write_qos.$procmux$4521.
    dead port 2/2 on $mux $flatten\u_write_arbiter.\u_write_qos.$procmux$4530.
    dead port 1/4 on $pmux $flatten\u_read_arbiter.\u_read_qos.$procmux$3688.
    dead port 2/4 on $pmux $flatten\u_read_arbiter.\u_read_qos.$procmux$3688.
    dead port 3/4 on $pmux $flatten\u_read_arbiter.\u_read_qos.$procmux$3688.
    dead port 2/2 on $mux $flatten\u_write_arbiter.\u_write_qos.$procmux$4532.
    dead port 1/2 on $mux $flatten\u_read_arbiter.\u_read_decoder.$procmux$4579.
    dead port 2/2 on $mux $flatten\u_write_arbiter.\u_write_qos.$procmux$4540.
    dead port 2/2 on $mux $flatten\u_read_arbiter.\u_read_qos.$procmux$3692.
    dead port 2/2 on $mux $flatten\u_write_arbiter.\u_write_qos.$procmux$4548.
    dead port 1/2 on $mux $flatten\u_read_arbiter.\u_read_qos.$procmux$3695.
    dead port 2/2 on $mux $flatten\u_write_arbiter.\u_write_qos.$procmux$4554.
    dead port 1/2 on $mux $flatten\u_read_arbiter.\u_read_qos.$procmux$3698.
    dead port 2/2 on $mux $flatten\u_write_arbiter.\u_write_qos.$procmux$4561.
Removed 1099 multiplexer ports.
<suppressed ~131 debug messages>

23.4. Executing OPT_REDUCE pass (consolidate $*mux and $reduce_* inputs).
  Optimizing cells in module \axi4lite_arbiter_top.
    New ctrl vector for $pmux cell $flatten\u_response_router.$procmux$1887: { $auto$opt_reduce.cc:134:opt_pmux$4653 $flatten\u_response_router.$procmux$1457_CMP }
    New ctrl vector for $pmux cell $flatten\u_response_router.$procmux$1901: { $flatten\u_response_router.$procmux$1591_CMP $auto$opt_reduce.cc:134:opt_pmux$4655 }
    New ctrl vector for $pmux cell $flatten\u_response_router.$procmux$2109: { $flatten\u_response_router.$procmux$1491_CMP $auto$opt_reduce.cc:134:opt_pmux$4657 }
    New ctrl vector for $pmux cell $flatten\u_response_router.$procmux$2120: { $flatten\u_response_router.$procmux$1508_CMP $auto$opt_reduce.cc:134:opt_pmux$4659 }
    New ctrl vector for $pmux cell $flatten\u_response_router.$procmux$2131: { $auto$opt_reduce.cc:134:opt_pmux$4661 $flatten\u_response_router.$procmux$1457_CMP }
    New ctrl vector for $pmux cell $flatten\u_response_router.$procmux$2142: { $flatten\u_response_router.$procmux$1591_CMP $auto$opt_reduce.cc:134:opt_pmux$4663 }
    New ctrl vector for $pmux cell $flatten\u_response_router.$procmux$2348: { $flatten\u_response_router.$procmux$2318_CMP $auto$opt_reduce.cc:134:opt_pmux$4665 }
    New ctrl vector for $pmux cell $flatten\u_response_router.$procmux$2365: { $flatten\u_response_router.$procmux$2335_CMP $auto$opt_reduce.cc:134:opt_pmux$4667 }
    New ctrl vector for $pmux cell $flatten\u_response_router.$procmux$2382: { $auto$opt_reduce.cc:134:opt_pmux$4669 $flatten\u_response_router.$procmux$2284_CMP }
    New ctrl vector for $pmux cell $flatten\u_response_router.$procmux$2399: { $flatten\u_response_router.$procmux$2352_CMP $auto$opt_reduce.cc:134:opt_pmux$4671 }
    New ctrl vector for $pmux cell $flatten\u_response_router.$procmux$1587: { $flatten\u_response_router.$procmux$1491_CMP $auto$opt_reduce.cc:134:opt_pmux$4673 }
    New ctrl vector for $pmux cell $flatten\u_response_router.$procmux$2542: { $flatten\u_response_router.$procmux$2318_CMP $auto$opt_reduce.cc:134:opt_pmux$4675 }
    New ctrl vector for $pmux cell $flatten\u_response_router.$procmux$1604: { $flatten\u_response_router.$procmux$1508_CMP $auto$opt_reduce.cc:134:opt_pmux$4677 }
    New ctrl vector for $pmux cell $flatten\u_response_router.$procmux$2556: { $flatten\u_response_router.$procmux$2335_CMP $auto$opt_reduce.cc:134:opt_pmux$4679 }
    New ctrl vector for $pmux cell $flatten\u_response_router.$procmux$2570: { $auto$opt_reduce.cc:134:opt_pmux$4681 $flatten\u_response_router.$procmux$2284_CMP }
    New ctrl vector for $pmux cell $flatten\u_response_router.$procmux$1621: { $auto$opt_reduce.cc:134:opt_pmux$4683 $flatten\u_response_router.$procmux$1457_CMP }
    New ctrl vector for $pmux cell $flatten\u_response_router.$procmux$2584: { $flatten\u_response_router.$procmux$2352_CMP $auto$opt_reduce.cc:134:opt_pmux$4685 }
    New ctrl vector for $pmux cell $flatten\u_response_router.$procmux$1638: { $flatten\u_response_router.$procmux$1591_CMP $auto$opt_reduce.cc:134:opt_pmux$4687 }
    New ctrl vector for $pmux cell $flatten\u_response_router.$procmux$2721: { $flatten\u_response_router.$procmux$2318_CMP $auto$opt_reduce.cc:134:opt_pmux$4689 }
    New ctrl vector for $pmux cell $flatten\u_response_router.$procmux$2732: { $flatten\u_response_router.$procmux$2335_CMP $auto$opt_reduce.cc:134:opt_pmux$4691 }
    New ctrl vector for $pmux cell $flatten\u_response_router.$procmux$2743: { $auto$opt_reduce.cc:134:opt_pmux$4693 $flatten\u_response_router.$procmux$2284_CMP }
    New ctrl vector for $pmux cell $flatten\u_response_router.$procmux$2754: { $flatten\u_response_router.$procmux$2352_CMP $auto$opt_reduce.cc:134:opt_pmux$4695 }
    New ctrl vector for $pmux cell $flatten\u_write_arbiter.$procmux$1089: { $auto$opt_reduce.cc:134:opt_pmux$4697 \u_response_router.w_active }
    New ctrl vector for $pmux cell $flatten\u_response_router.$procmux$1859: { $flatten\u_response_router.$procmux$1491_CMP $auto$opt_reduce.cc:134:opt_pmux$4699 }
    New ctrl vector for $pmux cell $flatten\u_write_arbiter.$procmux$1094: { $auto$opt_reduce.cc:134:opt_pmux$4701 \u_response_router.w_active }
    New ctrl vector for $pmux cell $flatten\u_response_router.$procmux$1873: { $flatten\u_response_router.$procmux$1508_CMP $auto$opt_reduce.cc:134:opt_pmux$4703 }
  Optimizing cells in module \axi4lite_arbiter_top.
Performed a total of 28 changes.

23.5. Executing OPT_MERGE pass (detect identical cells).
Finding identical cells in module `\axi4lite_arbiter_top'.
<suppressed ~201 debug messages>
Removed a total of 67 cells.

23.6. Executing OPT_DFF pass (perform DFF optimizations).

23.7. Executing OPT_CLEAN pass (remove unused cells and wires).
Finding unused cells or wires in module \axi4lite_arbiter_top..
Removed 0 unused cells and 1590 unused wires.
<suppressed ~1 debug messages>

23.8. Executing OPT_EXPR pass (perform const folding).
Optimizing module axi4lite_arbiter_top.

23.9. Rerunning OPT passes. (Maybe there is more to do..)

23.10. Executing OPT_MUXTREE pass (detect dead branches in mux trees).
Running muxtree optimizer on module \axi4lite_arbiter_top..
  Creating internal representation of mux trees.
  Evaluating internal representation of mux trees.
  Analyzing evaluation results.
Removed 0 multiplexer ports.
<suppressed ~130 debug messages>

23.11. Executing OPT_REDUCE pass (consolidate $*mux and $reduce_* inputs).
  Optimizing cells in module \axi4lite_arbiter_top.
    New ctrl vector for $pmux cell $flatten\u_read_arbiter.\u_read_qos.$procmux$3559: { $flatten\u_read_arbiter.\u_read_qos.$procmux$3036_CMP $flatten\u_read_arbiter.\u_read_qos.$procmux$3035_CMP }
    New ctrl vector for $pmux cell $flatten\u_read_arbiter.\u_read_qos.$procmux$3576: { $flatten\u_read_arbiter.\u_read_qos.$procmux$3036_CMP $flatten\u_read_arbiter.\u_read_qos.$procmux$3035_CMP }
    New ctrl vector for $pmux cell $flatten\u_read_arbiter.\u_read_qos.$procmux$4078: { $flatten\u_read_arbiter.\u_read_qos.$procmux$3036_CMP $flatten\u_read_arbiter.\u_read_qos.$procmux$3035_CMP }
    New ctrl vector for $pmux cell $flatten\u_read_arbiter.\u_read_qos.$procmux$4092: { $flatten\u_read_arbiter.\u_read_qos.$procmux$3036_CMP $flatten\u_read_arbiter.\u_read_qos.$procmux$3035_CMP }
    New ctrl vector for $pmux cell $flatten\u_read_arbiter.\u_read_qos.$procmux$4454: { $flatten\u_read_arbiter.\u_read_qos.$procmux$3036_CMP $flatten\u_read_arbiter.\u_read_qos.$procmux$3035_CMP }
    New ctrl vector for $pmux cell $flatten\u_read_arbiter.\u_read_qos.$procmux$4462: { $flatten\u_read_arbiter.\u_read_qos.$procmux$3036_CMP $flatten\u_read_arbiter.\u_read_qos.$procmux$3035_CMP }
    New ctrl vector for $pmux cell $flatten\u_write_arbiter.\u_write_qos.$procmux$3559: { $flatten\u_write_arbiter.\u_write_qos.$procmux$3036_CMP $flatten\u_write_arbiter.\u_write_qos.$procmux$3035_CMP }
    New ctrl vector for $pmux cell $flatten\u_write_arbiter.\u_write_qos.$procmux$3576: { $flatten\u_write_arbiter.\u_write_qos.$procmux$3036_CMP $flatten\u_write_arbiter.\u_write_qos.$procmux$3035_CMP }
    New ctrl vector for $pmux cell $flatten\u_write_arbiter.\u_write_qos.$procmux$4078: { $flatten\u_write_arbiter.\u_write_qos.$procmux$3036_CMP $flatten\u_write_arbiter.\u_write_qos.$procmux$3035_CMP }
    New ctrl vector for $pmux cell $flatten\u_write_arbiter.\u_write_qos.$procmux$4092: { $flatten\u_write_arbiter.\u_write_qos.$procmux$3036_CMP $flatten\u_write_arbiter.\u_write_qos.$procmux$3035_CMP }
    New ctrl vector for $pmux cell $flatten\u_write_arbiter.\u_write_qos.$procmux$4454: { $flatten\u_write_arbiter.\u_write_qos.$procmux$3036_CMP $flatten\u_write_arbiter.\u_write_qos.$procmux$3035_CMP }
    New ctrl vector for $pmux cell $flatten\u_write_arbiter.\u_write_qos.$procmux$4462: { $flatten\u_write_arbiter.\u_write_qos.$procmux$3036_CMP $flatten\u_write_arbiter.\u_write_qos.$procmux$3035_CMP }
  Optimizing cells in module \axi4lite_arbiter_top.
Performed a total of 12 changes.

23.12. Executing OPT_MERGE pass (detect identical cells).
Finding identical cells in module `\axi4lite_arbiter_top'.
Removed a total of 0 cells.

23.13. Executing OPT_DFF pass (perform DFF optimizations).

23.14. Executing OPT_CLEAN pass (remove unused cells and wires).
Finding unused cells or wires in module \axi4lite_arbiter_top..
Removed 2 unused cells and 2 unused wires.
<suppressed ~3 debug messages>

23.15. Executing OPT_EXPR pass (perform const folding).
Optimizing module axi4lite_arbiter_top.

23.16. Rerunning OPT passes. (Maybe there is more to do..)

23.17. Executing OPT_MUXTREE pass (detect dead branches in mux trees).
Running muxtree optimizer on module \axi4lite_arbiter_top..
  Creating internal representation of mux trees.
  Evaluating internal representation of mux trees.
  Analyzing evaluation results.
Removed 0 multiplexer ports.
<suppressed ~130 debug messages>

23.18. Executing OPT_REDUCE pass (consolidate $*mux and $reduce_* inputs).
  Optimizing cells in module \axi4lite_arbiter_top.
Performed a total of 0 changes.

23.19. Executing OPT_MERGE pass (detect identical cells).
Finding identical cells in module `\axi4lite_arbiter_top'.
Removed a total of 0 cells.

23.20. Executing OPT_DFF pass (perform DFF optimizations).

23.21. Executing OPT_CLEAN pass (remove unused cells and wires).
Finding unused cells or wires in module \axi4lite_arbiter_top..

23.22. Executing OPT_EXPR pass (perform const folding).
Optimizing module axi4lite_arbiter_top.

23.23. Finished OPT passes. (There is nothing left to do.)

24. Executing FSM pass (extract and optimize FSM).

24.1. Executing FSM_DETECT pass (finding FSMs in design).
Not marking axi4lite_arbiter_top.u_read_arbiter.r_state as FSM state register:
    Circuit seems to be self-resetting.
Not marking axi4lite_arbiter_top.u_read_arbiter.target_slave_r as FSM state register:
    Users of register don't seem to benefit from recoding.
Not marking axi4lite_arbiter_top.u_read_arbiter.u_read_qos.current_master as FSM state register:
    Users of register don't seem to benefit from recoding.
Found FSM state register axi4lite_arbiter_top.u_read_arbiter.u_read_qos.rr_ptr.
Not marking axi4lite_arbiter_top.u_write_arbiter.target_slave_r as FSM state register:
    Users of register don't seem to benefit from recoding.
Not marking axi4lite_arbiter_top.u_write_arbiter.u_write_qos.current_master as FSM state register:
    Users of register don't seem to benefit from recoding.
Found FSM state register axi4lite_arbiter_top.u_write_arbiter.u_write_qos.rr_ptr.
Not marking axi4lite_arbiter_top.u_write_arbiter.w_state as FSM state register:
    Users of register don't seem to benefit from recoding.

24.2. Executing FSM_EXTRACT pass (extracting FSM from design).
Extracting FSM `\u_read_arbiter.u_read_qos.rr_ptr' from module `\axi4lite_arbiter_top'.
  found $adff cell for state register: $flatten\u_read_arbiter.\u_read_qos.$procdff$4646
  root of input selection tree: $flatten\u_read_arbiter.\u_read_qos.$0\rr_ptr[1:0]
  found reset state: 2'01 (from async reset)
  found ctrl input: \u_read_arbiter.u_read_qos.is_active
  found ctrl input: \u_read_arbiter.arb_tx_done
  found ctrl input: $flatten\u_read_arbiter.\u_read_qos.$logic_and$/work/openlane/axi4lite_arbiter_top_sv2v.v:142$636_Y
  found ctrl input: $flatten\u_read_arbiter.\u_read_qos.$eq$/work/openlane/axi4lite_arbiter_top_sv2v.v:379$690_Y
  found ctrl input: $flatten\u_read_arbiter.\u_read_qos.$eq$/work/openlane/axi4lite_arbiter_top_sv2v.v:375$682_Y
  found ctrl input: $flatten\u_read_arbiter.\u_read_qos.$eq$/work/openlane/axi4lite_arbiter_top_sv2v.v:371$674_Y
  found ctrl input: $flatten\u_read_arbiter.\u_read_qos.$gt$/work/openlane/axi4lite_arbiter_top_sv2v.v:159$641_Y
  found ctrl input: $flatten\u_read_arbiter.\u_read_qos.$gt$/work/openlane/axi4lite_arbiter_top_sv2v.v:152$639_Y
  found state code: 2'11
  found ctrl input: $flatten\u_read_arbiter.\u_read_qos.$gt$/work/openlane/axi4lite_arbiter_top_sv2v.v:145$637_Y
  found state code: 2'10
  ctrl inputs: { \u_read_arbiter.arb_tx_done $flatten\u_read_arbiter.\u_read_qos.$eq$/work/openlane/axi4lite_arbiter_top_sv2v.v:379$690_Y $flatten\u_read_arbiter.\u_read_qos.$eq$/work/openlane/axi4lite_arbiter_top_sv2v.v:375$682_Y $flatten\u_read_arbiter.\u_read_qos.$eq$/work/openlane/axi4lite_arbiter_top_sv2v.v:371$674_Y $flatten\u_read_arbiter.\u_read_qos.$gt$/work/openlane/axi4lite_arbiter_top_sv2v.v:159$641_Y $flatten\u_read_arbiter.\u_read_qos.$gt$/work/openlane/axi4lite_arbiter_top_sv2v.v:152$639_Y $flatten\u_read_arbiter.\u_read_qos.$gt$/work/openlane/axi4lite_arbiter_top_sv2v.v:145$637_Y $flatten\u_read_arbiter.\u_read_qos.$logic_and$/work/openlane/axi4lite_arbiter_top_sv2v.v:142$636_Y \u_read_arbiter.u_read_qos.is_active }
  ctrl outputs: $flatten\u_read_arbiter.\u_read_qos.$0\rr_ptr[1:0]
  transition:       2'10 9'--------0 ->       2'10 2'10
  transition:       2'10 9'0-------1 ->       2'10 2'10
  transition:       2'10 9'1000----1 ->       2'10 2'10
  transition:       2'10 9'1--1--0-1 ->       2'10 2'10
  transition:       2'10 9'1--1--1-1 ->       2'10 2'10
  transition:       2'10 9'1-1--0--1 ->       2'11 2'11
  transition:       2'10 9'1-1--1--1 ->       2'10 2'10
  transition:       2'10 9'11--0---1 ->       2'01 2'01
  transition:       2'10 9'11--1---1 ->       2'10 2'10
  transition:       2'01 9'--------0 ->       2'01 2'01
  transition:       2'01 9'0-------1 ->       2'01 2'01
  transition:       2'01 9'1000----1 ->       2'01 2'01
  transition:       2'01 9'1--1--0-1 ->       2'10 2'10
  transition:       2'01 9'1--1--1-1 ->       2'01 2'01
  transition:       2'01 9'1-1--0--1 ->       2'11 2'11
  transition:       2'01 9'1-1--1--1 ->       2'01 2'01
  transition:       2'01 9'11--0---1 ->       2'01 2'01
  transition:       2'01 9'11--1---1 ->       2'01 2'01
  transition:       2'11 9'--------0 ->       2'11 2'11
  transition:       2'11 9'0-------1 ->       2'11 2'11
  transition:       2'11 9'1000----1 ->       2'11 2'11
  transition:       2'11 9'1--1--0-1 ->       2'10 2'10
  transition:       2'11 9'1--1--1-1 ->       2'11 2'11
  transition:       2'11 9'1-1--0--1 ->       2'11 2'11
  transition:       2'11 9'1-1--1--1 ->       2'11 2'11
  transition:       2'11 9'11--0---1 ->       2'01 2'01
  transition:       2'11 9'11--1---1 ->       2'11 2'11
Extracting FSM `\u_write_arbiter.u_write_qos.rr_ptr' from module `\axi4lite_arbiter_top'.
  found $adff cell for state register: $flatten\u_write_arbiter.\u_write_qos.$procdff$4646
  root of input selection tree: $flatten\u_write_arbiter.\u_write_qos.$0\rr_ptr[1:0]
  found reset state: 2'01 (from async reset)
  found ctrl input: \u_write_arbiter.u_write_qos.is_active
  found ctrl input: \u_write_arbiter.arb_tx_done
  found ctrl input: $flatten\u_write_arbiter.\u_write_qos.$logic_and$/work/openlane/axi4lite_arbiter_top_sv2v.v:142$636_Y
  found ctrl input: $flatten\u_write_arbiter.\u_write_qos.$eq$/work/openlane/axi4lite_arbiter_top_sv2v.v:379$690_Y
  found ctrl input: $flatten\u_write_arbiter.\u_write_qos.$eq$/work/openlane/axi4lite_arbiter_top_sv2v.v:375$682_Y
  found ctrl input: $flatten\u_write_arbiter.\u_write_qos.$eq$/work/openlane/axi4lite_arbiter_top_sv2v.v:371$674_Y
  found ctrl input: $flatten\u_write_arbiter.\u_write_qos.$gt$/work/openlane/axi4lite_arbiter_top_sv2v.v:159$641_Y
  found ctrl input: $flatten\u_write_arbiter.\u_write_qos.$gt$/work/openlane/axi4lite_arbiter_top_sv2v.v:152$639_Y
  found state code: 2'11
  found ctrl input: $flatten\u_write_arbiter.\u_write_qos.$gt$/work/openlane/axi4lite_arbiter_top_sv2v.v:145$637_Y
  found state code: 2'10
  ctrl inputs: { \u_write_arbiter.arb_tx_done $flatten\u_write_arbiter.\u_write_qos.$eq$/work/openlane/axi4lite_arbiter_top_sv2v.v:379$690_Y $flatten\u_write_arbiter.\u_write_qos.$eq$/work/openlane/axi4lite_arbiter_top_sv2v.v:375$682_Y $flatten\u_write_arbiter.\u_write_qos.$eq$/work/openlane/axi4lite_arbiter_top_sv2v.v:371$674_Y $flatten\u_write_arbiter.\u_write_qos.$gt$/work/openlane/axi4lite_arbiter_top_sv2v.v:159$641_Y $flatten\u_write_arbiter.\u_write_qos.$gt$/work/openlane/axi4lite_arbiter_top_sv2v.v:152$639_Y $flatten\u_write_arbiter.\u_write_qos.$gt$/work/openlane/axi4lite_arbiter_top_sv2v.v:145$637_Y $flatten\u_write_arbiter.\u_write_qos.$logic_and$/work/openlane/axi4lite_arbiter_top_sv2v.v:142$636_Y \u_write_arbiter.u_write_qos.is_active }
  ctrl outputs: $flatten\u_write_arbiter.\u_write_qos.$0\rr_ptr[1:0]
  transition:       2'10 9'--------0 ->       2'10 2'10
  transition:       2'10 9'0-------1 ->       2'10 2'10
  transition:       2'10 9'1000----1 ->       2'10 2'10
  transition:       2'10 9'1--1--0-1 ->       2'10 2'10
  transition:       2'10 9'1--1--1-1 ->       2'10 2'10
  transition:       2'10 9'1-1--0--1 ->       2'11 2'11
  transition:       2'10 9'1-1--1--1 ->       2'10 2'10
  transition:       2'10 9'11--0---1 ->       2'01 2'01
  transition:       2'10 9'11--1---1 ->       2'10 2'10
  transition:       2'01 9'--------0 ->       2'01 2'01
  transition:       2'01 9'0-------1 ->       2'01 2'01
  transition:       2'01 9'1000----1 ->       2'01 2'01
  transition:       2'01 9'1--1--0-1 ->       2'10 2'10
  transition:       2'01 9'1--1--1-1 ->       2'01 2'01
  transition:       2'01 9'1-1--0--1 ->       2'11 2'11
  transition:       2'01 9'1-1--1--1 ->       2'01 2'01
  transition:       2'01 9'11--0---1 ->       2'01 2'01
  transition:       2'01 9'11--1---1 ->       2'01 2'01
  transition:       2'11 9'--------0 ->       2'11 2'11
  transition:       2'11 9'0-------1 ->       2'11 2'11
  transition:       2'11 9'1000----1 ->       2'11 2'11
  transition:       2'11 9'1--1--0-1 ->       2'10 2'10
  transition:       2'11 9'1--1--1-1 ->       2'11 2'11
  transition:       2'11 9'1-1--0--1 ->       2'11 2'11
  transition:       2'11 9'1-1--1--1 ->       2'11 2'11
  transition:       2'11 9'11--0---1 ->       2'01 2'01
  transition:       2'11 9'11--1---1 ->       2'11 2'11

24.3. Executing FSM_OPT pass (simple optimizations of FSMs).
Optimizing FSM `$fsm$\u_write_arbiter.u_write_qos.rr_ptr$4706' from module `\axi4lite_arbiter_top'.
  Merging pattern 9'1--1--0-1 and 9'1--1--1-1 from group (0 0 2'10).
  Merging pattern 9'1--1--1-1 and 9'1--1--0-1 from group (0 0 2'10).
  Merging pattern 9'11--0---1 and 9'11--1---1 from group (1 1 2'01).
  Merging pattern 9'11--1---1 and 9'11--0---1 from group (1 1 2'01).
  Merging pattern 9'1-1--0--1 and 9'1-1--1--1 from group (2 2 2'11).
  Merging pattern 9'1-1--1--1 and 9'1-1--0--1 from group (2 2 2'11).
  Removing unused input signal $flatten\u_write_arbiter.\u_write_qos.$logic_and$/work/openlane/axi4lite_arbiter_top_sv2v.v:142$636_Y.
Optimizing FSM `$fsm$\u_read_arbiter.u_read_qos.rr_ptr$4704' from module `\axi4lite_arbiter_top'.
  Merging pattern 9'1--1--0-1 and 9'1--1--1-1 from group (0 0 2'10).
  Merging pattern 9'1--1--1-1 and 9'1--1--0-1 from group (0 0 2'10).
  Merging pattern 9'11--0---1 and 9'11--1---1 from group (1 1 2'01).
  Merging pattern 9'11--1---1 and 9'11--0---1 from group (1 1 2'01).
  Merging pattern 9'1-1--0--1 and 9'1-1--1--1 from group (2 2 2'11).
  Merging pattern 9'1-1--1--1 and 9'1-1--0--1 from group (2 2 2'11).
  Removing unused input signal $flatten\u_read_arbiter.\u_read_qos.$logic_and$/work/openlane/axi4lite_arbiter_top_sv2v.v:142$636_Y.

24.4. Executing OPT_CLEAN pass (remove unused cells and wires).
Finding unused cells or wires in module \axi4lite_arbiter_top..
Removed 4 unused cells and 4 unused wires.
<suppressed ~5 debug messages>

24.5. Executing FSM_OPT pass (simple optimizations of FSMs).
Optimizing FSM `$fsm$\u_read_arbiter.u_read_qos.rr_ptr$4704' from module `\axi4lite_arbiter_top'.
Optimizing FSM `$fsm$\u_write_arbiter.u_write_qos.rr_ptr$4706' from module `\axi4lite_arbiter_top'.

24.6. Executing FSM_RECODE pass (re-assigning FSM state encoding).
Recoding FSM `$fsm$\u_read_arbiter.u_read_qos.rr_ptr$4704' from module `\axi4lite_arbiter_top' using `auto' encoding:
  mapping auto encoding to `one-hot` for this FSM.
  10 -> -1-
  01 -> --1
  11 -> 1--
Recoding FSM `$fsm$\u_write_arbiter.u_write_qos.rr_ptr$4706' from module `\axi4lite_arbiter_top' using `auto' encoding:
  mapping auto encoding to `one-hot` for this FSM.
  10 -> -1-
  01 -> --1
  11 -> 1--

24.7. Executing FSM_INFO pass (dumping all available information on FSM cells).

FSM `$fsm$\u_read_arbiter.u_read_qos.rr_ptr$4704' from module `axi4lite_arbiter_top':
-------------------------------------

  Information on FSM $fsm$\u_read_arbiter.u_read_qos.rr_ptr$4704 (\u_read_arbiter.u_read_qos.rr_ptr):

  Number of input signals:    8
  Number of output signals:   2
  Number of state bits:       3

  Input signals:
    0: \u_read_arbiter.u_read_qos.is_active
    1: $flatten\u_read_arbiter.\u_read_qos.$gt$/work/openlane/axi4lite_arbiter_top_sv2v.v:145$637_Y
    2: $flatten\u_read_arbiter.\u_read_qos.$gt$/work/openlane/axi4lite_arbiter_top_sv2v.v:152$639_Y
    3: $flatten\u_read_arbiter.\u_read_qos.$gt$/work/openlane/axi4lite_arbiter_top_sv2v.v:159$641_Y
    4: $flatten\u_read_arbiter.\u_read_qos.$eq$/work/openlane/axi4lite_arbiter_top_sv2v.v:371$674_Y
    5: $flatten\u_read_arbiter.\u_read_qos.$eq$/work/openlane/axi4lite_arbiter_top_sv2v.v:375$682_Y
    6: $flatten\u_read_arbiter.\u_read_qos.$eq$/work/openlane/axi4lite_arbiter_top_sv2v.v:379$690_Y
    7: \u_read_arbiter.arb_tx_done

  Output signals:
    0: $flatten\u_read_arbiter.\u_read_qos.$0\rr_ptr[1:0] [0]
    1: $flatten\u_read_arbiter.\u_read_qos.$0\rr_ptr[1:0] [1]

  State encoding:
    0:      3'-1-
    1:      3'--1  <RESET STATE>
    2:      3'1--

  Transition Table (state_in, ctrl_in, state_out, ctrl_out):
      0:     0 8'-------0   ->     0 2'10
      1:     0 8'1-1--1-1   ->     0 2'10
      2:     0 8'11--1--1   ->     0 2'10
      3:     0 8'1000---1   ->     0 2'10
      4:     0 8'1--1---1   ->     0 2'10
      5:     0 8'0------1   ->     0 2'10
      6:     0 8'11--0--1   ->     1 2'01
      7:     0 8'1-1--0-1   ->     2 2'11
      8:     1 8'1--1--01   ->     0 2'10
      9:     1 8'-------0   ->     1 2'01
     10:     1 8'1--1--11   ->     1 2'01
     11:     1 8'1-1--1-1   ->     1 2'01
     12:     1 8'1000---1   ->     1 2'01
     13:     1 8'11-----1   ->     1 2'01
     14:     1 8'0------1   ->     1 2'01
     15:     1 8'1-1--0-1   ->     2 2'11
     16:     2 8'1--1--01   ->     0 2'10
     17:     2 8'11--0--1   ->     1 2'01
     18:     2 8'-------0   ->     2 2'11
     19:     2 8'1--1--11   ->     2 2'11
     20:     2 8'11--1--1   ->     2 2'11
     21:     2 8'1000---1   ->     2 2'11
     22:     2 8'1-1----1   ->     2 2'11
     23:     2 8'0------1   ->     2 2'11

-------------------------------------

FSM `$fsm$\u_write_arbiter.u_write_qos.rr_ptr$4706' from module `axi4lite_arbiter_top':
-------------------------------------

  Information on FSM $fsm$\u_write_arbiter.u_write_qos.rr_ptr$4706 (\u_write_arbiter.u_write_qos.rr_ptr):

  Number of input signals:    8
  Number of output signals:   2
  Number of state bits:       3

  Input signals:
    0: \u_write_arbiter.u_write_qos.is_active
    1: $flatten\u_write_arbiter.\u_write_qos.$gt$/work/openlane/axi4lite_arbiter_top_sv2v.v:145$637_Y
    2: $flatten\u_write_arbiter.\u_write_qos.$gt$/work/openlane/axi4lite_arbiter_top_sv2v.v:152$639_Y
    3: $flatten\u_write_arbiter.\u_write_qos.$gt$/work/openlane/axi4lite_arbiter_top_sv2v.v:159$641_Y
    4: $flatten\u_write_arbiter.\u_write_qos.$eq$/work/openlane/axi4lite_arbiter_top_sv2v.v:371$674_Y
    5: $flatten\u_write_arbiter.\u_write_qos.$eq$/work/openlane/axi4lite_arbiter_top_sv2v.v:375$682_Y
    6: $flatten\u_write_arbiter.\u_write_qos.$eq$/work/openlane/axi4lite_arbiter_top_sv2v.v:379$690_Y
    7: \u_write_arbiter.arb_tx_done

  Output signals:
    0: $flatten\u_write_arbiter.\u_write_qos.$0\rr_ptr[1:0] [0]
    1: $flatten\u_write_arbiter.\u_write_qos.$0\rr_ptr[1:0] [1]

  State encoding:
    0:      3'-1-
    1:      3'--1  <RESET STATE>
    2:      3'1--

  Transition Table (state_in, ctrl_in, state_out, ctrl_out):
      0:     0 8'-------0   ->     0 2'10
      1:     0 8'1-1--1-1   ->     0 2'10
      2:     0 8'11--1--1   ->     0 2'10
      3:     0 8'1000---1   ->     0 2'10
      4:     0 8'1--1---1   ->     0 2'10
      5:     0 8'0------1   ->     0 2'10
      6:     0 8'11--0--1   ->     1 2'01
      7:     0 8'1-1--0-1   ->     2 2'11
      8:     1 8'1--1--01   ->     0 2'10
      9:     1 8'-------0   ->     1 2'01
     10:     1 8'1--1--11   ->     1 2'01
     11:     1 8'1-1--1-1   ->     1 2'01
     12:     1 8'1000---1   ->     1 2'01
     13:     1 8'11-----1   ->     1 2'01
     14:     1 8'0------1   ->     1 2'01
     15:     1 8'1-1--0-1   ->     2 2'11
     16:     2 8'1--1--01   ->     0 2'10
     17:     2 8'11--0--1   ->     1 2'01
     18:     2 8'-------0   ->     2 2'11
     19:     2 8'1--1--11   ->     2 2'11
     20:     2 8'11--1--1   ->     2 2'11
     21:     2 8'1000---1   ->     2 2'11
     22:     2 8'1-1----1   ->     2 2'11
     23:     2 8'0------1   ->     2 2'11

-------------------------------------

24.8. Executing FSM_MAP pass (mapping FSMs to basic logic).
Mapping FSM `$fsm$\u_read_arbiter.u_read_qos.rr_ptr$4704' from module `\axi4lite_arbiter_top'.
Mapping FSM `$fsm$\u_write_arbiter.u_write_qos.rr_ptr$4706' from module `\axi4lite_arbiter_top'.

25. Executing OPT pass (performing simple optimizations).

25.1. Executing OPT_EXPR pass (perform const folding).
Optimizing module axi4lite_arbiter_top.
<suppressed ~10 debug messages>

25.2. Executing OPT_MERGE pass (detect identical cells).
Finding identical cells in module `\axi4lite_arbiter_top'.
<suppressed ~258 debug messages>
Removed a total of 86 cells.

25.3. Executing OPT_MUXTREE pass (detect dead branches in mux trees).
Running muxtree optimizer on module \axi4lite_arbiter_top..
  Creating internal representation of mux trees.
  Evaluating internal representation of mux trees.
  Analyzing evaluation results.
Removed 0 multiplexer ports.
<suppressed ~128 debug messages>

25.4. Executing OPT_REDUCE pass (consolidate $*mux and $reduce_* inputs).
  Optimizing cells in module \axi4lite_arbiter_top.
Performed a total of 0 changes.

25.5. Executing OPT_MERGE pass (detect identical cells).
Finding identical cells in module `\axi4lite_arbiter_top'.
Removed a total of 0 cells.

25.6. Executing OPT_DFF pass (perform DFF optimizations).
Adding EN signal on $flatten\u_write_arbiter.\u_write_qos.$procdff$4650 ($adff) from module axi4lite_arbiter_top (D = $flatten\u_write_arbiter.\u_write_qos.$0\m0_burst_count[7:0], Q = \u_write_arbiter.u_write_qos.m0_burst_count).
Adding EN signal on $flatten\u_write_arbiter.\u_write_qos.$procdff$4641 ($adff) from module axi4lite_arbiter_top (D = $flatten\u_write_arbiter.\u_write_qos.$0\current_master[1:0], Q = \u_write_arbiter.u_write_qos.current_master).
Adding EN signal on $flatten\u_write_arbiter.$procdff$4621 ($adff) from module axi4lite_arbiter_top (D = $flatten\u_write_arbiter.$shiftx$/work/openlane/axi4lite_arbiter_top_sv2v.v:0$999_Y, Q = \u_write_arbiter.latched_wstrb).
Adding EN signal on $flatten\u_write_arbiter.$procdff$4620 ($adff) from module axi4lite_arbiter_top (D = $flatten\u_write_arbiter.$shiftx$/work/openlane/axi4lite_arbiter_top_sv2v.v:0$996_Y, Q = \u_write_arbiter.latched_wdata).
Adding EN signal on $flatten\u_write_arbiter.$procdff$4619 ($adff) from module axi4lite_arbiter_top (D = $flatten\u_write_arbiter.$shiftx$/work/openlane/axi4lite_arbiter_top_sv2v.v:0$993_Y, Q = \u_write_arbiter.latched_prot).
Adding EN signal on $flatten\u_write_arbiter.$procdff$4618 ($adff) from module axi4lite_arbiter_top (D = $flatten\u_write_arbiter.$shiftx$/work/openlane/axi4lite_arbiter_top_sv2v.v:0$904_Y, Q = \u_write_arbiter.latched_addr).
Adding EN signal on $flatten\u_write_arbiter.$procdff$4617 ($adff) from module axi4lite_arbiter_top (D = \u_write_arbiter.decode_invalid, Q = \u_write_arbiter.target_invalid_r).
Adding EN signal on $flatten\u_write_arbiter.$procdff$4616 ($adff) from module axi4lite_arbiter_top (D = \u_write_arbiter.decode_slave_sel, Q = \u_write_arbiter.target_slave_r).
Adding EN signal on $flatten\u_write_arbiter.$procdff$4615 ($adff) from module axi4lite_arbiter_top (D = \u_write_arbiter.arb_master_id, Q = \u_write_arbiter.owner_id_r).
Adding EN signal on $flatten\u_write_arbiter.$procdff$4614 ($adff) from module axi4lite_arbiter_top (D = $flatten\u_write_arbiter.$0\w_state[1:0], Q = \u_write_arbiter.w_state).
Adding EN signal on $flatten\u_write_arbiter.$procdff$4613 ($adff) from module axi4lite_arbiter_top (D = \s_axi_wstrb [15:12], Q = \u_write_arbiter.w_buf_strb [15:12]).
Adding EN signal on $flatten\u_write_arbiter.$procdff$4613 ($adff) from module axi4lite_arbiter_top (D = \s_axi_wstrb [11:8], Q = \u_write_arbiter.w_buf_strb [11:8]).
Adding EN signal on $flatten\u_write_arbiter.$procdff$4613 ($adff) from module axi4lite_arbiter_top (D = \s_axi_wstrb [7:4], Q = \u_write_arbiter.w_buf_strb [7:4]).
Adding EN signal on $flatten\u_write_arbiter.$procdff$4613 ($adff) from module axi4lite_arbiter_top (D = \s_axi_wstrb [3:0], Q = \u_write_arbiter.w_buf_strb [3:0]).
Adding EN signal on $flatten\u_write_arbiter.$procdff$4612 ($adff) from module axi4lite_arbiter_top (D = \s_axi_wdata [127:96], Q = \u_write_arbiter.w_buf_data [127:96]).
Adding EN signal on $flatten\u_write_arbiter.$procdff$4612 ($adff) from module axi4lite_arbiter_top (D = \s_axi_wdata [95:64], Q = \u_write_arbiter.w_buf_data [95:64]).
Adding EN signal on $flatten\u_write_arbiter.$procdff$4612 ($adff) from module axi4lite_arbiter_top (D = \s_axi_wdata [63:32], Q = \u_write_arbiter.w_buf_data [63:32]).
Adding EN signal on $flatten\u_write_arbiter.$procdff$4612 ($adff) from module axi4lite_arbiter_top (D = \s_axi_wdata [31:0], Q = \u_write_arbiter.w_buf_data [31:0]).
Adding EN signal on $flatten\u_write_arbiter.$procdff$4610 ($adff) from module axi4lite_arbiter_top (D = \s_axi_awprot [11:9], Q = \u_write_arbiter.aw_buf_prot [11:9]).
Adding EN signal on $flatten\u_write_arbiter.$procdff$4610 ($adff) from module axi4lite_arbiter_top (D = \s_axi_awprot [8:6], Q = \u_write_arbiter.aw_buf_prot [8:6]).
Adding EN signal on $flatten\u_write_arbiter.$procdff$4610 ($adff) from module axi4lite_arbiter_top (D = \s_axi_awprot [5:3], Q = \u_write_arbiter.aw_buf_prot [5:3]).
Adding EN signal on $flatten\u_write_arbiter.$procdff$4610 ($adff) from module axi4lite_arbiter_top (D = \s_axi_awprot [2:0], Q = \u_write_arbiter.aw_buf_prot [2:0]).
Adding EN signal on $flatten\u_write_arbiter.$procdff$4609 ($adff) from module axi4lite_arbiter_top (D = \s_axi_awaddr [127:96], Q = \u_write_arbiter.aw_buf_addr [127:96]).
Adding EN signal on $flatten\u_write_arbiter.$procdff$4609 ($adff) from module axi4lite_arbiter_top (D = \s_axi_awaddr [95:64], Q = \u_write_arbiter.aw_buf_addr [95:64]).
Adding EN signal on $flatten\u_write_arbiter.$procdff$4609 ($adff) from module axi4lite_arbiter_top (D = \s_axi_awaddr [63:32], Q = \u_write_arbiter.aw_buf_addr [63:32]).
Adding EN signal on $flatten\u_write_arbiter.$procdff$4609 ($adff) from module axi4lite_arbiter_top (D = \s_axi_awaddr [31:0], Q = \u_write_arbiter.aw_buf_addr [31:0]).
Adding EN signal on $flatten\u_read_arbiter.\u_read_qos.$procdff$4650 ($adff) from module axi4lite_arbiter_top (D = $flatten\u_read_arbiter.\u_read_qos.$0\m0_burst_count[7:0], Q = \u_read_arbiter.u_read_qos.m0_burst_count).
Adding EN signal on $flatten\u_read_arbiter.\u_read_qos.$procdff$4641 ($adff) from module axi4lite_arbiter_top (D = $flatten\u_read_arbiter.\u_read_qos.$0\current_master[1:0], Q = \u_read_arbiter.u_read_qos.current_master).
Adding EN signal on $flatten\u_read_arbiter.$procdff$4640 ($adff) from module axi4lite_arbiter_top (D = $flatten\u_read_arbiter.$0\r_state[1:0], Q = \u_read_arbiter.r_state).
Adding EN signal on $flatten\u_read_arbiter.$procdff$4638 ($adff) from module axi4lite_arbiter_top (D = $flatten\u_read_arbiter.$shiftx$/work/openlane/axi4lite_arbiter_top_sv2v.v:0$854_Y, Q = \u_read_arbiter.latched_prot).
Adding EN signal on $flatten\u_read_arbiter.$procdff$4637 ($adff) from module axi4lite_arbiter_top (D = $flatten\u_read_arbiter.$shiftx$/work/openlane/axi4lite_arbiter_top_sv2v.v:0$844_Y, Q = \u_read_arbiter.latched_addr).
Adding EN signal on $flatten\u_read_arbiter.$procdff$4636 ($adff) from module axi4lite_arbiter_top (D = \u_read_arbiter.decode_invalid, Q = \u_read_arbiter.target_invalid_r).
Adding EN signal on $flatten\u_read_arbiter.$procdff$4635 ($adff) from module axi4lite_arbiter_top (D = \u_read_arbiter.decode_slave_sel, Q = \u_read_arbiter.target_slave_r).
Adding EN signal on $flatten\u_read_arbiter.$procdff$4634 ($adff) from module axi4lite_arbiter_top (D = \u_read_arbiter.arb_master_id, Q = \u_read_arbiter.owner_id_r).

25.7. Executing OPT_CLEAN pass (remove unused cells and wires).
Finding unused cells or wires in module \axi4lite_arbiter_top..
Removed 45 unused cells and 123 unused wires.
<suppressed ~46 debug messages>

25.8. Executing OPT_EXPR pass (perform const folding).
Optimizing module axi4lite_arbiter_top.
<suppressed ~3 debug messages>

25.9. Rerunning OPT passes. (Maybe there is more to do..)

25.10. Executing OPT_MUXTREE pass (detect dead branches in mux trees).
Running muxtree optimizer on module \axi4lite_arbiter_top..
  Creating internal representation of mux trees.
  Evaluating internal representation of mux trees.
  Analyzing evaluation results.
Removed 0 multiplexer ports.
<suppressed ~104 debug messages>

25.11. Executing OPT_REDUCE pass (consolidate $*mux and $reduce_* inputs).
  Optimizing cells in module \axi4lite_arbiter_top.
Performed a total of 0 changes.

25.12. Executing OPT_MERGE pass (detect identical cells).
Finding identical cells in module `\axi4lite_arbiter_top'.
<suppressed ~36 debug messages>
Removed a total of 12 cells.

25.13. Executing OPT_DFF pass (perform DFF optimizations).

25.14. Executing OPT_CLEAN pass (remove unused cells and wires).
Finding unused cells or wires in module \axi4lite_arbiter_top..
Removed 0 unused cells and 12 unused wires.
<suppressed ~1 debug messages>

25.15. Executing OPT_EXPR pass (perform const folding).
Optimizing module axi4lite_arbiter_top.

25.16. Rerunning OPT passes. (Maybe there is more to do..)

25.17. Executing OPT_MUXTREE pass (detect dead branches in mux trees).
Running muxtree optimizer on module \axi4lite_arbiter_top..
  Creating internal representation of mux trees.
  Evaluating internal representation of mux trees.
  Analyzing evaluation results.
Removed 0 multiplexer ports.
<suppressed ~104 debug messages>

25.18. Executing OPT_REDUCE pass (consolidate $*mux and $reduce_* inputs).
  Optimizing cells in module \axi4lite_arbiter_top.
Performed a total of 0 changes.

25.19. Executing OPT_MERGE pass (detect identical cells).
Finding identical cells in module `\axi4lite_arbiter_top'.
Removed a total of 0 cells.

25.20. Executing OPT_DFF pass (perform DFF optimizations).

25.21. Executing OPT_CLEAN pass (remove unused cells and wires).
Finding unused cells or wires in module \axi4lite_arbiter_top..

25.22. Executing OPT_EXPR pass (perform const folding).
Optimizing module axi4lite_arbiter_top.

25.23. Finished OPT passes. (There is nothing left to do.)

26. Executing WREDUCE pass (reducing word size of cells).
Removed top 32 bits (of 64) from port A of cell axi4lite_arbiter_top.$flatten\u_write_arbiter.\u_write_decoder.$lt$/work/openlane/axi4lite_arbiter_top_sv2v.v:23$545 ($lt).
Removed top 47 bits (of 64) from port B of cell axi4lite_arbiter_top.$flatten\u_write_arbiter.\u_write_decoder.$lt$/work/openlane/axi4lite_arbiter_top_sv2v.v:23$545 ($lt).
Removed top 32 bits (of 64) from port A of cell axi4lite_arbiter_top.$flatten\u_write_arbiter.\u_write_decoder.$ge$/work/openlane/axi4lite_arbiter_top_sv2v.v:27$547 ($ge).
Removed top 47 bits (of 64) from port B of cell axi4lite_arbiter_top.$flatten\u_write_arbiter.\u_write_decoder.$ge$/work/openlane/axi4lite_arbiter_top_sv2v.v:27$547 ($ge).
Removed top 32 bits (of 64) from port A of cell axi4lite_arbiter_top.$flatten\u_write_arbiter.\u_write_decoder.$lt$/work/openlane/axi4lite_arbiter_top_sv2v.v:27$549 ($lt).
Removed top 46 bits (of 64) from port B of cell axi4lite_arbiter_top.$flatten\u_write_arbiter.\u_write_decoder.$lt$/work/openlane/axi4lite_arbiter_top_sv2v.v:27$549 ($lt).
Removed top 3 bits (of 4) from port B of cell axi4lite_arbiter_top.$flatten\u_write_arbiter.\u_write_qos.$gt$/work/openlane/axi4lite_arbiter_top_sv2v.v:145$637 ($gt).
Removed top 3 bits (of 4) from port B of cell axi4lite_arbiter_top.$flatten\u_write_arbiter.\u_write_qos.$sub$/work/openlane/axi4lite_arbiter_top_sv2v.v:146$638 ($sub).
Removed top 3 bits (of 4) from port B of cell axi4lite_arbiter_top.$flatten\u_write_arbiter.\u_write_qos.$gt$/work/openlane/axi4lite_arbiter_top_sv2v.v:152$639 ($gt).
Removed top 3 bits (of 4) from port B of cell axi4lite_arbiter_top.$flatten\u_write_arbiter.\u_write_qos.$sub$/work/openlane/axi4lite_arbiter_top_sv2v.v:153$640 ($sub).
Removed top 3 bits (of 4) from port B of cell axi4lite_arbiter_top.$flatten\u_write_arbiter.\u_write_qos.$gt$/work/openlane/axi4lite_arbiter_top_sv2v.v:159$641 ($gt).
Removed top 3 bits (of 4) from port B of cell axi4lite_arbiter_top.$flatten\u_write_arbiter.\u_write_qos.$sub$/work/openlane/axi4lite_arbiter_top_sv2v.v:160$642 ($sub).
Removed top 3 bits (of 4) from port B of cell axi4lite_arbiter_top.$flatten\u_write_arbiter.\u_write_qos.$gt$/work/openlane/axi4lite_arbiter_top_sv2v.v:236$647 ($gt).
Removed top 3 bits (of 4) from port B of cell axi4lite_arbiter_top.$flatten\u_write_arbiter.\u_write_qos.$gt$/work/openlane/axi4lite_arbiter_top_sv2v.v:240$649 ($gt).
Removed top 3 bits (of 4) from port B of cell axi4lite_arbiter_top.$flatten\u_write_arbiter.\u_write_qos.$gt$/work/openlane/axi4lite_arbiter_top_sv2v.v:244$651 ($gt).
Removed top 1 bits (of 2) from port B of cell axi4lite_arbiter_top.$flatten\u_write_arbiter.\u_write_qos.$eq$/work/openlane/axi4lite_arbiter_top_sv2v.v:371$674 ($eq).
Removed top 7 bits (of 8) from port B of cell axi4lite_arbiter_top.$flatten\u_write_arbiter.\u_write_qos.$add$/work/openlane/axi4lite_arbiter_top_sv2v.v:372$679 ($add).
Removed top 7 bits (of 8) from port B of cell axi4lite_arbiter_top.$flatten\u_write_arbiter.\u_write_qos.$add$/work/openlane/axi4lite_arbiter_top_sv2v.v:376$687 ($add).
Removed top 7 bits (of 8) from port B of cell axi4lite_arbiter_top.$flatten\u_write_arbiter.\u_write_qos.$add$/work/openlane/axi4lite_arbiter_top_sv2v.v:380$695 ($add).
Removed top 7 bits (of 8) from port B of cell axi4lite_arbiter_top.$flatten\u_write_arbiter.\u_write_qos.$add$/work/openlane/axi4lite_arbiter_top_sv2v.v:398$702 ($add).
Removed top 7 bits (of 8) from mux cell axi4lite_arbiter_top.$flatten\u_write_arbiter.\u_write_qos.$procmux$2895 ($mux).
Removed top 1 bits (of 2) from mux cell axi4lite_arbiter_top.$flatten\u_write_arbiter.\u_write_qos.$procmux$3868 ($mux).
Removed top 1 bits (of 2) from mux cell axi4lite_arbiter_top.$flatten\u_write_arbiter.\u_write_qos.$procmux$4310 ($mux).
Removed top 1 bits (of 2) from port B of cell axi4lite_arbiter_top.$flatten\u_write_arbiter.$eq$/work/openlane/axi4lite_arbiter_top_sv2v.v:808$1025 ($eq).
Converting cell axi4lite_arbiter_top.$flatten\u_write_arbiter.$neg$/work/openlane/axi4lite_arbiter_top_sv2v.v:0$1010 ($neg) from signed to unsigned.
Removed top 1 bits (of 3) from port A of cell axi4lite_arbiter_top.$flatten\u_write_arbiter.$neg$/work/openlane/axi4lite_arbiter_top_sv2v.v:0$1010 ($neg).
Removed top 27 bits (of 32) from port B of cell axi4lite_arbiter_top.$flatten\u_write_arbiter.$shiftx$/work/openlane/axi4lite_arbiter_top_sv2v.v:0$999 ($shiftx).
Removed top 24 bits (of 32) from port B of cell axi4lite_arbiter_top.$flatten\u_write_arbiter.$shiftx$/work/openlane/axi4lite_arbiter_top_sv2v.v:0$996 ($shiftx).
Removed top 30 bits (of 32) from port B of cell axi4lite_arbiter_top.$flatten\u_write_arbiter.$mul$/work/openlane/axi4lite_arbiter_top_sv2v.v:771$991 ($mul).
Removed top 28 bits (of 32) from port Y of cell axi4lite_arbiter_top.$flatten\u_write_arbiter.$mul$/work/openlane/axi4lite_arbiter_top_sv2v.v:771$991 ($mul).
Removed top 32 bits (of 64) from port A of cell axi4lite_arbiter_top.$flatten\u_write_arbiter.\u_write_decoder.$ge$/work/openlane/axi4lite_arbiter_top_sv2v.v:23$543 ($ge).
Removed top 63 bits (of 64) from port B of cell axi4lite_arbiter_top.$flatten\u_write_arbiter.\u_write_decoder.$ge$/work/openlane/axi4lite_arbiter_top_sv2v.v:23$543 ($ge).
Removed top 24 bits (of 32) from port B of cell axi4lite_arbiter_top.$flatten\u_write_arbiter.$shiftx$/work/openlane/axi4lite_arbiter_top_sv2v.v:0$904 ($shiftx).
Removed top 2 bits (of 3) from port B of cell axi4lite_arbiter_top.$auto$opt_dff.cc:195:make_patterns_logic$5095 ($ne).
Removed top 2 bits (of 3) from port B of cell axi4lite_arbiter_top.$auto$opt_dff.cc:195:make_patterns_logic$5097 ($ne).
Removed top 1 bits (of 2) from port B of cell axi4lite_arbiter_top.$auto$opt_dff.cc:195:make_patterns_logic$5122 ($ne).
Removed top 1 bits (of 2) from port B of cell axi4lite_arbiter_top.$auto$fsm_map.cc:77:implement_pattern_cache$4877 ($eq).
Removed top 1 bits (of 2) from port B of cell axi4lite_arbiter_top.$auto$opt_dff.cc:195:make_patterns_logic$5132 ($ne).
Removed top 2 bits (of 3) from port B of cell axi4lite_arbiter_top.$auto$opt_dff.cc:195:make_patterns_logic$5134 ($ne).
Removed top 1 bits (of 2) from port B of cell axi4lite_arbiter_top.$auto$opt_dff.cc:195:make_patterns_logic$5062 ($ne).
Removed top 1 bits (of 2) from port B of cell axi4lite_arbiter_top.$auto$fsm_map.cc:77:implement_pattern_cache$5052 ($eq).
Removed top 1 bits (of 2) from port B of cell axi4lite_arbiter_top.$auto$opt_dff.cc:195:make_patterns_logic$5093 ($ne).
Removed top 32 bits (of 64) from port A of cell axi4lite_arbiter_top.$flatten\u_read_arbiter.\u_read_decoder.$lt$/work/openlane/axi4lite_arbiter_top_sv2v.v:23$545 ($lt).
Removed top 47 bits (of 64) from port B of cell axi4lite_arbiter_top.$flatten\u_read_arbiter.\u_read_decoder.$lt$/work/openlane/axi4lite_arbiter_top_sv2v.v:23$545 ($lt).
Removed top 32 bits (of 64) from port A of cell axi4lite_arbiter_top.$flatten\u_read_arbiter.\u_read_decoder.$ge$/work/openlane/axi4lite_arbiter_top_sv2v.v:27$547 ($ge).
Removed top 47 bits (of 64) from port B of cell axi4lite_arbiter_top.$flatten\u_read_arbiter.\u_read_decoder.$ge$/work/openlane/axi4lite_arbiter_top_sv2v.v:27$547 ($ge).
Removed top 32 bits (of 64) from port A of cell axi4lite_arbiter_top.$flatten\u_read_arbiter.\u_read_decoder.$lt$/work/openlane/axi4lite_arbiter_top_sv2v.v:27$549 ($lt).
Removed top 46 bits (of 64) from port B of cell axi4lite_arbiter_top.$flatten\u_read_arbiter.\u_read_decoder.$lt$/work/openlane/axi4lite_arbiter_top_sv2v.v:27$549 ($lt).
Removed top 3 bits (of 4) from port B of cell axi4lite_arbiter_top.$flatten\u_read_arbiter.\u_read_qos.$gt$/work/openlane/axi4lite_arbiter_top_sv2v.v:145$637 ($gt).
Removed top 3 bits (of 4) from port B of cell axi4lite_arbiter_top.$flatten\u_read_arbiter.\u_read_qos.$sub$/work/openlane/axi4lite_arbiter_top_sv2v.v:146$638 ($sub).
Removed top 3 bits (of 4) from port B of cell axi4lite_arbiter_top.$flatten\u_read_arbiter.\u_read_qos.$gt$/work/openlane/axi4lite_arbiter_top_sv2v.v:152$639 ($gt).
Removed top 3 bits (of 4) from port B of cell axi4lite_arbiter_top.$flatten\u_read_arbiter.\u_read_qos.$sub$/work/openlane/axi4lite_arbiter_top_sv2v.v:153$640 ($sub).
Removed top 3 bits (of 4) from port B of cell axi4lite_arbiter_top.$flatten\u_read_arbiter.\u_read_qos.$gt$/work/openlane/axi4lite_arbiter_top_sv2v.v:159$641 ($gt).
Removed top 3 bits (of 4) from port B of cell axi4lite_arbiter_top.$flatten\u_read_arbiter.\u_read_qos.$sub$/work/openlane/axi4lite_arbiter_top_sv2v.v:160$642 ($sub).
Removed top 3 bits (of 4) from port B of cell axi4lite_arbiter_top.$flatten\u_read_arbiter.\u_read_qos.$gt$/work/openlane/axi4lite_arbiter_top_sv2v.v:236$647 ($gt).
Removed top 3 bits (of 4) from port B of cell axi4lite_arbiter_top.$flatten\u_read_arbiter.\u_read_qos.$gt$/work/openlane/axi4lite_arbiter_top_sv2v.v:240$649 ($gt).
Removed top 3 bits (of 4) from port B of cell axi4lite_arbiter_top.$flatten\u_read_arbiter.\u_read_qos.$gt$/work/openlane/axi4lite_arbiter_top_sv2v.v:244$651 ($gt).
Removed top 1 bits (of 2) from port B of cell axi4lite_arbiter_top.$flatten\u_read_arbiter.\u_read_qos.$eq$/work/openlane/axi4lite_arbiter_top_sv2v.v:371$674 ($eq).
Removed top 7 bits (of 8) from port B of cell axi4lite_arbiter_top.$flatten\u_read_arbiter.\u_read_qos.$add$/work/openlane/axi4lite_arbiter_top_sv2v.v:372$679 ($add).
Removed top 7 bits (of 8) from port B of cell axi4lite_arbiter_top.$flatten\u_read_arbiter.\u_read_qos.$add$/work/openlane/axi4lite_arbiter_top_sv2v.v:376$687 ($add).
Removed top 7 bits (of 8) from port B of cell axi4lite_arbiter_top.$flatten\u_read_arbiter.\u_read_qos.$add$/work/openlane/axi4lite_arbiter_top_sv2v.v:380$695 ($add).
Removed top 7 bits (of 8) from port B of cell axi4lite_arbiter_top.$flatten\u_read_arbiter.\u_read_qos.$add$/work/openlane/axi4lite_arbiter_top_sv2v.v:398$702 ($add).
Removed top 7 bits (of 8) from mux cell axi4lite_arbiter_top.$flatten\u_read_arbiter.\u_read_qos.$procmux$2895 ($mux).
Removed top 1 bits (of 2) from mux cell axi4lite_arbiter_top.$flatten\u_read_arbiter.\u_read_qos.$procmux$3868 ($mux).
Removed top 1 bits (of 2) from mux cell axi4lite_arbiter_top.$flatten\u_read_arbiter.\u_read_qos.$procmux$4310 ($mux).
Removed top 1 bits (of 2) from port B of cell axi4lite_arbiter_top.$flatten\u_read_arbiter.$eq$/work/openlane/axi4lite_arbiter_top_sv2v.v:1010$891 ($eq).
Converting cell axi4lite_arbiter_top.$flatten\u_read_arbiter.$neg$/work/openlane/axi4lite_arbiter_top_sv2v.v:0$870 ($neg) from signed to unsigned.
Removed top 1 bits (of 3) from port A of cell axi4lite_arbiter_top.$flatten\u_read_arbiter.$neg$/work/openlane/axi4lite_arbiter_top_sv2v.v:0$870 ($neg).
Removed top 30 bits (of 32) from port B of cell axi4lite_arbiter_top.$flatten\u_read_arbiter.$mul$/work/openlane/axi4lite_arbiter_top_sv2v.v:968$852 ($mul).
Removed top 28 bits (of 32) from port Y of cell axi4lite_arbiter_top.$flatten\u_read_arbiter.$mul$/work/openlane/axi4lite_arbiter_top_sv2v.v:968$852 ($mul).
Removed top 32 bits (of 64) from port A of cell axi4lite_arbiter_top.$flatten\u_read_arbiter.\u_read_decoder.$ge$/work/openlane/axi4lite_arbiter_top_sv2v.v:23$543 ($ge).
Removed top 63 bits (of 64) from port B of cell axi4lite_arbiter_top.$flatten\u_read_arbiter.\u_read_decoder.$ge$/work/openlane/axi4lite_arbiter_top_sv2v.v:23$543 ($ge).
Removed top 24 bits (of 32) from port B of cell axi4lite_arbiter_top.$flatten\u_read_arbiter.$shiftx$/work/openlane/axi4lite_arbiter_top_sv2v.v:0$844 ($shiftx).
Removed top 1 bits (of 2) from port B of cell axi4lite_arbiter_top.$flatten\u_response_router.$procmux$2335_CMP0 ($eq).
Removed top 1 bits (of 2) from port B of cell axi4lite_arbiter_top.$flatten\u_response_router.$procmux$1508_CMP0 ($eq).
Removed top 28 bits (of 32) from wire axi4lite_arbiter_top.$flatten\u_read_arbiter.$add$/work/openlane/axi4lite_arbiter_top_sv2v.v:0$853_Y.
Removed top 1 bits (of 3) from wire axi4lite_arbiter_top.$flatten\u_read_arbiter.$shiftx$/work/openlane/axi4lite_arbiter_top_sv2v.v:0$854_Y.
Removed top 1 bits (of 2) from wire axi4lite_arbiter_top.$flatten\u_read_arbiter.\u_read_qos.$23\next_cand[1:0].
Removed top 1 bits (of 2) from wire axi4lite_arbiter_top.$flatten\u_read_arbiter.\u_read_qos.$8\next_cand[1:0].
Removed top 7 bits (of 8) from wire axi4lite_arbiter_top.$flatten\u_read_arbiter.\u_read_qos.$procmux$2895_Y.
Removed top 28 bits (of 32) from wire axi4lite_arbiter_top.$flatten\u_write_arbiter.$add$/work/openlane/axi4lite_arbiter_top_sv2v.v:0$992_Y.
Removed top 1 bits (of 2) from wire axi4lite_arbiter_top.$flatten\u_write_arbiter.\u_write_qos.$23\next_cand[1:0].
Removed top 1 bits (of 2) from wire axi4lite_arbiter_top.$flatten\u_write_arbiter.\u_write_qos.$8\next_cand[1:0].
Removed top 7 bits (of 8) from wire axi4lite_arbiter_top.$flatten\u_write_arbiter.\u_write_qos.$procmux$2895_Y.

27. Executing PEEPOPT pass (run peephole optimizers).
right shiftmul pattern in axi4lite_arbiter_top: shift=$flatten\u_read_arbiter.$shiftx$/work/openlane/axi4lite_arbiter_top_sv2v.v:0$854, mul=$flatten\u_read_arbiter.$mul$/work/openlane/axi4lite_arbiter_top_sv2v.v:968$852
right shiftmul pattern in axi4lite_arbiter_top: shift=$flatten\u_write_arbiter.$shiftx$/work/openlane/axi4lite_arbiter_top_sv2v.v:0$993, mul=$flatten\u_write_arbiter.$mul$/work/openlane/axi4lite_arbiter_top_sv2v.v:771$991

28. Executing OPT_CLEAN pass (remove unused cells and wires).
Finding unused cells or wires in module \axi4lite_arbiter_top..
Removed 2 unused cells and 11 unused wires.
<suppressed ~3 debug messages>

29. Executing ALUMACC pass (create $alu and $macc cells).
Extracting $alu and $macc cells in module axi4lite_arbiter_top:
  creating $macc model for $flatten\u_read_arbiter.$neg$/work/openlane/axi4lite_arbiter_top_sv2v.v:0$870 ($neg).
  creating $macc model for $flatten\u_read_arbiter.\u_read_qos.$add$/work/openlane/axi4lite_arbiter_top_sv2v.v:372$679 ($add).
  creating $macc model for $flatten\u_read_arbiter.\u_read_qos.$add$/work/openlane/axi4lite_arbiter_top_sv2v.v:376$687 ($add).
  creating $macc model for $flatten\u_read_arbiter.\u_read_qos.$add$/work/openlane/axi4lite_arbiter_top_sv2v.v:380$695 ($add).
  creating $macc model for $flatten\u_read_arbiter.\u_read_qos.$add$/work/openlane/axi4lite_arbiter_top_sv2v.v:398$702 ($add).
  creating $macc model for $flatten\u_read_arbiter.\u_read_qos.$sub$/work/openlane/axi4lite_arbiter_top_sv2v.v:146$638 ($sub).
  creating $macc model for $flatten\u_read_arbiter.\u_read_qos.$sub$/work/openlane/axi4lite_arbiter_top_sv2v.v:153$640 ($sub).
  creating $macc model for $flatten\u_read_arbiter.\u_read_qos.$sub$/work/openlane/axi4lite_arbiter_top_sv2v.v:160$642 ($sub).
  creating $macc model for $flatten\u_write_arbiter.$neg$/work/openlane/axi4lite_arbiter_top_sv2v.v:0$1010 ($neg).
  creating $macc model for $flatten\u_write_arbiter.\u_write_qos.$add$/work/openlane/axi4lite_arbiter_top_sv2v.v:372$679 ($add).
  creating $macc model for $flatten\u_write_arbiter.\u_write_qos.$add$/work/openlane/axi4lite_arbiter_top_sv2v.v:376$687 ($add).
  creating $macc model for $flatten\u_write_arbiter.\u_write_qos.$add$/work/openlane/axi4lite_arbiter_top_sv2v.v:380$695 ($add).
  creating $macc model for $flatten\u_write_arbiter.\u_write_qos.$add$/work/openlane/axi4lite_arbiter_top_sv2v.v:398$702 ($add).
  creating $macc model for $flatten\u_write_arbiter.\u_write_qos.$sub$/work/openlane/axi4lite_arbiter_top_sv2v.v:146$638 ($sub).
  creating $macc model for $flatten\u_write_arbiter.\u_write_qos.$sub$/work/openlane/axi4lite_arbiter_top_sv2v.v:153$640 ($sub).
  creating $macc model for $flatten\u_write_arbiter.\u_write_qos.$sub$/work/openlane/axi4lite_arbiter_top_sv2v.v:160$642 ($sub).
  creating $alu model for $macc $flatten\u_write_arbiter.\u_write_qos.$sub$/work/openlane/axi4lite_arbiter_top_sv2v.v:160$642.
  creating $alu model for $macc $flatten\u_write_arbiter.\u_write_qos.$sub$/work/openlane/axi4lite_arbiter_top_sv2v.v:153$640.
  creating $alu model for $macc $flatten\u_write_arbiter.\u_write_qos.$sub$/work/openlane/axi4lite_arbiter_top_sv2v.v:146$638.
  creating $alu model for $macc $flatten\u_write_arbiter.\u_write_qos.$add$/work/openlane/axi4lite_arbiter_top_sv2v.v:398$702.
  creating $alu model for $macc $flatten\u_write_arbiter.\u_write_qos.$add$/work/openlane/axi4lite_arbiter_top_sv2v.v:380$695.
  creating $alu model for $macc $flatten\u_write_arbiter.\u_write_qos.$add$/work/openlane/axi4lite_arbiter_top_sv2v.v:376$687.
  creating $alu model for $macc $flatten\u_write_arbiter.\u_write_qos.$add$/work/openlane/axi4lite_arbiter_top_sv2v.v:372$679.
  creating $alu model for $macc $flatten\u_write_arbiter.$neg$/work/openlane/axi4lite_arbiter_top_sv2v.v:0$1010.
  creating $alu model for $macc $flatten\u_read_arbiter.\u_read_qos.$sub$/work/openlane/axi4lite_arbiter_top_sv2v.v:160$642.
  creating $alu model for $macc $flatten\u_read_arbiter.\u_read_qos.$sub$/work/openlane/axi4lite_arbiter_top_sv2v.v:153$640.
  creating $alu model for $macc $flatten\u_read_arbiter.\u_read_qos.$sub$/work/openlane/axi4lite_arbiter_top_sv2v.v:146$638.
  creating $alu model for $macc $flatten\u_read_arbiter.\u_read_qos.$add$/work/openlane/axi4lite_arbiter_top_sv2v.v:398$702.
  creating $alu model for $macc $flatten\u_read_arbiter.\u_read_qos.$add$/work/openlane/axi4lite_arbiter_top_sv2v.v:380$695.
  creating $alu model for $macc $flatten\u_read_arbiter.\u_read_qos.$add$/work/openlane/axi4lite_arbiter_top_sv2v.v:376$687.
  creating $alu model for $macc $flatten\u_read_arbiter.\u_read_qos.$add$/work/openlane/axi4lite_arbiter_top_sv2v.v:372$679.
  creating $alu model for $macc $flatten\u_read_arbiter.$neg$/work/openlane/axi4lite_arbiter_top_sv2v.v:0$870.
  creating $alu model for $flatten\u_read_arbiter.\u_read_decoder.$ge$/work/openlane/axi4lite_arbiter_top_sv2v.v:23$543 ($ge): new $alu
  creating $alu model for $flatten\u_read_arbiter.\u_read_decoder.$ge$/work/openlane/axi4lite_arbiter_top_sv2v.v:27$547 ($ge): new $alu
  creating $alu model for $flatten\u_read_arbiter.\u_read_decoder.$lt$/work/openlane/axi4lite_arbiter_top_sv2v.v:23$545 ($lt): merged with $flatten\u_read_arbiter.\u_read_decoder.$ge$/work/openlane/axi4lite_arbiter_top_sv2v.v:27$547.
  creating $alu model for $flatten\u_read_arbiter.\u_read_decoder.$lt$/work/openlane/axi4lite_arbiter_top_sv2v.v:27$549 ($lt): new $alu
  creating $alu model for $flatten\u_read_arbiter.\u_read_qos.$ge$/work/openlane/axi4lite_arbiter_top_sv2v.v:121$626 ($ge): new $alu
  creating $alu model for $flatten\u_read_arbiter.\u_read_qos.$ge$/work/openlane/axi4lite_arbiter_top_sv2v.v:122$628 ($ge): new $alu
  creating $alu model for $flatten\u_read_arbiter.\u_read_qos.$ge$/work/openlane/axi4lite_arbiter_top_sv2v.v:123$630 ($ge): new $alu
  creating $alu model for $flatten\u_read_arbiter.\u_read_qos.$ge$/work/openlane/axi4lite_arbiter_top_sv2v.v:128$634 ($ge): new $alu
  creating $alu model for $flatten\u_read_arbiter.\u_read_qos.$gt$/work/openlane/axi4lite_arbiter_top_sv2v.v:145$637 ($gt): new $alu
  creating $alu model for $flatten\u_read_arbiter.\u_read_qos.$gt$/work/openlane/axi4lite_arbiter_top_sv2v.v:152$639 ($gt): new $alu
  creating $alu model for $flatten\u_read_arbiter.\u_read_qos.$gt$/work/openlane/axi4lite_arbiter_top_sv2v.v:159$641 ($gt): new $alu
  creating $alu model for $flatten\u_read_arbiter.\u_read_qos.$gt$/work/openlane/axi4lite_arbiter_top_sv2v.v:236$647 ($gt): new $alu
  creating $alu model for $flatten\u_read_arbiter.\u_read_qos.$gt$/work/openlane/axi4lite_arbiter_top_sv2v.v:240$649 ($gt): new $alu
  creating $alu model for $flatten\u_read_arbiter.\u_read_qos.$gt$/work/openlane/axi4lite_arbiter_top_sv2v.v:244$651 ($gt): new $alu
  creating $alu model for $flatten\u_read_arbiter.\u_read_qos.$lt$/work/openlane/axi4lite_arbiter_top_sv2v.v:372$678 ($lt): new $alu
  creating $alu model for $flatten\u_read_arbiter.\u_read_qos.$lt$/work/openlane/axi4lite_arbiter_top_sv2v.v:376$686 ($lt): new $alu
  creating $alu model for $flatten\u_read_arbiter.\u_read_qos.$lt$/work/openlane/axi4lite_arbiter_top_sv2v.v:380$694 ($lt): new $alu
  creating $alu model for $flatten\u_read_arbiter.\u_read_qos.$lt$/work/openlane/axi4lite_arbiter_top_sv2v.v:398$701 ($lt): new $alu
  creating $alu model for $flatten\u_write_arbiter.\u_write_decoder.$ge$/work/openlane/axi4lite_arbiter_top_sv2v.v:23$543 ($ge): new $alu
  creating $alu model for $flatten\u_write_arbiter.\u_write_decoder.$ge$/work/openlane/axi4lite_arbiter_top_sv2v.v:27$547 ($ge): new $alu
  creating $alu model for $flatten\u_write_arbiter.\u_write_decoder.$lt$/work/openlane/axi4lite_arbiter_top_sv2v.v:23$545 ($lt): merged with $flatten\u_write_arbiter.\u_write_decoder.$ge$/work/openlane/axi4lite_arbiter_top_sv2v.v:27$547.
  creating $alu model for $flatten\u_write_arbiter.\u_write_decoder.$lt$/work/openlane/axi4lite_arbiter_top_sv2v.v:27$549 ($lt): new $alu
  creating $alu model for $flatten\u_write_arbiter.\u_write_qos.$ge$/work/openlane/axi4lite_arbiter_top_sv2v.v:121$626 ($ge): new $alu
  creating $alu model for $flatten\u_write_arbiter.\u_write_qos.$ge$/work/openlane/axi4lite_arbiter_top_sv2v.v:122$628 ($ge): new $alu
  creating $alu model for $flatten\u_write_arbiter.\u_write_qos.$ge$/work/openlane/axi4lite_arbiter_top_sv2v.v:123$630 ($ge): new $alu
  creating $alu model for $flatten\u_write_arbiter.\u_write_qos.$ge$/work/openlane/axi4lite_arbiter_top_sv2v.v:128$634 ($ge): new $alu
  creating $alu model for $flatten\u_write_arbiter.\u_write_qos.$gt$/work/openlane/axi4lite_arbiter_top_sv2v.v:145$637 ($gt): new $alu
  creating $alu model for $flatten\u_write_arbiter.\u_write_qos.$gt$/work/openlane/axi4lite_arbiter_top_sv2v.v:152$639 ($gt): new $alu
  creating $alu model for $flatten\u_write_arbiter.\u_write_qos.$gt$/work/openlane/axi4lite_arbiter_top_sv2v.v:159$641 ($gt): new $alu
  creating $alu model for $flatten\u_write_arbiter.\u_write_qos.$gt$/work/openlane/axi4lite_arbiter_top_sv2v.v:236$647 ($gt): new $alu
  creating $alu model for $flatten\u_write_arbiter.\u_write_qos.$gt$/work/openlane/axi4lite_arbiter_top_sv2v.v:240$649 ($gt): new $alu
  creating $alu model for $flatten\u_write_arbiter.\u_write_qos.$gt$/work/openlane/axi4lite_arbiter_top_sv2v.v:244$651 ($gt): new $alu
  creating $alu model for $flatten\u_write_arbiter.\u_write_qos.$lt$/work/openlane/axi4lite_arbiter_top_sv2v.v:372$678 ($lt): new $alu
  creating $alu model for $flatten\u_write_arbiter.\u_write_qos.$lt$/work/openlane/axi4lite_arbiter_top_sv2v.v:376$686 ($lt): new $alu
  creating $alu model for $flatten\u_write_arbiter.\u_write_qos.$lt$/work/openlane/axi4lite_arbiter_top_sv2v.v:380$694 ($lt): new $alu
  creating $alu model for $flatten\u_write_arbiter.\u_write_qos.$lt$/work/openlane/axi4lite_arbiter_top_sv2v.v:398$701 ($lt): new $alu
  creating $alu cell for $flatten\u_write_arbiter.\u_write_qos.$lt$/work/openlane/axi4lite_arbiter_top_sv2v.v:398$701: $auto$alumacc.cc:485:replace_alu$5197
  creating $alu cell for $flatten\u_write_arbiter.\u_write_qos.$lt$/work/openlane/axi4lite_arbiter_top_sv2v.v:380$694: $auto$alumacc.cc:485:replace_alu$5202
  creating $alu cell for $flatten\u_write_arbiter.\u_write_qos.$lt$/work/openlane/axi4lite_arbiter_top_sv2v.v:376$686: $auto$alumacc.cc:485:replace_alu$5207
  creating $alu cell for $flatten\u_write_arbiter.\u_write_qos.$lt$/work/openlane/axi4lite_arbiter_top_sv2v.v:372$678: $auto$alumacc.cc:485:replace_alu$5212
  creating $alu cell for $flatten\u_write_arbiter.\u_write_qos.$gt$/work/openlane/axi4lite_arbiter_top_sv2v.v:244$651: $auto$alumacc.cc:485:replace_alu$5217
  creating $alu cell for $flatten\u_write_arbiter.\u_write_qos.$gt$/work/openlane/axi4lite_arbiter_top_sv2v.v:240$649: $auto$alumacc.cc:485:replace_alu$5222
  creating $alu cell for $flatten\u_write_arbiter.\u_write_qos.$gt$/work/openlane/axi4lite_arbiter_top_sv2v.v:236$647: $auto$alumacc.cc:485:replace_alu$5227
  creating $alu cell for $flatten\u_write_arbiter.\u_write_qos.$gt$/work/openlane/axi4lite_arbiter_top_sv2v.v:159$641: $auto$alumacc.cc:485:replace_alu$5232
  creating $alu cell for $flatten\u_write_arbiter.\u_write_qos.$gt$/work/openlane/axi4lite_arbiter_top_sv2v.v:152$639: $auto$alumacc.cc:485:replace_alu$5237
  creating $alu cell for $flatten\u_write_arbiter.\u_write_qos.$gt$/work/openlane/axi4lite_arbiter_top_sv2v.v:145$637: $auto$alumacc.cc:485:replace_alu$5242
  creating $alu cell for $flatten\u_write_arbiter.\u_write_qos.$ge$/work/openlane/axi4lite_arbiter_top_sv2v.v:128$634: $auto$alumacc.cc:485:replace_alu$5247
  creating $alu cell for $flatten\u_write_arbiter.\u_write_qos.$ge$/work/openlane/axi4lite_arbiter_top_sv2v.v:123$630: $auto$alumacc.cc:485:replace_alu$5256
  creating $alu cell for $flatten\u_write_arbiter.\u_write_qos.$ge$/work/openlane/axi4lite_arbiter_top_sv2v.v:122$628: $auto$alumacc.cc:485:replace_alu$5265
  creating $alu cell for $flatten\u_write_arbiter.\u_write_qos.$ge$/work/openlane/axi4lite_arbiter_top_sv2v.v:121$626: $auto$alumacc.cc:485:replace_alu$5274
  creating $alu cell for $flatten\u_write_arbiter.\u_write_decoder.$lt$/work/openlane/axi4lite_arbiter_top_sv2v.v:27$549: $auto$alumacc.cc:485:replace_alu$5283
  creating $alu cell for $flatten\u_write_arbiter.\u_write_decoder.$ge$/work/openlane/axi4lite_arbiter_top_sv2v.v:27$547, $flatten\u_write_arbiter.\u_write_decoder.$lt$/work/openlane/axi4lite_arbiter_top_sv2v.v:23$545: $auto$alumacc.cc:485:replace_alu$5294
  creating $alu cell for $flatten\u_write_arbiter.\u_write_decoder.$ge$/work/openlane/axi4lite_arbiter_top_sv2v.v:23$543: $auto$alumacc.cc:485:replace_alu$5307
  creating $alu cell for $flatten\u_read_arbiter.\u_read_qos.$lt$/work/openlane/axi4lite_arbiter_top_sv2v.v:398$701: $auto$alumacc.cc:485:replace_alu$5316
  creating $alu cell for $flatten\u_read_arbiter.\u_read_qos.$lt$/work/openlane/axi4lite_arbiter_top_sv2v.v:380$694: $auto$alumacc.cc:485:replace_alu$5321
  creating $alu cell for $flatten\u_read_arbiter.\u_read_qos.$lt$/work/openlane/axi4lite_arbiter_top_sv2v.v:376$686: $auto$alumacc.cc:485:replace_alu$5326
  creating $alu cell for $flatten\u_read_arbiter.\u_read_qos.$lt$/work/openlane/axi4lite_arbiter_top_sv2v.v:372$678: $auto$alumacc.cc:485:replace_alu$5331
  creating $alu cell for $flatten\u_read_arbiter.\u_read_qos.$gt$/work/openlane/axi4lite_arbiter_top_sv2v.v:244$651: $auto$alumacc.cc:485:replace_alu$5336
  creating $alu cell for $flatten\u_read_arbiter.\u_read_qos.$gt$/work/openlane/axi4lite_arbiter_top_sv2v.v:240$649: $auto$alumacc.cc:485:replace_alu$5341
  creating $alu cell for $flatten\u_read_arbiter.\u_read_qos.$gt$/work/openlane/axi4lite_arbiter_top_sv2v.v:236$647: $auto$alumacc.cc:485:replace_alu$5346
  creating $alu cell for $flatten\u_read_arbiter.\u_read_qos.$gt$/work/openlane/axi4lite_arbiter_top_sv2v.v:159$641: $auto$alumacc.cc:485:replace_alu$5351
  creating $alu cell for $flatten\u_read_arbiter.\u_read_qos.$gt$/work/openlane/axi4lite_arbiter_top_sv2v.v:152$639: $auto$alumacc.cc:485:replace_alu$5356
  creating $alu cell for $flatten\u_read_arbiter.\u_read_qos.$gt$/work/openlane/axi4lite_arbiter_top_sv2v.v:145$637: $auto$alumacc.cc:485:replace_alu$5361
  creating $alu cell for $flatten\u_read_arbiter.\u_read_qos.$ge$/work/openlane/axi4lite_arbiter_top_sv2v.v:128$634: $auto$alumacc.cc:485:replace_alu$5366
  creating $alu cell for $flatten\u_read_arbiter.\u_read_qos.$ge$/work/openlane/axi4lite_arbiter_top_sv2v.v:123$630: $auto$alumacc.cc:485:replace_alu$5375
  creating $alu cell for $flatten\u_read_arbiter.\u_read_qos.$ge$/work/openlane/axi4lite_arbiter_top_sv2v.v:122$628: $auto$alumacc.cc:485:replace_alu$5384
  creating $alu cell for $flatten\u_read_arbiter.\u_read_qos.$ge$/work/openlane/axi4lite_arbiter_top_sv2v.v:121$626: $auto$alumacc.cc:485:replace_alu$5393
  creating $alu cell for $flatten\u_read_arbiter.\u_read_decoder.$lt$/work/openlane/axi4lite_arbiter_top_sv2v.v:27$549: $auto$alumacc.cc:485:replace_alu$5402
  creating $alu cell for $flatten\u_read_arbiter.\u_read_decoder.$ge$/work/openlane/axi4lite_arbiter_top_sv2v.v:27$547, $flatten\u_read_arbiter.\u_read_decoder.$lt$/work/openlane/axi4lite_arbiter_top_sv2v.v:23$545: $auto$alumacc.cc:485:replace_alu$5413
  creating $alu cell for $flatten\u_read_arbiter.\u_read_decoder.$ge$/work/openlane/axi4lite_arbiter_top_sv2v.v:23$543: $auto$alumacc.cc:485:replace_alu$5426
  creating $alu cell for $flatten\u_read_arbiter.$neg$/work/openlane/axi4lite_arbiter_top_sv2v.v:0$870: $auto$alumacc.cc:485:replace_alu$5435
  creating $alu cell for $flatten\u_read_arbiter.\u_read_qos.$add$/work/openlane/axi4lite_arbiter_top_sv2v.v:372$679: $auto$alumacc.cc:485:replace_alu$5438
  creating $alu cell for $flatten\u_read_arbiter.\u_read_qos.$add$/work/openlane/axi4lite_arbiter_top_sv2v.v:376$687: $auto$alumacc.cc:485:replace_alu$5441
  creating $alu cell for $flatten\u_read_arbiter.\u_read_qos.$add$/work/openlane/axi4lite_arbiter_top_sv2v.v:380$695: $auto$alumacc.cc:485:replace_alu$5444
  creating $alu cell for $flatten\u_read_arbiter.\u_read_qos.$add$/work/openlane/axi4lite_arbiter_top_sv2v.v:398$702: $auto$alumacc.cc:485:replace_alu$5447
  creating $alu cell for $flatten\u_read_arbiter.\u_read_qos.$sub$/work/openlane/axi4lite_arbiter_top_sv2v.v:146$638: $auto$alumacc.cc:485:replace_alu$5450
  creating $alu cell for $flatten\u_read_arbiter.\u_read_qos.$sub$/work/openlane/axi4lite_arbiter_top_sv2v.v:153$640: $auto$alumacc.cc:485:replace_alu$5453
  creating $alu cell for $flatten\u_read_arbiter.\u_read_qos.$sub$/work/openlane/axi4lite_arbiter_top_sv2v.v:160$642: $auto$alumacc.cc:485:replace_alu$5456
  creating $alu cell for $flatten\u_write_arbiter.$neg$/work/openlane/axi4lite_arbiter_top_sv2v.v:0$1010: $auto$alumacc.cc:485:replace_alu$5459
  creating $alu cell for $flatten\u_write_arbiter.\u_write_qos.$add$/work/openlane/axi4lite_arbiter_top_sv2v.v:372$679: $auto$alumacc.cc:485:replace_alu$5462
  creating $alu cell for $flatten\u_write_arbiter.\u_write_qos.$add$/work/openlane/axi4lite_arbiter_top_sv2v.v:376$687: $auto$alumacc.cc:485:replace_alu$5465
  creating $alu cell for $flatten\u_write_arbiter.\u_write_qos.$add$/work/openlane/axi4lite_arbiter_top_sv2v.v:380$695: $auto$alumacc.cc:485:replace_alu$5468
  creating $alu cell for $flatten\u_write_arbiter.\u_write_qos.$add$/work/openlane/axi4lite_arbiter_top_sv2v.v:398$702: $auto$alumacc.cc:485:replace_alu$5471
  creating $alu cell for $flatten\u_write_arbiter.\u_write_qos.$sub$/work/openlane/axi4lite_arbiter_top_sv2v.v:146$638: $auto$alumacc.cc:485:replace_alu$5474
  creating $alu cell for $flatten\u_write_arbiter.\u_write_qos.$sub$/work/openlane/axi4lite_arbiter_top_sv2v.v:153$640: $auto$alumacc.cc:485:replace_alu$5477
  creating $alu cell for $flatten\u_write_arbiter.\u_write_qos.$sub$/work/openlane/axi4lite_arbiter_top_sv2v.v:160$642: $auto$alumacc.cc:485:replace_alu$5480
  created 50 $alu and 0 $macc cells.

30. Executing SHARE pass (SAT-based resource sharing).

31. Executing OPT pass (performing simple optimizations).

31.1. Executing OPT_EXPR pass (perform const folding).
Optimizing module axi4lite_arbiter_top.
<suppressed ~20 debug messages>

31.2. Executing OPT_MERGE pass (detect identical cells).
Finding identical cells in module `\axi4lite_arbiter_top'.
Removed a total of 0 cells.

31.3. Executing OPT_MUXTREE pass (detect dead branches in mux trees).
Running muxtree optimizer on module \axi4lite_arbiter_top..
  Creating internal representation of mux trees.
  Evaluating internal representation of mux trees.
  Analyzing evaluation results.
Removed 0 multiplexer ports.
<suppressed ~104 debug messages>

31.4. Executing OPT_REDUCE pass (consolidate $*mux and $reduce_* inputs).
  Optimizing cells in module \axi4lite_arbiter_top.
Performed a total of 0 changes.

31.5. Executing OPT_MERGE pass (detect identical cells).
Finding identical cells in module `\axi4lite_arbiter_top'.
<suppressed ~12 debug messages>
Removed a total of 4 cells.

31.6. Executing OPT_DFF pass (perform DFF optimizations).

31.7. Executing OPT_CLEAN pass (remove unused cells and wires).
Finding unused cells or wires in module \axi4lite_arbiter_top..
Removed 8 unused cells and 48 unused wires.
<suppressed ~9 debug messages>

31.8. Executing OPT_EXPR pass (perform const folding).
Optimizing module axi4lite_arbiter_top.

31.9. Rerunning OPT passes. (Maybe there is more to do..)

31.10. Executing OPT_MUXTREE pass (detect dead branches in mux trees).
Running muxtree optimizer on module \axi4lite_arbiter_top..
  Creating internal representation of mux trees.
  Evaluating internal representation of mux trees.
  Analyzing evaluation results.
Removed 0 multiplexer ports.
<suppressed ~108 debug messages>

31.11. Executing OPT_REDUCE pass (consolidate $*mux and $reduce_* inputs).
  Optimizing cells in module \axi4lite_arbiter_top.
Performed a total of 0 changes.

31.12. Executing OPT_MERGE pass (detect identical cells).
Finding identical cells in module `\axi4lite_arbiter_top'.
Removed a total of 0 cells.

31.13. Executing OPT_DFF pass (perform DFF optimizations).

31.14. Executing OPT_CLEAN pass (remove unused cells and wires).
Finding unused cells or wires in module \axi4lite_arbiter_top..

31.15. Executing OPT_EXPR pass (perform const folding).
Optimizing module axi4lite_arbiter_top.

31.16. Finished OPT passes. (There is nothing left to do.)

32. Executing MEMORY pass.

32.1. Executing OPT_MEM pass (optimize memories).
Performed a total of 0 transformations.

32.2. Executing OPT_MEM_PRIORITY pass (removing unnecessary memory write priority relations).
Performed a total of 0 transformations.

32.3. Executing OPT_MEM_FEEDBACK pass (finding memory read-to-write feedback paths).

32.4. Executing MEMORY_BMUX2ROM pass (converting muxes to ROMs).

32.5. Executing MEMORY_DFF pass (merging $dff cells to $memrd).

32.6. Executing OPT_CLEAN pass (remove unused cells and wires).
Finding unused cells or wires in module \axi4lite_arbiter_top..

32.7. Executing MEMORY_SHARE pass (consolidating $memrd/$memwr cells).

32.8. Executing OPT_MEM_WIDEN pass (optimize memories where all ports are wide).
Performed a total of 0 transformations.

32.9. Executing OPT_CLEAN pass (remove unused cells and wires).
Finding unused cells or wires in module \axi4lite_arbiter_top..

32.10. Executing MEMORY_COLLECT pass (generating $mem cells).

33. Executing OPT_CLEAN pass (remove unused cells and wires).
Finding unused cells or wires in module \axi4lite_arbiter_top..

34. Executing OPT pass (performing simple optimizations).

34.1. Executing OPT_EXPR pass (perform const folding).
Optimizing module axi4lite_arbiter_top.
<suppressed ~175 debug messages>

34.2. Executing OPT_MERGE pass (detect identical cells).
Finding identical cells in module `\axi4lite_arbiter_top'.
<suppressed ~33 debug messages>
Removed a total of 11 cells.

34.3. Executing OPT_DFF pass (perform DFF optimizations).

34.4. Executing OPT_CLEAN pass (remove unused cells and wires).
Finding unused cells or wires in module \axi4lite_arbiter_top..
Removed 9 unused cells and 81 unused wires.
<suppressed ~10 debug messages>

34.5. Finished fast OPT passes.

35. Executing MEMORY_MAP pass (converting memories to logic and flip-flops).

36. Executing OPT pass (performing simple optimizations).

36.1. Executing OPT_EXPR pass (perform const folding).
Optimizing module axi4lite_arbiter_top.

36.2. Executing OPT_MERGE pass (detect identical cells).
Finding identical cells in module `\axi4lite_arbiter_top'.
Removed a total of 0 cells.

36.3. Executing OPT_MUXTREE pass (detect dead branches in mux trees).
Running muxtree optimizer on module \axi4lite_arbiter_top..
  Creating internal representation of mux trees.
  Evaluating internal representation of mux trees.
      Replacing known input bits on port B of cell $flatten\u_read_arbiter.\u_read_qos.$procmux$4454: { $flatten\u_read_arbiter.\u_read_qos.$6\cand_valid[0:0] \u_read_arbiter.arb_starvation_unused } -> { $flatten\u_read_arbiter.\u_read_qos.$6\cand_valid[0:0] 1'1 }
      Replacing known input bits on port B of cell $flatten\u_write_arbiter.\u_write_qos.$procmux$4454: { $flatten\u_write_arbiter.\u_write_qos.$6\cand_valid[0:0] \u_write_arbiter.arb_starvation_unused } -> { $flatten\u_write_arbiter.\u_write_qos.$6\cand_valid[0:0] 1'1 }
  Analyzing evaluation results.
Removed 0 multiplexer ports.
<suppressed ~81 debug messages>

36.4. Executing OPT_REDUCE pass (consolidate $*mux and $reduce_* inputs).
  Optimizing cells in module \axi4lite_arbiter_top.
    New ctrl vector for $pmux cell $flatten\u_read_arbiter.$procmux$1377: { $flatten\u_read_arbiter.$procmux$1373_CMP $flatten\u_read_arbiter.$eq$/work/openlane/axi4lite_arbiter_top_sv2v.v:1010$891_Y }
    Consolidated identical input bits for $mux cell $flatten\u_read_arbiter.\u_read_decoder.$procmux$4588:
      Old ports: A=2'00, B=2'10, Y=$flatten\u_read_arbiter.\u_read_decoder.$2\slave_sel[1:0]
      New ports: A=1'0, B=1'1, Y=$flatten\u_read_arbiter.\u_read_decoder.$2\slave_sel[1:0] [1]
      New connections: $flatten\u_read_arbiter.\u_read_decoder.$2\slave_sel[1:0] [0] = 1'0
    Consolidated identical input bits for $mux cell $flatten\u_read_arbiter.\u_read_qos.$procmux$3758:
      Old ports: A=2'00, B=2'10, Y=$flatten\u_read_arbiter.\u_read_qos.$26\next_cand[1:0]
      New ports: A=1'0, B=1'1, Y=$flatten\u_read_arbiter.\u_read_qos.$26\next_cand[1:0] [1]
      New connections: $flatten\u_read_arbiter.\u_read_qos.$26\next_cand[1:0] [0] = 1'0
    Consolidated identical input bits for $mux cell $flatten\u_read_arbiter.\u_read_qos.$procmux$3984:
      Old ports: A=2'00, B=2'11, Y=$flatten\u_read_arbiter.\u_read_qos.$20\next_cand[1:0]
      New ports: A=1'0, B=1'1, Y=$flatten\u_read_arbiter.\u_read_qos.$20\next_cand[1:0] [0]
      New connections: $flatten\u_read_arbiter.\u_read_qos.$20\next_cand[1:0] [1] = $flatten\u_read_arbiter.\u_read_qos.$20\next_cand[1:0] [0]
    Consolidated identical input bits for $mux cell $flatten\u_read_arbiter.\u_read_qos.$procmux$4153:
      Old ports: A=2'00, B=2'11, Y=$flatten\u_read_arbiter.\u_read_qos.$14\next_cand[1:0]
      New ports: A=1'0, B=1'1, Y=$flatten\u_read_arbiter.\u_read_qos.$14\next_cand[1:0] [0]
      New connections: $flatten\u_read_arbiter.\u_read_qos.$14\next_cand[1:0] [1] = $flatten\u_read_arbiter.\u_read_qos.$14\next_cand[1:0] [0]
    Consolidated identical input bits for $mux cell $flatten\u_read_arbiter.\u_read_qos.$procmux$4236:
      Old ports: A=2'00, B=2'10, Y=$flatten\u_read_arbiter.\u_read_qos.$11\next_cand[1:0]
      New ports: A=1'0, B=1'1, Y=$flatten\u_read_arbiter.\u_read_qos.$11\next_cand[1:0] [1]
      New connections: $flatten\u_read_arbiter.\u_read_qos.$11\next_cand[1:0] [0] = 1'0
    Consolidated identical input bits for $mux cell $flatten\u_response_router.$procmux$2024:
      Old ports: A=2'00, B=2'11, Y=$flatten\u_response_router.$3\m_rresp[7:0] [7:6]
      New ports: A=1'0, B=1'1, Y=$flatten\u_response_router.$3\m_rresp[7:0] [6]
      New connections: $flatten\u_response_router.$3\m_rresp[7:0] [7] = $flatten\u_response_router.$3\m_rresp[7:0] [6]
    Consolidated identical input bits for $mux cell $flatten\u_response_router.$procmux$2036:
      Old ports: A=2'00, B=2'11, Y=$flatten\u_response_router.$3\m_rresp[7:0] [1:0]
      New ports: A=1'0, B=1'1, Y=$flatten\u_response_router.$3\m_rresp[7:0] [0]
      New connections: $flatten\u_response_router.$3\m_rresp[7:0] [1] = $flatten\u_response_router.$3\m_rresp[7:0] [0]
    Consolidated identical input bits for $mux cell $flatten\u_response_router.$procmux$2046:
      Old ports: A=2'00, B=2'11, Y=$flatten\u_response_router.$3\m_rresp[7:0] [5:4]
      New ports: A=1'0, B=1'1, Y=$flatten\u_response_router.$3\m_rresp[7:0] [4]
      New connections: $flatten\u_response_router.$3\m_rresp[7:0] [5] = $flatten\u_response_router.$3\m_rresp[7:0] [4]
    Consolidated identical input bits for $mux cell $flatten\u_response_router.$procmux$2057:
      Old ports: A=2'00, B=2'11, Y=$flatten\u_response_router.$3\m_rresp[7:0] [3:2]
      New ports: A=1'0, B=1'1, Y=$flatten\u_response_router.$3\m_rresp[7:0] [2]
      New connections: $flatten\u_response_router.$3\m_rresp[7:0] [3] = $flatten\u_response_router.$3\m_rresp[7:0] [2]
    Consolidated identical input bits for $mux cell $flatten\u_response_router.$procmux$2680:
      Old ports: A=2'00, B=2'11, Y=$flatten\u_response_router.$3\m_bresp[7:0] [7:6]
      New ports: A=1'0, B=1'1, Y=$flatten\u_response_router.$3\m_bresp[7:0] [6]
      New connections: $flatten\u_response_router.$3\m_bresp[7:0] [7] = $flatten\u_response_router.$3\m_bresp[7:0] [6]
    Consolidated identical input bits for $mux cell $flatten\u_response_router.$procmux$2692:
      Old ports: A=2'00, B=2'11, Y=$flatten\u_response_router.$3\m_bresp[7:0] [1:0]
      New ports: A=1'0, B=1'1, Y=$flatten\u_response_router.$3\m_bresp[7:0] [0]
      New connections: $flatten\u_response_router.$3\m_bresp[7:0] [1] = $flatten\u_response_router.$3\m_bresp[7:0] [0]
    Consolidated identical input bits for $mux cell $flatten\u_response_router.$procmux$2702:
      Old ports: A=2'00, B=2'11, Y=$flatten\u_response_router.$3\m_bresp[7:0] [5:4]
      New ports: A=1'0, B=1'1, Y=$flatten\u_response_router.$3\m_bresp[7:0] [4]
      New connections: $flatten\u_response_router.$3\m_bresp[7:0] [5] = $flatten\u_response_router.$3\m_bresp[7:0] [4]
    Consolidated identical input bits for $mux cell $flatten\u_response_router.$procmux$2713:
      Old ports: A=2'00, B=2'11, Y=$flatten\u_response_router.$3\m_bresp[7:0] [3:2]
      New ports: A=1'0, B=1'1, Y=$flatten\u_response_router.$3\m_bresp[7:0] [2]
      New connections: $flatten\u_response_router.$3\m_bresp[7:0] [3] = $flatten\u_response_router.$3\m_bresp[7:0] [2]
    Consolidated identical input bits for $mux cell $flatten\u_write_arbiter.\u_write_decoder.$procmux$4588:
      Old ports: A=2'00, B=2'10, Y=$flatten\u_write_arbiter.\u_write_decoder.$2\slave_sel[1:0]
      New ports: A=1'0, B=1'1, Y=$flatten\u_write_arbiter.\u_write_decoder.$2\slave_sel[1:0] [1]
      New connections: $flatten\u_write_arbiter.\u_write_decoder.$2\slave_sel[1:0] [0] = 1'0
    Consolidated identical input bits for $mux cell $flatten\u_write_arbiter.\u_write_qos.$procmux$3639:
      Old ports: A=2'00, B=2'11, Y=$flatten\u_write_arbiter.\u_write_qos.$20\next_cand[1:0]
      New ports: A=1'0, B=1'1, Y=$flatten\u_write_arbiter.\u_write_qos.$20\next_cand[1:0] [0]
      New connections: $flatten\u_write_arbiter.\u_write_qos.$20\next_cand[1:0] [1] = $flatten\u_write_arbiter.\u_write_qos.$20\next_cand[1:0] [0]
    Consolidated identical input bits for $mux cell $flatten\u_write_arbiter.\u_write_qos.$procmux$3758:
      Old ports: A=2'00, B=2'10, Y=$flatten\u_write_arbiter.\u_write_qos.$26\next_cand[1:0]
      New ports: A=1'0, B=1'1, Y=$flatten\u_write_arbiter.\u_write_qos.$26\next_cand[1:0] [1]
      New connections: $flatten\u_write_arbiter.\u_write_qos.$26\next_cand[1:0] [0] = 1'0
    Consolidated identical input bits for $mux cell $flatten\u_write_arbiter.\u_write_qos.$procmux$4153:
      Old ports: A=2'00, B=2'11, Y=$flatten\u_write_arbiter.\u_write_qos.$14\next_cand[1:0]
      New ports: A=1'0, B=1'1, Y=$flatten\u_write_arbiter.\u_write_qos.$14\next_cand[1:0] [0]
      New connections: $flatten\u_write_arbiter.\u_write_qos.$14\next_cand[1:0] [1] = $flatten\u_write_arbiter.\u_write_qos.$14\next_cand[1:0] [0]
    Consolidated identical input bits for $mux cell $flatten\u_write_arbiter.\u_write_qos.$procmux$4236:
      Old ports: A=2'00, B=2'10, Y=$flatten\u_write_arbiter.\u_write_qos.$11\next_cand[1:0]
      New ports: A=1'0, B=1'1, Y=$flatten\u_write_arbiter.\u_write_qos.$11\next_cand[1:0] [1]
      New connections: $flatten\u_write_arbiter.\u_write_qos.$11\next_cand[1:0] [0] = 1'0
  Optimizing cells in module \axi4lite_arbiter_top.
Performed a total of 19 changes.

36.5. Executing OPT_MERGE pass (detect identical cells).
Finding identical cells in module `\axi4lite_arbiter_top'.
Removed a total of 0 cells.

36.6. Executing OPT_SHARE pass.

36.7. Executing OPT_DFF pass (perform DFF optimizations).
Adding EN signal on $auto$ff.cc:266:slice$5125 ($adffe) from module axi4lite_arbiter_top (D = \u_read_arbiter.u_read_qos.next_cand, Q = \u_read_arbiter.u_read_qos.current_master).
Adding EN signal on $auto$ff.cc:266:slice$5065 ($adffe) from module axi4lite_arbiter_top (D = \u_write_arbiter.u_write_qos.next_cand, Q = \u_write_arbiter.u_write_qos.current_master).

36.8. Executing OPT_CLEAN pass (remove unused cells and wires).
Finding unused cells or wires in module \axi4lite_arbiter_top..
Removed 2 unused cells and 2 unused wires.
<suppressed ~3 debug messages>

36.9. Executing OPT_EXPR pass (perform const folding).
Optimizing module axi4lite_arbiter_top.
<suppressed ~18 debug messages>

36.10. Rerunning OPT passes. (Maybe there is more to do..)

36.11. Executing OPT_MUXTREE pass (detect dead branches in mux trees).
Running muxtree optimizer on module \axi4lite_arbiter_top..
  Creating internal representation of mux trees.
  Evaluating internal representation of mux trees.
  Analyzing evaluation results.
Removed 0 multiplexer ports.
<suppressed ~79 debug messages>

36.12. Executing OPT_REDUCE pass (consolidate $*mux and $reduce_* inputs).
  Optimizing cells in module \axi4lite_arbiter_top.
Performed a total of 0 changes.

36.13. Executing OPT_MERGE pass (detect identical cells).
Finding identical cells in module `\axi4lite_arbiter_top'.
Removed a total of 0 cells.

36.14. Executing OPT_SHARE pass.

36.15. Executing OPT_DFF pass (perform DFF optimizations).

36.16. Executing OPT_CLEAN pass (remove unused cells and wires).
Finding unused cells or wires in module \axi4lite_arbiter_top..
Removed 0 unused cells and 16 unused wires.
<suppressed ~1 debug messages>

36.17. Executing OPT_EXPR pass (perform const folding).
Optimizing module axi4lite_arbiter_top.

36.18. Rerunning OPT passes. (Maybe there is more to do..)

36.19. Executing OPT_MUXTREE pass (detect dead branches in mux trees).
Running muxtree optimizer on module \axi4lite_arbiter_top..
  Creating internal representation of mux trees.
  Evaluating internal representation of mux trees.
  Analyzing evaluation results.
Removed 0 multiplexer ports.
<suppressed ~79 debug messages>

36.20. Executing OPT_REDUCE pass (consolidate $*mux and $reduce_* inputs).
  Optimizing cells in module \axi4lite_arbiter_top.
Performed a total of 0 changes.

36.21. Executing OPT_MERGE pass (detect identical cells).
Finding identical cells in module `\axi4lite_arbiter_top'.
Removed a total of 0 cells.

36.22. Executing OPT_SHARE pass.

36.23. Executing OPT_DFF pass (perform DFF optimizations).

36.24. Executing OPT_CLEAN pass (remove unused cells and wires).
Finding unused cells or wires in module \axi4lite_arbiter_top..

36.25. Executing OPT_EXPR pass (perform const folding).
Optimizing module axi4lite_arbiter_top.

36.26. Finished OPT passes. (There is nothing left to do.)

37. Executing TECHMAP pass (map to technology primitives).

37.1. Executing Verilog-2005 frontend: /nix/store/vn1kmwhr52wisnfkmn6fk9g15p3klzs0-yosys/bin/../share/yosys/techmap.v
Parsing Verilog input from `/nix/store/vn1kmwhr52wisnfkmn6fk9g15p3klzs0-yosys/bin/../share/yosys/techmap.v' to AST representation.
Generating RTLIL representation for module `\_90_simplemap_bool_ops'.
Generating RTLIL representation for module `\_90_simplemap_reduce_ops'.
Generating RTLIL representation for module `\_90_simplemap_logic_ops'.
Generating RTLIL representation for module `\_90_simplemap_compare_ops'.
Generating RTLIL representation for module `\_90_simplemap_various'.
Generating RTLIL representation for module `\_90_simplemap_registers'.
Generating RTLIL representation for module `\_90_shift_ops_shr_shl_sshl_sshr'.
Generating RTLIL representation for module `\_90_shift_shiftx'.
Generating RTLIL representation for module `\_90_fa'.
Generating RTLIL representation for module `\_90_lcu'.
Generating RTLIL representation for module `\_90_alu'.
Generating RTLIL representation for module `\_90_macc'.
Generating RTLIL representation for module `\_90_alumacc'.
Generating RTLIL representation for module `\$__div_mod_u'.
Generating RTLIL representation for module `\$__div_mod_trunc'.
Generating RTLIL representation for module `\_90_div'.
Generating RTLIL representation for module `\_90_mod'.
Generating RTLIL representation for module `\$__div_mod_floor'.
Generating RTLIL representation for module `\_90_divfloor'.
Generating RTLIL representation for module `\_90_modfloor'.
Generating RTLIL representation for module `\_90_pow'.
Generating RTLIL representation for module `\_90_pmux'.
Generating RTLIL representation for module `\_90_demux'.
Generating RTLIL representation for module `\_90_lut'.
Successfully finished Verilog frontend.

37.2. Continuing TECHMAP pass.
Using extmapper simplemap for cells of type $adff.
Using extmapper simplemap for cells of type $reduce_and.
Using extmapper simplemap for cells of type $reduce_or.
Using template $paramod$6a42b6fefed750f8a1c58eab59479d960557103c\_90_alu for cells of type $alu.
Using extmapper simplemap for cells of type $logic_and.
Using template $paramod$dd7e7d5c03aea134912316b6b5bb7a107010ead9\_90_alu for cells of type $alu.
Using extmapper simplemap for cells of type $not.
Using extmapper simplemap for cells of type $mux.
Using extmapper simplemap for cells of type $or.
Using template $paramod$c85f7f36eaf20b9dfdd10e675753f6620fd8e4e5\_90_alu for cells of type $alu.
Using template $paramod$a1bc51c02ce12ac21eb18988e83292af48ed7d72\_90_alu for cells of type $alu.
Using template $paramod$8742280fdebca84e1c87f2a86ed84f62d558f4cc\_90_alu for cells of type $alu.
Using template $paramod$7af24cf7f572852703f08ef7a936c59efa2c57af\_90_alu for cells of type $alu.
Using extmapper simplemap for cells of type $logic_not.
Using template $paramod$32a7b7b86c07519b7537abc18e96f0331f97914d\_90_alu for cells of type $alu.
Using extmapper simplemap for cells of type $eq.
Using template $paramod$c3cd1564c35d873179656addd6052d7ea8b6d991\_90_alu for cells of type $alu.
Using extmapper simplemap for cells of type $reduce_bool.
Using template $paramod$c5c783b17ab1d780abfad8cfe6563a0a7b47a3b0\_90_pmux for cells of type $pmux.
Using template $paramod$521ce43182eecb9f60c72393a788160d2c356bf5\_90_pmux for cells of type $pmux.
Using extmapper simplemap for cells of type $and.
Using template $paramod$97565c3687be688407d1272a293bd9d0ae6852dc\_90_pmux for cells of type $pmux.
Using extmapper simplemap for cells of type $adffe.
Using template $paramod$ef8fb1849064cca7dc908988762d3374786d9fdb\_90_alu for cells of type $alu.
Using template $paramod$constmap:cf38e26b0fe3ffce0751f62c194754122449e312$paramod$64b19f47ed5f126636dbd98d727ec46a7ec08d71\_90_shift_shiftx for cells of type $shift.
Analyzing pattern of constant bits for this cell:
  Constant input on bit 0 of port A: 1'1
Creating constmapped module `$paramod$constmap:587bfd344aba6fff5ae2fc198a50240a44929441$paramod$64b19f47ed5f126636dbd98d727ec46a7ec08d71\_90_shift_shiftx'.

37.32. Executing OPT_MUXTREE pass (detect dead branches in mux trees).
Running muxtree optimizer on module $paramod$constmap:587bfd344aba6fff5ae2fc198a50240a44929441$paramod$64b19f47ed5f126636dbd98d727ec46a7ec08d71\_90_shift_shiftx..
  Creating internal representation of mux trees.
  Evaluating internal representation of mux trees.
  Analyzing evaluation results.
    dead port 2/2 on $mux $procmux$6461.
    dead port 2/2 on $mux $procmux$6455.
Removed 2 multiplexer ports.
<suppressed ~655 debug messages>

37.33. Executing OPT_EXPR pass (perform const folding).
Optimizing module $paramod$constmap:587bfd344aba6fff5ae2fc198a50240a44929441$paramod$64b19f47ed5f126636dbd98d727ec46a7ec08d71\_90_shift_shiftx.
<suppressed ~2 debug messages>
Removed 0 unused cells and 8 unused wires.
Using template $paramod$constmap:587bfd344aba6fff5ae2fc198a50240a44929441$paramod$64b19f47ed5f126636dbd98d727ec46a7ec08d71\_90_shift_shiftx for cells of type $shift.
Using extmapper simplemap for cells of type $logic_or.
Using template $paramod$constmap:aa6a3d8b9edd08232ffbad8a2e5cf75cb38497f7$paramod$afeb7ff3853816ca14c123e6ded90e10f86c6063\_90_shift_shiftx for cells of type $shiftx.
Using template $paramod$constmap:8d725965b4345b93a463cf613bda6b40f5fc4212$paramod$9a5e85de2634293e098361b0804876bff8c5a36f\_90_shift_shiftx for cells of type $shiftx.
Using template $paramod$constmap:43abcead286168184b30c01325c4e0628214469b$paramod$a5786330a0551f122a201886e9358ce03b934811\_90_shift_shiftx for cells of type $shiftx.
Using extmapper simplemap for cells of type $ne.
Analyzing pattern of constant bits for this cell:
Creating constmapped module `$paramod$constmap:9094605ead145fd11cdc4005ae96cf8bc645818b$paramod$64b19f47ed5f126636dbd98d727ec46a7ec08d71\_90_shift_shiftx'.

37.49. Executing OPT_MUXTREE pass (detect dead branches in mux trees).
Running muxtree optimizer on module $paramod$constmap:9094605ead145fd11cdc4005ae96cf8bc645818b$paramod$64b19f47ed5f126636dbd98d727ec46a7ec08d71\_90_shift_shiftx..
  Creating internal representation of mux trees.
  Evaluating internal representation of mux trees.
  Analyzing evaluation results.
    dead port 2/2 on $mux $procmux$6461.
    dead port 2/2 on $mux $procmux$6455.
Removed 2 multiplexer ports.
<suppressed ~896 debug messages>

37.50. Executing OPT_EXPR pass (perform const folding).
Optimizing module $paramod$constmap:9094605ead145fd11cdc4005ae96cf8bc645818b$paramod$64b19f47ed5f126636dbd98d727ec46a7ec08d71\_90_shift_shiftx.
<suppressed ~2 debug messages>
Removed 0 unused cells and 8 unused wires.
Using template $paramod$constmap:9094605ead145fd11cdc4005ae96cf8bc645818b$paramod$64b19f47ed5f126636dbd98d727ec46a7ec08d71\_90_shift_shiftx for cells of type $shift.
Using template $paramod$constmap:1ef046be63c9541309f2f19c4ef998a798f64488$paramod$7fe1424d9d826b3a6286885bc851fafa5143be2b\_90_shift_shiftx for cells of type $shiftx.
Using extmapper simplemap for cells of type $pos.
Using template $paramod\_90_lcu\WIDTH=32'00000000000000000000000000000100 for cells of type $lcu.
Using extmapper simplemap for cells of type $xor.
Using template $paramod\_90_lcu\WIDTH=32'00000000000000000000000000001000 for cells of type $lcu.
Using template $paramod\_90_lcu\WIDTH=32'00000000000000000000000000100000 for cells of type $lcu.
Using template $paramod\_90_lcu\WIDTH=32'00000000000000000000000000000011 for cells of type $lcu.
No more expansions possible.
<suppressed ~2938 debug messages>

38. Executing OPT pass (performing simple optimizations).

38.1. Executing OPT_EXPR pass (perform const folding).
Optimizing module axi4lite_arbiter_top.
<suppressed ~4027 debug messages>

38.2. Executing OPT_MERGE pass (detect identical cells).
Finding identical cells in module `\axi4lite_arbiter_top'.
<suppressed ~2709 debug messages>
Removed a total of 903 cells.

38.3. Executing OPT_DFF pass (perform DFF optimizations).

38.4. Executing OPT_CLEAN pass (remove unused cells and wires).
Finding unused cells or wires in module \axi4lite_arbiter_top..
Removed 996 unused cells and 3099 unused wires.
<suppressed ~997 debug messages>

38.5. Finished fast OPT passes.

39. Executing ABC pass (technology mapping using ABC).

39.1. Extracting gate netlist of module `\axi4lite_arbiter_top' to `<abc-temp-dir>/input.blif'..
Extracted 3539 gates and 4225 wires to a netlist network with 684 inputs and 424 outputs.

39.1.1. Executing ABC.
Running ABC command: "/nix/store/5bgsgwzww9f2z7wl7kga42xrf1vpmnql-yosys-abc/bin/abc" -s -f <abc-temp-dir>/abc.script 2>&1
ABC: ABC command line: "source <abc-temp-dir>/abc.script".
ABC: 
ABC: + read_blif <abc-temp-dir>/input.blif 
ABC: + read_library <abc-temp-dir>/stdcells.genlib 
ABC: Entered genlib library with 13 gates from file "<abc-temp-dir>/stdcells.genlib".
ABC: + strash 
ABC: + dretime 
ABC: + map 
ABC: + write_blif <abc-temp-dir>/output.blif 

39.1.2. Re-integrating ABC results.
ABC RESULTS:              XNOR cells:       16
ABC RESULTS:               XOR cells:      122
ABC RESULTS:               NOR cells:      138
ABC RESULTS:               AND cells:      112
ABC RESULTS:               NOT cells:      588
ABC RESULTS:                OR cells:      856
ABC RESULTS:               MUX cells:      901
ABC RESULTS:             ORNOT cells:       81
ABC RESULTS:              NAND cells:      160
ABC RESULTS:            ANDNOT cells:      783
ABC RESULTS:        internal signals:     3117
ABC RESULTS:           input signals:      684
ABC RESULTS:          output signals:      424
Removing temp directory.

40. Executing OPT pass (performing simple optimizations).

40.1. Executing OPT_EXPR pass (perform const folding).
Optimizing module axi4lite_arbiter_top.
<suppressed ~323 debug messages>

40.2. Executing OPT_MERGE pass (detect identical cells).
Finding identical cells in module `\axi4lite_arbiter_top'.
<suppressed ~33 debug messages>
Removed a total of 11 cells.

40.3. Executing OPT_DFF pass (perform DFF optimizations).

40.4. Executing OPT_CLEAN pass (remove unused cells and wires).
Finding unused cells or wires in module \axi4lite_arbiter_top..
Removed 5 unused cells and 2033 unused wires.
<suppressed ~66 debug messages>

40.5. Finished fast OPT passes.

41. Executing HIERARCHY pass (managing design hierarchy).

41.1. Analyzing design hierarchy..
Top module:  \axi4lite_arbiter_top

41.2. Analyzing design hierarchy..
Top module:  \axi4lite_arbiter_top
Removed 0 unused modules.

42. Printing statistics.

=== axi4lite_arbiter_top ===

   Number of wires:               3683
   Number of wire bits:           6976
   Number of public wires:         230
   Number of public wire bits:    3419
   Number of memories:               0
   Number of memory bits:            0
   Number of processes:              0
   Number of cells:               4260
     $_ANDNOT_                     782
     $_AND_                        112
     $_DFFE_PN0P_                  424
     $_DFF_PN0_                     84
     $_DFF_PN1_                     11
     $_MUX_                        901
     $_NAND_                       159
     $_NOR_                        137
     $_NOT_                        583
     $_ORNOT_                       75
     $_OR_                         854
     $_XNOR_                        16
     $_XOR_                        122

43. Executing CHECK pass (checking for obvious problems).
Checking module axi4lite_arbiter_top...
Found and reported 0 problems.

44. Generating Graphviz representation of design.
Writing dot description to `/work/openlane/runs/RUN_2026-08-29_00-36-26/06-yosys-synthesis/primitive_techmap.dot'.
Dumping module axi4lite_arbiter_top to page 1.

45. Executing OPT pass (performing simple optimizations).

45.1. Executing OPT_EXPR pass (perform const folding).
Optimizing module axi4lite_arbiter_top.

45.2. Executing OPT_MERGE pass (detect identical cells).
Finding identical cells in module `\axi4lite_arbiter_top'.
Removed a total of 0 cells.

45.3. Executing OPT_MUXTREE pass (detect dead branches in mux trees).
Running muxtree optimizer on module \axi4lite_arbiter_top..
  Creating internal representation of mux trees.
  No muxes found in this module.
Removed 0 multiplexer ports.

45.4. Executing OPT_REDUCE pass (consolidate $*mux and $reduce_* inputs).
  Optimizing cells in module \axi4lite_arbiter_top.
Performed a total of 0 changes.

45.5. Executing OPT_MERGE pass (detect identical cells).
Finding identical cells in module `\axi4lite_arbiter_top'.
Removed a total of 0 cells.

45.6. Executing OPT_DFF pass (perform DFF optimizations).

45.7. Executing OPT_CLEAN pass (remove unused cells and wires).
Finding unused cells or wires in module \axi4lite_arbiter_top..

45.8. Executing OPT_EXPR pass (perform const folding).
Optimizing module axi4lite_arbiter_top.

45.9. Finished OPT passes. (There is nothing left to do.)

46. Executing OPT_CLEAN pass (remove unused cells and wires).
Finding unused cells or wires in module \axi4lite_arbiter_top..
Removed 0 unused cells and 136 unused wires.
<suppressed ~136 debug messages>
{
   "creator": "Yosys 0.38 (git sha1 543faed9c8c, clang++ 16.0.6 -fPIC -Os)",
   "invocation": "stat -json -liberty /work/openlane/runs/RUN_2026-08-29_00-36-26/tmp/e23a3c9120c84408a959379b819bc9f2.lib ",
   "modules": {
      "\\axi4lite_arbiter_top": {
         "num_wires":         3547,
         "num_wire_bits":     4929,
         "num_pub_wires":     94,
         "num_pub_wire_bits": 1372,
         "num_memories":      0,
         "num_memory_bits":   0,
         "num_processes":     0,
         "num_cells":         4260,
         "num_cells_by_type": {
            "$_ANDNOT_": 782,
            "$_AND_": 112,
            "$_DFFE_PN0P_": 424,
            "$_DFF_PN0_": 84,
            "$_DFF_PN1_": 11,
            "$_MUX_": 901,
            "$_NAND_": 159,
            "$_NOR_": 137,
            "$_NOT_": 583,
            "$_ORNOT_": 75,
            "$_OR_": 854,
            "$_XNOR_": 16,
            "$_XOR_": 122
         }
      }
   },
      "design": {
         "num_wires":         3547,
         "num_wire_bits":     4929,
         "num_pub_wires":     94,
         "num_pub_wire_bits": 1372,
         "num_memories":      0,
         "num_memory_bits":   0,
         "num_processes":     0,
         "num_cells":         4260,
         "num_cells_by_type": {
            "$_ANDNOT_": 782,
            "$_AND_": 112,
            "$_DFFE_PN0P_": 424,
            "$_DFF_PN0_": 84,
            "$_DFF_PN1_": 11,
            "$_MUX_": 901,
            "$_NAND_": 159,
            "$_NOR_": 137,
            "$_NOT_": 583,
            "$_ORNOT_": 75,
            "$_OR_": 854,
            "$_XNOR_": 16,
            "$_XOR_": 122
         }
      }
}

47. Printing statistics.

=== axi4lite_arbiter_top ===

   Number of wires:               3547
   Number of wire bits:           4929
   Number of public wires:          94
   Number of public wire bits:    1372
   Number of memories:               0
   Number of memory bits:            0
   Number of processes:              0
   Number of cells:               4260
     $_ANDNOT_                     782
     $_AND_                        112
     $_DFFE_PN0P_                  424
     $_DFF_PN0_                     84
     $_DFF_PN1_                     11
     $_MUX_                        901
     $_NAND_                       159
     $_NOR_                        137
     $_NOT_                        583
     $_ORNOT_                       75
     $_OR_                         854
     $_XNOR_                        16
     $_XOR_                        122

   Area for cell type $_NOT_ is unknown!
   Area for cell type $_AND_ is unknown!
   Area for cell type $_NAND_ is unknown!
   Area for cell type $_OR_ is unknown!
   Area for cell type $_NOR_ is unknown!
   Area for cell type $_XOR_ is unknown!
   Area for cell type $_XNOR_ is unknown!
   Area for cell type $_ANDNOT_ is unknown!
   Area for cell type $_ORNOT_ is unknown!
   Area for cell type $_MUX_ is unknown!
   Area for cell type $_DFF_PN0_ is unknown!
   Area for cell type $_DFF_PN1_ is unknown!
   Area for cell type $_DFFE_PN0P_ is unknown!

mapping tbuf
[INFO] Applying tri-state buffer mapping from '/.volare/volare/sky130/versions/bdc9412b3e468c102d01b7cf6337be06ec6e9c9a/sky130A/libs.tech/openlane/sky130_fd_sc_hd/tribuff_map.v'...

48. Executing TECHMAP pass (map to technology primitives).

48.1. Executing Verilog-2005 frontend: /.volare/volare/sky130/versions/bdc9412b3e468c102d01b7cf6337be06ec6e9c9a/sky130A/libs.tech/openlane/sky130_fd_sc_hd/tribuff_map.v
Parsing Verilog input from `/.volare/volare/sky130/versions/bdc9412b3e468c102d01b7cf6337be06ec6e9c9a/sky130A/libs.tech/openlane/sky130_fd_sc_hd/tribuff_map.v' to AST representation.
Generating RTLIL representation for module `\$_TBUF_'.
Successfully finished Verilog frontend.

48.2. Continuing TECHMAP pass.
No more expansions possible.
<suppressed ~3 debug messages>

49. Executing SIMPLEMAP pass (map simple cells to gate primitives).
[INFO] Applying latch mapping from '/.volare/volare/sky130/versions/bdc9412b3e468c102d01b7cf6337be06ec6e9c9a/sky130A/libs.tech/openlane/sky130_fd_sc_hd/latch_map.v'...

50. Executing TECHMAP pass (map to technology primitives).

50.1. Executing Verilog-2005 frontend: /.volare/volare/sky130/versions/bdc9412b3e468c102d01b7cf6337be06ec6e9c9a/sky130A/libs.tech/openlane/sky130_fd_sc_hd/latch_map.v
Parsing Verilog input from `/.volare/volare/sky130/versions/bdc9412b3e468c102d01b7cf6337be06ec6e9c9a/sky130A/libs.tech/openlane/sky130_fd_sc_hd/latch_map.v' to AST representation.
Generating RTLIL representation for module `\$_DLATCH_P_'.
Generating RTLIL representation for module `\$_DLATCH_N_'.
Successfully finished Verilog frontend.

50.2. Continuing TECHMAP pass.
No more expansions possible.
<suppressed ~4 debug messages>

51. Executing SIMPLEMAP pass (map simple cells to gate primitives).

52. Executing DFFLIBMAP pass (mapping DFF cells to sequential cells from liberty file).
  cell sky130_fd_sc_hd__dfxtp_2 (noninv, pins=3, area=21.27) is a direct match for cell type $_DFF_P_.
  cell sky130_fd_sc_hd__dfrtp_2 (noninv, pins=4, area=26.28) is a direct match for cell type $_DFF_PN0_.
  cell sky130_fd_sc_hd__dfstp_2 (noninv, pins=4, area=26.28) is a direct match for cell type $_DFF_PN1_.
  cell sky130_fd_sc_hd__dfbbn_2 (noninv, pins=6, area=35.03) is a direct match for cell type $_DFFSR_NNN_.
  final dff cell mappings:
    unmapped dff cell: $_DFF_N_
    \sky130_fd_sc_hd__dfxtp_2 _DFF_P_ (.CLK( C), .D( D), .Q( Q));
    unmapped dff cell: $_DFF_NN0_
    unmapped dff cell: $_DFF_NN1_
    unmapped dff cell: $_DFF_NP0_
    unmapped dff cell: $_DFF_NP1_
    \sky130_fd_sc_hd__dfrtp_2 _DFF_PN0_ (.CLK( C), .D( D), .Q( Q), .RESET_B( R));
    \sky130_fd_sc_hd__dfstp_2 _DFF_PN1_ (.CLK( C), .D( D), .Q( Q), .SET_B( R));
    unmapped dff cell: $_DFF_PP0_
    unmapped dff cell: $_DFF_PP1_
    \sky130_fd_sc_hd__dfbbn_2 _DFFSR_NNN_ (.CLK_N( C), .D( D), .Q( Q), .Q_N(~Q), .RESET_B( R), .SET_B( S));
    unmapped dff cell: $_DFFSR_NNP_
    unmapped dff cell: $_DFFSR_NPN_
    unmapped dff cell: $_DFFSR_NPP_
    unmapped dff cell: $_DFFSR_PNN_
    unmapped dff cell: $_DFFSR_PNP_
    unmapped dff cell: $_DFFSR_PPN_
    unmapped dff cell: $_DFFSR_PPP_

52.1. Executing DFFLEGALIZE pass (convert FFs to types supported by the target).
Mapping DFF cells in module `\axi4lite_arbiter_top':
  mapped 508 $_DFF_PN0_ cells to \sky130_fd_sc_hd__dfrtp_2 cells.
  mapped 11 $_DFF_PN1_ cells to \sky130_fd_sc_hd__dfstp_2 cells.
{
   "creator": "Yosys 0.38 (git sha1 543faed9c8c, clang++ 16.0.6 -fPIC -Os)",
   "invocation": "stat -json -liberty /work/openlane/runs/RUN_2026-08-29_00-36-26/tmp/e23a3c9120c84408a959379b819bc9f2.lib ",
   "modules": {
      "\\axi4lite_arbiter_top": {
         "num_wires":         3971,
         "num_wire_bits":     5353,
         "num_pub_wires":     94,
         "num_pub_wire_bits": 1372,
         "num_memories":      0,
         "num_memory_bits":   0,
         "num_processes":     0,
         "num_cells":         4684,
         "area":              13636.828800,
         "num_cells_by_type": {
            "$_ANDNOT_": 782,
            "$_AND_": 112,
            "$_MUX_": 1325,
            "$_NAND_": 159,
            "$_NOR_": 137,
            "$_NOT_": 583,
            "$_ORNOT_": 75,
            "$_OR_": 854,
            "$_XNOR_": 16,
            "$_XOR_": 122,
            "sky130_fd_sc_hd__dfrtp_2": 508,
            "sky130_fd_sc_hd__dfstp_2": 11
         }
      }
   },
      "design": {
         "num_wires":         3971,
         "num_wire_bits":     5353,
         "num_pub_wires":     94,
         "num_pub_wire_bits": 1372,
         "num_memories":      0,
         "num_memory_bits":   0,
         "num_processes":     0,
         "num_cells":         4684,
         "area":              13636.828800,
         "num_cells_by_type": {
            "$_ANDNOT_": 782,
            "$_AND_": 112,
            "$_MUX_": 1325,
            "$_NAND_": 159,
            "$_NOR_": 137,
            "$_NOT_": 583,
            "$_ORNOT_": 75,
            "$_OR_": 854,
            "$_XNOR_": 16,
            "$_XOR_": 122,
            "sky130_fd_sc_hd__dfrtp_2": 508,
            "sky130_fd_sc_hd__dfstp_2": 11
         }
      }
}

53. Printing statistics.

=== axi4lite_arbiter_top ===

   Number of wires:               3971
   Number of wire bits:           5353
   Number of public wires:          94
   Number of public wire bits:    1372
   Number of memories:               0
   Number of memory bits:            0
   Number of processes:              0
   Number of cells:               4684
     $_ANDNOT_                     782
     $_AND_                        112
     $_MUX_                       1325
     $_NAND_                       159
     $_NOR_                        137
     $_NOT_                        583
     $_ORNOT_                       75
     $_OR_                         854
     $_XNOR_                        16
     $_XOR_                        122
     sky130_fd_sc_hd__dfrtp_2      508
     sky130_fd_sc_hd__dfstp_2       11

   Area for cell type $_NOT_ is unknown!
   Area for cell type $_AND_ is unknown!
   Area for cell type $_NAND_ is unknown!
   Area for cell type $_OR_ is unknown!
   Area for cell type $_NOR_ is unknown!
   Area for cell type $_XOR_ is unknown!
   Area for cell type $_XNOR_ is unknown!
   Area for cell type $_ANDNOT_ is unknown!
   Area for cell type $_ORNOT_ is unknown!
   Area for cell type $_MUX_ is unknown!

   Chip area for module '\axi4lite_arbiter_top': 13636.828800

[INFO] Using strategy "AREA 3"...

54. Executing ABC pass (technology mapping using ABC).

54.1. Extracting gate netlist of module `\axi4lite_arbiter_top' to `/tmp/yosys-abc-qLH5uE/input.blif'..
Extracted 4165 gates and 5239 wires to a netlist network with 1074 inputs and 692 outputs.

54.1.1. Executing ABC.
Running ABC command: "/nix/store/5bgsgwzww9f2z7wl7kga42xrf1vpmnql-yosys-abc/bin/abc" -s -f /tmp/yosys-abc-qLH5uE/abc.script 2>&1
ABC: ABC command line: "source /tmp/yosys-abc-qLH5uE/abc.script".
ABC: 
ABC: + read_blif /tmp/yosys-abc-qLH5uE/input.blif 
ABC: + read_lib -w /work/openlane/runs/RUN_2026-08-29_00-36-26/tmp/e23a3c9120c84408a959379b819bc9f2.lib 
ABC: Parsing finished successfully.  Parsing time =     0.04 sec
ABC: Scl_LibertyReadGenlib() skipped sequential cell "sky130_fd_sc_hd__dfbbn_2".
ABC: Scl_LibertyReadGenlib() skipped sequential cell "sky130_fd_sc_hd__dfrbp_2".
ABC: Scl_LibertyReadGenlib() skipped sequential cell "sky130_fd_sc_hd__dfrtp_2".
ABC: Scl_LibertyReadGenlib() skipped sequential cell "sky130_fd_sc_hd__dfrtp_4".
ABC: Scl_LibertyReadGenlib() skipped sequential cell "sky130_fd_sc_hd__dfsbp_2".
ABC: Scl_LibertyReadGenlib() skipped sequential cell "sky130_fd_sc_hd__dfstp_2".
ABC: Scl_LibertyReadGenlib() skipped sequential cell "sky130_fd_sc_hd__dfstp_4".
ABC: Scl_LibertyReadGenlib() skipped sequential cell "sky130_fd_sc_hd__dfxbp_2".
ABC: Scl_LibertyReadGenlib() skipped sequential cell "sky130_fd_sc_hd__dfxtp_2".
ABC: Scl_LibertyReadGenlib() skipped sequential cell "sky130_fd_sc_hd__dfxtp_4".
ABC: Scl_LibertyReadGenlib() skipped sequential cell "sky130_fd_sc_hd__dlxtn_1".
ABC: Scl_LibertyReadGenlib() skipped sequential cell "sky130_fd_sc_hd__dlxtn_2".
ABC: Scl_LibertyReadGenlib() skipped sequential cell "sky130_fd_sc_hd__dlxtn_4".
ABC: Scl_LibertyReadGenlib() skipped sequential cell "sky130_fd_sc_hd__dlxtp_1".
ABC: Scl_LibertyReadGenlib() skipped three-state cell "sky130_fd_sc_hd__ebufn_2".
ABC: Scl_LibertyReadGenlib() skipped three-state cell "sky130_fd_sc_hd__ebufn_4".
ABC: Scl_LibertyReadGenlib() skipped three-state cell "sky130_fd_sc_hd__ebufn_8".
ABC: Library "sky130_fd_sc_hd__tt_025C_1v80" from "/work/openlane/runs/RUN_2026-08-29_00-36-26/tmp/e23a3c9120c84408a959379b819bc9f2.lib" has 175 cells (17 skipped: 14 seq; 3 tri-state; 0 no func; 0 dont_use).  Time =     0.05 sec
ABC: Memory =    9.54 MB. Time =     0.05 sec
ABC: Warning: Detected 2 multi-output gates (for example, "sky130_fd_sc_hd__fa_1").
ABC: + read_constr -v /work/openlane/runs/RUN_2026-08-29_00-36-26/06-yosys-synthesis/synthesis.sdc 
ABC: Setting driving cell to be "sky130_fd_sc_hd__inv_2/Y".
ABC: Setting output load to be 33.442001.
ABC: + read_constr /work/openlane/runs/RUN_2026-08-29_00-36-26/06-yosys-synthesis/synthesis.sdc 
ABC: + strash 
ABC: + dch 
ABC: + map -B 0.9 
ABC: The cell delays are multiplied by the factor: <num_fanins> ^ (0.90).
ABC: + topo 
ABC: + stime -c 
ABC: Cannot find the default PI driving cell (sky130_fd_sc_hd__inv_2/Y) in the library.
ABC: WireLoad = "Small"  Gates =   2881 ( 10.4 %)   Cap = 12.4 ff (  1.3 %)   Area =    22366.45 ( 89.6 %)   Delay =  6330.55 ps  ( 10.0 %)               
ABC: + buffer -c -N 10 
ABC: Cannot find the default PI driving cell (sky130_fd_sc_hd__inv_2/Y) in the library.
ABC: + upsize -c 
ABC: Cannot find the default PI driving cell (sky130_fd_sc_hd__inv_2/Y) in the library.
ABC: + dnsize -c 
ABC: Cannot find the default PI driving cell (sky130_fd_sc_hd__inv_2/Y) in the library.
ABC: + stime -p 
ABC: Cannot find the default PI driving cell (sky130_fd_sc_hd__inv_2/Y) in the library.
ABC: WireLoad = "none"  Gates =   3399 ( 24.1 %)   Cap = 11.0 ff (  5.9 %)   Area =    25085.31 ( 75.6 %)   Delay =  2407.95 ps  ( 28.8 %)               
ABC: Path  0 --      14 : 0    8 pi                       A =   0.00  Df =   0.0   -0.0 ps  S =   0.0 ps  Cin =  0.0 ff  Cout =  35.6 ff  Cmax =   0.0 ff  G =    0  
ABC: Path  1 --    1834 : 3    2 sky130_fd_sc_hd__nand3_4 A =  17.52  Df =  86.5   -4.4 ps  S =  99.7 ps  Cin =  8.7 ff  Cout =  20.5 ff  Cmax = 469.7 ff  G =  221  
ABC: Path  2 --    1835 : 2   10 sky130_fd_sc_hd__nor2_8  A =  20.02  Df = 263.3 -113.6 ps  S = 188.8 ps  Cin = 16.9 ff  Cout =  43.7 ff  Cmax = 433.1 ff  G =  249  
ABC: Path  3 --    1836 : 1    2 sky130_fd_sc_hd__inv_2   A =   3.75  Df = 328.1 -116.0 ps  S =  51.9 ps  Cin =  4.5 ff  Cout =   9.4 ff  Cmax = 331.4 ff  G =  202  
ABC: Path  4 --    1837 : 1   10 sky130_fd_sc_hd__buf_6   A =  11.26  Df = 465.2 -127.5 ps  S =  76.2 ps  Cin =  4.6 ff  Cout =  32.8 ff  Cmax = 785.5 ff  G =  685  
ABC: Path  5 --    2537 : 2    3 sky130_fd_sc_hd__nand2_2 A =   6.26  Df = 543.4 -136.0 ps  S =  79.6 ps  Cin =  4.4 ff  Cout =  11.8 ff  Cmax = 295.7 ff  G =  253  
ABC: Path  6 --    3166 : 3    1 sky130_fd_sc_hd__nand3_2 A =  10.01  Df = 619.1  -82.4 ps  S =  54.8 ps  Cin =  4.4 ff  Cout =   4.6 ff  Cmax = 260.0 ff  G =   99  
ABC: Path  7 --    3168 : 2    2 sky130_fd_sc_hd__nor2_2  A =   6.26  Df = 761.1 -125.6 ps  S = 126.4 ps  Cin =  4.4 ff  Cout =   9.1 ff  Cmax = 141.9 ff  G =  197  
ABC: Path  8 --    3169 : 3    1 sky130_fd_sc_hd__nand3_2 A =  10.01  Df = 837.7 -127.0 ps  S =  60.8 ps  Cin =  4.4 ff  Cout =   4.6 ff  Cmax = 260.0 ff  G =  100  
ABC: Path  9 --    3170 : 3    2 sky130_fd_sc_hd__nand3_2 A =  10.01  Df = 928.4  -15.5 ps  S =  78.1 ps  Cin =  4.4 ff  Cout =   8.9 ff  Cmax = 260.0 ff  G =  196  
ABC: Path 10 --    3181 : 3    2 sky130_fd_sc_hd__nand3_2 A =  10.01  Df =1012.5   -3.3 ps  S =  75.7 ps  Cin =  4.4 ff  Cout =   9.3 ff  Cmax = 260.0 ff  G =  201  
ABC: Path 11 --    3220 : 2    1 sky130_fd_sc_hd__nand2_2 A =   6.26  Df =1075.0  -13.1 ps  S =  45.6 ps  Cin =  4.4 ff  Cout =   4.6 ff  Cmax = 295.7 ff  G =  100  
ABC: Path 12 --    3299 : 2    2 sky130_fd_sc_hd__nand2_2 A =   6.26  Df =1142.8   -1.7 ps  S =  87.9 ps  Cin =  4.4 ff  Cout =  13.4 ff  Cmax = 295.7 ff  G =  295  
ABC: Path 13 --    3336 : 3    7 sky130_fd_sc_hd__nand3_4 A =  17.52  Df =1251.7  -11.1 ps  S = 117.0 ps  Cin =  8.7 ff  Cout =  26.2 ff  Cmax = 469.7 ff  G =  293  
ABC: Path 14 --    3337 : 2    4 sky130_fd_sc_hd__nand2_4 A =  11.26  Df =1356.2  -42.7 ps  S =  72.6 ps  Cin =  8.7 ff  Cout =  16.2 ff  Cmax = 530.1 ff  G =  177  
ABC: Path 15 --    3371 : 1   10 sky130_fd_sc_hd__buf_6   A =  11.26  Df =1507.0  -44.3 ps  S = 100.6 ps  Cin =  4.6 ff  Cout =  45.9 ff  Cmax = 785.5 ff  G =  963  
ABC: Path 16 --    3372 : 1   10 sky130_fd_sc_hd__buf_6   A =  11.26  Df =1635.5  -43.4 ps  S =  57.7 ps  Cin =  4.6 ff  Cout =  22.7 ff  Cmax = 785.5 ff  G =  468  
ABC: Path 17 --    3656 : 1   10 sky130_fd_sc_hd__buf_2   A =   5.00  Df =1806.1  -59.3 ps  S = 126.7 ps  Cin =  1.7 ff  Cout =  24.4 ff  Cmax = 315.9 ff  G = 1366  
ABC: Path 18 --    3657 : 3    1 sky130_fd_sc_hd__a21o_2  A =   8.76  Df =1937.4   -4.6 ps  S =  32.3 ps  Cin =  2.4 ff  Cout =   2.6 ff  Cmax = 309.5 ff  G =  101  
ABC: Path 19 --    3658 : 3    1 sky130_fd_sc_hd__a21o_2  A =   8.76  Df =2105.3  -95.9 ps  S =  32.5 ps  Cin =  2.4 ff  Cout =   2.4 ff  Cmax = 309.5 ff  G =   99  
ABC: Path 20 --    3660 : 4    1 sky130_fd_sc_hd__a31o_2  A =   8.76  Df =2407.9  -71.5 ps  S = 199.2 ps  Cin =  2.4 ff  Cout =  33.4 ff  Cmax = 271.9 ff  G = 1420  
ABC: Start-point = pi13 (\u_write_arbiter.u_write_qos.current_master [0]).  End-point = po309 ($auto$rtlil.cc:2684:MuxGate$19989).
ABC: + print_stats -m 
ABC: netlist                       : i/o = 1074/  692  lat =    0  nd =  3399  edge =   7665  area =25087.82  delay =1668.45  lev = 30
ABC: + write_blif /tmp/yosys-abc-qLH5uE/output.blif 

54.1.2. Re-integrating ABC results.
ABC RESULTS:   sky130_fd_sc_hd__a2bb2o_2 cells:        1
ABC RESULTS:   sky130_fd_sc_hd__and4_2 cells:        1
ABC RESULTS:   sky130_fd_sc_hd__a2111o_2 cells:        2
ABC RESULTS:   sky130_fd_sc_hd__inv_6 cells:        1
ABC RESULTS:   sky130_fd_sc_hd__nor3_4 cells:        1
ABC RESULTS:   sky130_fd_sc_hd__a311o_2 cells:        5
ABC RESULTS:   sky130_fd_sc_hd__or2b_2 cells:        1
ABC RESULTS:   sky130_fd_sc_hd__o2111a_2 cells:        8
ABC RESULTS:   sky130_fd_sc_hd__or3_4 cells:        2
ABC RESULTS:   sky130_fd_sc_hd__a21boi_2 cells:        2
ABC RESULTS:   sky130_fd_sc_hd__o31a_2 cells:       14
ABC RESULTS:   sky130_fd_sc_hd__o311a_2 cells:       10
ABC RESULTS:   sky130_fd_sc_hd__xnor2_2 cells:        1
ABC RESULTS:   sky130_fd_sc_hd__nand2b_2 cells:        1
ABC RESULTS:   sky130_fd_sc_hd__nor2b_2 cells:        1
ABC RESULTS:   sky130_fd_sc_hd__nor2_4 cells:       11
ABC RESULTS:   sky130_fd_sc_hd__nand3b_4 cells:        1
ABC RESULTS:   sky130_fd_sc_hd__and2b_2 cells:        3
ABC RESULTS:   sky130_fd_sc_hd__nor3_2 cells:       11
ABC RESULTS:   sky130_fd_sc_hd__a21bo_2 cells:        8
ABC RESULTS:   sky130_fd_sc_hd__nor3b_2 cells:        2
ABC RESULTS:   sky130_fd_sc_hd__a211oi_2 cells:        1
ABC RESULTS:   sky130_fd_sc_hd__o21ba_2 cells:       16
ABC RESULTS:   sky130_fd_sc_hd__nand3_4 cells:        3
ABC RESULTS:   sky130_fd_sc_hd__and2_4 cells:        3
ABC RESULTS:   sky130_fd_sc_hd__nand2_4 cells:        8
ABC RESULTS:   sky130_fd_sc_hd__or2_4 cells:        8
ABC RESULTS:   sky130_fd_sc_hd__o22a_4 cells:        6
ABC RESULTS:   sky130_fd_sc_hd__o211a_2 cells:       55
ABC RESULTS:   sky130_fd_sc_hd__a31o_2 cells:       88
ABC RESULTS:   sky130_fd_sc_hd__a221o_2 cells:        5
ABC RESULTS:   sky130_fd_sc_hd__o21bai_2 cells:        5
ABC RESULTS:   sky130_fd_sc_hd__xor2_2 cells:        1
ABC RESULTS:   sky130_fd_sc_hd__a211o_2 cells:       12
ABC RESULTS:   sky130_fd_sc_hd__and2_2 cells:       39
ABC RESULTS:   sky130_fd_sc_hd__or3b_2 cells:        2
ABC RESULTS:   sky130_fd_sc_hd__a41o_2 cells:        2
ABC RESULTS:   sky130_fd_sc_hd__o211ai_2 cells:        6
ABC RESULTS:   sky130_fd_sc_hd__a22oi_2 cells:        5
ABC RESULTS:   sky130_fd_sc_hd__o22ai_2 cells:        3
ABC RESULTS:   sky130_fd_sc_hd__or2_2 cells:      141
ABC RESULTS:   sky130_fd_sc_hd__or3_2 cells:       10
ABC RESULTS:   sky130_fd_sc_hd__a22o_2 cells:       22
ABC RESULTS:   sky130_fd_sc_hd__and3_2 cells:       37
ABC RESULTS:   sky130_fd_sc_hd__o22a_2 cells:       37
ABC RESULTS:   sky130_fd_sc_hd__nor2_8 cells:        6
ABC RESULTS:   sky130_fd_sc_hd__a21o_2 cells:      121
ABC RESULTS:   sky130_fd_sc_hd__buf_8 cells:        1
ABC RESULTS:   sky130_fd_sc_hd__nand3b_2 cells:       76
ABC RESULTS:   sky130_fd_sc_hd__inv_4 cells:       10
ABC RESULTS:   sky130_fd_sc_hd__buf_1 cells:      416
ABC RESULTS:   sky130_fd_sc_hd__buf_4 cells:       13
ABC RESULTS:   sky130_fd_sc_hd__o21ai_4 cells:       13
ABC RESULTS:   sky130_fd_sc_hd__a21oi_2 cells:       48
ABC RESULTS:   sky130_fd_sc_hd__a32o_2 cells:       20
ABC RESULTS:   sky130_fd_sc_hd__o21a_2 cells:       19
ABC RESULTS:   sky130_fd_sc_hd__inv_2 cells:      290
ABC RESULTS:   sky130_fd_sc_hd__buf_6 cells:       20
ABC RESULTS:   sky130_fd_sc_hd__mux2_4 cells:       16
ABC RESULTS:   sky130_fd_sc_hd__mux2_2 cells:      323
ABC RESULTS:   sky130_fd_sc_hd__buf_2 cells:       68
ABC RESULTS:   sky130_fd_sc_hd__o21ai_2 cells:      121
ABC RESULTS:   sky130_fd_sc_hd__nor2_2 cells:      341
ABC RESULTS:   sky130_fd_sc_hd__nand3_2 cells:      191
ABC RESULTS:   sky130_fd_sc_hd__nand2_2 cells:      684
ABC RESULTS:        internal signals:     3473
ABC RESULTS:           input signals:     1074
ABC RESULTS:          output signals:      692
Removing temp directory.

55. Executing SETUNDEF pass (replace undef values with defined constants).

56. Executing HILOMAP pass (mapping to constant drivers).
Warning: Selection "sky130_fd_sc_hd__conb_1" did not match any module.
Warning: Selection "LO" did not match any object.

57. Executing SPLITNETS pass (splitting up multi-bit signals).

58. Executing OPT_CLEAN pass (remove unused cells and wires).
Finding unused cells or wires in module \axi4lite_arbiter_top..
Removed 0 unused cells and 5241 unused wires.
<suppressed ~17 debug messages>

59. Executing INSBUF pass (insert buffer cells for connected wires).
Add axi4lite_arbiter_top/$auto$insbuf.cc:97:execute$24154: \m_axi_araddr [32] -> \m_axi_araddr [0]
Add axi4lite_arbiter_top/$auto$insbuf.cc:97:execute$24155: \m_axi_araddr [33] -> \m_axi_araddr [1]
Add axi4lite_arbiter_top/$auto$insbuf.cc:97:execute$24156: \m_axi_araddr [34] -> \m_axi_araddr [2]
Add axi4lite_arbiter_top/$auto$insbuf.cc:97:execute$24157: \m_axi_araddr [35] -> \m_axi_araddr [3]
Add axi4lite_arbiter_top/$auto$insbuf.cc:97:execute$24158: \m_axi_araddr [36] -> \m_axi_araddr [4]
Add axi4lite_arbiter_top/$auto$insbuf.cc:97:execute$24159: \m_axi_araddr [37] -> \m_axi_araddr [5]
Add axi4lite_arbiter_top/$auto$insbuf.cc:97:execute$24160: \m_axi_araddr [38] -> \m_axi_araddr [6]
Add axi4lite_arbiter_top/$auto$insbuf.cc:97:execute$24161: \m_axi_araddr [39] -> \m_axi_araddr [7]
Add axi4lite_arbiter_top/$auto$insbuf.cc:97:execute$24162: \m_axi_araddr [40] -> \m_axi_araddr [8]
Add axi4lite_arbiter_top/$auto$insbuf.cc:97:execute$24163: \m_axi_araddr [41] -> \m_axi_araddr [9]
Add axi4lite_arbiter_top/$auto$insbuf.cc:97:execute$24164: \m_axi_araddr [42] -> \m_axi_araddr [10]
Add axi4lite_arbiter_top/$auto$insbuf.cc:97:execute$24165: \m_axi_araddr [43] -> \m_axi_araddr [11]
Add axi4lite_arbiter_top/$auto$insbuf.cc:97:execute$24166: \m_axi_araddr [44] -> \m_axi_araddr [12]
Add axi4lite_arbiter_top/$auto$insbuf.cc:97:execute$24167: \m_axi_araddr [45] -> \m_axi_araddr [13]
Add axi4lite_arbiter_top/$auto$insbuf.cc:97:execute$24168: \m_axi_araddr [46] -> \m_axi_araddr [14]
Add axi4lite_arbiter_top/$auto$insbuf.cc:97:execute$24169: \m_axi_araddr [47] -> \m_axi_araddr [15]
Add axi4lite_arbiter_top/$auto$insbuf.cc:97:execute$24170: \m_axi_araddr [48] -> \m_axi_araddr [16]
Add axi4lite_arbiter_top/$auto$insbuf.cc:97:execute$24171: \m_axi_araddr [49] -> \m_axi_araddr [17]
Add axi4lite_arbiter_top/$auto$insbuf.cc:97:execute$24172: \m_axi_araddr [50] -> \m_axi_araddr [18]
Add axi4lite_arbiter_top/$auto$insbuf.cc:97:execute$24173: \m_axi_araddr [51] -> \m_axi_araddr [19]
Add axi4lite_arbiter_top/$auto$insbuf.cc:97:execute$24174: \m_axi_araddr [52] -> \m_axi_araddr [20]
Add axi4lite_arbiter_top/$auto$insbuf.cc:97:execute$24175: \m_axi_araddr [53] -> \m_axi_araddr [21]
Add axi4lite_arbiter_top/$auto$insbuf.cc:97:execute$24176: \m_axi_araddr [54] -> \m_axi_araddr [22]
Add axi4lite_arbiter_top/$auto$insbuf.cc:97:execute$24177: \m_axi_araddr [55] -> \m_axi_araddr [23]
Add axi4lite_arbiter_top/$auto$insbuf.cc:97:execute$24178: \m_axi_araddr [56] -> \m_axi_araddr [24]
Add axi4lite_arbiter_top/$auto$insbuf.cc:97:execute$24179: \m_axi_araddr [57] -> \m_axi_araddr [25]
Add axi4lite_arbiter_top/$auto$insbuf.cc:97:execute$24180: \m_axi_araddr [58] -> \m_axi_araddr [26]
Add axi4lite_arbiter_top/$auto$insbuf.cc:97:execute$24181: \m_axi_araddr [59] -> \m_axi_araddr [27]
Add axi4lite_arbiter_top/$auto$insbuf.cc:97:execute$24182: \m_axi_araddr [60] -> \m_axi_araddr [28]
Add axi4lite_arbiter_top/$auto$insbuf.cc:97:execute$24183: \m_axi_araddr [61] -> \m_axi_araddr [29]
Add axi4lite_arbiter_top/$auto$insbuf.cc:97:execute$24184: \m_axi_araddr [62] -> \m_axi_araddr [30]
Add axi4lite_arbiter_top/$auto$insbuf.cc:97:execute$24185: \m_axi_araddr [63] -> \m_axi_araddr [31]
Add axi4lite_arbiter_top/$auto$insbuf.cc:97:execute$24186: \m_axi_arprot [3] -> \m_axi_arprot [0]
Add axi4lite_arbiter_top/$auto$insbuf.cc:97:execute$24187: \m_axi_arprot [4] -> \m_axi_arprot [1]
Add axi4lite_arbiter_top/$auto$insbuf.cc:97:execute$24188: \m_axi_arprot [5] -> \m_axi_arprot [2]
Add axi4lite_arbiter_top/$auto$insbuf.cc:97:execute$24189: \m_axi_awaddr [32] -> \m_axi_awaddr [0]
Add axi4lite_arbiter_top/$auto$insbuf.cc:97:execute$24190: \m_axi_awaddr [33] -> \m_axi_awaddr [1]
Add axi4lite_arbiter_top/$auto$insbuf.cc:97:execute$24191: \m_axi_awaddr [34] -> \m_axi_awaddr [2]
Add axi4lite_arbiter_top/$auto$insbuf.cc:97:execute$24192: \m_axi_awaddr [35] -> \m_axi_awaddr [3]
Add axi4lite_arbiter_top/$auto$insbuf.cc:97:execute$24193: \m_axi_awaddr [36] -> \m_axi_awaddr [4]
Add axi4lite_arbiter_top/$auto$insbuf.cc:97:execute$24194: \m_axi_awaddr [37] -> \m_axi_awaddr [5]
Add axi4lite_arbiter_top/$auto$insbuf.cc:97:execute$24195: \m_axi_awaddr [38] -> \m_axi_awaddr [6]
Add axi4lite_arbiter_top/$auto$insbuf.cc:97:execute$24196: \m_axi_awaddr [39] -> \m_axi_awaddr [7]
Add axi4lite_arbiter_top/$auto$insbuf.cc:97:execute$24197: \m_axi_awaddr [40] -> \m_axi_awaddr [8]
Add axi4lite_arbiter_top/$auto$insbuf.cc:97:execute$24198: \m_axi_awaddr [41] -> \m_axi_awaddr [9]
Add axi4lite_arbiter_top/$auto$insbuf.cc:97:execute$24199: \m_axi_awaddr [42] -> \m_axi_awaddr [10]
Add axi4lite_arbiter_top/$auto$insbuf.cc:97:execute$24200: \m_axi_awaddr [43] -> \m_axi_awaddr [11]
Add axi4lite_arbiter_top/$auto$insbuf.cc:97:execute$24201: \m_axi_awaddr [44] -> \m_axi_awaddr [12]
Add axi4lite_arbiter_top/$auto$insbuf.cc:97:execute$24202: \m_axi_awaddr [45] -> \m_axi_awaddr [13]
Add axi4lite_arbiter_top/$auto$insbuf.cc:97:execute$24203: \m_axi_awaddr [46] -> \m_axi_awaddr [14]
Add axi4lite_arbiter_top/$auto$insbuf.cc:97:execute$24204: \m_axi_awaddr [47] -> \m_axi_awaddr [15]
Add axi4lite_arbiter_top/$auto$insbuf.cc:97:execute$24205: \m_axi_awaddr [48] -> \m_axi_awaddr [16]
Add axi4lite_arbiter_top/$auto$insbuf.cc:97:execute$24206: \m_axi_awaddr [49] -> \m_axi_awaddr [17]
Add axi4lite_arbiter_top/$auto$insbuf.cc:97:execute$24207: \m_axi_awaddr [50] -> \m_axi_awaddr [18]
Add axi4lite_arbiter_top/$auto$insbuf.cc:97:execute$24208: \m_axi_awaddr [51] -> \m_axi_awaddr [19]
Add axi4lite_arbiter_top/$auto$insbuf.cc:97:execute$24209: \m_axi_awaddr [52] -> \m_axi_awaddr [20]
Add axi4lite_arbiter_top/$auto$insbuf.cc:97:execute$24210: \m_axi_awaddr [53] -> \m_axi_awaddr [21]
Add axi4lite_arbiter_top/$auto$insbuf.cc:97:execute$24211: \m_axi_awaddr [54] -> \m_axi_awaddr [22]
Add axi4lite_arbiter_top/$auto$insbuf.cc:97:execute$24212: \m_axi_awaddr [55] -> \m_axi_awaddr [23]
Add axi4lite_arbiter_top/$auto$insbuf.cc:97:execute$24213: \m_axi_awaddr [56] -> \m_axi_awaddr [24]
Add axi4lite_arbiter_top/$auto$insbuf.cc:97:execute$24214: \m_axi_awaddr [57] -> \m_axi_awaddr [25]
Add axi4lite_arbiter_top/$auto$insbuf.cc:97:execute$24215: \m_axi_awaddr [58] -> \m_axi_awaddr [26]
Add axi4lite_arbiter_top/$auto$insbuf.cc:97:execute$24216: \m_axi_awaddr [59] -> \m_axi_awaddr [27]
Add axi4lite_arbiter_top/$auto$insbuf.cc:97:execute$24217: \m_axi_awaddr [60] -> \m_axi_awaddr [28]
Add axi4lite_arbiter_top/$auto$insbuf.cc:97:execute$24218: \m_axi_awaddr [61] -> \m_axi_awaddr [29]
Add axi4lite_arbiter_top/$auto$insbuf.cc:97:execute$24219: \m_axi_awaddr [62] -> \m_axi_awaddr [30]
Add axi4lite_arbiter_top/$auto$insbuf.cc:97:execute$24220: \m_axi_awaddr [63] -> \m_axi_awaddr [31]
Add axi4lite_arbiter_top/$auto$insbuf.cc:97:execute$24221: \m_axi_awprot [3] -> \m_axi_awprot [0]
Add axi4lite_arbiter_top/$auto$insbuf.cc:97:execute$24222: \m_axi_awprot [4] -> \m_axi_awprot [1]
Add axi4lite_arbiter_top/$auto$insbuf.cc:97:execute$24223: \m_axi_awprot [5] -> \m_axi_awprot [2]
Add axi4lite_arbiter_top/$auto$insbuf.cc:97:execute$24224: \m_axi_wdata [32] -> \m_axi_wdata [0]
Add axi4lite_arbiter_top/$auto$insbuf.cc:97:execute$24225: \m_axi_wdata [33] -> \m_axi_wdata [1]
Add axi4lite_arbiter_top/$auto$insbuf.cc:97:execute$24226: \m_axi_wdata [34] -> \m_axi_wdata [2]
Add axi4lite_arbiter_top/$auto$insbuf.cc:97:execute$24227: \m_axi_wdata [35] -> \m_axi_wdata [3]
Add axi4lite_arbiter_top/$auto$insbuf.cc:97:execute$24228: \m_axi_wdata [36] -> \m_axi_wdata [4]
Add axi4lite_arbiter_top/$auto$insbuf.cc:97:execute$24229: \m_axi_wdata [37] -> \m_axi_wdata [5]
Add axi4lite_arbiter_top/$auto$insbuf.cc:97:execute$24230: \m_axi_wdata [38] -> \m_axi_wdata [6]
Add axi4lite_arbiter_top/$auto$insbuf.cc:97:execute$24231: \m_axi_wdata [39] -> \m_axi_wdata [7]
Add axi4lite_arbiter_top/$auto$insbuf.cc:97:execute$24232: \m_axi_wdata [40] -> \m_axi_wdata [8]
Add axi4lite_arbiter_top/$auto$insbuf.cc:97:execute$24233: \m_axi_wdata [41] -> \m_axi_wdata [9]
Add axi4lite_arbiter_top/$auto$insbuf.cc:97:execute$24234: \m_axi_wdata [42] -> \m_axi_wdata [10]
Add axi4lite_arbiter_top/$auto$insbuf.cc:97:execute$24235: \m_axi_wdata [43] -> \m_axi_wdata [11]
Add axi4lite_arbiter_top/$auto$insbuf.cc:97:execute$24236: \m_axi_wdata [44] -> \m_axi_wdata [12]
Add axi4lite_arbiter_top/$auto$insbuf.cc:97:execute$24237: \m_axi_wdata [45] -> \m_axi_wdata [13]
Add axi4lite_arbiter_top/$auto$insbuf.cc:97:execute$24238: \m_axi_wdata [46] -> \m_axi_wdata [14]
Add axi4lite_arbiter_top/$auto$insbuf.cc:97:execute$24239: \m_axi_wdata [47] -> \m_axi_wdata [15]
Add axi4lite_arbiter_top/$auto$insbuf.cc:97:execute$24240: \m_axi_wdata [48] -> \m_axi_wdata [16]
Add axi4lite_arbiter_top/$auto$insbuf.cc:97:execute$24241: \m_axi_wdata [49] -> \m_axi_wdata [17]
Add axi4lite_arbiter_top/$auto$insbuf.cc:97:execute$24242: \m_axi_wdata [50] -> \m_axi_wdata [18]
Add axi4lite_arbiter_top/$auto$insbuf.cc:97:execute$24243: \m_axi_wdata [51] -> \m_axi_wdata [19]
Add axi4lite_arbiter_top/$auto$insbuf.cc:97:execute$24244: \m_axi_wdata [52] -> \m_axi_wdata [20]
Add axi4lite_arbiter_top/$auto$insbuf.cc:97:execute$24245: \m_axi_wdata [53] -> \m_axi_wdata [21]
Add axi4lite_arbiter_top/$auto$insbuf.cc:97:execute$24246: \m_axi_wdata [54] -> \m_axi_wdata [22]
Add axi4lite_arbiter_top/$auto$insbuf.cc:97:execute$24247: \m_axi_wdata [55] -> \m_axi_wdata [23]
Add axi4lite_arbiter_top/$auto$insbuf.cc:97:execute$24248: \m_axi_wdata [56] -> \m_axi_wdata [24]
Add axi4lite_arbiter_top/$auto$insbuf.cc:97:execute$24249: \m_axi_wdata [57] -> \m_axi_wdata [25]
Add axi4lite_arbiter_top/$auto$insbuf.cc:97:execute$24250: \m_axi_wdata [58] -> \m_axi_wdata [26]
Add axi4lite_arbiter_top/$auto$insbuf.cc:97:execute$24251: \m_axi_wdata [59] -> \m_axi_wdata [27]
Add axi4lite_arbiter_top/$auto$insbuf.cc:97:execute$24252: \m_axi_wdata [60] -> \m_axi_wdata [28]
Add axi4lite_arbiter_top/$auto$insbuf.cc:97:execute$24253: \m_axi_wdata [61] -> \m_axi_wdata [29]
Add axi4lite_arbiter_top/$auto$insbuf.cc:97:execute$24254: \m_axi_wdata [62] -> \m_axi_wdata [30]
Add axi4lite_arbiter_top/$auto$insbuf.cc:97:execute$24255: \m_axi_wdata [63] -> \m_axi_wdata [31]
Add axi4lite_arbiter_top/$auto$insbuf.cc:97:execute$24256: \m_axi_wstrb [4] -> \m_axi_wstrb [0]
Add axi4lite_arbiter_top/$auto$insbuf.cc:97:execute$24257: \m_axi_wstrb [5] -> \m_axi_wstrb [1]
Add axi4lite_arbiter_top/$auto$insbuf.cc:97:execute$24258: \m_axi_wstrb [6] -> \m_axi_wstrb [2]
Add axi4lite_arbiter_top/$auto$insbuf.cc:97:execute$24259: \m_axi_wstrb [7] -> \m_axi_wstrb [3]

60. Executing CHECK pass (checking for obvious problems).
Checking module axi4lite_arbiter_top...
Found and reported 0 problems.
{
   "creator": "Yosys 0.38 (git sha1 543faed9c8c, clang++ 16.0.6 -fPIC -Os)",
   "invocation": "stat -json -liberty /work/openlane/runs/RUN_2026-08-29_00-36-26/tmp/e23a3c9120c84408a959379b819bc9f2.lib ",
   "modules": {
      "\\axi4lite_arbiter_top": {
         "num_wires":         3685,
         "num_wire_bits":     4585,
         "num_pub_wires":     456,
         "num_pub_wire_bits": 1356,
         "num_memories":      0,
         "num_memory_bits":   0,
         "num_processes":     0,
         "num_cells":         4024,
         "area":              39252.646400,
         "num_cells_by_type": {
            "sky130_fd_sc_hd__a2111o_2": 2,
            "sky130_fd_sc_hd__a211o_2": 12,
            "sky130_fd_sc_hd__a211oi_2": 1,
            "sky130_fd_sc_hd__a21bo_2": 8,
            "sky130_fd_sc_hd__a21boi_2": 2,
            "sky130_fd_sc_hd__a21o_2": 121,
            "sky130_fd_sc_hd__a21oi_2": 48,
            "sky130_fd_sc_hd__a221o_2": 5,
            "sky130_fd_sc_hd__a22o_2": 22,
            "sky130_fd_sc_hd__a22oi_2": 5,
            "sky130_fd_sc_hd__a2bb2o_2": 1,
            "sky130_fd_sc_hd__a311o_2": 5,
            "sky130_fd_sc_hd__a31o_2": 88,
            "sky130_fd_sc_hd__a32o_2": 20,
            "sky130_fd_sc_hd__a41o_2": 2,
            "sky130_fd_sc_hd__and2_2": 39,
            "sky130_fd_sc_hd__and2_4": 3,
            "sky130_fd_sc_hd__and2b_2": 3,
            "sky130_fd_sc_hd__and3_2": 37,
            "sky130_fd_sc_hd__and4_2": 1,
            "sky130_fd_sc_hd__buf_1": 416,
            "sky130_fd_sc_hd__buf_2": 174,
            "sky130_fd_sc_hd__buf_4": 13,
            "sky130_fd_sc_hd__buf_6": 20,
            "sky130_fd_sc_hd__buf_8": 1,
            "sky130_fd_sc_hd__dfrtp_2": 508,
            "sky130_fd_sc_hd__dfstp_2": 11,
            "sky130_fd_sc_hd__inv_2": 290,
            "sky130_fd_sc_hd__inv_4": 10,
            "sky130_fd_sc_hd__inv_6": 1,
            "sky130_fd_sc_hd__mux2_2": 323,
            "sky130_fd_sc_hd__mux2_4": 16,
            "sky130_fd_sc_hd__nand2_2": 684,
            "sky130_fd_sc_hd__nand2_4": 8,
            "sky130_fd_sc_hd__nand2b_2": 1,
            "sky130_fd_sc_hd__nand3_2": 191,
            "sky130_fd_sc_hd__nand3_4": 3,
            "sky130_fd_sc_hd__nand3b_2": 76,
            "sky130_fd_sc_hd__nand3b_4": 1,
            "sky130_fd_sc_hd__nor2_2": 341,
            "sky130_fd_sc_hd__nor2_4": 11,
            "sky130_fd_sc_hd__nor2_8": 6,
            "sky130_fd_sc_hd__nor2b_2": 1,
            "sky130_fd_sc_hd__nor3_2": 11,
            "sky130_fd_sc_hd__nor3_4": 1,
            "sky130_fd_sc_hd__nor3b_2": 2,
            "sky130_fd_sc_hd__o2111a_2": 8,
            "sky130_fd_sc_hd__o211a_2": 55,
            "sky130_fd_sc_hd__o211ai_2": 6,
            "sky130_fd_sc_hd__o21a_2": 19,
            "sky130_fd_sc_hd__o21ai_2": 121,
            "sky130_fd_sc_hd__o21ai_4": 13,
            "sky130_fd_sc_hd__o21ba_2": 16,
            "sky130_fd_sc_hd__o21bai_2": 5,
            "sky130_fd_sc_hd__o22a_2": 37,
            "sky130_fd_sc_hd__o22a_4": 6,
            "sky130_fd_sc_hd__o22ai_2": 3,
            "sky130_fd_sc_hd__o311a_2": 10,
            "sky130_fd_sc_hd__o31a_2": 14,
            "sky130_fd_sc_hd__or2_2": 141,
            "sky130_fd_sc_hd__or2_4": 8,
            "sky130_fd_sc_hd__or2b_2": 1,
            "sky130_fd_sc_hd__or3_2": 10,
            "sky130_fd_sc_hd__or3_4": 2,
            "sky130_fd_sc_hd__or3b_2": 2,
            "sky130_fd_sc_hd__xnor2_2": 1,
            "sky130_fd_sc_hd__xor2_2": 1
         }
      }
   },
      "design": {
         "num_wires":         3685,
         "num_wire_bits":     4585,
         "num_pub_wires":     456,
         "num_pub_wire_bits": 1356,
         "num_memories":      0,
         "num_memory_bits":   0,
         "num_processes":     0,
         "num_cells":         4024,
         "area":              39252.646400,
         "num_cells_by_type": {
            "sky130_fd_sc_hd__a2111o_2": 2,
            "sky130_fd_sc_hd__a211o_2": 12,
            "sky130_fd_sc_hd__a211oi_2": 1,
            "sky130_fd_sc_hd__a21bo_2": 8,
            "sky130_fd_sc_hd__a21boi_2": 2,
            "sky130_fd_sc_hd__a21o_2": 121,
            "sky130_fd_sc_hd__a21oi_2": 48,
            "sky130_fd_sc_hd__a221o_2": 5,
            "sky130_fd_sc_hd__a22o_2": 22,
            "sky130_fd_sc_hd__a22oi_2": 5,
            "sky130_fd_sc_hd__a2bb2o_2": 1,
            "sky130_fd_sc_hd__a311o_2": 5,
            "sky130_fd_sc_hd__a31o_2": 88,
            "sky130_fd_sc_hd__a32o_2": 20,
            "sky130_fd_sc_hd__a41o_2": 2,
            "sky130_fd_sc_hd__and2_2": 39,
            "sky130_fd_sc_hd__and2_4": 3,
            "sky130_fd_sc_hd__and2b_2": 3,
            "sky130_fd_sc_hd__and3_2": 37,
            "sky130_fd_sc_hd__and4_2": 1,
            "sky130_fd_sc_hd__buf_1": 416,
            "sky130_fd_sc_hd__buf_2": 174,
            "sky130_fd_sc_hd__buf_4": 13,
            "sky130_fd_sc_hd__buf_6": 20,
            "sky130_fd_sc_hd__buf_8": 1,
            "sky130_fd_sc_hd__dfrtp_2": 508,
            "sky130_fd_sc_hd__dfstp_2": 11,
            "sky130_fd_sc_hd__inv_2": 290,
            "sky130_fd_sc_hd__inv_4": 10,
            "sky130_fd_sc_hd__inv_6": 1,
            "sky130_fd_sc_hd__mux2_2": 323,
            "sky130_fd_sc_hd__mux2_4": 16,
            "sky130_fd_sc_hd__nand2_2": 684,
            "sky130_fd_sc_hd__nand2_4": 8,
            "sky130_fd_sc_hd__nand2b_2": 1,
            "sky130_fd_sc_hd__nand3_2": 191,
            "sky130_fd_sc_hd__nand3_4": 3,
            "sky130_fd_sc_hd__nand3b_2": 76,
            "sky130_fd_sc_hd__nand3b_4": 1,
            "sky130_fd_sc_hd__nor2_2": 341,
            "sky130_fd_sc_hd__nor2_4": 11,
            "sky130_fd_sc_hd__nor2_8": 6,
            "sky130_fd_sc_hd__nor2b_2": 1,
            "sky130_fd_sc_hd__nor3_2": 11,
            "sky130_fd_sc_hd__nor3_4": 1,
            "sky130_fd_sc_hd__nor3b_2": 2,
            "sky130_fd_sc_hd__o2111a_2": 8,
            "sky130_fd_sc_hd__o211a_2": 55,
            "sky130_fd_sc_hd__o211ai_2": 6,
            "sky130_fd_sc_hd__o21a_2": 19,
            "sky130_fd_sc_hd__o21ai_2": 121,
            "sky130_fd_sc_hd__o21ai_4": 13,
            "sky130_fd_sc_hd__o21ba_2": 16,
            "sky130_fd_sc_hd__o21bai_2": 5,
            "sky130_fd_sc_hd__o22a_2": 37,
            "sky130_fd_sc_hd__o22a_4": 6,
            "sky130_fd_sc_hd__o22ai_2": 3,
            "sky130_fd_sc_hd__o311a_2": 10,
            "sky130_fd_sc_hd__o31a_2": 14,
            "sky130_fd_sc_hd__or2_2": 141,
            "sky130_fd_sc_hd__or2_4": 8,
            "sky130_fd_sc_hd__or2b_2": 1,
            "sky130_fd_sc_hd__or3_2": 10,
            "sky130_fd_sc_hd__or3_4": 2,
            "sky130_fd_sc_hd__or3b_2": 2,
            "sky130_fd_sc_hd__xnor2_2": 1,
            "sky130_fd_sc_hd__xor2_2": 1
         }
      }
}

61. Printing statistics.

=== axi4lite_arbiter_top ===

   Number of wires:               3685
   Number of wire bits:           4585
   Number of public wires:         456
   Number of public wire bits:    1356
   Number of memories:               0
   Number of memory bits:            0
   Number of processes:              0
   Number of cells:               4024
     sky130_fd_sc_hd__a2111o_2       2
     sky130_fd_sc_hd__a211o_2       12
     sky130_fd_sc_hd__a211oi_2       1
     sky130_fd_sc_hd__a21bo_2        8
     sky130_fd_sc_hd__a21boi_2       2
     sky130_fd_sc_hd__a21o_2       121
     sky130_fd_sc_hd__a21oi_2       48
     sky130_fd_sc_hd__a221o_2        5
     sky130_fd_sc_hd__a22o_2        22
     sky130_fd_sc_hd__a22oi_2        5
     sky130_fd_sc_hd__a2bb2o_2       1
     sky130_fd_sc_hd__a311o_2        5
     sky130_fd_sc_hd__a31o_2        88
     sky130_fd_sc_hd__a32o_2        20
     sky130_fd_sc_hd__a41o_2         2
     sky130_fd_sc_hd__and2_2        39
     sky130_fd_sc_hd__and2_4         3
     sky130_fd_sc_hd__and2b_2        3
     sky130_fd_sc_hd__and3_2        37
     sky130_fd_sc_hd__and4_2         1
     sky130_fd_sc_hd__buf_1        416
     sky130_fd_sc_hd__buf_2        174
     sky130_fd_sc_hd__buf_4         13
     sky130_fd_sc_hd__buf_6         20
     sky130_fd_sc_hd__buf_8          1
     sky130_fd_sc_hd__dfrtp_2      508
     sky130_fd_sc_hd__dfstp_2       11
     sky130_fd_sc_hd__inv_2        290
     sky130_fd_sc_hd__inv_4         10
     sky130_fd_sc_hd__inv_6          1
     sky130_fd_sc_hd__mux2_2       323
     sky130_fd_sc_hd__mux2_4        16
     sky130_fd_sc_hd__nand2_2      684
     sky130_fd_sc_hd__nand2_4        8
     sky130_fd_sc_hd__nand2b_2       1
     sky130_fd_sc_hd__nand3_2      191
     sky130_fd_sc_hd__nand3_4        3
     sky130_fd_sc_hd__nand3b_2      76
     sky130_fd_sc_hd__nand3b_4       1
     sky130_fd_sc_hd__nor2_2       341
     sky130_fd_sc_hd__nor2_4        11
     sky130_fd_sc_hd__nor2_8         6
     sky130_fd_sc_hd__nor2b_2        1
     sky130_fd_sc_hd__nor3_2        11
     sky130_fd_sc_hd__nor3_4         1
     sky130_fd_sc_hd__nor3b_2        2
     sky130_fd_sc_hd__o2111a_2       8
     sky130_fd_sc_hd__o211a_2       55
     sky130_fd_sc_hd__o211ai_2       6
     sky130_fd_sc_hd__o21a_2        19
     sky130_fd_sc_hd__o21ai_2      121
     sky130_fd_sc_hd__o21ai_4       13
     sky130_fd_sc_hd__o21ba_2       16
     sky130_fd_sc_hd__o21bai_2       5
     sky130_fd_sc_hd__o22a_2        37
     sky130_fd_sc_hd__o22a_4         6
     sky130_fd_sc_hd__o22ai_2        3
     sky130_fd_sc_hd__o311a_2       10
     sky130_fd_sc_hd__o31a_2        14
     sky130_fd_sc_hd__or2_2        141
     sky130_fd_sc_hd__or2_4          8
     sky130_fd_sc_hd__or2b_2         1
     sky130_fd_sc_hd__or3_2         10
     sky130_fd_sc_hd__or3_4          2
     sky130_fd_sc_hd__or3b_2         2
     sky130_fd_sc_hd__xnor2_2        1
     sky130_fd_sc_hd__xor2_2         1

   Chip area for module '\axi4lite_arbiter_top': 39252.646400

62. Executing Verilog backend.
Dumping module `\axi4lite_arbiter_top'.

63. Executing JSON backend.

Warnings: 2 unique messages, 2 total
End of script. Logfile hash: 509f859ff9, CPU: user 1.79s system 0.12s, MEM: 178.09 MB peak
Yosys 0.38 (git sha1 543faed9c8c, clang++ 16.0.6 -fPIC -Os)
Time spent: 34% 2x abc (0 sec), 13% 42x opt_expr (0 sec), ...
