Net: _1308_
  Pin: _5695_/S (sky130_fd_sc_hd__mux2_1)
    Layer: met2
      Partial area ratio:   55.98
      Required ratio:    0.00 (Gate area) 
      Partial area ratio:  280.72
      Required ratio: 3872.32 (Side area) 
      Cumulative area ratio:  153.88
      Required ratio:    0.00 (Cumulative area) 
      Cumulative area ratio:  775.28
      Required ratio:    0.00 (Cumulative side area) 

    Layer: met1
      Partial area ratio:   97.90
      Required ratio:    0.00 (Gate area) 
      Partial area ratio:  494.56
      Required ratio:  400.00 (Side area) (VIOLATED)
      Cumulative area ratio:   97.90
      Required ratio:    0.00 (Cumulative area) 
      Cumulative area ratio:  494.56
      Required ratio:    0.00 (Cumulative side area) 

    Layer: li1
      Partial area ratio:    0.00
      Required ratio:    0.00 (Gate area) 
      Partial area ratio:    0.00
      Required ratio:   75.00 (Side area) 
      Cumulative area ratio:    0.00
      Required ratio:    0.00 (Cumulative area) 
      Cumulative area ratio:    0.00
      Required ratio:    0.00 (Cumulative side area) 

    Layer: met3
      Partial area ratio:    0.69
      Required ratio:    0.00 (Gate area) 
      Partial area ratio:    3.89
      Required ratio: 3872.32 (Side area) 
      Cumulative area ratio:  154.57
      Required ratio:    0.00 (Cumulative area) 
      Cumulative area ratio:  779.17
      Required ratio:    0.00 (Cumulative side area) 

    Via: M2M3_PR
      Partial area ratio:    0.02
      Required ratio:    6.00 (Gate area) 
      Cumulative area ratio:    0.31
      Required ratio:    0.00 (Cumulative area) 

    Via: M1M2_PR
      Partial area ratio:    0.18
      Required ratio:    6.00 (Gate area) 
      Cumulative area ratio:    0.29
      Required ratio:    0.00 (Cumulative area) 

    Via: L1M1_PR_MR
      Partial area ratio:    0.11
      Required ratio:    3.00 (Gate area) 
      Cumulative area ratio:    0.11
      Required ratio:    0.00 (Cumulative area) 

  Pin: _5689_/S (sky130_fd_sc_hd__mux2_1)
    Layer: met2
      Partial area ratio:   55.98
      Required ratio:    0.00 (Gate area) 
      Partial area ratio:  280.72
      Required ratio: 3872.32 (Side area) 
      Cumulative area ratio:  156.01
      Required ratio:    0.00 (Cumulative area) 
      Cumulative area ratio:  786.72
      Required ratio:    0.00 (Cumulative side area) 

    Layer: met1
      Partial area ratio:    2.13
      Required ratio:    0.00 (Gate area) 
      Partial area ratio:   11.44
      Required ratio:  400.00 (Side area) 
      Cumulative area ratio:    2.13
      Required ratio:    0.00 (Cumulative area) 
      Cumulative area ratio:   11.44
      Required ratio:    0.00 (Cumulative side area) 

    Layer: li1
      Partial area ratio:    0.00
      Required ratio:    0.00 (Gate area) 
      Partial area ratio:    0.00
      Required ratio:   75.00 (Side area) 
      Cumulative area ratio:    0.00
      Required ratio:    0.00 (Cumulative area) 
      Cumulative area ratio:    0.00
      Required ratio:    0.00 (Cumulative side area) 

    Layer: met3
      Partial area ratio:    0.69
      Required ratio:    0.00 (Gate area) 
      Partial area ratio:    3.89
      Required ratio: 3872.32 (Side area) 
      Cumulative area ratio:  156.71
      Required ratio:    0.00 (Cumulative area) 
      Cumulative area ratio:  790.61
      Required ratio:    0.00 (Cumulative side area) 

    Via: M2M3_PR
      Partial area ratio:    0.02
      Required ratio:    6.00 (Gate area) 
      Cumulative area ratio:    0.49
      Required ratio:    0.00 (Cumulative area) 

    Via: M1M2_PR
      Partial area ratio:    0.18
      Required ratio:    6.00 (Gate area) 
      Cumulative area ratio:    0.29
      Required ratio:    0.00 (Cumulative area) 

    Via: L1M1_PR_MR
      Partial area ratio:    0.11
      Required ratio:    3.00 (Gate area) 
      Cumulative area ratio:    0.11
      Required ratio:    0.00 (Cumulative area) 

  Pin: _5693_/S (sky130_fd_sc_hd__mux2_1)
    Layer: met2
      Partial area ratio:   55.98
      Required ratio:    0.00 (Gate area) 
      Partial area ratio:  280.72
      Required ratio: 3872.32 (Side area) 
      Cumulative area ratio:  156.60
      Required ratio:    0.00 (Cumulative area) 
      Cumulative area ratio:  790.05
      Required ratio:    0.00 (Cumulative side area) 

    Layer: met1
      Partial area ratio:    0.59
      Required ratio:    0.00 (Gate area) 
      Partial area ratio:    3.33
      Required ratio:  400.00 (Side area) 
      Cumulative area ratio:    0.59
      Required ratio:    0.00 (Cumulative area) 
      Cumulative area ratio:    3.33
      Required ratio:    0.00 (Cumulative side area) 

    Layer: li1
      Partial area ratio:    0.00
      Required ratio:    0.00 (Gate area) 
      Partial area ratio:    0.00
      Required ratio:   75.00 (Side area) 
      Cumulative area ratio:    0.00
      Required ratio:    0.00 (Cumulative area) 
      Cumulative area ratio:    0.00
      Required ratio:    0.00 (Cumulative side area) 

    Layer: met3
      Partial area ratio:    0.69
      Required ratio:    0.00 (Gate area) 
      Partial area ratio:    3.89
      Required ratio: 3872.32 (Side area) 
      Cumulative area ratio:  157.29
      Required ratio:    0.00 (Cumulative area) 
      Cumulative area ratio:  793.95
      Required ratio:    0.00 (Cumulative side area) 

    Via: M2M3_PR
      Partial area ratio:    0.02
      Required ratio:    6.00 (Gate area) 
      Cumulative area ratio:    0.58
      Required ratio:    0.00 (Cumulative area) 

    Via: M1M2_PR
      Partial area ratio:    0.09
      Required ratio:    6.00 (Gate area) 
      Cumulative area ratio:    0.20
      Required ratio:    0.00 (Cumulative area) 

    Via: L1M1_PR_MR
      Partial area ratio:    0.11
      Required ratio:    3.00 (Gate area) 
      Cumulative area ratio:    0.11
      Required ratio:    0.00 (Cumulative area) 

  Pin: _4079_/A2 (sky130_fd_sc_hd__a22o_1)
    Layer: met2
      Partial area ratio:   55.98
      Required ratio:    0.00 (Gate area) 
      Partial area ratio:  280.72
      Required ratio: 3872.32 (Side area) 
      Cumulative area ratio:   55.98
      Required ratio:    0.00 (Cumulative area) 
      Cumulative area ratio:  280.72
      Required ratio:    0.00 (Cumulative side area) 

    Layer: met1
      Partial area ratio:    0.00
      Required ratio:    0.00 (Gate area) 
      Partial area ratio:    0.00
      Required ratio:  400.00 (Side area) 
      Cumulative area ratio:    0.00
      Required ratio:    0.00 (Cumulative area) 
      Cumulative area ratio:    0.00
      Required ratio:    0.00 (Cumulative side area) 

    Layer: li1
      Partial area ratio:    0.00
      Required ratio:    0.00 (Gate area) 
      Partial area ratio:    0.00
      Required ratio:   75.00 (Side area) 
      Cumulative area ratio:    0.00
      Required ratio:    0.00 (Cumulative area) 
      Cumulative area ratio:    0.00
      Required ratio:    0.00 (Cumulative side area) 

    Layer: met3
      Partial area ratio:    0.69
      Required ratio:    0.00 (Gate area) 
      Partial area ratio:    3.89
      Required ratio: 3872.32 (Side area) 
      Cumulative area ratio:   56.67
      Required ratio:    0.00 (Cumulative area) 
      Cumulative area ratio:  284.61
      Required ratio:    0.00 (Cumulative side area) 

    Via: M2M3_PR
      Partial area ratio:    0.02
      Required ratio:    6.00 (Gate area) 
      Cumulative area ratio:    0.23
      Required ratio:    0.00 (Cumulative area) 

    Via: M1M2_PR
      Partial area ratio:    0.09
      Required ratio:    6.00 (Gate area) 
      Cumulative area ratio:    0.21
      Required ratio:    0.00 (Cumulative area) 

    Via: L1M1_PR_MR
      Partial area ratio:    0.12
      Required ratio:    3.00 (Gate area) 
      Cumulative area ratio:    0.12
      Required ratio:    0.00 (Cumulative area) 

  Pin: _5691_/S (sky130_fd_sc_hd__mux2_1)
    Layer: met2
      Partial area ratio:   55.98
      Required ratio:    0.00 (Gate area) 
      Partial area ratio:  280.72
      Required ratio: 3872.32 (Side area) 
      Cumulative area ratio:   60.99
      Required ratio:    0.00 (Cumulative area) 
      Cumulative area ratio:  306.55
      Required ratio:    0.00 (Cumulative side area) 

    Layer: met1
      Partial area ratio:    5.01
      Required ratio:    0.00 (Gate area) 
      Partial area ratio:   25.83
      Required ratio:  400.00 (Side area) 
      Cumulative area ratio:    5.01
      Required ratio:    0.00 (Cumulative area) 
      Cumulative area ratio:   25.83
      Required ratio:    0.00 (Cumulative side area) 

    Layer: li1
      Partial area ratio:    0.00
      Required ratio:    0.00 (Gate area) 
      Partial area ratio:    0.00
      Required ratio:   75.00 (Side area) 
      Cumulative area ratio:    0.00
      Required ratio:    0.00 (Cumulative area) 
      Cumulative area ratio:    0.00
      Required ratio:    0.00 (Cumulative side area) 

    Layer: met3
      Partial area ratio:    0.69
      Required ratio:    0.00 (Gate area) 
      Partial area ratio:    3.89
      Required ratio: 3872.32 (Side area) 
      Cumulative area ratio:   61.68
      Required ratio:    0.00 (Cumulative area) 
      Cumulative area ratio:  310.45
      Required ratio:    0.00 (Cumulative side area) 

    Via: M2M3_PR
      Partial area ratio:    0.02
      Required ratio:    6.00 (Gate area) 
      Cumulative area ratio:    0.31
      Required ratio:    0.00 (Cumulative area) 

    Via: M1M2_PR
      Partial area ratio:    0.18
      Required ratio:    6.00 (Gate area) 
      Cumulative area ratio:    0.29
      Required ratio:    0.00 (Cumulative area) 

    Via: L1M1_PR_MR
      Partial area ratio:    0.11
      Required ratio:    3.00 (Gate area) 
      Cumulative area ratio:    0.11
      Required ratio:    0.00 (Cumulative area) 

  Pin: _5781_/S (sky130_fd_sc_hd__mux2_1)
    Layer: met2
      Partial area ratio:   55.98
      Required ratio:    0.00 (Gate area) 
      Partial area ratio:  280.72
      Required ratio: 3872.32 (Side area) 
      Cumulative area ratio:   95.17
      Required ratio:    0.00 (Cumulative area) 
      Cumulative area ratio:  478.41
      Required ratio:    0.00 (Cumulative side area) 

    Layer: met1
      Partial area ratio:   34.18
      Required ratio:    0.00 (Gate area) 
      Partial area ratio:  171.86
      Required ratio:  400.00 (Side area) 
      Cumulative area ratio:   34.18
      Required ratio:    0.00 (Cumulative area) 
      Cumulative area ratio:  171.86
      Required ratio:    0.00 (Cumulative side area) 

    Layer: li1
      Partial area ratio:    0.00
      Required ratio:    0.00 (Gate area) 
      Partial area ratio:    0.00
      Required ratio:   75.00 (Side area) 
      Cumulative area ratio:    0.00
      Required ratio:    0.00 (Cumulative area) 
      Cumulative area ratio:    0.00
      Required ratio:    0.00 (Cumulative side area) 

    Layer: met3
      Partial area ratio:    0.69
      Required ratio:    0.00 (Gate area) 
      Partial area ratio:    3.89
      Required ratio: 3872.32 (Side area) 
      Cumulative area ratio:   95.86
      Required ratio:    0.00 (Cumulative area) 
      Cumulative area ratio:  482.31
      Required ratio:    0.00 (Cumulative side area) 

    Via: M2M3_PR
      Partial area ratio:    0.02
      Required ratio:    6.00 (Gate area) 
      Cumulative area ratio:    0.40
      Required ratio:    0.00 (Cumulative area) 

    Via: M1M2_PR
      Partial area ratio:    0.09
      Required ratio:    6.00 (Gate area) 
      Cumulative area ratio:    0.20
      Required ratio:    0.00 (Cumulative area) 

    Via: L1M1_PR_MR
      Partial area ratio:    0.11
      Required ratio:    3.00 (Gate area) 
      Cumulative area ratio:    0.11
      Required ratio:    0.00 (Cumulative area) 

  Pin: _5779_/S (sky130_fd_sc_hd__mux2_1)
    Layer: met3
      Partial area ratio:    0.69
      Required ratio:    0.00 (Gate area) 
      Partial area ratio:    3.89
      Required ratio: 3872.32 (Side area) 
      Cumulative area ratio:    1.67
      Required ratio:    0.00 (Cumulative area) 
      Cumulative area ratio:    9.16
      Required ratio:    0.00 (Cumulative side area) 

    Layer: met2
      Partial area ratio:    0.98
      Required ratio:    0.00 (Gate area) 
      Partial area ratio:    5.26
      Required ratio:  400.00 (Side area) 
      Cumulative area ratio:    0.98
      Required ratio:    0.00 (Cumulative area) 
      Cumulative area ratio:    5.26
      Required ratio:    0.00 (Cumulative side area) 

    Layer: met1
      Partial area ratio:    0.00
      Required ratio:    0.00 (Gate area) 
      Partial area ratio:    0.00
      Required ratio:  400.00 (Side area) 
      Cumulative area ratio:    0.00
      Required ratio:    0.00 (Cumulative area) 
      Cumulative area ratio:    0.00
      Required ratio:    0.00 (Cumulative side area) 

    Layer: li1
      Partial area ratio:    0.00
      Required ratio:    0.00 (Gate area) 
      Partial area ratio:    0.00
      Required ratio:   75.00 (Side area) 
      Cumulative area ratio:    0.00
      Required ratio:    0.00 (Cumulative area) 
      Cumulative area ratio:    0.00
      Required ratio:    0.00 (Cumulative side area) 

    Via: M2M3_PR
      Partial area ratio:    0.08
      Required ratio:    6.00 (Gate area) 
      Cumulative area ratio:    0.28
      Required ratio:    0.00 (Cumulative area) 

    Via: M1M2_PR
      Partial area ratio:    0.09
      Required ratio:    6.00 (Gate area) 
      Cumulative area ratio:    0.20
      Required ratio:    0.00 (Cumulative area) 

    Via: L1M1_PR_MR
      Partial area ratio:    0.11
      Required ratio:    3.00 (Gate area) 
      Cumulative area ratio:    0.11
      Required ratio:    0.00 (Cumulative area) 

  Pin: _5783_/S (sky130_fd_sc_hd__mux2_1)
    Layer: met3
      Partial area ratio:    0.69
      Required ratio:    0.00 (Gate area) 
      Partial area ratio:    3.89
      Required ratio: 3872.32 (Side area) 
      Cumulative area ratio:    7.11
      Required ratio:    0.00 (Cumulative area) 
      Cumulative area ratio:   36.77
      Required ratio:    0.00 (Cumulative side area) 

    Layer: met2
      Partial area ratio:    0.98
      Required ratio:    0.00 (Gate area) 
      Partial area ratio:    5.26
      Required ratio:  400.00 (Side area) 
      Cumulative area ratio:    6.42
      Required ratio:    0.00 (Cumulative area) 
      Cumulative area ratio:   32.88
      Required ratio:    0.00 (Cumulative side area) 

    Layer: met1
      Partial area ratio:    5.44
      Required ratio:    0.00 (Gate area) 
      Partial area ratio:   27.61
      Required ratio:  400.00 (Side area) 
      Cumulative area ratio:    5.44
      Required ratio:    0.00 (Cumulative area) 
      Cumulative area ratio:   27.61
      Required ratio:    0.00 (Cumulative side area) 

    Layer: li1
      Partial area ratio:    0.00
      Required ratio:    0.00 (Gate area) 
      Partial area ratio:    0.00
      Required ratio:   75.00 (Side area) 
      Cumulative area ratio:    0.00
      Required ratio:    0.00 (Cumulative area) 
      Cumulative area ratio:    0.00
      Required ratio:    0.00 (Cumulative side area) 

    Via: M2M3_PR
      Partial area ratio:    0.08
      Required ratio:    6.00 (Gate area) 
      Cumulative area ratio:    0.28
      Required ratio:    0.00 (Cumulative area) 

    Via: M1M2_PR
      Partial area ratio:    0.09
      Required ratio:    6.00 (Gate area) 
      Cumulative area ratio:    0.20
      Required ratio:    0.00 (Cumulative area) 

    Via: L1M1_PR_MR
      Partial area ratio:    0.11
      Required ratio:    3.00 (Gate area) 
      Cumulative area ratio:    0.11
      Required ratio:    0.00 (Cumulative area) 

  Pin: _5785_/S (sky130_fd_sc_hd__mux2_1)
    Layer: met2
      Partial area ratio:   55.98
      Required ratio:    0.00 (Gate area) 
      Partial area ratio:  280.72
      Required ratio: 3872.32 (Side area) 
      Cumulative area ratio:  100.87
      Required ratio:    0.00 (Cumulative area) 
      Cumulative area ratio:  507.30
      Required ratio:    0.00 (Cumulative side area) 

    Layer: met1
      Partial area ratio:    5.70
      Required ratio:    0.00 (Gate area) 
      Partial area ratio:   28.89
      Required ratio:  400.00 (Side area) 
      Cumulative area ratio:    5.70
      Required ratio:    0.00 (Cumulative area) 
      Cumulative area ratio:   28.89
      Required ratio:    0.00 (Cumulative side area) 

    Layer: met3
      Partial area ratio:    0.69
      Required ratio:    0.00 (Gate area) 
      Partial area ratio:    3.89
      Required ratio: 3872.32 (Side area) 
      Cumulative area ratio:  101.56
      Required ratio:    0.00 (Cumulative area) 
      Cumulative area ratio:  511.20
      Required ratio:    0.00 (Cumulative side area) 

    Layer: li1
      Partial area ratio:    0.00
      Required ratio:    0.00 (Gate area) 
      Partial area ratio:    0.00
      Required ratio:   75.00 (Side area) 
      Cumulative area ratio:    0.00
      Required ratio:    0.00 (Cumulative area) 
      Cumulative area ratio:    0.00
      Required ratio:    0.00 (Cumulative side area) 

    Via: M2M3_PR
      Partial area ratio:    0.02
      Required ratio:    6.00 (Gate area) 
      Cumulative area ratio:    0.58
      Required ratio:    0.00 (Cumulative area) 

    Via: M1M2_PR
      Partial area ratio:    0.18
      Required ratio:    6.00 (Gate area) 
      Cumulative area ratio:    0.29
      Required ratio:    0.00 (Cumulative area) 

    Via: L1M1_PR_MR
      Partial area ratio:    0.11
      Required ratio:    3.00 (Gate area) 
      Cumulative area ratio:    0.11
      Required ratio:    0.00 (Cumulative area) 

  Pin: _5787_/S (sky130_fd_sc_hd__mux2_1)
    Layer: met2
      Partial area ratio:   55.98
      Required ratio:    0.00 (Gate area) 
      Partial area ratio:  280.72
      Required ratio: 3872.32 (Side area) 
      Cumulative area ratio:   95.17
      Required ratio:    0.00 (Cumulative area) 
      Cumulative area ratio:  478.41
      Required ratio:    0.00 (Cumulative side area) 

    Layer: met1
      Partial area ratio:   34.18
      Required ratio:    0.00 (Gate area) 
      Partial area ratio:  171.86
      Required ratio:  400.00 (Side area) 
      Cumulative area ratio:   34.18
      Required ratio:    0.00 (Cumulative area) 
      Cumulative area ratio:  171.86
      Required ratio:    0.00 (Cumulative side area) 

    Layer: met3
      Partial area ratio:    0.69
      Required ratio:    0.00 (Gate area) 
      Partial area ratio:    3.89
      Required ratio: 3872.32 (Side area) 
      Cumulative area ratio:   95.86
      Required ratio:    0.00 (Cumulative area) 
      Cumulative area ratio:  482.31
      Required ratio:    0.00 (Cumulative side area) 

    Layer: li1
      Partial area ratio:    0.00
      Required ratio:    0.00 (Gate area) 
      Partial area ratio:    0.00
      Required ratio:   75.00 (Side area) 
      Cumulative area ratio:    0.00
      Required ratio:    0.00 (Cumulative area) 
      Cumulative area ratio:    0.00
      Required ratio:    0.00 (Cumulative side area) 

    Via: M2M3_PR
      Partial area ratio:    0.02
      Required ratio:    6.00 (Gate area) 
      Cumulative area ratio:    0.40
      Required ratio:    0.00 (Cumulative area) 

    Via: M1M2_PR
      Partial area ratio:    0.09
      Required ratio:    6.00 (Gate area) 
      Cumulative area ratio:    0.20
      Required ratio:    0.00 (Cumulative area) 

    Via: L1M1_PR_MR
      Partial area ratio:    0.11
      Required ratio:    3.00 (Gate area) 
      Cumulative area ratio:    0.11
      Required ratio:    0.00 (Cumulative area) 


Net: _1488_
  Pin: _4429_/A (sky130_fd_sc_hd__nor2_8)
    Layer: met2
      Partial area ratio:   19.89
      Required ratio:    0.00 (Gate area) 
      Partial area ratio:   99.70
      Required ratio: 3193.60 (Side area) 
      Cumulative area ratio:   24.55
      Required ratio:    0.00 (Cumulative area) 
      Cumulative area ratio:  123.05
      Required ratio:    0.00 (Cumulative side area) 

    Layer: met1
      Partial area ratio:    4.66
      Required ratio:    0.00 (Gate area) 
      Partial area ratio:   23.35
      Required ratio:  400.00 (Side area) 
      Cumulative area ratio:    4.66
      Required ratio:    0.00 (Cumulative area) 
      Cumulative area ratio:   23.35
      Required ratio:    0.00 (Cumulative side area) 

    Layer: li1
      Partial area ratio:    0.00
      Required ratio:    0.00 (Gate area) 
      Partial area ratio:    0.00
      Required ratio:   75.00 (Side area) 
      Cumulative area ratio:    0.00
      Required ratio:    0.00 (Cumulative area) 
      Cumulative area ratio:    0.00
      Required ratio:    0.00 (Cumulative side area) 

    Layer: met3
      Partial area ratio:    0.12
      Required ratio:    0.00 (Gate area) 
      Partial area ratio:    0.83
      Required ratio: 3193.60 (Side area) 
      Cumulative area ratio:   24.67
      Required ratio:    0.00 (Cumulative area) 
      Cumulative area ratio:  123.89
      Required ratio:    0.00 (Cumulative side area) 

    Layer: met4
      Partial area ratio:    6.55
      Required ratio:    0.00 (Gate area) 
      Partial area ratio:   35.12
      Required ratio: 3193.60 (Side area) 
      Cumulative area ratio:   31.23
      Required ratio:    0.00 (Cumulative area) 
      Cumulative area ratio:  159.01
      Required ratio:    0.00 (Cumulative side area) 

    Via: M2M3_PR
      Partial area ratio:    0.02
      Required ratio:    6.00 (Gate area) 
      Cumulative area ratio:    0.04
      Required ratio:    0.00 (Cumulative area) 

    Via: M1M2_PR
      Partial area ratio:    0.01
      Required ratio:    6.00 (Gate area) 
      Cumulative area ratio:    0.03
      Required ratio:    0.00 (Cumulative area) 

    Via: L1M1_PR_MR
      Partial area ratio:    0.01
      Required ratio:    3.00 (Gate area) 
      Cumulative area ratio:    0.01
      Required ratio:    0.00 (Cumulative area) 

    Via: M3M4_PR
      Partial area ratio:    0.02
      Required ratio:    6.00 (Gate area) 
      Cumulative area ratio:    0.06
      Required ratio:    0.00 (Cumulative area) 

  Pin: _4393_/A (sky130_fd_sc_hd__nor2_1)
    Layer: met2
      Partial area ratio:   19.89
      Required ratio:    0.00 (Gate area) 
      Partial area ratio:   99.70
      Required ratio: 3193.60 (Side area) 
      Cumulative area ratio:  238.54
      Required ratio:    0.00 (Cumulative area) 
      Cumulative area ratio: 1193.34
      Required ratio:    0.00 (Cumulative side area) 

    Layer: met1
      Partial area ratio:    0.00
      Required ratio:    0.00 (Gate area) 
      Partial area ratio:    0.00
      Required ratio:  400.00 (Side area) 
      Cumulative area ratio:    0.00
      Required ratio:    0.00 (Cumulative area) 
      Cumulative area ratio:    0.00
      Required ratio:    0.00 (Cumulative side area) 

    Layer: li1
      Partial area ratio:    0.00
      Required ratio:    0.00 (Gate area) 
      Partial area ratio:    0.00
      Required ratio:   75.00 (Side area) 
      Cumulative area ratio:    0.00
      Required ratio:    0.00 (Cumulative area) 
      Cumulative area ratio:    0.00
      Required ratio:    0.00 (Cumulative side area) 

    Layer: met3
      Partial area ratio:    0.12
      Required ratio:    0.00 (Gate area) 
      Partial area ratio:    0.83
      Required ratio: 3193.60 (Side area) 
      Cumulative area ratio:  238.66
      Required ratio:    0.00 (Cumulative area) 
      Cumulative area ratio: 1194.17
      Required ratio:    0.00 (Cumulative side area) 

    Layer: met4
      Partial area ratio:    6.55
      Required ratio:    0.00 (Gate area) 
      Partial area ratio:   35.12
      Required ratio: 3193.60 (Side area) 
      Cumulative area ratio:  245.21
      Required ratio:    0.00 (Cumulative area) 
      Cumulative area ratio: 1229.29
      Required ratio:    0.00 (Cumulative side area) 

    Via: M2M3_PR
      Partial area ratio:    0.02
      Required ratio:    6.00 (Gate area) 
      Cumulative area ratio:    0.41
      Required ratio:    0.00 (Cumulative area) 

    Via: M1M2_PR
      Partial area ratio:    0.09
      Required ratio:    6.00 (Gate area) 
      Cumulative area ratio:    0.21
      Required ratio:    0.00 (Cumulative area) 

    Via: L1M1_PR_MR
      Partial area ratio:    0.12
      Required ratio:    3.00 (Gate area) 
      Cumulative area ratio:    0.12
      Required ratio:    0.00 (Cumulative area) 

    Via: M3M4_PR
      Partial area ratio:    0.02
      Required ratio:    6.00 (Gate area) 
      Cumulative area ratio:    0.42
      Required ratio:    0.00 (Cumulative area) 

  Pin: _4465_/A (sky130_fd_sc_hd__nor2_1)
    Layer: met4
      Partial area ratio:    6.55
      Required ratio:    0.00 (Gate area) 
      Partial area ratio:   35.12
      Required ratio: 3193.60 (Side area) 
      Cumulative area ratio:    7.93
      Required ratio:    0.00 (Cumulative area) 
      Cumulative area ratio:   44.73
      Required ratio:    0.00 (Cumulative side area) 

    Layer: met3
      Partial area ratio:    1.20
      Required ratio:    0.00 (Gate area) 
      Partial area ratio:    8.34
      Required ratio:  400.00 (Side area) 
      Cumulative area ratio:    1.38
      Required ratio:    0.00 (Cumulative area) 
      Cumulative area ratio:    9.61
      Required ratio:    0.00 (Cumulative side area) 

    Layer: met2
      Partial area ratio:    0.18
      Required ratio:    0.00 (Gate area) 
      Partial area ratio:    1.27
      Required ratio:  400.00 (Side area) 
      Cumulative area ratio:    0.18
      Required ratio:    0.00 (Cumulative area) 
      Cumulative area ratio:    1.27
      Required ratio:    0.00 (Cumulative side area) 

    Layer: met1
      Partial area ratio:    0.00
      Required ratio:    0.00 (Gate area) 
      Partial area ratio:    0.00
      Required ratio:  400.00 (Side area) 
      Cumulative area ratio:    0.00
      Required ratio:    0.00 (Cumulative area) 
      Cumulative area ratio:    0.00
      Required ratio:    0.00 (Cumulative side area) 

    Layer: li1
      Partial area ratio:    0.00
      Required ratio:    0.00 (Gate area) 
      Partial area ratio:    0.00
      Required ratio:   75.00 (Side area) 
      Cumulative area ratio:    0.00
      Required ratio:    0.00 (Cumulative area) 
      Cumulative area ratio:    0.00
      Required ratio:    0.00 (Cumulative side area) 

    Via: M3M4_PR
      Partial area ratio:    0.16
      Required ratio:    6.00 (Gate area) 
      Cumulative area ratio:    0.53
      Required ratio:    0.00 (Cumulative area) 

    Via: M2M3_PR
      Partial area ratio:    0.16
      Required ratio:    6.00 (Gate area) 
      Cumulative area ratio:    0.37
      Required ratio:    0.00 (Cumulative area) 

    Via: M1M2_PR
      Partial area ratio:    0.09
      Required ratio:    6.00 (Gate area) 
      Cumulative area ratio:    0.21
      Required ratio:    0.00 (Cumulative area) 

    Via: L1M1_PR_MR
      Partial area ratio:    0.12
      Required ratio:    3.00 (Gate area) 
      Cumulative area ratio:    0.12
      Required ratio:    0.00 (Cumulative area) 

  Pin: _4316_/A (sky130_fd_sc_hd__nor2_1)
    Layer: met2
      Partial area ratio:   19.89
      Required ratio:    0.00 (Gate area) 
      Partial area ratio:   99.70
      Required ratio: 3193.60 (Side area) 
      Cumulative area ratio:  238.54
      Required ratio:    0.00 (Cumulative area) 
      Cumulative area ratio: 1193.34
      Required ratio:    0.00 (Cumulative side area) 

    Layer: met1
      Partial area ratio:  218.65
      Required ratio:    0.00 (Gate area) 
      Partial area ratio: 1093.64
      Required ratio:  400.00 (Side area) (VIOLATED)
      Cumulative area ratio:  218.65
      Required ratio:    0.00 (Cumulative area) 
      Cumulative area ratio: 1093.64
      Required ratio:    0.00 (Cumulative side area) 

    Layer: met3
      Partial area ratio:    0.12
      Required ratio:    0.00 (Gate area) 
      Partial area ratio:    0.83
      Required ratio: 3193.60 (Side area) 
      Cumulative area ratio:  238.66
      Required ratio:    0.00 (Cumulative area) 
      Cumulative area ratio: 1194.17
      Required ratio:    0.00 (Cumulative side area) 

    Layer: met4
      Partial area ratio:    6.55
      Required ratio:    0.00 (Gate area) 
      Partial area ratio:   35.12
      Required ratio: 3193.60 (Side area) 
      Cumulative area ratio:  245.21
      Required ratio:    0.00 (Cumulative area) 
      Cumulative area ratio: 1229.29
      Required ratio:    0.00 (Cumulative side area) 

    Layer: li1
      Partial area ratio:    0.00
      Required ratio:    0.00 (Gate area) 
      Partial area ratio:    0.00
      Required ratio:   75.00 (Side area) 
      Cumulative area ratio:    0.00
      Required ratio:    0.00 (Cumulative area) 
      Cumulative area ratio:    0.00
      Required ratio:    0.00 (Cumulative side area) 

    Via: M2M3_PR
      Partial area ratio:    0.02
      Required ratio:    6.00 (Gate area) 
      Cumulative area ratio:    0.31
      Required ratio:    0.00 (Cumulative area) 

    Via: M1M2_PR
      Partial area ratio:    0.18
      Required ratio:    6.00 (Gate area) 
      Cumulative area ratio:    0.30
      Required ratio:    0.00 (Cumulative area) 

    Via: M3M4_PR
      Partial area ratio:    0.02
      Required ratio:    6.00 (Gate area) 
      Cumulative area ratio:    0.33
      Required ratio:    0.00 (Cumulative area) 

    Via: L1M1_PR_MR
      Partial area ratio:    0.12
      Required ratio:    3.00 (Gate area) 
      Cumulative area ratio:    0.12
      Required ratio:    0.00 (Cumulative area) 


Net: _1507_
  Pin: _4403_/A (sky130_fd_sc_hd__nor2_1)
    Layer: met2
      Partial area ratio:   35.18
      Required ratio:    0.00 (Gate area) 
      Partial area ratio:  176.81
      Required ratio: 3541.36 (Side area) 
      Cumulative area ratio:  533.35
      Required ratio:    0.00 (Cumulative area) 
      Cumulative area ratio: 2671.98
      Required ratio:    0.00 (Cumulative side area) 

    Layer: met1
      Partial area ratio:  197.23
      Required ratio:    0.00 (Gate area) 
      Partial area ratio:  988.15
      Required ratio:  400.00 (Side area) (VIOLATED)
      Cumulative area ratio:  197.23
      Required ratio:    0.00 (Cumulative area) 
      Cumulative area ratio:  988.15
      Required ratio:    0.00 (Cumulative side area) 

    Layer: li1
      Partial area ratio:    0.00
      Required ratio:    0.00 (Gate area) 
      Partial area ratio:    0.00
      Required ratio:   75.00 (Side area) 
      Cumulative area ratio:    0.00
      Required ratio:    0.00 (Cumulative area) 
      Cumulative area ratio:    0.00
      Required ratio:    0.00 (Cumulative side area) 

    Via: M1M2_PR
      Partial area ratio:    0.18
      Required ratio:    6.00 (Gate area) 
      Cumulative area ratio:    0.30
      Required ratio:    0.00 (Cumulative area) 

    Via: L1M1_PR_MR
      Partial area ratio:    0.12
      Required ratio:    3.00 (Gate area) 
      Cumulative area ratio:    0.12
      Required ratio:    0.00 (Cumulative area) 

  Pin: _4345_/A (sky130_fd_sc_hd__nor2_1)
    Layer: met2
      Partial area ratio:   35.18
      Required ratio:    0.00 (Gate area) 
      Partial area ratio:  176.81
      Required ratio: 3541.36 (Side area) 
      Cumulative area ratio:  534.41
      Required ratio:    0.00 (Cumulative area) 
      Cumulative area ratio: 2678.09
      Required ratio:    0.00 (Cumulative side area) 

    Layer: met1
      Partial area ratio:    1.06
      Required ratio:    0.00 (Gate area) 
      Partial area ratio:    6.11
      Required ratio:  400.00 (Side area) 
      Cumulative area ratio:    1.06
      Required ratio:    0.00 (Cumulative area) 
      Cumulative area ratio:    6.11
      Required ratio:    0.00 (Cumulative side area) 

    Layer: li1
      Partial area ratio:    0.00
      Required ratio:    0.00 (Gate area) 
      Partial area ratio:    0.00
      Required ratio:   75.00 (Side area) 
      Cumulative area ratio:    0.00
      Required ratio:    0.00 (Cumulative area) 
      Cumulative area ratio:    0.00
      Required ratio:    0.00 (Cumulative side area) 

    Via: M1M2_PR
      Partial area ratio:    0.09
      Required ratio:    6.00 (Gate area) 
      Cumulative area ratio:    0.21
      Required ratio:    0.00 (Cumulative area) 

    Via: L1M1_PR_MR
      Partial area ratio:    0.12
      Required ratio:    3.00 (Gate area) 
      Cumulative area ratio:    0.12
      Required ratio:    0.00 (Cumulative area) 

  Pin: _4475_/A (sky130_fd_sc_hd__nor2_1)
    Layer: met2
      Partial area ratio:   35.18
      Required ratio:    0.00 (Gate area) 
      Partial area ratio:  176.81
      Required ratio: 3541.36 (Side area) 
      Cumulative area ratio:  534.48
      Required ratio:    0.00 (Cumulative area) 
      Cumulative area ratio: 2678.43
      Required ratio:    0.00 (Cumulative side area) 

    Layer: met1
      Partial area ratio:    1.13
      Required ratio:    0.00 (Gate area) 
      Partial area ratio:    6.45
      Required ratio:  400.00 (Side area) 
      Cumulative area ratio:    1.13
      Required ratio:    0.00 (Cumulative area) 
      Cumulative area ratio:    6.45
      Required ratio:    0.00 (Cumulative side area) 

    Layer: li1
      Partial area ratio:    0.00
      Required ratio:    0.00 (Gate area) 
      Partial area ratio:    0.00
      Required ratio:   75.00 (Side area) 
      Cumulative area ratio:    0.00
      Required ratio:    0.00 (Cumulative area) 
      Cumulative area ratio:    0.00
      Required ratio:    0.00 (Cumulative side area) 

    Via: M1M2_PR
      Partial area ratio:    0.09
      Required ratio:    6.00 (Gate area) 
      Cumulative area ratio:    0.21
      Required ratio:    0.00 (Cumulative area) 

    Via: L1M1_PR_MR
      Partial area ratio:    0.12
      Required ratio:    3.00 (Gate area) 
      Cumulative area ratio:    0.12
      Required ratio:    0.00 (Cumulative area) 

  Pin: _4439_/A (sky130_fd_sc_hd__nor2_1)
    Layer: met2
      Partial area ratio:   35.18
      Required ratio:    0.00 (Gate area) 
      Partial area ratio:  176.81
      Required ratio: 3541.36 (Side area) 
      Cumulative area ratio:  336.11
      Required ratio:    0.00 (Cumulative area) 
      Cumulative area ratio: 1683.83
      Required ratio:    0.00 (Cumulative side area) 

    Layer: met1
      Partial area ratio:  300.93
      Required ratio:    0.00 (Gate area) 
      Partial area ratio: 1507.02
      Required ratio: 2773.88 (Side area) 
      Cumulative area ratio:  300.93
      Required ratio:    0.00 (Cumulative area) 
      Cumulative area ratio: 1507.02
      Required ratio:    0.00 (Cumulative side area) 

    Layer: li1
      Partial area ratio:    0.00
      Required ratio:    0.00 (Gate area) 
      Partial area ratio:    0.00
      Required ratio:   75.00 (Side area) 
      Cumulative area ratio:    0.00
      Required ratio:    0.00 (Cumulative area) 
      Cumulative area ratio:    0.00
      Required ratio:    0.00 (Cumulative side area) 

    Via: M1M2_PR
      Partial area ratio:    0.18
      Required ratio:    6.00 (Gate area) 
      Cumulative area ratio:    0.30
      Required ratio:    0.00 (Cumulative area) 

    Via: L1M1_PR_MR
      Partial area ratio:    0.12
      Required ratio:    3.00 (Gate area) 
      Cumulative area ratio:    0.12
      Required ratio:    0.00 (Cumulative area) 


Net: _1518_
  Pin: _4360_/A (sky130_fd_sc_hd__nor2_1)
    Layer: met2
      Partial area ratio:   53.36
      Required ratio:    0.00 (Gate area) 
      Partial area ratio:  268.18
      Required ratio: 3541.36 (Side area) 
      Cumulative area ratio:  264.89
      Required ratio:    0.00 (Cumulative area) 
      Cumulative area ratio: 1327.43
      Required ratio:    0.00 (Cumulative side area) 

    Layer: met1
      Partial area ratio:  211.53
      Required ratio:    0.00 (Gate area) 
      Partial area ratio: 1059.25
      Required ratio:  400.00 (Side area) (VIOLATED)
      Cumulative area ratio:  211.53
      Required ratio:    0.00 (Cumulative area) 
      Cumulative area ratio: 1059.25
      Required ratio:    0.00 (Cumulative side area) 

    Layer: li1
      Partial area ratio:    0.00
      Required ratio:    0.00 (Gate area) 
      Partial area ratio:    0.00
      Required ratio:   75.00 (Side area) 
      Cumulative area ratio:    0.00
      Required ratio:    0.00 (Cumulative area) 
      Cumulative area ratio:    0.00
      Required ratio:    0.00 (Cumulative side area) 

    Layer: met3
      Partial area ratio:    2.04
      Required ratio:    0.00 (Gate area) 
      Partial area ratio:   12.80
      Required ratio: 3541.36 (Side area) 
      Cumulative area ratio:  266.93
      Required ratio:    0.00 (Cumulative area) 
      Cumulative area ratio: 1340.23
      Required ratio:    0.00 (Cumulative side area) 

    Layer: met4
      Partial area ratio:   49.64
      Required ratio:    0.00 (Gate area) 
      Partial area ratio:  265.70
      Required ratio: 3541.36 (Side area) 
      Cumulative area ratio:  316.56
      Required ratio:    0.00 (Cumulative area) 
      Cumulative area ratio: 1605.92
      Required ratio:    0.00 (Cumulative side area) 

    Via: M2M3_PR
      Partial area ratio:    0.16
      Required ratio:    6.00 (Gate area) 
      Cumulative area ratio:    0.46
      Required ratio:    0.00 (Cumulative area) 

    Via: M1M2_PR
      Partial area ratio:    0.18
      Required ratio:    6.00 (Gate area) 
      Cumulative area ratio:    0.30
      Required ratio:    0.00 (Cumulative area) 

    Via: L1M1_PR_MR
      Partial area ratio:    0.12
      Required ratio:    3.00 (Gate area) 
      Cumulative area ratio:    0.12
      Required ratio:    0.00 (Cumulative area) 

    Via: M3M4_PR
      Partial area ratio:    0.08
      Required ratio:    6.00 (Gate area) 
      Cumulative area ratio:    0.54
      Required ratio:    0.00 (Cumulative area) 

    Via: M3M4_PR
      Partial area ratio:    0.08
      Required ratio:    6.00 (Gate area) 
      Cumulative area ratio:    0.54
      Required ratio:    0.00 (Cumulative area) 

  Pin: _4480_/A (sky130_fd_sc_hd__nor2_1)
    Layer: met4
      Partial area ratio:   49.64
      Required ratio:    0.00 (Gate area) 
      Partial area ratio:  265.70
      Required ratio: 3541.36 (Side area) 
      Cumulative area ratio:   52.72
      Required ratio:    0.00 (Cumulative area) 
      Cumulative area ratio:  284.05
      Required ratio:    0.00 (Cumulative side area) 

    Layer: met3
      Partial area ratio:    1.76
      Required ratio:    0.00 (Gate area) 
      Partial area ratio:   11.31
      Required ratio:  400.00 (Side area) 
      Cumulative area ratio:    3.09
      Required ratio:    0.00 (Cumulative area) 
      Cumulative area ratio:   18.36
      Required ratio:    0.00 (Cumulative side area) 

    Layer: met2
      Partial area ratio:    1.33
      Required ratio:    0.00 (Gate area) 
      Partial area ratio:    7.04
      Required ratio:  400.00 (Side area) 
      Cumulative area ratio:    1.33
      Required ratio:    0.00 (Cumulative area) 
      Cumulative area ratio:    7.04
      Required ratio:    0.00 (Cumulative side area) 

    Layer: met1
      Partial area ratio:    0.00
      Required ratio:    0.00 (Gate area) 
      Partial area ratio:    0.00
      Required ratio:  400.00 (Side area) 
      Cumulative area ratio:    0.00
      Required ratio:    0.00 (Cumulative area) 
      Cumulative area ratio:    0.00
      Required ratio:    0.00 (Cumulative side area) 

    Layer: li1
      Partial area ratio:    0.00
      Required ratio:    0.00 (Gate area) 
      Partial area ratio:    0.00
      Required ratio:   75.00 (Side area) 
      Cumulative area ratio:    0.00
      Required ratio:    0.00 (Cumulative area) 
      Cumulative area ratio:    0.00
      Required ratio:    0.00 (Cumulative side area) 

    Via: M3M4_PR
      Partial area ratio:    0.16
      Required ratio:    6.00 (Gate area) 
      Cumulative area ratio:    0.53
      Required ratio:    0.00 (Cumulative area) 

    Via: M2M3_PR
      Partial area ratio:    0.16
      Required ratio:    6.00 (Gate area) 
      Cumulative area ratio:    0.37
      Required ratio:    0.00 (Cumulative area) 

    Via: M1M2_PR
      Partial area ratio:    0.09
      Required ratio:    6.00 (Gate area) 
      Cumulative area ratio:    0.21
      Required ratio:    0.00 (Cumulative area) 

    Via: L1M1_PR_MR
      Partial area ratio:    0.12
      Required ratio:    3.00 (Gate area) 
      Cumulative area ratio:    0.12
      Required ratio:    0.00 (Cumulative area) 

  Pin: _4444_/A (sky130_fd_sc_hd__nor2_1)
    Layer: met3
      Partial area ratio:    1.20
      Required ratio:    0.00 (Gate area) 
      Partial area ratio:    8.34
      Required ratio:  400.00 (Side area) 
      Cumulative area ratio:    2.34
      Required ratio:    0.00 (Cumulative area) 
      Cumulative area ratio:   14.42
      Required ratio:    0.00 (Cumulative side area) 

    Layer: met2
      Partial area ratio:    1.14
      Required ratio:    0.00 (Gate area) 
      Partial area ratio:    6.08
      Required ratio:  400.00 (Side area) 
      Cumulative area ratio:    1.14
      Required ratio:    0.00 (Cumulative area) 
      Cumulative area ratio:    6.08
      Required ratio:    0.00 (Cumulative side area) 

    Layer: met1
      Partial area ratio:    0.00
      Required ratio:    0.00 (Gate area) 
      Partial area ratio:    0.00
      Required ratio:  400.00 (Side area) 
      Cumulative area ratio:    0.00
      Required ratio:    0.00 (Cumulative area) 
      Cumulative area ratio:    0.00
      Required ratio:    0.00 (Cumulative side area) 

    Layer: li1
      Partial area ratio:    0.00
      Required ratio:    0.00 (Gate area) 
      Partial area ratio:    0.00
      Required ratio:   75.00 (Side area) 
      Cumulative area ratio:    0.00
      Required ratio:    0.00 (Cumulative area) 
      Cumulative area ratio:    0.00
      Required ratio:    0.00 (Cumulative side area) 

    Via: M3M4_PR
      Partial area ratio:    0.16
      Required ratio:    6.00 (Gate area) 
      Cumulative area ratio:    0.53
      Required ratio:    0.00 (Cumulative area) 

    Via: M2M3_PR
      Partial area ratio:    0.16
      Required ratio:    6.00 (Gate area) 
      Cumulative area ratio:    0.37
      Required ratio:    0.00 (Cumulative area) 

    Via: M1M2_PR
      Partial area ratio:    0.09
      Required ratio:    6.00 (Gate area) 
      Cumulative area ratio:    0.21
      Required ratio:    0.00 (Cumulative area) 

    Via: L1M1_PR_MR
      Partial area ratio:    0.12
      Required ratio:    3.00 (Gate area) 
      Cumulative area ratio:    0.12
      Required ratio:    0.00 (Cumulative area) 

  Pin: _4408_/A (sky130_fd_sc_hd__nor2_1)
    Layer: met2
      Partial area ratio:   53.36
      Required ratio:    0.00 (Gate area) 
      Partial area ratio:  268.18
      Required ratio: 3541.36 (Side area) 
      Cumulative area ratio:  340.26
      Required ratio:    0.00 (Cumulative area) 
      Cumulative area ratio: 1703.47
      Required ratio:    0.00 (Cumulative side area) 

    Layer: met3
      Partial area ratio:    2.04
      Required ratio:    0.00 (Gate area) 
      Partial area ratio:   12.80
      Required ratio: 3541.36 (Side area) 
      Cumulative area ratio:  342.30
      Required ratio:    0.00 (Cumulative area) 
      Cumulative area ratio: 1716.27
      Required ratio:    0.00 (Cumulative side area) 

    Layer: met4
      Partial area ratio:   49.64
      Required ratio:    0.00 (Gate area) 
      Partial area ratio:  265.70
      Required ratio: 3541.36 (Side area) 
      Cumulative area ratio:  391.93
      Required ratio:    0.00 (Cumulative area) 
      Cumulative area ratio: 1981.97
      Required ratio:    0.00 (Cumulative side area) 

    Layer: met1
      Partial area ratio:  286.90
      Required ratio:    0.00 (Gate area) 
      Partial area ratio: 1435.30
      Required ratio:  400.00 (Side area) (VIOLATED)
      Cumulative area ratio:  286.90
      Required ratio:    0.00 (Cumulative area) 
      Cumulative area ratio: 1435.30
      Required ratio:    0.00 (Cumulative side area) 

    Layer: li1
      Partial area ratio:    0.00
      Required ratio:    0.00 (Gate area) 
      Partial area ratio:    0.00
      Required ratio:   75.00 (Side area) 
      Cumulative area ratio:    0.00
      Required ratio:    0.00 (Cumulative area) 
      Cumulative area ratio:    0.00
      Required ratio:    0.00 (Cumulative side area) 

    Via: M2M3_PR
      Partial area ratio:    0.16
      Required ratio:    6.00 (Gate area) 
      Cumulative area ratio:    0.46
      Required ratio:    0.00 (Cumulative area) 

    Via: M3M4_PR
      Partial area ratio:    0.08
      Required ratio:    6.00 (Gate area) 
      Cumulative area ratio:    0.54
      Required ratio:    0.00 (Cumulative area) 

    Via: M1M2_PR
      Partial area ratio:    0.18
      Required ratio:    6.00 (Gate area) 
      Cumulative area ratio:    0.30
      Required ratio:    0.00 (Cumulative area) 

    Via: M3M4_PR
      Partial area ratio:    0.08
      Required ratio:    6.00 (Gate area) 
      Cumulative area ratio:    0.54
      Required ratio:    0.00 (Cumulative area) 

    Via: L1M1_PR_MR
      Partial area ratio:    0.12
      Required ratio:    3.00 (Gate area) 
      Cumulative area ratio:    0.12
      Required ratio:    0.00 (Cumulative area) 


Net: _1522_
  Pin: _4366_/A (sky130_fd_sc_hd__nor2_1)
    Layer: met2
      Partial area ratio:   56.59
      Required ratio:    0.00 (Gate area) 
      Partial area ratio:  283.46
      Required ratio: 3367.48 (Side area) 
      Cumulative area ratio:  262.22
      Required ratio:    0.00 (Cumulative area) 
      Cumulative area ratio: 1313.58
      Required ratio:    0.00 (Cumulative side area) 

    Layer: met1
      Partial area ratio:    0.00
      Required ratio:    0.00 (Gate area) 
      Partial area ratio:    0.00
      Required ratio:  400.00 (Side area) 
      Cumulative area ratio:    0.00
      Required ratio:    0.00 (Cumulative area) 
      Cumulative area ratio:    0.00
      Required ratio:    0.00 (Cumulative side area) 

    Layer: li1
      Partial area ratio:    0.00
      Required ratio:    0.00 (Gate area) 
      Partial area ratio:    0.00
      Required ratio:   75.00 (Side area) 
      Cumulative area ratio:    0.00
      Required ratio:    0.00 (Cumulative area) 
      Cumulative area ratio:    0.00
      Required ratio:    0.00 (Cumulative side area) 

    Via: M1M2_PR
      Partial area ratio:    0.09
      Required ratio:    6.00 (Gate area) 
      Cumulative area ratio:    0.21
      Required ratio:    0.00 (Cumulative area) 

    Via: L1M1_PR_MR
      Partial area ratio:    0.12
      Required ratio:    3.00 (Gate area) 
      Cumulative area ratio:    0.12
      Required ratio:    0.00 (Cumulative area) 

  Pin: _4482_/A (sky130_fd_sc_hd__nor2_1)
    Layer: met2
      Partial area ratio:   56.59
      Required ratio:    0.00 (Gate area) 
      Partial area ratio:  283.46
      Required ratio: 3367.48 (Side area) 
      Cumulative area ratio:  262.22
      Required ratio:    0.00 (Cumulative area) 
      Cumulative area ratio: 1313.58
      Required ratio:    0.00 (Cumulative side area) 

    Layer: met1
      Partial area ratio:  205.63
      Required ratio:    0.00 (Gate area) 
      Partial area ratio: 1030.12
      Required ratio: 2773.88 (Side area) 
      Cumulative area ratio:  205.63
      Required ratio:    0.00 (Cumulative area) 
      Cumulative area ratio: 1030.12
      Required ratio:    0.00 (Cumulative side area) 

    Layer: li1
      Partial area ratio:    0.00
      Required ratio:    0.00 (Gate area) 
      Partial area ratio:    0.00
      Required ratio:   75.00 (Side area) 
      Cumulative area ratio:    0.00
      Required ratio:    0.00 (Cumulative area) 
      Cumulative area ratio:    0.00
      Required ratio:    0.00 (Cumulative side area) 

    Via: M1M2_PR
      Partial area ratio:    0.27
      Required ratio:    6.00 (Gate area) 
      Cumulative area ratio:    0.39
      Required ratio:    0.00 (Cumulative area) 

    Via: L1M1_PR_MR
      Partial area ratio:    0.12
      Required ratio:    3.00 (Gate area) 
      Cumulative area ratio:    0.12
      Required ratio:    0.00 (Cumulative area) 

  Pin: _4446_/A (sky130_fd_sc_hd__nor2_1)
    Layer: met2
      Partial area ratio:   56.59
      Required ratio:    0.00 (Gate area) 
      Partial area ratio:  283.46
      Required ratio: 3367.48 (Side area) 
      Cumulative area ratio:  364.02
      Required ratio:    0.00 (Cumulative area) 
      Cumulative area ratio: 1826.52
      Required ratio:    0.00 (Cumulative side area) 

    Layer: met1
      Partial area ratio:    1.64
      Required ratio:    0.00 (Gate area) 
      Partial area ratio:    8.60
      Required ratio:  400.00 (Side area) 
      Cumulative area ratio:    1.64
      Required ratio:    0.00 (Cumulative area) 
      Cumulative area ratio:    8.60
      Required ratio:    0.00 (Cumulative side area) 

    Layer: li1
      Partial area ratio:    0.00
      Required ratio:    0.00 (Gate area) 
      Partial area ratio:    0.00
      Required ratio:   75.00 (Side area) 
      Cumulative area ratio:    0.00
      Required ratio:    0.00 (Cumulative area) 
      Cumulative area ratio:    0.00
      Required ratio:    0.00 (Cumulative side area) 

    Via: M1M2_PR
      Partial area ratio:    0.09
      Required ratio:    6.00 (Gate area) 
      Cumulative area ratio:    0.21
      Required ratio:    0.00 (Cumulative area) 

    Via: L1M1_PR_MR
      Partial area ratio:    0.12
      Required ratio:    3.00 (Gate area) 
      Cumulative area ratio:    0.12
      Required ratio:    0.00 (Cumulative area) 

  Pin: _4410_/A (sky130_fd_sc_hd__nor2_1)
    Layer: met2
      Partial area ratio:   56.59
      Required ratio:    0.00 (Gate area) 
      Partial area ratio:  283.46
      Required ratio: 3367.48 (Side area) 
      Cumulative area ratio:  362.38
      Required ratio:    0.00 (Cumulative area) 
      Cumulative area ratio: 1817.92
      Required ratio:    0.00 (Cumulative side area) 

    Layer: met1
      Partial area ratio:  100.16
      Required ratio:    0.00 (Gate area) 
      Partial area ratio:  504.34
      Required ratio:  400.00 (Side area) (VIOLATED)
      Cumulative area ratio:  100.16
      Required ratio:    0.00 (Cumulative area) 
      Cumulative area ratio:  504.34
      Required ratio:    0.00 (Cumulative side area) 

    Layer: li1
      Partial area ratio:    0.00
      Required ratio:    0.00 (Gate area) 
      Partial area ratio:    0.00
      Required ratio:   75.00 (Side area) 
      Cumulative area ratio:    0.00
      Required ratio:    0.00 (Cumulative area) 
      Cumulative area ratio:    0.00
      Required ratio:    0.00 (Cumulative side area) 

    Via: M1M2_PR
      Partial area ratio:    0.18
      Required ratio:    6.00 (Gate area) 
      Cumulative area ratio:    0.30
      Required ratio:    0.00 (Cumulative area) 

    Via: L1M1_PR_MR
      Partial area ratio:    0.12
      Required ratio:    3.00 (Gate area) 
      Cumulative area ratio:    0.12
      Required ratio:    0.00 (Cumulative area) 


Net: _1869_
  Pin: _4847_/B2 (sky130_fd_sc_hd__o22a_1)
    Layer: met2
      Partial area ratio:    0.85
      Required ratio:    0.00 (Gate area) 
      Partial area ratio:    4.64
      Required ratio: 2774.90 (Side area) 
      Cumulative area ratio:  102.87
      Required ratio:    0.00 (Cumulative area) 
      Cumulative area ratio:  515.54
      Required ratio:    0.00 (Cumulative side area) 

    Layer: met1
      Partial area ratio:  102.02
      Required ratio:    0.00 (Gate area) 
      Partial area ratio:  510.90
      Required ratio:  400.00 (Side area) (VIOLATED)
      Cumulative area ratio:  102.02
      Required ratio:    0.00 (Cumulative area) 
      Cumulative area ratio:  510.90
      Required ratio:    0.00 (Cumulative side area) 

    Layer: li1
      Partial area ratio:    0.00
      Required ratio:    0.00 (Gate area) 
      Partial area ratio:    0.00
      Required ratio:   75.00 (Side area) 
      Cumulative area ratio:    0.00
      Required ratio:    0.00 (Cumulative area) 
      Cumulative area ratio:    0.00
      Required ratio:    0.00 (Cumulative side area) 

    Via: M1M2_PR
      Partial area ratio:    0.09
      Required ratio:    6.00 (Gate area) 
      Cumulative area ratio:    0.21
      Required ratio:    0.00 (Cumulative area) 

    Via: L1M1_PR_MR
      Partial area ratio:    0.12
      Required ratio:    3.00 (Gate area) 
      Cumulative area ratio:    0.12
      Required ratio:    0.00 (Cumulative area) 


Net: u_write_arbiter.aw_buf_addr\[124\]
  Pin: _5622_/A1 (sky130_fd_sc_hd__mux2_1)
    Layer: met2
      Partial area ratio:    3.14
      Required ratio:    0.00 (Gate area) 
      Partial area ratio:   17.28
      Required ratio: 2771.60 (Side area) 
      Cumulative area ratio:   81.99
      Required ratio:    0.00 (Cumulative area) 
      Cumulative area ratio:  420.06
      Required ratio:    0.00 (Cumulative side area) 

    Layer: met1
      Partial area ratio:   78.84
      Required ratio:    0.00 (Gate area) 
      Partial area ratio:  402.78
      Required ratio:  400.00 (Side area) (VIOLATED)
      Cumulative area ratio:   78.84
      Required ratio:    0.00 (Cumulative area) 
      Cumulative area ratio:  402.78
      Required ratio:    0.00 (Cumulative side area) 

    Layer: li1
      Partial area ratio:    0.00
      Required ratio:    0.00 (Gate area) 
      Partial area ratio:    0.00
      Required ratio:   75.00 (Side area) 
      Cumulative area ratio:    0.00
      Required ratio:    0.00 (Cumulative area) 
      Cumulative area ratio:    0.00
      Required ratio:    0.00 (Cumulative side area) 

    Layer: met3
      Partial area ratio:   16.76
      Required ratio:    0.00 (Gate area) 
      Partial area ratio:   90.33
      Required ratio: 2771.60 (Side area) 
      Cumulative area ratio:   98.75
      Required ratio:    0.00 (Cumulative area) 
      Cumulative area ratio:  510.39
      Required ratio:    0.00 (Cumulative side area) 

    Via: M2M3_PR
      Partial area ratio:    0.32
      Required ratio:    6.00 (Gate area) 
      Cumulative area ratio:    0.90
      Required ratio:    0.00 (Cumulative area) 

    Via: M1M2_PR
      Partial area ratio:    0.36
      Required ratio:    6.00 (Gate area) 
      Cumulative area ratio:    0.59
      Required ratio:    0.00 (Cumulative area) 

    Via: L1M1_PR_MR
      Partial area ratio:    0.23
      Required ratio:    3.00 (Gate area) 
      Cumulative area ratio:    0.23
      Required ratio:    0.00 (Cumulative area) 

  Pin: _5387_/B (sky130_fd_sc_hd__nand2_1)
    Layer: met3
      Partial area ratio:   16.76
      Required ratio:    0.00 (Gate area) 
      Partial area ratio:   90.33
      Required ratio: 2771.60 (Side area) 
      Cumulative area ratio:   19.43
      Required ratio:    0.00 (Cumulative area) 
      Cumulative area ratio:  105.27
      Required ratio:    0.00 (Cumulative side area) 

    Layer: met2
      Partial area ratio:    1.54
      Required ratio:    0.00 (Gate area) 
      Partial area ratio:    8.49
      Required ratio:  400.00 (Side area) 
      Cumulative area ratio:    2.67
      Required ratio:    0.00 (Cumulative area) 
      Cumulative area ratio:   14.94
      Required ratio:    0.00 (Cumulative side area) 

    Layer: met1
      Partial area ratio:    1.13
      Required ratio:    0.00 (Gate area) 
      Partial area ratio:    6.45
      Required ratio:  400.00 (Side area) 
      Cumulative area ratio:    1.13
      Required ratio:    0.00 (Cumulative area) 
      Cumulative area ratio:    6.45
      Required ratio:    0.00 (Cumulative side area) 

    Layer: li1
      Partial area ratio:    0.00
      Required ratio:    0.00 (Gate area) 
      Partial area ratio:    0.00
      Required ratio:   75.00 (Side area) 
      Cumulative area ratio:    0.00
      Required ratio:    0.00 (Cumulative area) 
      Cumulative area ratio:    0.00
      Required ratio:    0.00 (Cumulative side area) 

    Via: M2M3_PR
      Partial area ratio:    0.11
      Required ratio:    6.00 (Gate area) 
      Cumulative area ratio:    0.31
      Required ratio:    0.00 (Cumulative area) 

    Via: M1M2_PR
      Partial area ratio:    0.09
      Required ratio:    6.00 (Gate area) 
      Cumulative area ratio:    0.21
      Required ratio:    0.00 (Cumulative area) 

    Via: L1M1_PR_MR
      Partial area ratio:    0.12
      Required ratio:    3.00 (Gate area) 
      Cumulative area ratio:    0.12
      Required ratio:    0.00 (Cumulative area) 

  Pin: _5336_/A_N (sky130_fd_sc_hd__nand3b_1)
    Layer: met3
      Partial area ratio:   16.76
      Required ratio:    0.00 (Gate area) 
      Partial area ratio:   90.33
      Required ratio: 2771.60 (Side area) 
      Cumulative area ratio:   18.30
      Required ratio:    0.00 (Cumulative area) 
      Cumulative area ratio:   98.82
      Required ratio:    0.00 (Cumulative side area) 

    Layer: met2
      Partial area ratio:    1.54
      Required ratio:    0.00 (Gate area) 
      Partial area ratio:    8.49
      Required ratio:  400.00 (Side area) 
      Cumulative area ratio:    1.54
      Required ratio:    0.00 (Cumulative area) 
      Cumulative area ratio:    8.49
      Required ratio:    0.00 (Cumulative side area) 

    Layer: met1
      Partial area ratio:    0.00
      Required ratio:    0.00 (Gate area) 
      Partial area ratio:    0.00
      Required ratio:  400.00 (Side area) 
      Cumulative area ratio:    0.00
      Required ratio:    0.00 (Cumulative area) 
      Cumulative area ratio:    0.00
      Required ratio:    0.00 (Cumulative side area) 

    Layer: li1
      Partial area ratio:    0.00
      Required ratio:    0.00 (Gate area) 
      Partial area ratio:    0.00
      Required ratio:   75.00 (Side area) 
      Cumulative area ratio:    0.00
      Required ratio:    0.00 (Cumulative area) 
      Cumulative area ratio:    0.00
      Required ratio:    0.00 (Cumulative side area) 

    Via: M2M3_PR
      Partial area ratio:    0.11
      Required ratio:    6.00 (Gate area) 
      Cumulative area ratio:    0.52
      Required ratio:    0.00 (Cumulative area) 

    Via: M1M2_PR
      Partial area ratio:    0.18
      Required ratio:    6.00 (Gate area) 
      Cumulative area ratio:    0.41
      Required ratio:    0.00 (Cumulative area) 

    Via: L1M1_PR_MR
      Partial area ratio:    0.23
      Required ratio:    3.00 (Gate area) 
      Cumulative area ratio:    0.23
      Required ratio:    0.00 (Cumulative area) 


Net: net248
  Pin: _6213_/A1 (sky130_fd_sc_hd__o21ai_1)
    Layer: met4
      Partial area ratio:  644.92
      Required ratio:    0.00 (Gate area) 
      Partial area ratio: 3441.52
      Required ratio: 2918.08 (Side area) (VIOLATED)
      Cumulative area ratio:  648.22
      Required ratio:    0.00 (Cumulative area) 
      Cumulative area ratio: 3460.75
      Required ratio:    0.00 (Cumulative side area) 

    Layer: met3
      Partial area ratio:    1.20
      Required ratio:    0.00 (Gate area) 
      Partial area ratio:    8.34
      Required ratio:  400.00 (Side area) 
      Cumulative area ratio:    3.30
      Required ratio:    0.00 (Cumulative area) 
      Cumulative area ratio:   19.23
      Required ratio:    0.00 (Cumulative side area) 

    Layer: met2
      Partial area ratio:    2.10
      Required ratio:    0.00 (Gate area) 
      Partial area ratio:   10.89
      Required ratio:  400.00 (Side area) 
      Cumulative area ratio:    2.10
      Required ratio:    0.00 (Cumulative area) 
      Cumulative area ratio:   10.89
      Required ratio:    0.00 (Cumulative side area) 

    Layer: met1
      Partial area ratio:    0.00
      Required ratio:    0.00 (Gate area) 
      Partial area ratio:    0.00
      Required ratio:  400.00 (Side area) 
      Cumulative area ratio:    0.00
      Required ratio:    0.00 (Cumulative area) 
      Cumulative area ratio:    0.00
      Required ratio:    0.00 (Cumulative side area) 

    Layer: li1
      Partial area ratio:    0.00
      Required ratio:    0.00 (Gate area) 
      Partial area ratio:    0.00
      Required ratio:   75.00 (Side area) 
      Cumulative area ratio:    0.00
      Required ratio:    0.00 (Cumulative area) 
      Cumulative area ratio:    0.00
      Required ratio:    0.00 (Cumulative side area) 

    Via: M3M4_PR
      Partial area ratio:    0.16
      Required ratio:    6.00 (Gate area) 
      Cumulative area ratio:    0.53
      Required ratio:    0.00 (Cumulative area) 

    Via: M2M3_PR
      Partial area ratio:    0.16
      Required ratio:    6.00 (Gate area) 
      Cumulative area ratio:    0.37
      Required ratio:    0.00 (Cumulative area) 

    Via: M1M2_PR
      Partial area ratio:    0.09
      Required ratio:    6.00 (Gate area) 
      Cumulative area ratio:    0.21
      Required ratio:    0.00 (Cumulative area) 

    Via: L1M1_PR_MR
      Partial area ratio:    0.12
      Required ratio:    3.00 (Gate area) 
      Cumulative area ratio:    0.12
      Required ratio:    0.00 (Cumulative area) 


Net: net377
  Pin: _5989_/A0 (sky130_fd_sc_hd__mux2_1)
    Layer: met2
      Partial area ratio:    1.29
      Required ratio:    0.00 (Gate area) 
      Partial area ratio:    7.22
      Required ratio: 2736.24 (Side area) 
      Cumulative area ratio:   97.71
      Required ratio:    0.00 (Cumulative area) 
      Cumulative area ratio:  491.67
      Required ratio:    0.00 (Cumulative side area) 

    Layer: met1
      Partial area ratio:   96.42
      Required ratio:    0.00 (Gate area) 
      Partial area ratio:  484.44
      Required ratio:  400.00 (Side area) (VIOLATED)
      Cumulative area ratio:   96.42
      Required ratio:    0.00 (Cumulative area) 
      Cumulative area ratio:  484.44
      Required ratio:    0.00 (Cumulative side area) 

    Layer: li1
      Partial area ratio:    0.00
      Required ratio:    0.00 (Gate area) 
      Partial area ratio:    0.00
      Required ratio:   75.00 (Side area) 
      Cumulative area ratio:    0.00
      Required ratio:    0.00 (Cumulative area) 
      Cumulative area ratio:    0.00
      Required ratio:    0.00 (Cumulative side area) 

    Via: M1M2_PR
      Partial area ratio:    0.18
      Required ratio:    6.00 (Gate area) 
      Cumulative area ratio:    0.41
      Required ratio:    0.00 (Cumulative area) 

    Via: L1M1_PR_MR
      Partial area ratio:    0.23
      Required ratio:    3.00 (Gate area) 
      Cumulative area ratio:    0.23
      Required ratio:    0.00 (Cumulative area) 


Net: net524
  Pin: _5765_/A0 (sky130_fd_sc_hd__mux2_1)
    Layer: met2
      Partial area ratio:    3.18
      Required ratio:    0.00 (Gate area) 
      Partial area ratio:   16.67
      Required ratio: 4347.44 (Side area) 
      Cumulative area ratio:  713.04
      Required ratio:    0.00 (Cumulative area) 
      Cumulative area ratio: 3571.44
      Required ratio:    0.00 (Cumulative side area) 

    Layer: met1
      Partial area ratio:  709.87
      Required ratio:    0.00 (Gate area) 
      Partial area ratio: 3554.78
      Required ratio: 3295.52 (Side area) (VIOLATED)
      Cumulative area ratio:  709.87
      Required ratio:    0.00 (Cumulative area) 
      Cumulative area ratio: 3554.78
      Required ratio:    0.00 (Cumulative side area) 

    Layer: li1
      Partial area ratio:    0.00
      Required ratio:    0.00 (Gate area) 
      Partial area ratio:    0.00
      Required ratio:   75.00 (Side area) 
      Cumulative area ratio:    0.00
      Required ratio:    0.00 (Cumulative area) 
      Cumulative area ratio:    0.00
      Required ratio:    0.00 (Cumulative side area) 

    Via: M1M2_PR
      Partial area ratio:    0.18
      Required ratio:    6.00 (Gate area) 
      Cumulative area ratio:    0.41
      Required ratio:    0.00 (Cumulative area) 

    Via: L1M1_PR_MR
      Partial area ratio:    0.23
      Required ratio:    3.00 (Gate area) 
      Cumulative area ratio:    0.23
      Required ratio:    0.00 (Cumulative area) 


Net: net532
  Pin: _5492_/A0 (sky130_fd_sc_hd__mux2_1)
    Layer: met4
      Partial area ratio:  701.76
      Required ratio:    0.00 (Gate area) 
      Partial area ratio: 3746.54
      Required ratio: 2778.20 (Side area) (VIOLATED)
      Cumulative area ratio:  714.70
      Required ratio:    0.00 (Cumulative area) 
      Cumulative area ratio: 3819.88
      Required ratio:    0.00 (Cumulative side area) 

    Layer: met3
      Partial area ratio:   12.21
      Required ratio:    0.00 (Gate area) 
      Partial area ratio:   68.95
      Required ratio:  400.00 (Side area) 
      Cumulative area ratio:   12.94
      Required ratio:    0.00 (Cumulative area) 
      Cumulative area ratio:   73.34
      Required ratio:    0.00 (Cumulative side area) 

    Layer: met2
      Partial area ratio:    0.72
      Required ratio:    0.00 (Gate area) 
      Partial area ratio:    4.39
      Required ratio:  400.00 (Side area) 
      Cumulative area ratio:    0.72
      Required ratio:    0.00 (Cumulative area) 
      Cumulative area ratio:    4.39
      Required ratio:    0.00 (Cumulative side area) 

    Layer: met1
      Partial area ratio:    0.00
      Required ratio:    0.00 (Gate area) 
      Partial area ratio:    0.00
      Required ratio:  400.00 (Side area) 
      Cumulative area ratio:    0.00
      Required ratio:    0.00 (Cumulative area) 
      Cumulative area ratio:    0.00
      Required ratio:    0.00 (Cumulative side area) 

    Layer: li1
      Partial area ratio:    0.00
      Required ratio:    0.00 (Gate area) 
      Partial area ratio:    0.00
      Required ratio:   75.00 (Side area) 
      Cumulative area ratio:    0.00
      Required ratio:    0.00 (Cumulative area) 
      Cumulative area ratio:    0.00
      Required ratio:    0.00 (Cumulative side area) 

    Via: M3M4_PR
      Partial area ratio:    0.32
      Required ratio:    6.00 (Gate area) 
      Cumulative area ratio:    1.04
      Required ratio:    0.00 (Cumulative area) 

    Via: M2M3_PR
      Partial area ratio:    0.32
      Required ratio:    6.00 (Gate area) 
      Cumulative area ratio:    0.73
      Required ratio:    0.00 (Cumulative area) 

    Via: M1M2_PR
      Partial area ratio:    0.18
      Required ratio:    6.00 (Gate area) 
      Cumulative area ratio:    0.41
      Required ratio:    0.00 (Cumulative area) 

    Via: L1M1_PR_MR
      Partial area ratio:    0.23
      Required ratio:    3.00 (Gate area) 
      Cumulative area ratio:    0.23
      Required ratio:    0.00 (Cumulative area) 


Net: net596
  Pin: _7160_/A (sky130_fd_sc_hd__clkbuf_1)
    Layer: met2
      Partial area ratio:    1.50
      Required ratio:    0.00 (Gate area) 
      Partial area ratio:    7.98
      Required ratio: 2956.40 (Side area) 
      Cumulative area ratio:  113.12
      Required ratio:    0.00 (Cumulative area) 
      Cumulative area ratio:  567.64
      Required ratio:    0.00 (Cumulative side area) 

    Layer: met1
      Partial area ratio:    0.00
      Required ratio:    0.00 (Gate area) 
      Partial area ratio:    0.00
      Required ratio:  400.00 (Side area) 
      Cumulative area ratio:    0.00
      Required ratio:    0.00 (Cumulative area) 
      Cumulative area ratio:    0.00
      Required ratio:    0.00 (Cumulative side area) 

    Layer: li1
      Partial area ratio:    0.00
      Required ratio:    0.00 (Gate area) 
      Partial area ratio:    0.00
      Required ratio:   75.00 (Side area) 
      Cumulative area ratio:    0.00
      Required ratio:    0.00 (Cumulative area) 
      Cumulative area ratio:    0.00
      Required ratio:    0.00 (Cumulative side area) 

    Via: M1M2_PR
      Partial area ratio:    0.11
      Required ratio:    6.00 (Gate area) 
      Cumulative area ratio:    0.26
      Required ratio:    0.00 (Cumulative area) 

    Via: L1M1_PR_MR
      Partial area ratio:    0.15
      Required ratio:    3.00 (Gate area) 
      Cumulative area ratio:    0.15
      Required ratio:    0.00 (Cumulative area) 

  Pin: output596/A (sky130_fd_sc_hd__buf_1)
    Layer: met2
      Partial area ratio:    1.50
      Required ratio:    0.00 (Gate area) 
      Partial area ratio:    7.98
      Required ratio: 2956.40 (Side area) 
      Cumulative area ratio:  154.10
      Required ratio:    0.00 (Cumulative area) 
      Cumulative area ratio:  775.54
      Required ratio:    0.00 (Cumulative side area) 

    Layer: met1
      Partial area ratio:   40.98
      Required ratio:    0.00 (Gate area) 
      Partial area ratio:  207.90
      Required ratio:  400.00 (Side area) 
      Cumulative area ratio:   40.98
      Required ratio:    0.00 (Cumulative area) 
      Cumulative area ratio:  207.90
      Required ratio:    0.00 (Cumulative side area) 

    Layer: li1
      Partial area ratio:    0.00
      Required ratio:    0.00 (Gate area) 
      Partial area ratio:    0.00
      Required ratio:   75.00 (Side area) 
      Cumulative area ratio:    0.00
      Required ratio:    0.00 (Cumulative area) 
      Cumulative area ratio:    0.00
      Required ratio:    0.00 (Cumulative side area) 

    Via: M1M2_PR
      Partial area ratio:    0.11
      Required ratio:    6.00 (Gate area) 
      Cumulative area ratio:    0.26
      Required ratio:    0.00 (Cumulative area) 

    Via: L1M1_PR_MR
      Partial area ratio:    0.15
      Required ratio:    3.00 (Gate area) 
      Cumulative area ratio:    0.15
      Required ratio:    0.00 (Cumulative area) 

  Pin: _6519_/B (sky130_fd_sc_hd__nand2_1)
    Layer: met2
      Partial area ratio:    1.50
      Required ratio:    0.00 (Gate area) 
      Partial area ratio:    7.98
      Required ratio: 2956.40 (Side area) 
      Cumulative area ratio:  113.12
      Required ratio:    0.00 (Cumulative area) 
      Cumulative area ratio:  567.64
      Required ratio:    0.00 (Cumulative side area) 

    Layer: met1
      Partial area ratio:  111.62
      Required ratio:    0.00 (Gate area) 
      Partial area ratio:  559.66
      Required ratio:  400.00 (Side area) (VIOLATED)
      Cumulative area ratio:  111.62
      Required ratio:    0.00 (Cumulative area) 
      Cumulative area ratio:  559.66
      Required ratio:    0.00 (Cumulative side area) 

    Layer: li1
      Partial area ratio:    0.00
      Required ratio:    0.00 (Gate area) 
      Partial area ratio:    0.00
      Required ratio:   75.00 (Side area) 
      Cumulative area ratio:    0.00
      Required ratio:    0.00 (Cumulative area) 
      Cumulative area ratio:    0.00
      Required ratio:    0.00 (Cumulative side area) 

    Via: M1M2_PR
      Partial area ratio:    0.18
      Required ratio:    6.00 (Gate area) 
      Cumulative area ratio:    0.30
      Required ratio:    0.00 (Cumulative area) 

    Via: L1M1_PR_MR
      Partial area ratio:    0.12
      Required ratio:    3.00 (Gate area) 
      Cumulative area ratio:    0.12
      Required ratio:    0.00 (Cumulative area) 


Net: net600
  Pin: _7164_/A (sky130_fd_sc_hd__clkbuf_1)
    Layer: met2
      Partial area ratio:   43.22
      Required ratio:    0.00 (Gate area) 
      Partial area ratio:  216.66
      Required ratio: 2956.40 (Side area) 
      Cumulative area ratio:  169.42
      Required ratio:    0.00 (Cumulative area) 
      Cumulative area ratio:  852.30
      Required ratio:    0.00 (Cumulative side area) 

    Layer: met1
      Partial area ratio:   24.14
      Required ratio:    0.00 (Gate area) 
      Partial area ratio:  122.19
      Required ratio:  400.00 (Side area) 
      Cumulative area ratio:   24.14
      Required ratio:    0.00 (Cumulative area) 
      Cumulative area ratio:  122.19
      Required ratio:    0.00 (Cumulative side area) 

    Layer: li1
      Partial area ratio:    0.00
      Required ratio:    0.00 (Gate area) 
      Partial area ratio:    0.00
      Required ratio:   75.00 (Side area) 
      Cumulative area ratio:    0.00
      Required ratio:    0.00 (Cumulative area) 
      Cumulative area ratio:    0.00
      Required ratio:    0.00 (Cumulative side area) 

    Via: M1M2_PR
      Partial area ratio:    0.11
      Required ratio:    6.00 (Gate area) 
      Cumulative area ratio:    0.26
      Required ratio:    0.00 (Cumulative area) 

    Via: L1M1_PR_MR
      Partial area ratio:    0.15
      Required ratio:    3.00 (Gate area) 
      Cumulative area ratio:    0.15
      Required ratio:    0.00 (Cumulative area) 

  Pin: output600/A (sky130_fd_sc_hd__buf_1)
    Layer: met2
      Partial area ratio:   43.22
      Required ratio:    0.00 (Gate area) 
      Partial area ratio:  216.66
      Required ratio: 2956.40 (Side area) 
      Cumulative area ratio:  146.04
      Required ratio:    0.00 (Cumulative area) 
      Cumulative area ratio:  734.38
      Required ratio:    0.00 (Cumulative side area) 

    Layer: met1
      Partial area ratio:    0.76
      Required ratio:    0.00 (Gate area) 
      Partial area ratio:    4.27
      Required ratio:  400.00 (Side area) 
      Cumulative area ratio:    0.76
      Required ratio:    0.00 (Cumulative area) 
      Cumulative area ratio:    4.27
      Required ratio:    0.00 (Cumulative side area) 

    Layer: li1
      Partial area ratio:    0.00
      Required ratio:    0.00 (Gate area) 
      Partial area ratio:    0.00
      Required ratio:   75.00 (Side area) 
      Cumulative area ratio:    0.00
      Required ratio:    0.00 (Cumulative area) 
      Cumulative area ratio:    0.00
      Required ratio:    0.00 (Cumulative side area) 

    Via: M1M2_PR
      Partial area ratio:    0.11
      Required ratio:    6.00 (Gate area) 
      Cumulative area ratio:    0.26
      Required ratio:    0.00 (Cumulative area) 

    Via: L1M1_PR_MR
      Partial area ratio:    0.15
      Required ratio:    3.00 (Gate area) 
      Cumulative area ratio:    0.15
      Required ratio:    0.00 (Cumulative area) 

  Pin: _6544_/A0 (sky130_fd_sc_hd__mux2_1)
    Layer: met2
      Partial area ratio:   43.22
      Required ratio:    0.00 (Gate area) 
      Partial area ratio:  216.66
      Required ratio: 2956.40 (Side area) 
      Cumulative area ratio:  145.29
      Required ratio:    0.00 (Cumulative area) 
      Cumulative area ratio:  730.11
      Required ratio:    0.00 (Cumulative side area) 

    Layer: met1
      Partial area ratio:  102.07
      Required ratio:    0.00 (Gate area) 
      Partial area ratio:  513.44
      Required ratio:  400.00 (Side area) (VIOLATED)
      Cumulative area ratio:  102.07
      Required ratio:    0.00 (Cumulative area) 
      Cumulative area ratio:  513.44
      Required ratio:    0.00 (Cumulative side area) 

    Layer: li1
      Partial area ratio:    0.00
      Required ratio:    0.00 (Gate area) 
      Partial area ratio:    0.00
      Required ratio:   75.00 (Side area) 
      Cumulative area ratio:    0.00
      Required ratio:    0.00 (Cumulative area) 
      Cumulative area ratio:    0.00
      Required ratio:    0.00 (Cumulative side area) 

    Via: M1M2_PR
      Partial area ratio:    0.36
      Required ratio:    6.00 (Gate area) 
      Cumulative area ratio:    0.59
      Required ratio:    0.00 (Cumulative area) 

    Via: L1M1_PR_MR
      Partial area ratio:    0.23
      Required ratio:    3.00 (Gate area) 
      Cumulative area ratio:    0.23
      Required ratio:    0.00 (Cumulative area) 


Net: net613
  Pin: _7175_/A (sky130_fd_sc_hd__clkbuf_1)
    Layer: met2
      Partial area ratio:   37.20
      Required ratio:    0.00 (Gate area) 
      Partial area ratio:  186.77
      Required ratio: 3130.28 (Side area) 
      Cumulative area ratio:  386.86
      Required ratio:    0.00 (Cumulative area) 
      Cumulative area ratio: 1942.22
      Required ratio:    0.00 (Cumulative side area) 

    Layer: met1
      Partial area ratio:   77.35
      Required ratio:    0.00 (Gate area) 
      Partial area ratio:  389.22
      Required ratio: 2773.88 (Side area) 
      Cumulative area ratio:   77.35
      Required ratio:    0.00 (Cumulative area) 
      Cumulative area ratio:  389.22
      Required ratio:    0.00 (Cumulative side area) 

    Layer: li1
      Partial area ratio:    0.00
      Required ratio:    0.00 (Gate area) 
      Partial area ratio:    0.00
      Required ratio:   75.00 (Side area) 
      Cumulative area ratio:    0.00
      Required ratio:    0.00 (Cumulative area) 
      Cumulative area ratio:    0.00
      Required ratio:    0.00 (Cumulative side area) 

    Via: M1M2_PR
      Partial area ratio:    0.11
      Required ratio:    6.00 (Gate area) 
      Cumulative area ratio:    0.26
      Required ratio:    0.00 (Cumulative area) 

    Via: L1M1_PR_MR
      Partial area ratio:    0.15
      Required ratio:    3.00 (Gate area) 
      Cumulative area ratio:    0.15
      Required ratio:    0.00 (Cumulative area) 

  Pin: output613/A (sky130_fd_sc_hd__buf_1)
    Layer: met2
      Partial area ratio:   37.20
      Required ratio:    0.00 (Gate area) 
      Partial area ratio:  186.77
      Required ratio: 3130.28 (Side area) 
      Cumulative area ratio:  310.60
      Required ratio:    0.00 (Cumulative area) 
      Cumulative area ratio: 1558.91
      Required ratio:    0.00 (Cumulative side area) 

    Layer: met1
      Partial area ratio:    1.08
      Required ratio:    0.00 (Gate area) 
      Partial area ratio:    5.91
      Required ratio:  400.00 (Side area) 
      Cumulative area ratio:    1.08
      Required ratio:    0.00 (Cumulative area) 
      Cumulative area ratio:    5.91
      Required ratio:    0.00 (Cumulative side area) 

    Layer: li1
      Partial area ratio:    0.00
      Required ratio:    0.00 (Gate area) 
      Partial area ratio:    0.00
      Required ratio:   75.00 (Side area) 
      Cumulative area ratio:    0.00
      Required ratio:    0.00 (Cumulative area) 
      Cumulative area ratio:    0.00
      Required ratio:    0.00 (Cumulative side area) 

    Via: M1M2_PR
      Partial area ratio:    0.11
      Required ratio:    6.00 (Gate area) 
      Cumulative area ratio:    0.26
      Required ratio:    0.00 (Cumulative area) 

    Via: L1M1_PR_MR
      Partial area ratio:    0.15
      Required ratio:    3.00 (Gate area) 
      Cumulative area ratio:    0.15
      Required ratio:    0.00 (Cumulative area) 

  Pin: _6592_/A0 (sky130_fd_sc_hd__mux2_1)
    Layer: met2
      Partial area ratio:   37.20
      Required ratio:    0.00 (Gate area) 
      Partial area ratio:  186.77
      Required ratio: 3130.28 (Side area) 
      Cumulative area ratio:  309.51
      Required ratio:    0.00 (Cumulative area) 
      Cumulative area ratio: 1553.00
      Required ratio:    0.00 (Cumulative side area) 

    Layer: met1
      Partial area ratio:  272.31
      Required ratio:    0.00 (Gate area) 
      Partial area ratio: 1366.22
      Required ratio:  400.00 (Side area) (VIOLATED)
      Cumulative area ratio:  272.31
      Required ratio:    0.00 (Cumulative area) 
      Cumulative area ratio: 1366.22
      Required ratio:    0.00 (Cumulative side area) 

    Layer: li1
      Partial area ratio:    0.00
      Required ratio:    0.00 (Gate area) 
      Partial area ratio:    0.00
      Required ratio:   75.00 (Side area) 
      Cumulative area ratio:    0.00
      Required ratio:    0.00 (Cumulative area) 
      Cumulative area ratio:    0.00
      Required ratio:    0.00 (Cumulative side area) 

    Via: M1M2_PR
      Partial area ratio:    0.36
      Required ratio:    6.00 (Gate area) 
      Cumulative area ratio:    0.59
      Required ratio:    0.00 (Cumulative area) 

    Via: L1M1_PR_MR
      Partial area ratio:    0.23
      Required ratio:    3.00 (Gate area) 
      Cumulative area ratio:    0.23
      Required ratio:    0.00 (Cumulative area) 


Net: net616
  Pin: _7178_/A (sky130_fd_sc_hd__clkbuf_1)
    Layer: met2
      Partial area ratio:   38.45
      Required ratio:    0.00 (Gate area) 
      Partial area ratio:  192.82
      Required ratio: 2956.40 (Side area) 
      Cumulative area ratio:  344.58
      Required ratio:    0.00 (Cumulative area) 
      Cumulative area ratio: 1726.59
      Required ratio:    0.00 (Cumulative side area) 

    Layer: met1
      Partial area ratio:    0.00
      Required ratio:    0.00 (Gate area) 
      Partial area ratio:    0.00
      Required ratio:  400.00 (Side area) 
      Cumulative area ratio:    0.00
      Required ratio:    0.00 (Cumulative area) 
      Cumulative area ratio:    0.00
      Required ratio:    0.00 (Cumulative side area) 

    Layer: li1
      Partial area ratio:    0.00
      Required ratio:    0.00 (Gate area) 
      Partial area ratio:    0.00
      Required ratio:   75.00 (Side area) 
      Cumulative area ratio:    0.00
      Required ratio:    0.00 (Cumulative area) 
      Cumulative area ratio:    0.00
      Required ratio:    0.00 (Cumulative side area) 

    Via: M1M2_PR
      Partial area ratio:    0.11
      Required ratio:    6.00 (Gate area) 
      Cumulative area ratio:    0.26
      Required ratio:    0.00 (Cumulative area) 

    Via: L1M1_PR_MR
      Partial area ratio:    0.15
      Required ratio:    3.00 (Gate area) 
      Cumulative area ratio:    0.15
      Required ratio:    0.00 (Cumulative area) 

  Pin: output616/A (sky130_fd_sc_hd__buf_1)
    Layer: met2
      Partial area ratio:   38.45
      Required ratio:    0.00 (Gate area) 
      Partial area ratio:  192.82
      Required ratio: 2956.40 (Side area) 
      Cumulative area ratio:  345.34
      Required ratio:    0.00 (Cumulative area) 
      Cumulative area ratio: 1730.87
      Required ratio:    0.00 (Cumulative side area) 

    Layer: met1
      Partial area ratio:    0.76
      Required ratio:    0.00 (Gate area) 
      Partial area ratio:    4.27
      Required ratio:  400.00 (Side area) 
      Cumulative area ratio:    0.76
      Required ratio:    0.00 (Cumulative area) 
      Cumulative area ratio:    4.27
      Required ratio:    0.00 (Cumulative side area) 

    Layer: li1
      Partial area ratio:    0.00
      Required ratio:    0.00 (Gate area) 
      Partial area ratio:    0.00
      Required ratio:   75.00 (Side area) 
      Cumulative area ratio:    0.00
      Required ratio:    0.00 (Cumulative area) 
      Cumulative area ratio:    0.00
      Required ratio:    0.00 (Cumulative side area) 

    Via: M1M2_PR
      Partial area ratio:    0.11
      Required ratio:    6.00 (Gate area) 
      Cumulative area ratio:    0.26
      Required ratio:    0.00 (Cumulative area) 

    Via: L1M1_PR_MR
      Partial area ratio:    0.15
      Required ratio:    3.00 (Gate area) 
      Cumulative area ratio:    0.15
      Required ratio:    0.00 (Cumulative area) 

  Pin: _6600_/A0 (sky130_fd_sc_hd__mux2_1)
    Layer: met2
      Partial area ratio:   38.45
      Required ratio:    0.00 (Gate area) 
      Partial area ratio:  192.82
      Required ratio: 2956.40 (Side area) 
      Cumulative area ratio:  344.58
      Required ratio:    0.00 (Cumulative area) 
      Cumulative area ratio: 1726.59
      Required ratio:    0.00 (Cumulative side area) 

    Layer: met1
      Partial area ratio:  306.13
      Required ratio:    0.00 (Gate area) 
      Partial area ratio: 1533.78
      Required ratio:  400.00 (Side area) (VIOLATED)
      Cumulative area ratio:  306.13
      Required ratio:    0.00 (Cumulative area) 
      Cumulative area ratio: 1533.78
      Required ratio:    0.00 (Cumulative side area) 

    Layer: li1
      Partial area ratio:    0.00
      Required ratio:    0.00 (Gate area) 
      Partial area ratio:    0.00
      Required ratio:   75.00 (Side area) 
      Cumulative area ratio:    0.00
      Required ratio:    0.00 (Cumulative area) 
      Cumulative area ratio:    0.00
      Required ratio:    0.00 (Cumulative side area) 

    Via: M1M2_PR
      Partial area ratio:    0.36
      Required ratio:    6.00 (Gate area) 
      Cumulative area ratio:    0.59
      Required ratio:    0.00 (Cumulative area) 

    Via: L1M1_PR_MR
      Partial area ratio:    0.23
      Required ratio:    3.00 (Gate area) 
      Cumulative area ratio:    0.23
      Required ratio:    0.00 (Cumulative area) 


Net: net752
  Pin: output752/A (sky130_fd_sc_hd__buf_1)
    Layer: met2
      Partial area ratio:   53.05
      Required ratio:    0.00 (Gate area) 
      Partial area ratio:  266.16
      Required ratio: 2956.40 (Side area) 
      Cumulative area ratio:  136.23
      Required ratio:    0.00 (Cumulative area) 
      Cumulative area ratio:  685.65
      Required ratio:    0.00 (Cumulative side area) 

    Layer: met1
      Partial area ratio:    0.00
      Required ratio:    0.00 (Gate area) 
      Partial area ratio:    0.00
      Required ratio:  400.00 (Side area) 
      Cumulative area ratio:    0.00
      Required ratio:    0.00 (Cumulative area) 
      Cumulative area ratio:    0.00
      Required ratio:    0.00 (Cumulative side area) 

    Layer: li1
      Partial area ratio:    0.00
      Required ratio:    0.00 (Gate area) 
      Partial area ratio:    0.00
      Required ratio:   75.00 (Side area) 
      Cumulative area ratio:    0.00
      Required ratio:    0.00 (Cumulative area) 
      Cumulative area ratio:    0.00
      Required ratio:    0.00 (Cumulative side area) 

    Via: M1M2_PR
      Partial area ratio:    0.11
      Required ratio:    6.00 (Gate area) 
      Cumulative area ratio:    0.26
      Required ratio:    0.00 (Cumulative area) 

    Via: L1M1_PR_MR
      Partial area ratio:    0.15
      Required ratio:    3.00 (Gate area) 
      Cumulative area ratio:    0.15
      Required ratio:    0.00 (Cumulative area) 

  Pin: _7237_/A (sky130_fd_sc_hd__clkbuf_1)
    Layer: met2
      Partial area ratio:   53.05
      Required ratio:    0.00 (Gate area) 
      Partial area ratio:  266.16
      Required ratio: 2956.40 (Side area) 
      Cumulative area ratio:  136.23
      Required ratio:    0.00 (Cumulative area) 
      Cumulative area ratio:  685.65
      Required ratio:    0.00 (Cumulative side area) 

    Layer: met1
      Partial area ratio:    0.00
      Required ratio:    0.00 (Gate area) 
      Partial area ratio:    0.00
      Required ratio:  400.00 (Side area) 
      Cumulative area ratio:    0.00
      Required ratio:    0.00 (Cumulative area) 
      Cumulative area ratio:    0.00
      Required ratio:    0.00 (Cumulative side area) 

    Layer: li1
      Partial area ratio:    0.00
      Required ratio:    0.00 (Gate area) 
      Partial area ratio:    0.00
      Required ratio:   75.00 (Side area) 
      Cumulative area ratio:    0.00
      Required ratio:    0.00 (Cumulative area) 
      Cumulative area ratio:    0.00
      Required ratio:    0.00 (Cumulative side area) 

    Via: M1M2_PR
      Partial area ratio:    0.11
      Required ratio:    6.00 (Gate area) 
      Cumulative area ratio:    0.26
      Required ratio:    0.00 (Cumulative area) 

    Via: L1M1_PR_MR
      Partial area ratio:    0.15
      Required ratio:    3.00 (Gate area) 
      Cumulative area ratio:    0.15
      Required ratio:    0.00 (Cumulative area) 

  Pin: _5004_/A1 (sky130_fd_sc_hd__o22a_1)
    Layer: met2
      Partial area ratio:   53.05
      Required ratio:    0.00 (Gate area) 
      Partial area ratio:  266.16
      Required ratio: 2956.40 (Side area) 
      Cumulative area ratio:  136.23
      Required ratio:    0.00 (Cumulative area) 
      Cumulative area ratio:  685.65
      Required ratio:    0.00 (Cumulative side area) 

    Layer: met1
      Partial area ratio:   83.19
      Required ratio:    0.00 (Gate area) 
      Partial area ratio:  419.49
      Required ratio:  400.00 (Side area) (VIOLATED)
      Cumulative area ratio:   83.19
      Required ratio:    0.00 (Cumulative area) 
      Cumulative area ratio:  419.49
      Required ratio:    0.00 (Cumulative side area) 

    Layer: li1
      Partial area ratio:    0.00
      Required ratio:    0.00 (Gate area) 
      Partial area ratio:    0.00
      Required ratio:   75.00 (Side area) 
      Cumulative area ratio:    0.00
      Required ratio:    0.00 (Cumulative area) 
      Cumulative area ratio:    0.00
      Required ratio:    0.00 (Cumulative side area) 

    Via: M1M2_PR
      Partial area ratio:    0.27
      Required ratio:    6.00 (Gate area) 
      Cumulative area ratio:    0.39
      Required ratio:    0.00 (Cumulative area) 

    Via: L1M1_PR_MR
      Partial area ratio:    0.12
      Required ratio:    3.00 (Gate area) 
      Cumulative area ratio:    0.12
      Required ratio:    0.00 (Cumulative area) 


Net: net756
  Pin: _7241_/A (sky130_fd_sc_hd__clkbuf_1)
    Layer: met2
      Partial area ratio:   69.01
      Required ratio:    0.00 (Gate area) 
      Partial area ratio:  345.68
      Required ratio: 2956.40 (Side area) 
      Cumulative area ratio:  168.59
      Required ratio:    0.00 (Cumulative area) 
      Cumulative area ratio:  844.94
      Required ratio:    0.00 (Cumulative side area) 

    Layer: met1
      Partial area ratio:   98.19
      Required ratio:    0.00 (Gate area) 
      Partial area ratio:  491.96
      Required ratio:  400.00 (Side area) (VIOLATED)
      Cumulative area ratio:   98.19
      Required ratio:    0.00 (Cumulative area) 
      Cumulative area ratio:  491.96
      Required ratio:    0.00 (Cumulative side area) 

    Layer: li1
      Partial area ratio:    0.00
      Required ratio:    0.00 (Gate area) 
      Partial area ratio:    0.00
      Required ratio:   75.00 (Side area) 
      Cumulative area ratio:    0.00
      Required ratio:    0.00 (Cumulative area) 
      Cumulative area ratio:    0.00
      Required ratio:    0.00 (Cumulative side area) 

    Via: M1M2_PR
      Partial area ratio:    0.23
      Required ratio:    6.00 (Gate area) 
      Cumulative area ratio:    0.38
      Required ratio:    0.00 (Cumulative area) 

    Via: L1M1_PR_MR
      Partial area ratio:    0.15
      Required ratio:    3.00 (Gate area) 
      Cumulative area ratio:    0.15
      Required ratio:    0.00 (Cumulative area) 

  Pin: output756/A (sky130_fd_sc_hd__buf_1)
    Layer: met2
      Partial area ratio:   69.01
      Required ratio:    0.00 (Gate area) 
      Partial area ratio:  345.68
      Required ratio: 2956.40 (Side area) 
      Cumulative area ratio:  171.31
      Required ratio:    0.00 (Cumulative area) 
      Cumulative area ratio:  859.05
      Required ratio:    0.00 (Cumulative side area) 

    Layer: met1
      Partial area ratio:    2.72
      Required ratio:    0.00 (Gate area) 
      Partial area ratio:   14.11
      Required ratio:  400.00 (Side area) 
      Cumulative area ratio:    2.72
      Required ratio:    0.00 (Cumulative area) 
      Cumulative area ratio:   14.11
      Required ratio:    0.00 (Cumulative side area) 

    Layer: li1
      Partial area ratio:    0.00
      Required ratio:    0.00 (Gate area) 
      Partial area ratio:    0.00
      Required ratio:   75.00 (Side area) 
      Cumulative area ratio:    0.00
      Required ratio:    0.00 (Cumulative area) 
      Cumulative area ratio:    0.00
      Required ratio:    0.00 (Cumulative side area) 

    Via: M1M2_PR
      Partial area ratio:    0.11
      Required ratio:    6.00 (Gate area) 
      Cumulative area ratio:    0.26
      Required ratio:    0.00 (Cumulative area) 

    Via: L1M1_PR_MR
      Partial area ratio:    0.15
      Required ratio:    3.00 (Gate area) 
      Cumulative area ratio:    0.15
      Required ratio:    0.00 (Cumulative area) 

  Pin: _5032_/A1 (sky130_fd_sc_hd__o22a_1)
    Layer: met2
      Partial area ratio:   69.01
      Required ratio:    0.00 (Gate area) 
      Partial area ratio:  345.68
      Required ratio: 2956.40 (Side area) 
      Cumulative area ratio:   70.39
      Required ratio:    0.00 (Cumulative area) 
      Cumulative area ratio:  352.98
      Required ratio:    0.00 (Cumulative side area) 

    Layer: met1
      Partial area ratio:    1.38
      Required ratio:    0.00 (Gate area) 
      Partial area ratio:    7.30
      Required ratio:  400.00 (Side area) 
      Cumulative area ratio:    1.38
      Required ratio:    0.00 (Cumulative area) 
      Cumulative area ratio:    7.30
      Required ratio:    0.00 (Cumulative side area) 

    Layer: li1
      Partial area ratio:    0.00
      Required ratio:    0.00 (Gate area) 
      Partial area ratio:    0.00
      Required ratio:   75.00 (Side area) 
      Cumulative area ratio:    0.00
      Required ratio:    0.00 (Cumulative area) 
      Cumulative area ratio:    0.00
      Required ratio:    0.00 (Cumulative side area) 

    Via: M1M2_PR
      Partial area ratio:    0.18
      Required ratio:    6.00 (Gate area) 
      Cumulative area ratio:    0.30
      Required ratio:    0.00 (Cumulative area) 

    Via: L1M1_PR_MR
      Partial area ratio:    0.12
      Required ratio:    3.00 (Gate area) 
      Cumulative area ratio:    0.12
      Required ratio:    0.00 (Cumulative area) 


Net: net759
  Pin: output759/A (sky130_fd_sc_hd__buf_1)
    Layer: met2
      Partial area ratio:    3.86
      Required ratio:    0.00 (Gate area) 
      Partial area ratio:   19.73
      Required ratio: 2956.40 (Side area) 
      Cumulative area ratio:  148.76
      Required ratio:    0.00 (Cumulative area) 
      Cumulative area ratio:  745.69
      Required ratio:    0.00 (Cumulative side area) 

    Layer: met1
      Partial area ratio:    1.41
      Required ratio:    0.00 (Gate area) 
      Partial area ratio:    7.55
      Required ratio:  400.00 (Side area) 
      Cumulative area ratio:    1.41
      Required ratio:    0.00 (Cumulative area) 
      Cumulative area ratio:    7.55
      Required ratio:    0.00 (Cumulative side area) 

    Layer: li1
      Partial area ratio:    0.00
      Required ratio:    0.00 (Gate area) 
      Partial area ratio:    0.00
      Required ratio:   75.00 (Side area) 
      Cumulative area ratio:    0.00
      Required ratio:    0.00 (Cumulative area) 
      Cumulative area ratio:    0.00
      Required ratio:    0.00 (Cumulative side area) 

    Via: M1M2_PR
      Partial area ratio:    0.11
      Required ratio:    6.00 (Gate area) 
      Cumulative area ratio:    0.26
      Required ratio:    0.00 (Cumulative area) 

    Via: L1M1_PR_MR
      Partial area ratio:    0.15
      Required ratio:    3.00 (Gate area) 
      Cumulative area ratio:    0.15
      Required ratio:    0.00 (Cumulative area) 

  Pin: _7244_/A (sky130_fd_sc_hd__clkbuf_2)
    Layer: met2
      Partial area ratio:    3.86
      Required ratio:    0.00 (Gate area) 
      Partial area ratio:   19.73
      Required ratio: 2956.40 (Side area) 
      Cumulative area ratio:  147.35
      Required ratio:    0.00 (Cumulative area) 
      Cumulative area ratio:  738.14
      Required ratio:    0.00 (Cumulative side area) 

    Layer: met1
      Partial area ratio:  143.50
      Required ratio:    0.00 (Gate area) 
      Partial area ratio:  718.40
      Required ratio:  400.00 (Side area) (VIOLATED)
      Cumulative area ratio:  143.50
      Required ratio:    0.00 (Cumulative area) 
      Cumulative area ratio:  718.40
      Required ratio:    0.00 (Cumulative side area) 

    Layer: li1
      Partial area ratio:    0.00
      Required ratio:    0.00 (Gate area) 
      Partial area ratio:    0.00
      Required ratio:   75.00 (Side area) 
      Cumulative area ratio:    0.00
      Required ratio:    0.00 (Cumulative area) 
      Cumulative area ratio:    0.00
      Required ratio:    0.00 (Cumulative side area) 

    Via: M1M2_PR
      Partial area ratio:    0.21
      Required ratio:    6.00 (Gate area) 
      Cumulative area ratio:    0.35
      Required ratio:    0.00 (Cumulative area) 

    Via: L1M1_PR_MR
      Partial area ratio:    0.14
      Required ratio:    3.00 (Gate area) 
      Cumulative area ratio:    0.14
      Required ratio:    0.00 (Cumulative area) 

  Pin: _5052_/A1 (sky130_fd_sc_hd__o22a_1)
    Layer: met1
      Partial area ratio:    1.91
      Required ratio:    0.00 (Gate area) 
      Partial area ratio:   10.35
      Required ratio:  400.00 (Side area) 
      Cumulative area ratio:    1.91
      Required ratio:    0.00 (Cumulative area) 
      Cumulative area ratio:   10.35
      Required ratio:    0.00 (Cumulative side area) 

    Layer: li1
      Partial area ratio:    0.00
      Required ratio:    0.00 (Gate area) 
      Partial area ratio:    0.00
      Required ratio:   75.00 (Side area) 
      Cumulative area ratio:    0.00
      Required ratio:    0.00 (Cumulative area) 
      Cumulative area ratio:    0.00
      Required ratio:    0.00 (Cumulative side area) 

    Via: M1M2_PR
      Partial area ratio:    0.09
      Required ratio:    6.00 (Gate area) 
      Cumulative area ratio:    0.21
      Required ratio:    0.00 (Cumulative area) 

    Via: L1M1_PR_MR
      Partial area ratio:    0.12
      Required ratio:    3.00 (Gate area) 
      Cumulative area ratio:    0.12
      Required ratio:    0.00 (Cumulative area) 


Net: net762
  Pin: output762/A (sky130_fd_sc_hd__buf_1)
    Layer: met2
      Partial area ratio:    1.88
      Required ratio:    0.00 (Gate area) 
      Partial area ratio:    9.84
      Required ratio: 2956.40 (Side area) 
      Cumulative area ratio:  141.36
      Required ratio:    0.00 (Cumulative area) 
      Cumulative area ratio:  708.27
      Required ratio:    0.00 (Cumulative side area) 

    Layer: met1
      Partial area ratio:  139.49
      Required ratio:    0.00 (Gate area) 
      Partial area ratio:  698.43
      Required ratio:  400.00 (Side area) (VIOLATED)
      Cumulative area ratio:  139.49
      Required ratio:    0.00 (Cumulative area) 
      Cumulative area ratio:  698.43
      Required ratio:    0.00 (Cumulative side area) 

    Layer: li1
      Partial area ratio:    0.00
      Required ratio:    0.00 (Gate area) 
      Partial area ratio:    0.00
      Required ratio:   75.00 (Side area) 
      Cumulative area ratio:    0.00
      Required ratio:    0.00 (Cumulative area) 
      Cumulative area ratio:    0.00
      Required ratio:    0.00 (Cumulative side area) 

    Via: M1M2_PR
      Partial area ratio:    0.23
      Required ratio:    6.00 (Gate area) 
      Cumulative area ratio:    0.38
      Required ratio:    0.00 (Cumulative area) 

    Via: L1M1_PR_MR
      Partial area ratio:    0.15
      Required ratio:    3.00 (Gate area) 
      Cumulative area ratio:    0.15
      Required ratio:    0.00 (Cumulative area) 

  Pin: _7246_/A (sky130_fd_sc_hd__clkbuf_1)
    Layer: met2
      Partial area ratio:    1.88
      Required ratio:    0.00 (Gate area) 
      Partial area ratio:    9.84
      Required ratio: 2956.40 (Side area) 
      Cumulative area ratio:  141.36
      Required ratio:    0.00 (Cumulative area) 
      Cumulative area ratio:  708.27
      Required ratio:    0.00 (Cumulative side area) 

    Layer: met1
      Partial area ratio:    0.00
      Required ratio:    0.00 (Gate area) 
      Partial area ratio:    0.00
      Required ratio:  400.00 (Side area) 
      Cumulative area ratio:    0.00
      Required ratio:    0.00 (Cumulative area) 
      Cumulative area ratio:    0.00
      Required ratio:    0.00 (Cumulative side area) 

    Layer: li1
      Partial area ratio:    0.00
      Required ratio:    0.00 (Gate area) 
      Partial area ratio:    0.00
      Required ratio:   75.00 (Side area) 
      Cumulative area ratio:    0.00
      Required ratio:    0.00 (Cumulative area) 
      Cumulative area ratio:    0.00
      Required ratio:    0.00 (Cumulative side area) 

    Via: M1M2_PR
      Partial area ratio:    0.11
      Required ratio:    6.00 (Gate area) 
      Cumulative area ratio:    0.26
      Required ratio:    0.00 (Cumulative area) 

    Via: L1M1_PR_MR
      Partial area ratio:    0.15
      Required ratio:    3.00 (Gate area) 
      Cumulative area ratio:    0.15
      Required ratio:    0.00 (Cumulative area) 

  Pin: _5064_/A1 (sky130_fd_sc_hd__o22a_1)
    Layer: met1
      Partial area ratio:    5.92
      Required ratio:    0.00 (Gate area) 
      Partial area ratio:   31.56
      Required ratio:  400.00 (Side area) 
      Cumulative area ratio:    5.92
      Required ratio:    0.00 (Cumulative area) 
      Cumulative area ratio:   31.56
      Required ratio:    0.00 (Cumulative side area) 

    Layer: li1
      Partial area ratio:    0.00
      Required ratio:    0.00 (Gate area) 
      Partial area ratio:    0.00
      Required ratio:   75.00 (Side area) 
      Cumulative area ratio:    0.00
      Required ratio:    0.00 (Cumulative area) 
      Cumulative area ratio:    0.00
      Required ratio:    0.00 (Cumulative side area) 

    Via: M1M2_PR
      Partial area ratio:    0.09
      Required ratio:    6.00 (Gate area) 
      Cumulative area ratio:    0.21
      Required ratio:    0.00 (Cumulative area) 

    Via: L1M1_PR_MR
      Partial area ratio:    0.12
      Required ratio:    3.00 (Gate area) 
      Cumulative area ratio:    0.12
      Required ratio:    0.00 (Cumulative area) 


Net: net933
  Pin: output933/A (sky130_fd_sc_hd__buf_1)
    Layer: met4
      Partial area ratio:  677.34
      Required ratio:    0.00 (Gate area) 
      Partial area ratio: 3614.94
      Required ratio: 2918.08 (Side area) (VIOLATED)
      Cumulative area ratio:  688.91
      Required ratio:    0.00 (Cumulative area) 
      Cumulative area ratio: 3679.49
      Required ratio:    0.00 (Cumulative side area) 

    Layer: met3
      Partial area ratio:   11.34
      Required ratio:    0.00 (Gate area) 
      Partial area ratio:   62.94
      Required ratio:  400.00 (Side area) 
      Cumulative area ratio:   11.56
      Required ratio:    0.00 (Cumulative area) 
      Cumulative area ratio:   64.54
      Required ratio:    0.00 (Cumulative side area) 

    Layer: met2
      Partial area ratio:    0.22
      Required ratio:    0.00 (Gate area) 
      Partial area ratio:    1.60
      Required ratio:  400.00 (Side area) 
      Cumulative area ratio:    0.22
      Required ratio:    0.00 (Cumulative area) 
      Cumulative area ratio:    1.60
      Required ratio:    0.00 (Cumulative side area) 

    Layer: met1
      Partial area ratio:    0.00
      Required ratio:    0.00 (Gate area) 
      Partial area ratio:    0.00
      Required ratio:  400.00 (Side area) 
      Cumulative area ratio:    0.00
      Required ratio:    0.00 (Cumulative area) 
      Cumulative area ratio:    0.00
      Required ratio:    0.00 (Cumulative side area) 

    Layer: li1
      Partial area ratio:    0.00
      Required ratio:    0.00 (Gate area) 
      Partial area ratio:    0.00
      Required ratio:   75.00 (Side area) 
      Cumulative area ratio:    0.00
      Required ratio:    0.00 (Cumulative area) 
      Cumulative area ratio:    0.00
      Required ratio:    0.00 (Cumulative side area) 

    Via: M3M4_PR
      Partial area ratio:    0.20
      Required ratio:    6.00 (Gate area) 
      Cumulative area ratio:    0.67
      Required ratio:    0.00 (Cumulative area) 

    Via: M2M3_PR
      Partial area ratio:    0.20
      Required ratio:    6.00 (Gate area) 
      Cumulative area ratio:    0.47
      Required ratio:    0.00 (Cumulative area) 

    Via: M1M2_PR
      Partial area ratio:    0.11
      Required ratio:    6.00 (Gate area) 
      Cumulative area ratio:    0.26
      Required ratio:    0.00 (Cumulative area) 

    Via: L1M1_PR_MR
      Partial area ratio:    0.15
      Required ratio:    3.00 (Gate area) 
      Cumulative area ratio:    0.15
      Required ratio:    0.00 (Cumulative area) 


Net: net948
  Pin: _6942_/RESET_B (sky130_fd_sc_hd__dfrtp_1)
    Layer: met2
      Partial area ratio:    5.31
      Required ratio:    0.00 (Gate area) 
      Partial area ratio:   27.09
      Required ratio: 3872.32 (Side area) 
      Cumulative area ratio:   10.16
      Required ratio:    0.00 (Cumulative area) 
      Cumulative area ratio:   52.87
      Required ratio:    0.00 (Cumulative side area) 

    Layer: met1
      Partial area ratio:    4.84
      Required ratio:    0.00 (Gate area) 
      Partial area ratio:   25.78
      Required ratio:  400.00 (Side area) 
      Cumulative area ratio:    4.84
      Required ratio:    0.00 (Cumulative area) 
      Cumulative area ratio:   25.78
      Required ratio:    0.00 (Cumulative side area) 

    Layer: met3
      Partial area ratio:    0.43
      Required ratio:    0.00 (Gate area) 
      Partial area ratio:    2.41
      Required ratio: 4220.08 (Side area) 
      Cumulative area ratio:   10.59
      Required ratio:    0.00 (Cumulative area) 
      Cumulative area ratio:   55.28
      Required ratio:    0.00 (Cumulative side area) 

    Via: M2M3_PR
      Partial area ratio:    0.01
      Required ratio:    6.00 (Gate area) 
      Cumulative area ratio:    0.19
      Required ratio:    0.00 (Cumulative area) 

    Via: M1M2_PR
      Partial area ratio:    0.18
      Required ratio:    6.00 (Gate area) 
      Cumulative area ratio:    0.18
      Required ratio:    0.00 (Cumulative area) 

  Pin: _6909_/RESET_B (sky130_fd_sc_hd__dfrtp_1)
    Layer: met2
      Partial area ratio:    5.31
      Required ratio:    0.00 (Gate area) 
      Partial area ratio:   27.09
      Required ratio: 3872.32 (Side area) 
      Cumulative area ratio:   12.97
      Required ratio:    0.00 (Cumulative area) 
      Cumulative area ratio:   68.87
      Required ratio:    0.00 (Cumulative side area) 

    Layer: met1
      Partial area ratio:    2.81
      Required ratio:    0.00 (Gate area) 
      Partial area ratio:   16.00
      Required ratio:  400.00 (Side area) 
      Cumulative area ratio:    2.81
      Required ratio:    0.00 (Cumulative area) 
      Cumulative area ratio:   16.00
      Required ratio:    0.00 (Cumulative side area) 

    Layer: met3
      Partial area ratio:    0.43
      Required ratio:    0.00 (Gate area) 
      Partial area ratio:    2.41
      Required ratio: 4220.08 (Side area) 
      Cumulative area ratio:   13.40
      Required ratio:    0.00 (Cumulative area) 
      Cumulative area ratio:   71.28
      Required ratio:    0.00 (Cumulative side area) 

    Via: M2M3_PR
      Partial area ratio:    0.01
      Required ratio:    6.00 (Gate area) 
      Cumulative area ratio:    0.37
      Required ratio:    0.00 (Cumulative area) 

    Via: M1M2_PR
      Partial area ratio:    0.18
      Required ratio:    6.00 (Gate area) 
      Cumulative area ratio:    0.18
      Required ratio:    0.00 (Cumulative area) 

  Pin: _6910_/RESET_B (sky130_fd_sc_hd__dfrtp_1)
    Layer: met2
      Partial area ratio:    5.31
      Required ratio:    0.00 (Gate area) 
      Partial area ratio:   27.09
      Required ratio: 3872.32 (Side area) 
      Cumulative area ratio:   20.89
      Required ratio:    0.00 (Cumulative area) 
      Cumulative area ratio:  110.43
      Required ratio:    0.00 (Cumulative side area) 

    Layer: met1
      Partial area ratio:    7.92
      Required ratio:    0.00 (Gate area) 
      Partial area ratio:   41.56
      Required ratio:  400.00 (Side area) 
      Cumulative area ratio:    7.92
      Required ratio:    0.00 (Cumulative area) 
      Cumulative area ratio:   41.56
      Required ratio:    0.00 (Cumulative side area) 

    Layer: met3
      Partial area ratio:    0.43
      Required ratio:    0.00 (Gate area) 
      Partial area ratio:    2.41
      Required ratio: 4220.08 (Side area) 
      Cumulative area ratio:   21.32
      Required ratio:    0.00 (Cumulative area) 
      Cumulative area ratio:  112.83
      Required ratio:    0.00 (Cumulative side area) 

    Via: M2M3_PR
      Partial area ratio:    0.01
      Required ratio:    6.00 (Gate area) 
      Cumulative area ratio:    0.55
      Required ratio:    0.00 (Cumulative area) 

    Via: M1M2_PR
      Partial area ratio:    0.18
      Required ratio:    6.00 (Gate area) 
      Cumulative area ratio:    0.18
      Required ratio:    0.00 (Cumulative area) 

  Pin: _6941_/RESET_B (sky130_fd_sc_hd__dfrtp_1)
    Layer: met2
      Partial area ratio:    5.31
      Required ratio:    0.00 (Gate area) 
      Partial area ratio:   27.09
      Required ratio: 3872.32 (Side area) 
      Cumulative area ratio:   20.89
      Required ratio:    0.00 (Cumulative area) 
      Cumulative area ratio:  110.43
      Required ratio:    0.00 (Cumulative side area) 

    Layer: met1
      Partial area ratio:    0.00
      Required ratio:    0.00 (Gate area) 
      Partial area ratio:    0.00
      Required ratio:  400.00 (Side area) 
      Cumulative area ratio:    0.00
      Required ratio:    0.00 (Cumulative area) 
      Cumulative area ratio:    0.00
      Required ratio:    0.00 (Cumulative side area) 

    Layer: met3
      Partial area ratio:    0.43
      Required ratio:    0.00 (Gate area) 
      Partial area ratio:    2.41
      Required ratio: 4220.08 (Side area) 
      Cumulative area ratio:   21.32
      Required ratio:    0.00 (Cumulative area) 
      Cumulative area ratio:  112.83
      Required ratio:    0.00 (Cumulative side area) 

    Via: M2M3_PR
      Partial area ratio:    0.01
      Required ratio:    6.00 (Gate area) 
      Cumulative area ratio:    0.64
      Required ratio:    0.00 (Cumulative area) 

    Via: M1M2_PR
      Partial area ratio:    0.09
      Required ratio:    6.00 (Gate area) 
      Cumulative area ratio:    0.09
      Required ratio:    0.00 (Cumulative area) 

  Pin: _6911_/RESET_B (sky130_fd_sc_hd__dfrtp_1)
    Layer: met2
      Partial area ratio:    5.31
      Required ratio:    0.00 (Gate area) 
      Partial area ratio:   27.09
      Required ratio: 3872.32 (Side area) 
      Cumulative area ratio:   23.78
      Required ratio:    0.00 (Cumulative area) 
      Cumulative area ratio:  125.26
      Required ratio:    0.00 (Cumulative side area) 

    Layer: met1
      Partial area ratio:    2.89
      Required ratio:    0.00 (Gate area) 
      Partial area ratio:   14.83
      Required ratio:  400.00 (Side area) 
      Cumulative area ratio:    2.89
      Required ratio:    0.00 (Cumulative area) 
      Cumulative area ratio:   14.83
      Required ratio:    0.00 (Cumulative side area) 

    Layer: met3
      Partial area ratio:    0.43
      Required ratio:    0.00 (Gate area) 
      Partial area ratio:    2.41
      Required ratio: 4220.08 (Side area) 
      Cumulative area ratio:   24.21
      Required ratio:    0.00 (Cumulative area) 
      Cumulative area ratio:  127.67
      Required ratio:    0.00 (Cumulative side area) 

    Via: M2M3_PR
      Partial area ratio:    0.01
      Required ratio:    6.00 (Gate area) 
      Cumulative area ratio:    0.64
      Required ratio:    0.00 (Cumulative area) 

    Via: M1M2_PR
      Partial area ratio:    0.09
      Required ratio:    6.00 (Gate area) 
      Cumulative area ratio:    0.09
      Required ratio:    0.00 (Cumulative area) 

  Pin: _6910_/RESET_B (sky130_fd_sc_hd__dfrtp_1)
    Layer: met2
      Partial area ratio:    5.31
      Required ratio:    0.00 (Gate area) 
      Partial area ratio:   27.09
      Required ratio: 3872.32 (Side area) 
      Cumulative area ratio:   12.97
      Required ratio:    0.00 (Cumulative area) 
      Cumulative area ratio:   68.87
      Required ratio:    0.00 (Cumulative side area) 

    Layer: met1
      Partial area ratio:    0.00
      Required ratio:    0.00 (Gate area) 
      Partial area ratio:    0.00
      Required ratio:  400.00 (Side area) 
      Cumulative area ratio:    0.00
      Required ratio:    0.00 (Cumulative area) 
      Cumulative area ratio:    0.00
      Required ratio:    0.00 (Cumulative side area) 

    Layer: met3
      Partial area ratio:    0.43
      Required ratio:    0.00 (Gate area) 
      Partial area ratio:    2.41
      Required ratio: 4220.08 (Side area) 
      Cumulative area ratio:   13.40
      Required ratio:    0.00 (Cumulative area) 
      Cumulative area ratio:   71.28
      Required ratio:    0.00 (Cumulative side area) 

    Via: M2M3_PR
      Partial area ratio:    0.01
      Required ratio:    6.00 (Gate area) 
      Cumulative area ratio:    0.46
      Required ratio:    0.00 (Cumulative area) 

    Via: M1M2_PR
      Partial area ratio:    0.09
      Required ratio:    6.00 (Gate area) 
      Cumulative area ratio:    0.09
      Required ratio:    0.00 (Cumulative area) 

  Pin: max_cap947/A (sky130_fd_sc_hd__clkbuf_16)
    Layer: met2
      Partial area ratio:    5.31
      Required ratio:    0.00 (Gate area) 
      Partial area ratio:   27.09
      Required ratio: 3872.32 (Side area) 
      Cumulative area ratio:   13.90
      Required ratio:    0.00 (Cumulative area) 
      Cumulative area ratio:   73.64
      Required ratio:    0.00 (Cumulative side area) 

    Layer: met1
      Partial area ratio:    0.93
      Required ratio:    0.00 (Gate area) 
      Partial area ratio:    4.77
      Required ratio:  400.00 (Side area) 
      Cumulative area ratio:    0.93
      Required ratio:    0.00 (Cumulative area) 
      Cumulative area ratio:    4.77
      Required ratio:    0.00 (Cumulative side area) 

    Layer: li1
      Partial area ratio:    0.00
      Required ratio:    0.00 (Gate area) 
      Partial area ratio:    0.00
      Required ratio:   75.00 (Side area) 
      Cumulative area ratio:    0.00
      Required ratio:    0.00 (Cumulative area) 
      Cumulative area ratio:    0.00
      Required ratio:    0.00 (Cumulative side area) 

    Layer: met3
      Partial area ratio:    0.43
      Required ratio:    0.00 (Gate area) 
      Partial area ratio:    2.41
      Required ratio: 4220.08 (Side area) 
      Cumulative area ratio:   14.33
      Required ratio:    0.00 (Cumulative area) 
      Cumulative area ratio:   76.04
      Required ratio:    0.00 (Cumulative side area) 

    Via: M2M3_PR
      Partial area ratio:    0.01
      Required ratio:    6.00 (Gate area) 
      Cumulative area ratio:    0.43
      Required ratio:    0.00 (Cumulative area) 

    Via: M1M2_PR
      Partial area ratio:    0.03
      Required ratio:    6.00 (Gate area) 
      Cumulative area ratio:    0.06
      Required ratio:    0.00 (Cumulative area) 

    Via: L1M1_PR_MR
      Partial area ratio:    0.03
      Required ratio:    3.00 (Gate area) 
      Cumulative area ratio:    0.03
      Required ratio:    0.00 (Cumulative area) 

  Pin: _6945_/RESET_B (sky130_fd_sc_hd__dfrtp_1)
    Layer: met2
      Partial area ratio:    5.31
      Required ratio:    0.00 (Gate area) 
      Partial area ratio:   27.09
      Required ratio: 3872.32 (Side area) 
      Cumulative area ratio:   18.91
      Required ratio:    0.00 (Cumulative area) 
      Cumulative area ratio:  100.54
      Required ratio:    0.00 (Cumulative side area) 

    Layer: met1
      Partial area ratio:    1.61
      Required ratio:    0.00 (Gate area) 
      Partial area ratio:    8.44
      Required ratio:  400.00 (Side area) 
      Cumulative area ratio:    1.61
      Required ratio:    0.00 (Cumulative area) 
      Cumulative area ratio:    8.44
      Required ratio:    0.00 (Cumulative side area) 

    Layer: met3
      Partial area ratio:    0.43
      Required ratio:    0.00 (Gate area) 
      Partial area ratio:    2.41
      Required ratio: 4220.08 (Side area) 
      Cumulative area ratio:   19.34
      Required ratio:    0.00 (Cumulative area) 
      Cumulative area ratio:  102.95
      Required ratio:    0.00 (Cumulative side area) 

    Via: M2M3_PR
      Partial area ratio:    0.01
      Required ratio:    6.00 (Gate area) 
      Cumulative area ratio:    0.64
      Required ratio:    0.00 (Cumulative area) 

    Via: M1M2_PR
      Partial area ratio:    0.09
      Required ratio:    6.00 (Gate area) 
      Cumulative area ratio:    0.09
      Required ratio:    0.00 (Cumulative area) 

  Pin: _7090_/RESET_B (sky130_fd_sc_hd__dfrtp_2)
    Layer: met2
      Partial area ratio:    5.31
      Required ratio:    0.00 (Gate area) 
      Partial area ratio:   27.09
      Required ratio: 3872.32 (Side area) 
      Cumulative area ratio:   65.02
      Required ratio:    0.00 (Cumulative area) 
      Cumulative area ratio:  334.59
      Required ratio:    0.00 (Cumulative side area) 

    Layer: met1
      Partial area ratio:    9.22
      Required ratio:    0.00 (Gate area) 
      Partial area ratio:   46.89
      Required ratio:  400.00 (Side area) 
      Cumulative area ratio:    9.22
      Required ratio:    0.00 (Cumulative area) 
      Cumulative area ratio:   46.89
      Required ratio:    0.00 (Cumulative side area) 

    Layer: met3
      Partial area ratio:    0.43
      Required ratio:    0.00 (Gate area) 
      Partial area ratio:    2.41
      Required ratio: 4220.08 (Side area) 
      Cumulative area ratio:   65.45
      Required ratio:    0.00 (Cumulative area) 
      Cumulative area ratio:  337.00
      Required ratio:    0.00 (Cumulative side area) 

    Via: M2M3_PR
      Partial area ratio:    0.01
      Required ratio:    6.00 (Gate area) 
      Cumulative area ratio:    0.90
      Required ratio:    0.00 (Cumulative area) 

    Via: M1M2_PR
      Partial area ratio:    0.18
      Required ratio:    6.00 (Gate area) 
      Cumulative area ratio:    0.18
      Required ratio:    0.00 (Cumulative area) 

  Pin: _7089_/RESET_B (sky130_fd_sc_hd__dfrtp_1)
    Layer: met2
      Partial area ratio:    5.31
      Required ratio:    0.00 (Gate area) 
      Partial area ratio:   27.09
      Required ratio: 3872.32 (Side area) 
      Cumulative area ratio:   65.02
      Required ratio:    0.00 (Cumulative area) 
      Cumulative area ratio:  334.59
      Required ratio:    0.00 (Cumulative side area) 

    Layer: met1
      Partial area ratio:    0.00
      Required ratio:    0.00 (Gate area) 
      Partial area ratio:    0.00
      Required ratio:  400.00 (Side area) 
      Cumulative area ratio:    0.00
      Required ratio:    0.00 (Cumulative area) 
      Cumulative area ratio:    0.00
      Required ratio:    0.00 (Cumulative side area) 

    Layer: met3
      Partial area ratio:    0.43
      Required ratio:    0.00 (Gate area) 
      Partial area ratio:    2.41
      Required ratio: 4220.08 (Side area) 
      Cumulative area ratio:   65.45
      Required ratio:    0.00 (Cumulative area) 
      Cumulative area ratio:  337.00
      Required ratio:    0.00 (Cumulative side area) 

    Via: M2M3_PR
      Partial area ratio:    0.01
      Required ratio:    6.00 (Gate area) 
      Cumulative area ratio:    0.99
      Required ratio:    0.00 (Cumulative area) 

    Via: M1M2_PR
      Partial area ratio:    0.09
      Required ratio:    6.00 (Gate area) 
      Cumulative area ratio:    0.09
      Required ratio:    0.00 (Cumulative area) 

  Pin: _7088_/SET_B (sky130_fd_sc_hd__dfstp_1)
    Layer: met2
      Partial area ratio:    5.31
      Required ratio:    0.00 (Gate area) 
      Partial area ratio:   27.09
      Required ratio: 3872.32 (Side area) 
      Cumulative area ratio:   77.28
      Required ratio:    0.00 (Cumulative area) 
      Cumulative area ratio:  397.43
      Required ratio:    0.00 (Cumulative side area) 

    Layer: met1
      Partial area ratio:   12.26
      Required ratio:    0.00 (Gate area) 
      Partial area ratio:   62.83
      Required ratio:  400.00 (Side area) 
      Cumulative area ratio:   12.26
      Required ratio:    0.00 (Cumulative area) 
      Cumulative area ratio:   62.83
      Required ratio:    0.00 (Cumulative side area) 

    Layer: met3
      Partial area ratio:    0.43
      Required ratio:    0.00 (Gate area) 
      Partial area ratio:    2.41
      Required ratio: 4220.08 (Side area) 
      Cumulative area ratio:   77.71
      Required ratio:    0.00 (Cumulative area) 
      Cumulative area ratio:  399.83
      Required ratio:    0.00 (Cumulative side area) 

    Via: M2M3_PR
      Partial area ratio:    0.01
      Required ratio:    6.00 (Gate area) 
      Cumulative area ratio:    1.08
      Required ratio:    0.00 (Cumulative area) 

    Via: M1M2_PR
      Partial area ratio:    0.18
      Required ratio:    6.00 (Gate area) 
      Cumulative area ratio:    0.18
      Required ratio:    0.00 (Cumulative area) 

  Pin: _6631_/SET_B (sky130_fd_sc_hd__dfstp_4)
    Layer: met2
      Partial area ratio:    5.31
      Required ratio:    0.00 (Gate area) 
      Partial area ratio:   27.09
      Required ratio: 3872.32 (Side area) 
      Cumulative area ratio:   77.28
      Required ratio:    0.00 (Cumulative area) 
      Cumulative area ratio:  397.43
      Required ratio:    0.00 (Cumulative side area) 

    Layer: met1
      Partial area ratio:    0.00
      Required ratio:    0.00 (Gate area) 
      Partial area ratio:    0.00
      Required ratio:  400.00 (Side area) 
      Cumulative area ratio:    0.00
      Required ratio:    0.00 (Cumulative area) 
      Cumulative area ratio:    0.00
      Required ratio:    0.00 (Cumulative side area) 

    Layer: met3
      Partial area ratio:    0.43
      Required ratio:    0.00 (Gate area) 
      Partial area ratio:    2.41
      Required ratio: 4220.08 (Side area) 
      Cumulative area ratio:   77.71
      Required ratio:    0.00 (Cumulative area) 
      Cumulative area ratio:  399.83
      Required ratio:    0.00 (Cumulative side area) 

    Via: M2M3_PR
      Partial area ratio:    0.01
      Required ratio:    6.00 (Gate area) 
      Cumulative area ratio:    1.17
      Required ratio:    0.00 (Cumulative area) 

    Via: M1M2_PR
      Partial area ratio:    0.09
      Required ratio:    6.00 (Gate area) 
      Cumulative area ratio:    0.09
      Required ratio:    0.00 (Cumulative area) 

  Pin: _6660_/RESET_B (sky130_fd_sc_hd__dfrtp_1)
    Layer: met2
      Partial area ratio:    5.31
      Required ratio:    0.00 (Gate area) 
      Partial area ratio:   27.09
      Required ratio: 3872.32 (Side area) 
      Cumulative area ratio:   78.39
      Required ratio:    0.00 (Cumulative area) 
      Cumulative area ratio:  403.76
      Required ratio:    0.00 (Cumulative side area) 

    Layer: met1
      Partial area ratio:    1.11
      Required ratio:    0.00 (Gate area) 
      Partial area ratio:    6.33
      Required ratio:  400.00 (Side area) 
      Cumulative area ratio:    1.11
      Required ratio:    0.00 (Cumulative area) 
      Cumulative area ratio:    6.33
      Required ratio:    0.00 (Cumulative side area) 

    Layer: met3
      Partial area ratio:    0.43
      Required ratio:    0.00 (Gate area) 
      Partial area ratio:    2.41
      Required ratio: 4220.08 (Side area) 
      Cumulative area ratio:   78.82
      Required ratio:    0.00 (Cumulative area) 
      Cumulative area ratio:  406.17
      Required ratio:    0.00 (Cumulative side area) 

    Via: M2M3_PR
      Partial area ratio:    0.01
      Required ratio:    6.00 (Gate area) 
      Cumulative area ratio:    1.17
      Required ratio:    0.00 (Cumulative area) 

    Via: M1M2_PR
      Partial area ratio:    0.09
      Required ratio:    6.00 (Gate area) 
      Cumulative area ratio:    0.09
      Required ratio:    0.00 (Cumulative area) 

  Pin: _6659_/RESET_B (sky130_fd_sc_hd__dfrtp_1)
    Layer: met2
      Partial area ratio:    5.31
      Required ratio:    0.00 (Gate area) 
      Partial area ratio:   27.09
      Required ratio: 3872.32 (Side area) 
      Cumulative area ratio:   96.59
      Required ratio:    0.00 (Cumulative area) 
      Cumulative area ratio:  496.32
      Required ratio:    0.00 (Cumulative side area) 

    Layer: met1
      Partial area ratio:   19.31
      Required ratio:    0.00 (Gate area) 
      Partial area ratio:   98.89
      Required ratio:  400.00 (Side area) 
      Cumulative area ratio:   19.31
      Required ratio:    0.00 (Cumulative area) 
      Cumulative area ratio:   98.89
      Required ratio:    0.00 (Cumulative side area) 

    Layer: met3
      Partial area ratio:    0.43
      Required ratio:    0.00 (Gate area) 
      Partial area ratio:    2.41
      Required ratio: 4220.08 (Side area) 
      Cumulative area ratio:   97.02
      Required ratio:    0.00 (Cumulative area) 
      Cumulative area ratio:  498.72
      Required ratio:    0.00 (Cumulative side area) 

    Via: M2M3_PR
      Partial area ratio:    0.01
      Required ratio:    6.00 (Gate area) 
      Cumulative area ratio:    1.44
      Required ratio:    0.00 (Cumulative area) 

    Via: M1M2_PR
      Partial area ratio:    0.36
      Required ratio:    6.00 (Gate area) 
      Cumulative area ratio:    0.36
      Required ratio:    0.00 (Cumulative area) 

  Pin: _6665_/SET_B (sky130_fd_sc_hd__dfstp_1)
    Layer: met2
      Partial area ratio:    5.31
      Required ratio:    0.00 (Gate area) 
      Partial area ratio:   27.09
      Required ratio: 3872.32 (Side area) 
      Cumulative area ratio:   96.59
      Required ratio:    0.00 (Cumulative area) 
      Cumulative area ratio:  496.32
      Required ratio:    0.00 (Cumulative side area) 

    Layer: met1
      Partial area ratio:    0.00
      Required ratio:    0.00 (Gate area) 
      Partial area ratio:    0.00
      Required ratio:  400.00 (Side area) 
      Cumulative area ratio:    0.00
      Required ratio:    0.00 (Cumulative area) 
      Cumulative area ratio:    0.00
      Required ratio:    0.00 (Cumulative side area) 

    Layer: met3
      Partial area ratio:    0.43
      Required ratio:    0.00 (Gate area) 
      Partial area ratio:    2.41
      Required ratio: 4220.08 (Side area) 
      Cumulative area ratio:   97.02
      Required ratio:    0.00 (Cumulative area) 
      Cumulative area ratio:  498.72
      Required ratio:    0.00 (Cumulative side area) 

    Via: M2M3_PR
      Partial area ratio:    0.01
      Required ratio:    6.00 (Gate area) 
      Cumulative area ratio:    1.53
      Required ratio:    0.00 (Cumulative area) 

    Via: M1M2_PR
      Partial area ratio:    0.09
      Required ratio:    6.00 (Gate area) 
      Cumulative area ratio:    0.09
      Required ratio:    0.00 (Cumulative area) 

  Pin: _7064_/RESET_B (sky130_fd_sc_hd__dfrtp_4)
    Layer: met3
      Partial area ratio:    0.43
      Required ratio:    0.00 (Gate area) 
      Partial area ratio:    2.41
      Required ratio: 4220.08 (Side area) 
      Cumulative area ratio:    4.69
      Required ratio:    0.00 (Cumulative area) 
      Cumulative area ratio:   24.23
      Required ratio:    0.00 (Cumulative side area) 

    Layer: met2
      Partial area ratio:    4.26
      Required ratio:    0.00 (Gate area) 
      Partial area ratio:   21.82
      Required ratio: 2947.76 (Side area) 
      Cumulative area ratio:    4.26
      Required ratio:    0.00 (Cumulative area) 
      Cumulative area ratio:   21.82
      Required ratio:    0.00 (Cumulative side area) 

    Layer: met1
      Partial area ratio:    0.00
      Required ratio:    0.00 (Gate area) 
      Partial area ratio:    0.00
      Required ratio:  400.00 (Side area) 
      Cumulative area ratio:    0.00
      Required ratio:    0.00 (Cumulative area) 
      Cumulative area ratio:    0.00
      Required ratio:    0.00 (Cumulative side area) 

    Via: M2M3_PR
      Partial area ratio:    0.01
      Required ratio:    6.00 (Gate area) 
      Cumulative area ratio:    0.10
      Required ratio:    0.00 (Cumulative area) 

    Via: M1M2_PR
      Partial area ratio:    0.09
      Required ratio:    6.00 (Gate area) 
      Cumulative area ratio:    0.09
      Required ratio:    0.00 (Cumulative area) 

  Pin: _6881_/RESET_B (sky130_fd_sc_hd__dfrtp_1)
    Layer: met3
      Partial area ratio:    0.43
      Required ratio:    0.00 (Gate area) 
      Partial area ratio:    2.41
      Required ratio: 4220.08 (Side area) 
      Cumulative area ratio:  244.66
      Required ratio:    0.00 (Cumulative area) 
      Cumulative area ratio: 1227.95
      Required ratio:    0.00 (Cumulative side area) 

    Layer: met2
      Partial area ratio:    4.26
      Required ratio:    0.00 (Gate area) 
      Partial area ratio:   21.82
      Required ratio: 2947.76 (Side area) 
      Cumulative area ratio:  244.22
      Required ratio:    0.00 (Cumulative area) 
      Cumulative area ratio: 1225.55
      Required ratio:    0.00 (Cumulative side area) 

    Layer: met1
      Partial area ratio:  109.82
      Required ratio:    0.00 (Gate area) 
      Partial area ratio:  551.06
      Required ratio: 2773.88 (Side area) 
      Cumulative area ratio:  109.82
      Required ratio:    0.00 (Cumulative area) 
      Cumulative area ratio:  551.06
      Required ratio:    0.00 (Cumulative side area) 

    Via: M2M3_PR
      Partial area ratio:    0.01
      Required ratio:    6.00 (Gate area) 
      Cumulative area ratio:    0.45
      Required ratio:    0.00 (Cumulative area) 

    Via: M1M2_PR
      Partial area ratio:    0.18
      Required ratio:    6.00 (Gate area) 
      Cumulative area ratio:    0.18
      Required ratio:    0.00 (Cumulative area) 

  Pin: _6706_/RESET_B (sky130_fd_sc_hd__dfrtp_4)
    Layer: met3
      Partial area ratio:    0.43
      Required ratio:    0.00 (Gate area) 
      Partial area ratio:    2.41
      Required ratio: 4220.08 (Side area) 
      Cumulative area ratio:  247.37
      Required ratio:    0.00 (Cumulative area) 
      Cumulative area ratio: 1242.29
      Required ratio:    0.00 (Cumulative side area) 

    Layer: met2
      Partial area ratio:    4.26
      Required ratio:    0.00 (Gate area) 
      Partial area ratio:   21.82
      Required ratio: 2947.76 (Side area) 
      Cumulative area ratio:  246.94
      Required ratio:    0.00 (Cumulative area) 
      Cumulative area ratio: 1239.88
      Required ratio:    0.00 (Cumulative side area) 

    Layer: met1
      Partial area ratio:    2.71
      Required ratio:    0.00 (Gate area) 
      Partial area ratio:   14.33
      Required ratio:  400.00 (Side area) 
      Cumulative area ratio:    2.71
      Required ratio:    0.00 (Cumulative area) 
      Cumulative area ratio:   14.33
      Required ratio:    0.00 (Cumulative side area) 

    Via: M2M3_PR
      Partial area ratio:    0.01
      Required ratio:    6.00 (Gate area) 
      Cumulative area ratio:    0.63
      Required ratio:    0.00 (Cumulative area) 

    Via: M1M2_PR
      Partial area ratio:    0.18
      Required ratio:    6.00 (Gate area) 
      Cumulative area ratio:    0.18
      Required ratio:    0.00 (Cumulative area) 

  Pin: _6704_/RESET_B (sky130_fd_sc_hd__dfrtp_4)
    Layer: met3
      Partial area ratio:    0.43
      Required ratio:    0.00 (Gate area) 
      Partial area ratio:    2.41
      Required ratio: 4220.08 (Side area) 
      Cumulative area ratio:  247.37
      Required ratio:    0.00 (Cumulative area) 
      Cumulative area ratio: 1242.29
      Required ratio:    0.00 (Cumulative side area) 

    Layer: met2
      Partial area ratio:    4.26
      Required ratio:    0.00 (Gate area) 
      Partial area ratio:   21.82
      Required ratio: 2947.76 (Side area) 
      Cumulative area ratio:  246.94
      Required ratio:    0.00 (Cumulative area) 
      Cumulative area ratio: 1239.88
      Required ratio:    0.00 (Cumulative side area) 

    Layer: met1
      Partial area ratio:    0.00
      Required ratio:    0.00 (Gate area) 
      Partial area ratio:    0.00
      Required ratio:  400.00 (Side area) 
      Cumulative area ratio:    0.00
      Required ratio:    0.00 (Cumulative area) 
      Cumulative area ratio:    0.00
      Required ratio:    0.00 (Cumulative side area) 

    Via: M2M3_PR
      Partial area ratio:    0.01
      Required ratio:    6.00 (Gate area) 
      Cumulative area ratio:    0.72
      Required ratio:    0.00 (Cumulative area) 

    Via: M1M2_PR
      Partial area ratio:    0.09
      Required ratio:    6.00 (Gate area) 
      Cumulative area ratio:    0.09
      Required ratio:    0.00 (Cumulative area) 

  Pin: _6707_/RESET_B (sky130_fd_sc_hd__dfrtp_4)
    Layer: met3
      Partial area ratio:    0.43
      Required ratio:    0.00 (Gate area) 
      Partial area ratio:    2.41
      Required ratio: 4220.08 (Side area) 
      Cumulative area ratio:  247.96
      Required ratio:    0.00 (Cumulative area) 
      Cumulative area ratio: 1245.62
      Required ratio:    0.00 (Cumulative side area) 

    Layer: met2
      Partial area ratio:    4.26
      Required ratio:    0.00 (Gate area) 
      Partial area ratio:   21.82
      Required ratio: 2947.76 (Side area) 
      Cumulative area ratio:  247.52
      Required ratio:    0.00 (Cumulative area) 
      Cumulative area ratio: 1243.21
      Required ratio:    0.00 (Cumulative side area) 

    Layer: met1
      Partial area ratio:    0.59
      Required ratio:    0.00 (Gate area) 
      Partial area ratio:    3.33
      Required ratio:  400.00 (Side area) 
      Cumulative area ratio:    0.59
      Required ratio:    0.00 (Cumulative area) 
      Cumulative area ratio:    3.33
      Required ratio:    0.00 (Cumulative side area) 

    Via: M2M3_PR
      Partial area ratio:    0.01
      Required ratio:    6.00 (Gate area) 
      Cumulative area ratio:    0.72
      Required ratio:    0.00 (Cumulative area) 

    Via: M1M2_PR
      Partial area ratio:    0.09
      Required ratio:    6.00 (Gate area) 
      Cumulative area ratio:    0.09
      Required ratio:    0.00 (Cumulative area) 

  Pin: _6784_/RESET_B (sky130_fd_sc_hd__dfrtp_1)
    Layer: met3
      Partial area ratio:    0.43
      Required ratio:    0.00 (Gate area) 
      Partial area ratio:    2.41
      Required ratio: 4220.08 (Side area) 
      Cumulative area ratio:  244.66
      Required ratio:    0.00 (Cumulative area) 
      Cumulative area ratio: 1227.95
      Required ratio:    0.00 (Cumulative side area) 

    Layer: met2
      Partial area ratio:    4.26
      Required ratio:    0.00 (Gate area) 
      Partial area ratio:   21.82
      Required ratio: 2947.76 (Side area) 
      Cumulative area ratio:  244.22
      Required ratio:    0.00 (Cumulative area) 
      Cumulative area ratio: 1225.55
      Required ratio:    0.00 (Cumulative side area) 

    Layer: met1
      Partial area ratio:    0.00
      Required ratio:    0.00 (Gate area) 
      Partial area ratio:    0.00
      Required ratio:  400.00 (Side area) 
      Cumulative area ratio:    0.00
      Required ratio:    0.00 (Cumulative area) 
      Cumulative area ratio:    0.00
      Required ratio:    0.00 (Cumulative side area) 

    Via: M2M3_PR
      Partial area ratio:    0.01
      Required ratio:    6.00 (Gate area) 
      Cumulative area ratio:    0.54
      Required ratio:    0.00 (Cumulative area) 

    Via: M1M2_PR
      Partial area ratio:    0.09
      Required ratio:    6.00 (Gate area) 
      Cumulative area ratio:    0.09
      Required ratio:    0.00 (Cumulative area) 

  Pin: load_slew946/A (sky130_fd_sc_hd__clkbuf_16)
    Layer: met3
      Partial area ratio:    0.43
      Required ratio:    0.00 (Gate area) 
      Partial area ratio:    2.41
      Required ratio: 4220.08 (Side area) 
      Cumulative area ratio:  244.83
      Required ratio:    0.00 (Cumulative area) 
      Cumulative area ratio: 1228.94
      Required ratio:    0.00 (Cumulative side area) 

    Layer: met2
      Partial area ratio:    4.26
      Required ratio:    0.00 (Gate area) 
      Partial area ratio:   21.82
      Required ratio: 2947.76 (Side area) 
      Cumulative area ratio:  244.40
      Required ratio:    0.00 (Cumulative area) 
      Cumulative area ratio: 1226.53
      Required ratio:    0.00 (Cumulative side area) 

    Layer: met1
      Partial area ratio:    0.17
      Required ratio:    0.00 (Gate area) 
      Partial area ratio:    0.99
      Required ratio:  400.00 (Side area) 
      Cumulative area ratio:    0.17
      Required ratio:    0.00 (Cumulative area) 
      Cumulative area ratio:    0.99
      Required ratio:    0.00 (Cumulative side area) 

    Layer: li1
      Partial area ratio:    0.00
      Required ratio:    0.00 (Gate area) 
      Partial area ratio:    0.00
      Required ratio:   75.00 (Side area) 
      Cumulative area ratio:    0.00
      Required ratio:    0.00 (Cumulative area) 
      Cumulative area ratio:    0.00
      Required ratio:    0.00 (Cumulative side area) 

    Via: M2M3_PR
      Partial area ratio:    0.01
      Required ratio:    6.00 (Gate area) 
      Cumulative area ratio:    0.51
      Required ratio:    0.00 (Cumulative area) 

    Via: M1M2_PR
      Partial area ratio:    0.03
      Required ratio:    6.00 (Gate area) 
      Cumulative area ratio:    0.06
      Required ratio:    0.00 (Cumulative area) 

    Via: L1M1_PR_MR
      Partial area ratio:    0.03
      Required ratio:    3.00 (Gate area) 
      Cumulative area ratio:    0.03
      Required ratio:    0.00 (Cumulative area) 

  Pin: _6675_/RESET_B (sky130_fd_sc_hd__dfrtp_4)
    Layer: met3
      Partial area ratio:    0.43
      Required ratio:    0.00 (Gate area) 
      Partial area ratio:    2.41
      Required ratio: 4220.08 (Side area) 
      Cumulative area ratio:  134.83
      Required ratio:    0.00 (Cumulative area) 
      Cumulative area ratio:  676.90
      Required ratio:    0.00 (Cumulative side area) 

    Layer: met2
      Partial area ratio:    4.26
      Required ratio:    0.00 (Gate area) 
      Partial area ratio:   21.82
      Required ratio: 2947.76 (Side area) 
      Cumulative area ratio:  134.40
      Required ratio:    0.00 (Cumulative area) 
      Cumulative area ratio:  674.49
      Required ratio:    0.00 (Cumulative side area) 

    Layer: met1
      Partial area ratio:    0.00
      Required ratio:    0.00 (Gate area) 
      Partial area ratio:    0.00
      Required ratio:  400.00 (Side area) 
      Cumulative area ratio:    0.00
      Required ratio:    0.00 (Cumulative area) 
      Cumulative area ratio:    0.00
      Required ratio:    0.00 (Cumulative side area) 

    Via: M2M3_PR
      Partial area ratio:    0.01
      Required ratio:    6.00 (Gate area) 
      Cumulative area ratio:    0.36
      Required ratio:    0.00 (Cumulative area) 

    Via: M1M2_PR
      Partial area ratio:    0.09
      Required ratio:    6.00 (Gate area) 
      Cumulative area ratio:    0.09
      Required ratio:    0.00 (Cumulative area) 

  Pin: _7063_/RESET_B (sky130_fd_sc_hd__dfrtp_4)
    Layer: met3
      Partial area ratio:    0.43
      Required ratio:    0.00 (Gate area) 
      Partial area ratio:    2.41
      Required ratio: 4220.08 (Side area) 
      Cumulative area ratio:  134.83
      Required ratio:    0.00 (Cumulative area) 
      Cumulative area ratio:  676.90
      Required ratio:    0.00 (Cumulative side area) 

    Layer: met2
      Partial area ratio:    4.26
      Required ratio:    0.00 (Gate area) 
      Partial area ratio:   21.82
      Required ratio: 2947.76 (Side area) 
      Cumulative area ratio:  134.40
      Required ratio:    0.00 (Cumulative area) 
      Cumulative area ratio:  674.49
      Required ratio:    0.00 (Cumulative side area) 

    Layer: met1
      Partial area ratio:  130.14
      Required ratio:    0.00 (Gate area) 
      Partial area ratio:  652.67
      Required ratio:  400.00 (Side area) (VIOLATED)
      Cumulative area ratio:  130.14
      Required ratio:    0.00 (Cumulative area) 
      Cumulative area ratio:  652.67
      Required ratio:    0.00 (Cumulative side area) 

    Via: M2M3_PR
      Partial area ratio:    0.01
      Required ratio:    6.00 (Gate area) 
      Cumulative area ratio:    0.27
      Required ratio:    0.00 (Cumulative area) 

    Via: M1M2_PR
      Partial area ratio:    0.27
      Required ratio:    6.00 (Gate area) 
      Cumulative area ratio:    0.27
      Required ratio:    0.00 (Cumulative area) 

  Pin: _6652_/RESET_B (sky130_fd_sc_hd__dfrtp_4)
    Layer: met3
      Partial area ratio:    0.43
      Required ratio:    0.00 (Gate area) 
      Partial area ratio:    2.41
      Required ratio: 4220.08 (Side area) 
      Cumulative area ratio:  134.83
      Required ratio:    0.00 (Cumulative area) 
      Cumulative area ratio:  676.90
      Required ratio:    0.00 (Cumulative side area) 

    Layer: met2
      Partial area ratio:    4.26
      Required ratio:    0.00 (Gate area) 
      Partial area ratio:   21.82
      Required ratio: 2947.76 (Side area) 
      Cumulative area ratio:  134.40
      Required ratio:    0.00 (Cumulative area) 
      Cumulative area ratio:  674.49
      Required ratio:    0.00 (Cumulative side area) 

    Layer: met1
      Partial area ratio:    0.00
      Required ratio:    0.00 (Gate area) 
      Partial area ratio:    0.00
      Required ratio:  400.00 (Side area) 
      Cumulative area ratio:    0.00
      Required ratio:    0.00 (Cumulative area) 
      Cumulative area ratio:    0.00
      Required ratio:    0.00 (Cumulative side area) 

    Via: M2M3_PR
      Partial area ratio:    0.01
      Required ratio:    6.00 (Gate area) 
      Cumulative area ratio:    0.36
      Required ratio:    0.00 (Cumulative area) 

    Via: M1M2_PR
      Partial area ratio:    0.09
      Required ratio:    6.00 (Gate area) 
      Cumulative area ratio:    0.09
      Required ratio:    0.00 (Cumulative area) 

  Pin: _6667_/RESET_B (sky130_fd_sc_hd__dfrtp_1)
    Layer: met3
      Partial area ratio:    0.43
      Required ratio:    0.00 (Gate area) 
      Partial area ratio:    2.41
      Required ratio: 4220.08 (Side area) 
      Cumulative area ratio:  135.94
      Required ratio:    0.00 (Cumulative area) 
      Cumulative area ratio:  683.23
      Required ratio:    0.00 (Cumulative side area) 

    Layer: met2
      Partial area ratio:    4.26
      Required ratio:    0.00 (Gate area) 
      Partial area ratio:   21.82
      Required ratio: 2947.76 (Side area) 
      Cumulative area ratio:  135.51
      Required ratio:    0.00 (Cumulative area) 
      Cumulative area ratio:  680.82
      Required ratio:    0.00 (Cumulative side area) 

    Layer: met1
      Partial area ratio:    1.11
      Required ratio:    0.00 (Gate area) 
      Partial area ratio:    6.33
      Required ratio:  400.00 (Side area) 
      Cumulative area ratio:    1.11
      Required ratio:    0.00 (Cumulative area) 
      Cumulative area ratio:    6.33
      Required ratio:    0.00 (Cumulative side area) 

    Via: M2M3_PR
      Partial area ratio:    0.01
      Required ratio:    6.00 (Gate area) 
      Cumulative area ratio:    0.36
      Required ratio:    0.00 (Cumulative area) 

    Via: M1M2_PR
      Partial area ratio:    0.09
      Required ratio:    6.00 (Gate area) 
      Cumulative area ratio:    0.09
      Required ratio:    0.00 (Cumulative area) 

  Pin: _6668_/RESET_B (sky130_fd_sc_hd__dfrtp_1)
    Layer: met3
      Partial area ratio:    0.43
      Required ratio:    0.00 (Gate area) 
      Partial area ratio:    2.41
      Required ratio: 4220.08 (Side area) 
      Cumulative area ratio:  134.83
      Required ratio:    0.00 (Cumulative area) 
      Cumulative area ratio:  676.90
      Required ratio:    0.00 (Cumulative side area) 

    Layer: met2
      Partial area ratio:    4.26
      Required ratio:    0.00 (Gate area) 
      Partial area ratio:   21.82
      Required ratio: 2947.76 (Side area) 
      Cumulative area ratio:  134.40
      Required ratio:    0.00 (Cumulative area) 
      Cumulative area ratio:  674.49
      Required ratio:    0.00 (Cumulative side area) 

    Layer: met1
      Partial area ratio:    0.00
      Required ratio:    0.00 (Gate area) 
      Partial area ratio:    0.00
      Required ratio:  400.00 (Side area) 
      Cumulative area ratio:    0.00
      Required ratio:    0.00 (Cumulative area) 
      Cumulative area ratio:    0.00
      Required ratio:    0.00 (Cumulative side area) 

    Via: M2M3_PR
      Partial area ratio:    0.01
      Required ratio:    6.00 (Gate area) 
      Cumulative area ratio:    0.36
      Required ratio:    0.00 (Cumulative area) 

    Via: M1M2_PR
      Partial area ratio:    0.09
      Required ratio:    6.00 (Gate area) 
      Cumulative area ratio:    0.09
      Required ratio:    0.00 (Cumulative area) 

  Pin: _6670_/RESET_B (sky130_fd_sc_hd__dfrtp_1)
    Layer: met3
      Partial area ratio:    0.43
      Required ratio:    0.00 (Gate area) 
      Partial area ratio:    2.41
      Required ratio: 4220.08 (Side area) 
      Cumulative area ratio:  134.83
      Required ratio:    0.00 (Cumulative area) 
      Cumulative area ratio:  676.90
      Required ratio:    0.00 (Cumulative side area) 

    Layer: met2
      Partial area ratio:    4.26
      Required ratio:    0.00 (Gate area) 
      Partial area ratio:   21.82
      Required ratio: 2947.76 (Side area) 
      Cumulative area ratio:  134.40
      Required ratio:    0.00 (Cumulative area) 
      Cumulative area ratio:  674.49
      Required ratio:    0.00 (Cumulative side area) 

    Layer: met1
      Partial area ratio:    0.00
      Required ratio:    0.00 (Gate area) 
      Partial area ratio:    0.00
      Required ratio:  400.00 (Side area) 
      Cumulative area ratio:    0.00
      Required ratio:    0.00 (Cumulative area) 
      Cumulative area ratio:    0.00
      Required ratio:    0.00 (Cumulative side area) 

    Via: M2M3_PR
      Partial area ratio:    0.01
      Required ratio:    6.00 (Gate area) 
      Cumulative area ratio:    0.36
      Required ratio:    0.00 (Cumulative area) 

    Via: M1M2_PR
      Partial area ratio:    0.09
      Required ratio:    6.00 (Gate area) 
      Cumulative area ratio:    0.09
      Required ratio:    0.00 (Cumulative area) 

  Pin: _6669_/RESET_B (sky130_fd_sc_hd__dfrtp_1)
    Layer: met3
      Partial area ratio:    0.43
      Required ratio:    0.00 (Gate area) 
      Partial area ratio:    2.41
      Required ratio: 4220.08 (Side area) 
      Cumulative area ratio:  135.17
      Required ratio:    0.00 (Cumulative area) 
      Cumulative area ratio:  678.95
      Required ratio:    0.00 (Cumulative side area) 

    Layer: met2
      Partial area ratio:    4.26
      Required ratio:    0.00 (Gate area) 
      Partial area ratio:   21.82
      Required ratio: 2947.76 (Side area) 
      Cumulative area ratio:  134.74
      Required ratio:    0.00 (Cumulative area) 
      Cumulative area ratio:  676.55
      Required ratio:    0.00 (Cumulative side area) 

    Layer: met1
      Partial area ratio:    0.33
      Required ratio:    0.00 (Gate area) 
      Partial area ratio:    2.06
      Required ratio:  400.00 (Side area) 
      Cumulative area ratio:    0.33
      Required ratio:    0.00 (Cumulative area) 
      Cumulative area ratio:    2.06
      Required ratio:    0.00 (Cumulative side area) 

    Via: M2M3_PR
      Partial area ratio:    0.01
      Required ratio:    6.00 (Gate area) 
      Cumulative area ratio:    0.36
      Required ratio:    0.00 (Cumulative area) 

    Via: M1M2_PR
      Partial area ratio:    0.09
      Required ratio:    6.00 (Gate area) 
      Cumulative area ratio:    0.09
      Required ratio:    0.00 (Cumulative area) 

  Pin: _6671_/RESET_B (sky130_fd_sc_hd__dfrtp_1)
    Layer: met3
      Partial area ratio:    0.43
      Required ratio:    0.00 (Gate area) 
      Partial area ratio:    2.41
      Required ratio: 4220.08 (Side area) 
      Cumulative area ratio:  134.83
      Required ratio:    0.00 (Cumulative area) 
      Cumulative area ratio:  676.90
      Required ratio:    0.00 (Cumulative side area) 

    Layer: met2
      Partial area ratio:    4.26
      Required ratio:    0.00 (Gate area) 
      Partial area ratio:   21.82
      Required ratio: 2947.76 (Side area) 
      Cumulative area ratio:  134.40
      Required ratio:    0.00 (Cumulative area) 
      Cumulative area ratio:  674.49
      Required ratio:    0.00 (Cumulative side area) 

    Layer: met1
      Partial area ratio:    0.00
      Required ratio:    0.00 (Gate area) 
      Partial area ratio:    0.00
      Required ratio:  400.00 (Side area) 
      Cumulative area ratio:    0.00
      Required ratio:    0.00 (Cumulative area) 
      Cumulative area ratio:    0.00
      Required ratio:    0.00 (Cumulative side area) 

    Via: M2M3_PR
      Partial area ratio:    0.01
      Required ratio:    6.00 (Gate area) 
      Cumulative area ratio:    0.36
      Required ratio:    0.00 (Cumulative area) 

    Via: M1M2_PR
      Partial area ratio:    0.09
      Required ratio:    6.00 (Gate area) 
      Cumulative area ratio:    0.09
      Required ratio:    0.00 (Cumulative area) 

  Pin: _6672_/RESET_B (sky130_fd_sc_hd__dfrtp_1)
    Layer: met3
      Partial area ratio:    0.43
      Required ratio:    0.00 (Gate area) 
      Partial area ratio:    2.41
      Required ratio: 4220.08 (Side area) 
      Cumulative area ratio:  134.83
      Required ratio:    0.00 (Cumulative area) 
      Cumulative area ratio:  676.90
      Required ratio:    0.00 (Cumulative side area) 

    Layer: met2
      Partial area ratio:    4.26
      Required ratio:    0.00 (Gate area) 
      Partial area ratio:   21.82
      Required ratio: 2947.76 (Side area) 
      Cumulative area ratio:  134.40
      Required ratio:    0.00 (Cumulative area) 
      Cumulative area ratio:  674.49
      Required ratio:    0.00 (Cumulative side area) 

    Layer: met1
      Partial area ratio:    0.00
      Required ratio:    0.00 (Gate area) 
      Partial area ratio:    0.00
      Required ratio:  400.00 (Side area) 
      Cumulative area ratio:    0.00
      Required ratio:    0.00 (Cumulative area) 
      Cumulative area ratio:    0.00
      Required ratio:    0.00 (Cumulative side area) 

    Via: M2M3_PR
      Partial area ratio:    0.01
      Required ratio:    6.00 (Gate area) 
      Cumulative area ratio:    0.36
      Required ratio:    0.00 (Cumulative area) 

    Via: M1M2_PR
      Partial area ratio:    0.09
      Required ratio:    6.00 (Gate area) 
      Cumulative area ratio:    0.09
      Required ratio:    0.00 (Cumulative area) 

  Pin: _6657_/SET_B (sky130_fd_sc_hd__dfstp_1)
    Layer: met3
      Partial area ratio:    0.43
      Required ratio:    0.00 (Gate area) 
      Partial area ratio:    2.41
      Required ratio: 4220.08 (Side area) 
      Cumulative area ratio:   18.13
      Required ratio:    0.00 (Cumulative area) 
      Cumulative area ratio:   94.17
      Required ratio:    0.00 (Cumulative side area) 

    Layer: met2
      Partial area ratio:    4.26
      Required ratio:    0.00 (Gate area) 
      Partial area ratio:   21.82
      Required ratio: 2947.76 (Side area) 
      Cumulative area ratio:   17.70
      Required ratio:    0.00 (Cumulative area) 
      Cumulative area ratio:   91.77
      Required ratio:    0.00 (Cumulative side area) 

    Layer: met1
      Partial area ratio:    9.37
      Required ratio:    0.00 (Gate area) 
      Partial area ratio:   48.00
      Required ratio:  400.00 (Side area) 
      Cumulative area ratio:    9.37
      Required ratio:    0.00 (Cumulative area) 
      Cumulative area ratio:   48.00
      Required ratio:    0.00 (Cumulative side area) 

    Via: M2M3_PR
      Partial area ratio:    0.01
      Required ratio:    6.00 (Gate area) 
      Cumulative area ratio:    0.36
      Required ratio:    0.00 (Cumulative area) 

    Via: M1M2_PR
      Partial area ratio:    0.18
      Required ratio:    6.00 (Gate area) 
      Cumulative area ratio:    0.18
      Required ratio:    0.00 (Cumulative area) 

  Pin: _6658_/RESET_B (sky130_fd_sc_hd__dfrtp_1)
    Layer: met3
      Partial area ratio:    0.43
      Required ratio:    0.00 (Gate area) 
      Partial area ratio:    2.41
      Required ratio: 4220.08 (Side area) 
      Cumulative area ratio:   22.39
      Required ratio:    0.00 (Cumulative area) 
      Cumulative area ratio:  116.62
      Required ratio:    0.00 (Cumulative side area) 

    Layer: met2
      Partial area ratio:    4.26
      Required ratio:    0.00 (Gate area) 
      Partial area ratio:   21.82
      Required ratio: 2947.76 (Side area) 
      Cumulative area ratio:   21.96
      Required ratio:    0.00 (Cumulative area) 
      Cumulative area ratio:  114.21
      Required ratio:    0.00 (Cumulative side area) 

    Layer: met1
      Partial area ratio:    4.26
      Required ratio:    0.00 (Gate area) 
      Partial area ratio:   22.44
      Required ratio:  400.00 (Side area) 
      Cumulative area ratio:    4.26
      Required ratio:    0.00 (Cumulative area) 
      Cumulative area ratio:   22.44
      Required ratio:    0.00 (Cumulative side area) 

    Via: M2M3_PR
      Partial area ratio:    0.01
      Required ratio:    6.00 (Gate area) 
      Cumulative area ratio:    0.45
      Required ratio:    0.00 (Cumulative area) 

    Via: M1M2_PR
      Partial area ratio:    0.09
      Required ratio:    6.00 (Gate area) 
      Cumulative area ratio:    0.09
      Required ratio:    0.00 (Cumulative area) 

  Pin: _6666_/RESET_B (sky130_fd_sc_hd__dfrtp_1)
    Layer: met3
      Partial area ratio:    0.43
      Required ratio:    0.00 (Gate area) 
      Partial area ratio:    2.41
      Required ratio: 4220.08 (Side area) 
      Cumulative area ratio:    8.77
      Required ratio:    0.00 (Cumulative area) 
      Cumulative area ratio:   46.17
      Required ratio:    0.00 (Cumulative side area) 

    Layer: met2
      Partial area ratio:    4.26
      Required ratio:    0.00 (Gate area) 
      Partial area ratio:   21.82
      Required ratio: 2947.76 (Side area) 
      Cumulative area ratio:    8.34
      Required ratio:    0.00 (Cumulative area) 
      Cumulative area ratio:   43.77
      Required ratio:    0.00 (Cumulative side area) 

    Layer: met1
      Partial area ratio:    0.00
      Required ratio:    0.00 (Gate area) 
      Partial area ratio:    0.00
      Required ratio:  400.00 (Side area) 
      Cumulative area ratio:    0.00
      Required ratio:    0.00 (Cumulative area) 
      Cumulative area ratio:    0.00
      Required ratio:    0.00 (Cumulative side area) 

    Via: M2M3_PR
      Partial area ratio:    0.01
      Required ratio:    6.00 (Gate area) 
      Cumulative area ratio:    0.27
      Required ratio:    0.00 (Cumulative area) 

    Via: M1M2_PR
      Partial area ratio:    0.09
      Required ratio:    6.00 (Gate area) 
      Cumulative area ratio:    0.09
      Required ratio:    0.00 (Cumulative area) 

  Pin: _7053_/RESET_B (sky130_fd_sc_hd__dfrtp_1)
    Layer: met3
      Partial area ratio:    0.43
      Required ratio:    0.00 (Gate area) 
      Partial area ratio:    2.41
      Required ratio: 4220.08 (Side area) 
      Cumulative area ratio:    8.77
      Required ratio:    0.00 (Cumulative area) 
      Cumulative area ratio:   46.17
      Required ratio:    0.00 (Cumulative side area) 

    Layer: met2
      Partial area ratio:    4.26
      Required ratio:    0.00 (Gate area) 
      Partial area ratio:   21.82
      Required ratio: 2947.76 (Side area) 
      Cumulative area ratio:    8.34
      Required ratio:    0.00 (Cumulative area) 
      Cumulative area ratio:   43.77
      Required ratio:    0.00 (Cumulative side area) 

    Layer: met1
      Partial area ratio:    4.08
      Required ratio:    0.00 (Gate area) 
      Partial area ratio:   21.94
      Required ratio:  400.00 (Side area) 
      Cumulative area ratio:    4.08
      Required ratio:    0.00 (Cumulative area) 
      Cumulative area ratio:   21.94
      Required ratio:    0.00 (Cumulative side area) 

    Via: M2M3_PR
      Partial area ratio:    0.01
      Required ratio:    6.00 (Gate area) 
      Cumulative area ratio:    0.19
      Required ratio:    0.00 (Cumulative area) 

    Via: M1M2_PR
      Partial area ratio:    0.18
      Required ratio:    6.00 (Gate area) 
      Cumulative area ratio:    0.18
      Required ratio:    0.00 (Cumulative area) 

  Pin: _7054_/RESET_B (sky130_fd_sc_hd__dfrtp_1)
    Layer: met3
      Partial area ratio:    0.43
      Required ratio:    0.00 (Gate area) 
      Partial area ratio:    2.41
      Required ratio: 4220.08 (Side area) 
      Cumulative area ratio:    4.69
      Required ratio:    0.00 (Cumulative area) 
      Cumulative area ratio:   24.23
      Required ratio:    0.00 (Cumulative side area) 

    Layer: met2
      Partial area ratio:    4.26
      Required ratio:    0.00 (Gate area) 
      Partial area ratio:   21.82
      Required ratio: 2947.76 (Side area) 
      Cumulative area ratio:    4.26
      Required ratio:    0.00 (Cumulative area) 
      Cumulative area ratio:   21.82
      Required ratio:    0.00 (Cumulative side area) 

    Layer: met1
      Partial area ratio:    0.00
      Required ratio:    0.00 (Gate area) 
      Partial area ratio:    0.00
      Required ratio:  400.00 (Side area) 
      Cumulative area ratio:    0.00
      Required ratio:    0.00 (Cumulative area) 
      Cumulative area ratio:    0.00
      Required ratio:    0.00 (Cumulative side area) 

    Via: M2M3_PR
      Partial area ratio:    0.01
      Required ratio:    6.00 (Gate area) 
      Cumulative area ratio:    0.10
      Required ratio:    0.00 (Cumulative area) 

    Via: M1M2_PR
      Partial area ratio:    0.09
      Required ratio:    6.00 (Gate area) 
      Cumulative area ratio:    0.09
      Required ratio:    0.00 (Cumulative area) 

  Pin: _7052_/SET_B (sky130_fd_sc_hd__dfstp_1)
    Layer: met2
      Partial area ratio:    5.31
      Required ratio:    0.00 (Gate area) 
      Partial area ratio:   27.09
      Required ratio: 3872.32 (Side area) 
      Cumulative area ratio:  101.28
      Required ratio:    0.00 (Cumulative area) 
      Cumulative area ratio:  522.48
      Required ratio:    0.00 (Cumulative side area) 

    Layer: met1
      Partial area ratio:    4.69
      Required ratio:    0.00 (Gate area) 
      Partial area ratio:   26.17
      Required ratio:  400.00 (Side area) 
      Cumulative area ratio:    4.69
      Required ratio:    0.00 (Cumulative area) 
      Cumulative area ratio:   26.17
      Required ratio:    0.00 (Cumulative side area) 

    Layer: met3
      Partial area ratio:    0.43
      Required ratio:    0.00 (Gate area) 
      Partial area ratio:    2.41
      Required ratio: 4220.08 (Side area) 
      Cumulative area ratio:  101.71
      Required ratio:    0.00 (Cumulative area) 
      Cumulative area ratio:  524.89
      Required ratio:    0.00 (Cumulative side area) 

    Via: M2M3_PR
      Partial area ratio:    0.01
      Required ratio:    6.00 (Gate area) 
      Cumulative area ratio:    1.62
      Required ratio:    0.00 (Cumulative area) 

    Via: M1M2_PR
      Partial area ratio:    0.18
      Required ratio:    6.00 (Gate area) 
      Cumulative area ratio:    0.18
      Required ratio:    0.00 (Cumulative area) 

  Pin: _6656_/RESET_B (sky130_fd_sc_hd__dfrtp_2)
    Layer: met2
      Partial area ratio:    5.31
      Required ratio:    0.00 (Gate area) 
      Partial area ratio:   27.09
      Required ratio: 3872.32 (Side area) 
      Cumulative area ratio:   98.29
      Required ratio:    0.00 (Cumulative area) 
      Cumulative area ratio:  505.98
      Required ratio:    0.00 (Cumulative side area) 

    Layer: met3
      Partial area ratio:    0.43
      Required ratio:    0.00 (Gate area) 
      Partial area ratio:    2.41
      Required ratio: 4220.08 (Side area) 
      Cumulative area ratio:   98.72
      Required ratio:    0.00 (Cumulative area) 
      Cumulative area ratio:  508.39
      Required ratio:    0.00 (Cumulative side area) 

    Layer: met1
      Partial area ratio:    1.70
      Required ratio:    0.00 (Gate area) 
      Partial area ratio:    9.67
      Required ratio:  400.00 (Side area) 
      Cumulative area ratio:    1.70
      Required ratio:    0.00 (Cumulative area) 
      Cumulative area ratio:    9.67
      Required ratio:    0.00 (Cumulative side area) 

    Via: M2M3_PR
      Partial area ratio:    0.01
      Required ratio:    6.00 (Gate area) 
      Cumulative area ratio:    1.53
      Required ratio:    0.00 (Cumulative area) 

    Via: M1M2_PR
      Partial area ratio:    0.09
      Required ratio:    6.00 (Gate area) 
      Cumulative area ratio:    0.09
      Required ratio:    0.00 (Cumulative area) 

  Pin: _7084_/SET_B (sky130_fd_sc_hd__dfstp_1)
    Layer: met2
      Partial area ratio:    5.31
      Required ratio:    0.00 (Gate area) 
      Partial area ratio:   27.09
      Required ratio: 3872.32 (Side area) 
      Cumulative area ratio:  105.52
      Required ratio:    0.00 (Cumulative area) 
      Cumulative area ratio:  542.54
      Required ratio:    0.00 (Cumulative side area) 

    Layer: met3
      Partial area ratio:    0.43
      Required ratio:    0.00 (Gate area) 
      Partial area ratio:    2.41
      Required ratio: 4220.08 (Side area) 
      Cumulative area ratio:  105.95
      Required ratio:    0.00 (Cumulative area) 
      Cumulative area ratio:  544.95
      Required ratio:    0.00 (Cumulative side area) 

    Layer: met1
      Partial area ratio:    0.00
      Required ratio:    0.00 (Gate area) 
      Partial area ratio:    0.00
      Required ratio:  400.00 (Side area) 
      Cumulative area ratio:    0.00
      Required ratio:    0.00 (Cumulative area) 
      Cumulative area ratio:    0.00
      Required ratio:    0.00 (Cumulative side area) 

    Via: M2M3_PR
      Partial area ratio:    0.01
      Required ratio:    6.00 (Gate area) 
      Cumulative area ratio:    1.80
      Required ratio:    0.00 (Cumulative area) 

    Via: M1M2_PR
      Partial area ratio:    0.09
      Required ratio:    6.00 (Gate area) 
      Cumulative area ratio:    0.09
      Required ratio:    0.00 (Cumulative area) 

  Pin: _6633_/RESET_B (sky130_fd_sc_hd__dfrtp_1)
    Layer: met2
      Partial area ratio:    5.31
      Required ratio:    0.00 (Gate area) 
      Partial area ratio:   27.09
      Required ratio: 3872.32 (Side area) 
      Cumulative area ratio:  113.57
      Required ratio:    0.00 (Cumulative area) 
      Cumulative area ratio:  583.76
      Required ratio:    0.00 (Cumulative side area) 

    Layer: met3
      Partial area ratio:    0.43
      Required ratio:    0.00 (Gate area) 
      Partial area ratio:    2.41
      Required ratio: 4220.08 (Side area) 
      Cumulative area ratio:  114.00
      Required ratio:    0.00 (Cumulative area) 
      Cumulative area ratio:  586.17
      Required ratio:    0.00 (Cumulative side area) 

    Layer: met1
      Partial area ratio:    8.05
      Required ratio:    0.00 (Gate area) 
      Partial area ratio:   41.22
      Required ratio:  400.00 (Side area) 
      Cumulative area ratio:    8.05
      Required ratio:    0.00 (Cumulative area) 
      Cumulative area ratio:   41.22
      Required ratio:    0.00 (Cumulative side area) 

    Via: M2M3_PR
      Partial area ratio:    0.01
      Required ratio:    6.00 (Gate area) 
      Cumulative area ratio:    1.80
      Required ratio:    0.00 (Cumulative area) 

    Via: M1M2_PR
      Partial area ratio:    0.09
      Required ratio:    6.00 (Gate area) 
      Cumulative area ratio:    0.09
      Required ratio:    0.00 (Cumulative area) 

  Pin: _6634_/RESET_B (sky130_fd_sc_hd__dfrtp_1)
    Layer: met2
      Partial area ratio:    5.31
      Required ratio:    0.00 (Gate area) 
      Partial area ratio:   27.09
      Required ratio: 3872.32 (Side area) 
      Cumulative area ratio:  121.14
      Required ratio:    0.00 (Cumulative area) 
      Cumulative area ratio:  622.37
      Required ratio:    0.00 (Cumulative side area) 

    Layer: met3
      Partial area ratio:    0.43
      Required ratio:    0.00 (Gate area) 
      Partial area ratio:    2.41
      Required ratio: 4220.08 (Side area) 
      Cumulative area ratio:  121.57
      Required ratio:    0.00 (Cumulative area) 
      Cumulative area ratio:  624.78
      Required ratio:    0.00 (Cumulative side area) 

    Layer: met1
      Partial area ratio:    7.57
      Required ratio:    0.00 (Gate area) 
      Partial area ratio:   38.61
      Required ratio:  400.00 (Side area) 
      Cumulative area ratio:    7.57
      Required ratio:    0.00 (Cumulative area) 
      Cumulative area ratio:   38.61
      Required ratio:    0.00 (Cumulative side area) 

    Via: M2M3_PR
      Partial area ratio:    0.01
      Required ratio:    6.00 (Gate area) 
      Cumulative area ratio:    1.98
      Required ratio:    0.00 (Cumulative area) 

    Via: M1M2_PR
      Partial area ratio:    0.18
      Required ratio:    6.00 (Gate area) 
      Cumulative area ratio:    0.18
      Required ratio:    0.00 (Cumulative area) 

  Pin: _6635_/RESET_B (sky130_fd_sc_hd__dfrtp_1)
    Layer: met2
      Partial area ratio:    5.31
      Required ratio:    0.00 (Gate area) 
      Partial area ratio:   27.09
      Required ratio: 3872.32 (Side area) 
      Cumulative area ratio:  129.90
      Required ratio:    0.00 (Cumulative area) 
      Cumulative area ratio:  668.09
      Required ratio:    0.00 (Cumulative side area) 

    Layer: met3
      Partial area ratio:    0.43
      Required ratio:    0.00 (Gate area) 
      Partial area ratio:    2.41
      Required ratio: 4220.08 (Side area) 
      Cumulative area ratio:  130.33
      Required ratio:    0.00 (Cumulative area) 
      Cumulative area ratio:  670.50
      Required ratio:    0.00 (Cumulative side area) 

    Layer: met1
      Partial area ratio:    8.76
      Required ratio:    0.00 (Gate area) 
      Partial area ratio:   45.72
      Required ratio:  400.00 (Side area) 
      Cumulative area ratio:    8.76
      Required ratio:    0.00 (Cumulative area) 
      Cumulative area ratio:   45.72
      Required ratio:    0.00 (Cumulative side area) 

    Via: M2M3_PR
      Partial area ratio:    0.01
      Required ratio:    6.00 (Gate area) 
      Cumulative area ratio:    2.24
      Required ratio:    0.00 (Cumulative area) 

    Via: M1M2_PR
      Partial area ratio:    0.27
      Required ratio:    6.00 (Gate area) 
      Cumulative area ratio:    0.27
      Required ratio:    0.00 (Cumulative area) 

  Pin: _6636_/RESET_B (sky130_fd_sc_hd__dfrtp_1)
    Layer: met2
      Partial area ratio:    5.31
      Required ratio:    0.00 (Gate area) 
      Partial area ratio:   27.09
      Required ratio: 3872.32 (Side area) 
      Cumulative area ratio:  130.75
      Required ratio:    0.00 (Cumulative area) 
      Cumulative area ratio:  672.93
      Required ratio:    0.00 (Cumulative side area) 

    Layer: met3
      Partial area ratio:    0.43
      Required ratio:    0.00 (Gate area) 
      Partial area ratio:    2.41
      Required ratio: 4220.08 (Side area) 
      Cumulative area ratio:  131.18
      Required ratio:    0.00 (Cumulative area) 
      Cumulative area ratio:  675.33
      Required ratio:    0.00 (Cumulative side area) 

    Layer: met1
      Partial area ratio:    0.85
      Required ratio:    0.00 (Gate area) 
      Partial area ratio:    4.83
      Required ratio:  400.00 (Side area) 
      Cumulative area ratio:    0.85
      Required ratio:    0.00 (Cumulative area) 
      Cumulative area ratio:    4.83
      Required ratio:    0.00 (Cumulative side area) 

    Via: M2M3_PR
      Partial area ratio:    0.01
      Required ratio:    6.00 (Gate area) 
      Cumulative area ratio:    2.29
      Required ratio:    0.00 (Cumulative area) 

    Via: M1M2_PR
      Partial area ratio:    0.04
      Required ratio:    6.00 (Gate area) 
      Cumulative area ratio:    0.04
      Required ratio:    0.00 (Cumulative area) 

  Pin: _6636_/RESET_B (sky130_fd_sc_hd__dfrtp_1)
    Layer: met2
      Partial area ratio:    5.31
      Required ratio:    0.00 (Gate area) 
      Partial area ratio:   27.09
      Required ratio: 3872.32 (Side area) 
      Cumulative area ratio:  130.75
      Required ratio:    0.00 (Cumulative area) 
      Cumulative area ratio:  672.93
      Required ratio:    0.00 (Cumulative side area) 

    Layer: met3
      Partial area ratio:    0.43
      Required ratio:    0.00 (Gate area) 
      Partial area ratio:    2.41
      Required ratio: 4220.08 (Side area) 
      Cumulative area ratio:  131.18
      Required ratio:    0.00 (Cumulative area) 
      Cumulative area ratio:  675.33
      Required ratio:    0.00 (Cumulative side area) 

    Layer: met1
      Partial area ratio:    0.85
      Required ratio:    0.00 (Gate area) 
      Partial area ratio:    4.83
      Required ratio:  400.00 (Side area) 
      Cumulative area ratio:    0.85
      Required ratio:    0.00 (Cumulative area) 
      Cumulative area ratio:    4.83
      Required ratio:    0.00 (Cumulative side area) 

    Via: M2M3_PR
      Partial area ratio:    0.01
      Required ratio:    6.00 (Gate area) 
      Cumulative area ratio:    2.29
      Required ratio:    0.00 (Cumulative area) 

    Via: M1M2_PR
      Partial area ratio:    0.04
      Required ratio:    6.00 (Gate area) 
      Cumulative area ratio:    0.04
      Required ratio:    0.00 (Cumulative area) 

  Pin: _6655_/RESET_B (sky130_fd_sc_hd__dfrtp_1)
    Layer: met2
      Partial area ratio:    5.31
      Required ratio:    0.00 (Gate area) 
      Partial area ratio:   27.09
      Required ratio: 3872.32 (Side area) 
      Cumulative area ratio:  129.90
      Required ratio:    0.00 (Cumulative area) 
      Cumulative area ratio:  668.09
      Required ratio:    0.00 (Cumulative side area) 

    Layer: met3
      Partial area ratio:    0.43
      Required ratio:    0.00 (Gate area) 
      Partial area ratio:    2.41
      Required ratio: 4220.08 (Side area) 
      Cumulative area ratio:  130.33
      Required ratio:    0.00 (Cumulative area) 
      Cumulative area ratio:  670.50
      Required ratio:    0.00 (Cumulative side area) 

    Layer: met1
      Partial area ratio:    0.00
      Required ratio:    0.00 (Gate area) 
      Partial area ratio:    0.00
      Required ratio:  400.00 (Side area) 
      Cumulative area ratio:    0.00
      Required ratio:    0.00 (Cumulative area) 
      Cumulative area ratio:    0.00
      Required ratio:    0.00 (Cumulative side area) 

    Via: M2M3_PR
      Partial area ratio:    0.01
      Required ratio:    6.00 (Gate area) 
      Cumulative area ratio:    2.33
      Required ratio:    0.00 (Cumulative area) 

    Via: M1M2_PR
      Partial area ratio:    0.09
      Required ratio:    6.00 (Gate area) 
      Cumulative area ratio:    0.09
      Required ratio:    0.00 (Cumulative area) 

  Pin: _6638_/RESET_B (sky130_fd_sc_hd__dfrtp_1)
    Layer: met2
      Partial area ratio:    5.31
      Required ratio:    0.00 (Gate area) 
      Partial area ratio:   27.09
      Required ratio: 3872.32 (Side area) 
      Cumulative area ratio:  130.09
      Required ratio:    0.00 (Cumulative area) 
      Cumulative area ratio:  669.04
      Required ratio:    0.00 (Cumulative side area) 

    Layer: met3
      Partial area ratio:    0.43
      Required ratio:    0.00 (Gate area) 
      Partial area ratio:    2.41
      Required ratio: 4220.08 (Side area) 
      Cumulative area ratio:  130.52
      Required ratio:    0.00 (Cumulative area) 
      Cumulative area ratio:  671.45
      Required ratio:    0.00 (Cumulative side area) 

    Layer: met1
      Partial area ratio:    8.94
      Required ratio:    0.00 (Gate area) 
      Partial area ratio:   46.67
      Required ratio:  400.00 (Side area) 
      Cumulative area ratio:    8.94
      Required ratio:    0.00 (Cumulative area) 
      Cumulative area ratio:   46.67
      Required ratio:    0.00 (Cumulative side area) 

    Via: M2M3_PR
      Partial area ratio:    0.01
      Required ratio:    6.00 (Gate area) 
      Cumulative area ratio:    2.15
      Required ratio:    0.00 (Cumulative area) 

    Via: M1M2_PR
      Partial area ratio:    0.18
      Required ratio:    6.00 (Gate area) 
      Cumulative area ratio:    0.18
      Required ratio:    0.00 (Cumulative area) 

  Pin: _6639_/RESET_B (sky130_fd_sc_hd__dfrtp_1)
    Layer: met2
      Partial area ratio:    5.31
      Required ratio:    0.00 (Gate area) 
      Partial area ratio:   27.09
      Required ratio: 3872.32 (Side area) 
      Cumulative area ratio:  130.42
      Required ratio:    0.00 (Cumulative area) 
      Cumulative area ratio:  671.09
      Required ratio:    0.00 (Cumulative side area) 

    Layer: met3
      Partial area ratio:    0.43
      Required ratio:    0.00 (Gate area) 
      Partial area ratio:    2.41
      Required ratio: 4220.08 (Side area) 
      Cumulative area ratio:  130.85
      Required ratio:    0.00 (Cumulative area) 
      Cumulative area ratio:  673.50
      Required ratio:    0.00 (Cumulative side area) 

    Layer: met1
      Partial area ratio:    0.33
      Required ratio:    0.00 (Gate area) 
      Partial area ratio:    2.06
      Required ratio:  400.00 (Side area) 
      Cumulative area ratio:    0.33
      Required ratio:    0.00 (Cumulative area) 
      Cumulative area ratio:    2.06
      Required ratio:    0.00 (Cumulative side area) 

    Via: M2M3_PR
      Partial area ratio:    0.01
      Required ratio:    6.00 (Gate area) 
      Cumulative area ratio:    2.24
      Required ratio:    0.00 (Cumulative area) 

    Via: M1M2_PR
      Partial area ratio:    0.09
      Required ratio:    6.00 (Gate area) 
      Cumulative area ratio:    0.09
      Required ratio:    0.00 (Cumulative area) 

  Pin: _6674_/RESET_B (sky130_fd_sc_hd__dfrtp_1)
    Layer: met2
      Partial area ratio:    3.26
      Required ratio:    0.00 (Gate area) 
      Partial area ratio:   16.71
      Required ratio:  400.00 (Side area) 
      Cumulative area ratio:   20.30
      Required ratio:    0.00 (Cumulative area) 
      Cumulative area ratio:  103.49
      Required ratio:    0.00 (Cumulative side area) 

    Layer: met1
      Partial area ratio:   17.04
      Required ratio:    0.00 (Gate area) 
      Partial area ratio:   86.78
      Required ratio:  400.00 (Side area) 
      Cumulative area ratio:   17.04
      Required ratio:    0.00 (Cumulative area) 
      Cumulative area ratio:   86.78
      Required ratio:    0.00 (Cumulative side area) 

    Via: M2M3_PR
      Partial area ratio:    0.01
      Required ratio:    6.00 (Gate area) 
      Cumulative area ratio:    0.28
      Required ratio:    0.00 (Cumulative area) 

    Via: M1M2_PR
      Partial area ratio:    0.27
      Required ratio:    6.00 (Gate area) 
      Cumulative area ratio:    0.27
      Required ratio:    0.00 (Cumulative area) 

  Pin: _6674_/RESET_B (sky130_fd_sc_hd__dfrtp_1)
    Layer: met2
      Partial area ratio:    3.26
      Required ratio:    0.00 (Gate area) 
      Partial area ratio:   16.71
      Required ratio:  400.00 (Side area) 
      Cumulative area ratio:   22.90
      Required ratio:    0.00 (Cumulative area) 
      Cumulative area ratio:  116.66
      Required ratio:    0.00 (Cumulative side area) 

    Layer: met1
      Partial area ratio:    2.59
      Required ratio:    0.00 (Gate area) 
      Partial area ratio:   13.17
      Required ratio:  400.00 (Side area) 
      Cumulative area ratio:    2.59
      Required ratio:    0.00 (Cumulative area) 
      Cumulative area ratio:   13.17
      Required ratio:    0.00 (Cumulative side area) 

    Via: M2M3_PR
      Partial area ratio:    0.01
      Required ratio:    6.00 (Gate area) 
      Cumulative area ratio:    0.32
      Required ratio:    0.00 (Cumulative area) 

    Via: M1M2_PR
      Partial area ratio:    0.04
      Required ratio:    6.00 (Gate area) 
      Cumulative area ratio:    0.04
      Required ratio:    0.00 (Cumulative area) 

  Pin: _6673_/RESET_B (sky130_fd_sc_hd__dfrtp_1)
    Layer: met2
      Partial area ratio:    3.26
      Required ratio:    0.00 (Gate area) 
      Partial area ratio:   16.71
      Required ratio:  400.00 (Side area) 
      Cumulative area ratio:   22.90
      Required ratio:    0.00 (Cumulative area) 
      Cumulative area ratio:  116.66
      Required ratio:    0.00 (Cumulative side area) 

    Layer: met1
      Partial area ratio:    2.59
      Required ratio:    0.00 (Gate area) 
      Partial area ratio:   13.17
      Required ratio:  400.00 (Side area) 
      Cumulative area ratio:    2.59
      Required ratio:    0.00 (Cumulative area) 
      Cumulative area ratio:   13.17
      Required ratio:    0.00 (Cumulative side area) 

    Via: M2M3_PR
      Partial area ratio:    0.01
      Required ratio:    6.00 (Gate area) 
      Cumulative area ratio:    0.32
      Required ratio:    0.00 (Cumulative area) 

    Via: M1M2_PR
      Partial area ratio:    0.04
      Required ratio:    6.00 (Gate area) 
      Cumulative area ratio:    0.04
      Required ratio:    0.00 (Cumulative area) 

  Pin: _6647_/RESET_B (sky130_fd_sc_hd__dfrtp_1)
    Layer: met2
      Partial area ratio:    3.26
      Required ratio:    0.00 (Gate area) 
      Partial area ratio:   16.71
      Required ratio:  400.00 (Side area) 
      Cumulative area ratio:   20.30
      Required ratio:    0.00 (Cumulative area) 
      Cumulative area ratio:  103.49
      Required ratio:    0.00 (Cumulative side area) 

    Layer: met1
      Partial area ratio:    0.00
      Required ratio:    0.00 (Gate area) 
      Partial area ratio:    0.00
      Required ratio:  400.00 (Side area) 
      Cumulative area ratio:    0.00
      Required ratio:    0.00 (Cumulative area) 
      Cumulative area ratio:    0.00
      Required ratio:    0.00 (Cumulative side area) 

    Via: M2M3_PR
      Partial area ratio:    0.01
      Required ratio:    6.00 (Gate area) 
      Cumulative area ratio:    0.37
      Required ratio:    0.00 (Cumulative area) 

    Via: M1M2_PR
      Partial area ratio:    0.09
      Required ratio:    6.00 (Gate area) 
      Cumulative area ratio:    0.09
      Required ratio:    0.00 (Cumulative area) 

  Pin: _6646_/RESET_B (sky130_fd_sc_hd__dfrtp_1)
    Layer: met2
      Partial area ratio:    3.26
      Required ratio:    0.00 (Gate area) 
      Partial area ratio:   16.71
      Required ratio:  400.00 (Side area) 
      Cumulative area ratio:   20.30
      Required ratio:    0.00 (Cumulative area) 
      Cumulative area ratio:  103.49
      Required ratio:    0.00 (Cumulative side area) 

    Layer: met1
      Partial area ratio:    0.00
      Required ratio:    0.00 (Gate area) 
      Partial area ratio:    0.00
      Required ratio:  400.00 (Side area) 
      Cumulative area ratio:    0.00
      Required ratio:    0.00 (Cumulative area) 
      Cumulative area ratio:    0.00
      Required ratio:    0.00 (Cumulative side area) 

    Via: M2M3_PR
      Partial area ratio:    0.01
      Required ratio:    6.00 (Gate area) 
      Cumulative area ratio:    0.37
      Required ratio:    0.00 (Cumulative area) 

    Via: M1M2_PR
      Partial area ratio:    0.09
      Required ratio:    6.00 (Gate area) 
      Cumulative area ratio:    0.09
      Required ratio:    0.00 (Cumulative area) 

  Pin: _7055_/RESET_B (sky130_fd_sc_hd__dfrtp_1)
    Layer: met2
      Partial area ratio:    3.26
      Required ratio:    0.00 (Gate area) 
      Partial area ratio:   16.71
      Required ratio:  400.00 (Side area) 
      Cumulative area ratio:   27.70
      Required ratio:    0.00 (Cumulative area) 
      Cumulative area ratio:  142.05
      Required ratio:    0.00 (Cumulative side area) 

    Layer: met1
      Partial area ratio:    7.40
      Required ratio:    0.00 (Gate area) 
      Partial area ratio:   38.56
      Required ratio:  400.00 (Side area) 
      Cumulative area ratio:    7.40
      Required ratio:    0.00 (Cumulative area) 
      Cumulative area ratio:   38.56
      Required ratio:    0.00 (Cumulative side area) 

    Via: M2M3_PR
      Partial area ratio:    0.01
      Required ratio:    6.00 (Gate area) 
      Cumulative area ratio:    0.45
      Required ratio:    0.00 (Cumulative area) 

    Via: M1M2_PR
      Partial area ratio:    0.18
      Required ratio:    6.00 (Gate area) 
      Cumulative area ratio:    0.18
      Required ratio:    0.00 (Cumulative area) 

  Pin: _7062_/RESET_B (sky130_fd_sc_hd__dfrtp_1)
    Layer: met2
      Partial area ratio:    3.26
      Required ratio:    0.00 (Gate area) 
      Partial area ratio:   16.71
      Required ratio:  400.00 (Side area) 
      Cumulative area ratio:   29.66
      Required ratio:    0.00 (Cumulative area) 
      Cumulative area ratio:  152.99
      Required ratio:    0.00 (Cumulative side area) 

    Layer: met1
      Partial area ratio:    1.96
      Required ratio:    0.00 (Gate area) 
      Partial area ratio:   10.94
      Required ratio:  400.00 (Side area) 
      Cumulative area ratio:    1.96
      Required ratio:    0.00 (Cumulative area) 
      Cumulative area ratio:   10.94
      Required ratio:    0.00 (Cumulative side area) 

    Via: M2M3_PR
      Partial area ratio:    0.01
      Required ratio:    6.00 (Gate area) 
      Cumulative area ratio:    0.54
      Required ratio:    0.00 (Cumulative area) 

    Via: M1M2_PR
      Partial area ratio:    0.09
      Required ratio:    6.00 (Gate area) 
      Cumulative area ratio:    0.09
      Required ratio:    0.00 (Cumulative area) 

  Pin: _6645_/RESET_B (sky130_fd_sc_hd__dfrtp_1)
    Layer: met2
      Partial area ratio:    3.26
      Required ratio:    0.00 (Gate area) 
      Partial area ratio:   16.71
      Required ratio:  400.00 (Side area) 
      Cumulative area ratio:   29.66
      Required ratio:    0.00 (Cumulative area) 
      Cumulative area ratio:  152.99
      Required ratio:    0.00 (Cumulative side area) 

    Layer: met1
      Partial area ratio:    1.96
      Required ratio:    0.00 (Gate area) 
      Partial area ratio:   10.94
      Required ratio:  400.00 (Side area) 
      Cumulative area ratio:    1.96
      Required ratio:    0.00 (Cumulative area) 
      Cumulative area ratio:   10.94
      Required ratio:    0.00 (Cumulative side area) 

    Via: M2M3_PR
      Partial area ratio:    0.01
      Required ratio:    6.00 (Gate area) 
      Cumulative area ratio:    0.54
      Required ratio:    0.00 (Cumulative area) 

    Via: M1M2_PR
      Partial area ratio:    0.09
      Required ratio:    6.00 (Gate area) 
      Cumulative area ratio:    0.09
      Required ratio:    0.00 (Cumulative area) 

  Pin: _6644_/RESET_B (sky130_fd_sc_hd__dfrtp_1)
    Layer: met2
      Partial area ratio:    3.26
      Required ratio:    0.00 (Gate area) 
      Partial area ratio:   16.71
      Required ratio:  400.00 (Side area) 
      Cumulative area ratio:   32.03
      Required ratio:    0.00 (Cumulative area) 
      Cumulative area ratio:  165.27
      Required ratio:    0.00 (Cumulative side area) 

    Layer: met1
      Partial area ratio:    2.38
      Required ratio:    0.00 (Gate area) 
      Partial area ratio:   12.28
      Required ratio:  400.00 (Side area) 
      Cumulative area ratio:    2.38
      Required ratio:    0.00 (Cumulative area) 
      Cumulative area ratio:   12.28
      Required ratio:    0.00 (Cumulative side area) 

    Via: M2M3_PR
      Partial area ratio:    0.01
      Required ratio:    6.00 (Gate area) 
      Cumulative area ratio:    0.63
      Required ratio:    0.00 (Cumulative area) 

    Via: M1M2_PR
      Partial area ratio:    0.09
      Required ratio:    6.00 (Gate area) 
      Cumulative area ratio:    0.09
      Required ratio:    0.00 (Cumulative area) 

  Pin: _7056_/RESET_B (sky130_fd_sc_hd__dfrtp_2)
    Layer: met2
      Partial area ratio:    3.26
      Required ratio:    0.00 (Gate area) 
      Partial area ratio:   16.71
      Required ratio:  400.00 (Side area) 
      Cumulative area ratio:   37.04
      Required ratio:    0.00 (Cumulative area) 
      Cumulative area ratio:  191.07
      Required ratio:    0.00 (Cumulative side area) 

    Layer: met1
      Partial area ratio:    7.38
      Required ratio:    0.00 (Gate area) 
      Partial area ratio:   38.08
      Required ratio:  400.00 (Side area) 
      Cumulative area ratio:    7.38
      Required ratio:    0.00 (Cumulative area) 
      Cumulative area ratio:   38.08
      Required ratio:    0.00 (Cumulative side area) 

    Via: M2M3_PR
      Partial area ratio:    0.01
      Required ratio:    6.00 (Gate area) 
      Cumulative area ratio:    0.63
      Required ratio:    0.00 (Cumulative area) 

    Via: M1M2_PR
      Partial area ratio:    0.09
      Required ratio:    6.00 (Gate area) 
      Cumulative area ratio:    0.09
      Required ratio:    0.00 (Cumulative area) 

  Pin: _7060_/RESET_B (sky130_fd_sc_hd__dfrtp_1)
    Layer: met2
      Partial area ratio:    3.26
      Required ratio:    0.00 (Gate area) 
      Partial area ratio:   16.71
      Required ratio:  400.00 (Side area) 
      Cumulative area ratio:   37.04
      Required ratio:    0.00 (Cumulative area) 
      Cumulative area ratio:  191.07
      Required ratio:    0.00 (Cumulative side area) 

    Layer: met1
      Partial area ratio:    0.00
      Required ratio:    0.00 (Gate area) 
      Partial area ratio:    0.00
      Required ratio:  400.00 (Side area) 
      Cumulative area ratio:    0.00
      Required ratio:    0.00 (Cumulative area) 
      Cumulative area ratio:    0.00
      Required ratio:    0.00 (Cumulative side area) 

    Via: M2M3_PR
      Partial area ratio:    0.01
      Required ratio:    6.00 (Gate area) 
      Cumulative area ratio:    0.72
      Required ratio:    0.00 (Cumulative area) 

    Via: M1M2_PR
      Partial area ratio:    0.09
      Required ratio:    6.00 (Gate area) 
      Cumulative area ratio:    0.09
      Required ratio:    0.00 (Cumulative area) 

  Pin: _7059_/RESET_B (sky130_fd_sc_hd__dfrtp_1)
    Layer: met2
      Partial area ratio:    3.26
      Required ratio:    0.00 (Gate area) 
      Partial area ratio:   16.71
      Required ratio:  400.00 (Side area) 
      Cumulative area ratio:   38.14
      Required ratio:    0.00 (Cumulative area) 
      Cumulative area ratio:  196.96
      Required ratio:    0.00 (Cumulative side area) 

    Layer: met1
      Partial area ratio:    1.10
      Required ratio:    0.00 (Gate area) 
      Partial area ratio:    5.89
      Required ratio:  400.00 (Side area) 
      Cumulative area ratio:    1.10
      Required ratio:    0.00 (Cumulative area) 
      Cumulative area ratio:    5.89
      Required ratio:    0.00 (Cumulative side area) 

    Via: M2M3_PR
      Partial area ratio:    0.01
      Required ratio:    6.00 (Gate area) 
      Cumulative area ratio:    0.72
      Required ratio:    0.00 (Cumulative area) 

    Via: M1M2_PR
      Partial area ratio:    0.09
      Required ratio:    6.00 (Gate area) 
      Cumulative area ratio:    0.09
      Required ratio:    0.00 (Cumulative area) 

  Pin: _7058_/RESET_B (sky130_fd_sc_hd__dfrtp_1)
    Layer: met2
      Partial area ratio:    3.26
      Required ratio:    0.00 (Gate area) 
      Partial area ratio:   16.71
      Required ratio:  400.00 (Side area) 
      Cumulative area ratio:   37.04
      Required ratio:    0.00 (Cumulative area) 
      Cumulative area ratio:  191.07
      Required ratio:    0.00 (Cumulative side area) 

    Layer: met1
      Partial area ratio:    0.00
      Required ratio:    0.00 (Gate area) 
      Partial area ratio:    0.00
      Required ratio:  400.00 (Side area) 
      Cumulative area ratio:    0.00
      Required ratio:    0.00 (Cumulative area) 
      Cumulative area ratio:    0.00
      Required ratio:    0.00 (Cumulative side area) 

    Via: M2M3_PR
      Partial area ratio:    0.01
      Required ratio:    6.00 (Gate area) 
      Cumulative area ratio:    0.72
      Required ratio:    0.00 (Cumulative area) 

    Via: M1M2_PR
      Partial area ratio:    0.09
      Required ratio:    6.00 (Gate area) 
      Cumulative area ratio:    0.09
      Required ratio:    0.00 (Cumulative area) 

  Pin: _7057_/RESET_B (sky130_fd_sc_hd__dfrtp_1)
    Layer: met2
      Partial area ratio:    3.26
      Required ratio:    0.00 (Gate area) 
      Partial area ratio:   16.71
      Required ratio:  400.00 (Side area) 
      Cumulative area ratio:   37.04
      Required ratio:    0.00 (Cumulative area) 
      Cumulative area ratio:  191.07
      Required ratio:    0.00 (Cumulative side area) 

    Layer: met1
      Partial area ratio:    0.00
      Required ratio:    0.00 (Gate area) 
      Partial area ratio:    0.00
      Required ratio:  400.00 (Side area) 
      Cumulative area ratio:    0.00
      Required ratio:    0.00 (Cumulative area) 
      Cumulative area ratio:    0.00
      Required ratio:    0.00 (Cumulative side area) 

    Via: M2M3_PR
      Partial area ratio:    0.01
      Required ratio:    6.00 (Gate area) 
      Cumulative area ratio:    0.72
      Required ratio:    0.00 (Cumulative area) 

    Via: M1M2_PR
      Partial area ratio:    0.09
      Required ratio:    6.00 (Gate area) 
      Cumulative area ratio:    0.09
      Required ratio:    0.00 (Cumulative area) 

  Pin: _7061_/RESET_B (sky130_fd_sc_hd__dfrtp_1)
    Layer: met2
      Partial area ratio:    3.26
      Required ratio:    0.00 (Gate area) 
      Partial area ratio:   16.71
      Required ratio:  400.00 (Side area) 
      Cumulative area ratio:   37.04
      Required ratio:    0.00 (Cumulative area) 
      Cumulative area ratio:  191.07
      Required ratio:    0.00 (Cumulative side area) 

    Layer: met1
      Partial area ratio:    7.38
      Required ratio:    0.00 (Gate area) 
      Partial area ratio:   38.08
      Required ratio:  400.00 (Side area) 
      Cumulative area ratio:    7.38
      Required ratio:    0.00 (Cumulative area) 
      Cumulative area ratio:   38.08
      Required ratio:    0.00 (Cumulative side area) 

    Via: M2M3_PR
      Partial area ratio:    0.01
      Required ratio:    6.00 (Gate area) 
      Cumulative area ratio:    0.63
      Required ratio:    0.00 (Cumulative area) 

    Via: M1M2_PR
      Partial area ratio:    0.09
      Required ratio:    6.00 (Gate area) 
      Cumulative area ratio:    0.09
      Required ratio:    0.00 (Cumulative area) 

  Pin: _6637_/RESET_B (sky130_fd_sc_hd__dfrtp_1)
    Layer: met2
      Partial area ratio:    3.26
      Required ratio:    0.00 (Gate area) 
      Partial area ratio:   16.71
      Required ratio:  400.00 (Side area) 
      Cumulative area ratio:    4.10
      Required ratio:    0.00 (Cumulative area) 
      Cumulative area ratio:   21.32
      Required ratio:    0.00 (Cumulative side area) 

    Layer: met1
      Partial area ratio:    0.84
      Required ratio:    0.00 (Gate area) 
      Partial area ratio:    4.61
      Required ratio:  400.00 (Side area) 
      Cumulative area ratio:    0.84
      Required ratio:    0.00 (Cumulative area) 
      Cumulative area ratio:    4.61
      Required ratio:    0.00 (Cumulative side area) 

    Via: M2M3_PR
      Partial area ratio:    0.01
      Required ratio:    6.00 (Gate area) 
      Cumulative area ratio:    0.10
      Required ratio:    0.00 (Cumulative area) 

    Via: M1M2_PR
      Partial area ratio:    0.09
      Required ratio:    6.00 (Gate area) 
      Cumulative area ratio:    0.09
      Required ratio:    0.00 (Cumulative area) 

  Pin: _6640_/RESET_B (sky130_fd_sc_hd__dfrtp_1)
    Layer: met2
      Partial area ratio:    3.26
      Required ratio:    0.00 (Gate area) 
      Partial area ratio:   16.71
      Required ratio:  400.00 (Side area) 
      Cumulative area ratio:   17.13
      Required ratio:    0.00 (Cumulative area) 
      Cumulative area ratio:   88.43
      Required ratio:    0.00 (Cumulative side area) 

    Layer: met1
      Partial area ratio:    0.33
      Required ratio:    0.00 (Gate area) 
      Partial area ratio:    2.06
      Required ratio:  400.00 (Side area) 
      Cumulative area ratio:    0.33
      Required ratio:    0.00 (Cumulative area) 
      Cumulative area ratio:    2.06
      Required ratio:    0.00 (Cumulative side area) 

    Via: M2M3_PR
      Partial area ratio:    0.01
      Required ratio:    6.00 (Gate area) 
      Cumulative area ratio:    0.28
      Required ratio:    0.00 (Cumulative area) 

    Via: M1M2_PR
      Partial area ratio:    0.09
      Required ratio:    6.00 (Gate area) 
      Cumulative area ratio:    0.09
      Required ratio:    0.00 (Cumulative area) 

  Pin: _6641_/RESET_B (sky130_fd_sc_hd__dfrtp_1)
    Layer: met2
      Partial area ratio:    3.26
      Required ratio:    0.00 (Gate area) 
      Partial area ratio:   16.71
      Required ratio:  400.00 (Side area) 
      Cumulative area ratio:   16.80
      Required ratio:    0.00 (Cumulative area) 
      Cumulative area ratio:   86.38
      Required ratio:    0.00 (Cumulative side area) 

    Layer: met1
      Partial area ratio:    0.00
      Required ratio:    0.00 (Gate area) 
      Partial area ratio:    0.00
      Required ratio:  400.00 (Side area) 
      Cumulative area ratio:    0.00
      Required ratio:    0.00 (Cumulative area) 
      Cumulative area ratio:    0.00
      Required ratio:    0.00 (Cumulative side area) 

    Via: M2M3_PR
      Partial area ratio:    0.01
      Required ratio:    6.00 (Gate area) 
      Cumulative area ratio:    0.28
      Required ratio:    0.00 (Cumulative area) 

    Via: M1M2_PR
      Partial area ratio:    0.09
      Required ratio:    6.00 (Gate area) 
      Cumulative area ratio:    0.09
      Required ratio:    0.00 (Cumulative area) 

  Pin: _7097_/RESET_B (sky130_fd_sc_hd__dfrtp_1)
    Layer: met2
      Partial area ratio:    3.26
      Required ratio:    0.00 (Gate area) 
      Partial area ratio:   16.71
      Required ratio:  400.00 (Side area) 
      Cumulative area ratio:   16.80
      Required ratio:    0.00 (Cumulative area) 
      Cumulative area ratio:   86.38
      Required ratio:    0.00 (Cumulative side area) 

    Layer: met1
      Partial area ratio:   13.54
      Required ratio:    0.00 (Gate area) 
      Partial area ratio:   69.67
      Required ratio:  400.00 (Side area) 
      Cumulative area ratio:   13.54
      Required ratio:    0.00 (Cumulative area) 
      Cumulative area ratio:   69.67
      Required ratio:    0.00 (Cumulative side area) 

    Via: M2M3_PR
      Partial area ratio:    0.01
      Required ratio:    6.00 (Gate area) 
      Cumulative area ratio:    0.19
      Required ratio:    0.00 (Cumulative area) 

    Via: M1M2_PR
      Partial area ratio:    0.18
      Required ratio:    6.00 (Gate area) 
      Cumulative area ratio:    0.18
      Required ratio:    0.00 (Cumulative area) 

  Pin: _6632_/RESET_B (sky130_fd_sc_hd__dfrtp_1)
    Layer: met2
      Partial area ratio:    5.31
      Required ratio:    0.00 (Gate area) 
      Partial area ratio:   27.09
      Required ratio: 3872.32 (Side area) 
      Cumulative area ratio:  114.17
      Required ratio:    0.00 (Cumulative area) 
      Cumulative area ratio:  587.54
      Required ratio:    0.00 (Cumulative side area) 

    Layer: met3
      Partial area ratio:    0.43
      Required ratio:    0.00 (Gate area) 
      Partial area ratio:    2.41
      Required ratio: 4220.08 (Side area) 
      Cumulative area ratio:  114.60
      Required ratio:    0.00 (Cumulative area) 
      Cumulative area ratio:  589.95
      Required ratio:    0.00 (Cumulative side area) 

    Layer: met1
      Partial area ratio:    0.60
      Required ratio:    0.00 (Gate area) 
      Partial area ratio:    3.78
      Required ratio:  400.00 (Side area) 
      Cumulative area ratio:    0.60
      Required ratio:    0.00 (Cumulative area) 
      Cumulative area ratio:    3.78
      Required ratio:    0.00 (Cumulative side area) 

    Via: M2M3_PR
      Partial area ratio:    0.01
      Required ratio:    6.00 (Gate area) 
      Cumulative area ratio:    1.89
      Required ratio:    0.00 (Cumulative area) 

    Via: M1M2_PR
      Partial area ratio:    0.09
      Required ratio:    6.00 (Gate area) 
      Cumulative area ratio:    0.09
      Required ratio:    0.00 (Cumulative area) 

  Pin: _7085_/RESET_B (sky130_fd_sc_hd__dfrtp_1)
    Layer: met2
      Partial area ratio:    5.31
      Required ratio:    0.00 (Gate area) 
      Partial area ratio:   27.09
      Required ratio: 3872.32 (Side area) 
      Cumulative area ratio:  113.57
      Required ratio:    0.00 (Cumulative area) 
      Cumulative area ratio:  583.76
      Required ratio:    0.00 (Cumulative side area) 

    Layer: met3
      Partial area ratio:    0.43
      Required ratio:    0.00 (Gate area) 
      Partial area ratio:    2.41
      Required ratio: 4220.08 (Side area) 
      Cumulative area ratio:  114.00
      Required ratio:    0.00 (Cumulative area) 
      Cumulative area ratio:  586.17
      Required ratio:    0.00 (Cumulative side area) 

    Layer: met1
      Partial area ratio:    8.05
      Required ratio:    0.00 (Gate area) 
      Partial area ratio:   41.22
      Required ratio:  400.00 (Side area) 
      Cumulative area ratio:    8.05
      Required ratio:    0.00 (Cumulative area) 
      Cumulative area ratio:   41.22
      Required ratio:    0.00 (Cumulative side area) 

    Via: M2M3_PR
      Partial area ratio:    0.01
      Required ratio:    6.00 (Gate area) 
      Cumulative area ratio:    1.80
      Required ratio:    0.00 (Cumulative area) 

    Via: M1M2_PR
      Partial area ratio:    0.09
      Required ratio:    6.00 (Gate area) 
      Cumulative area ratio:    0.09
      Required ratio:    0.00 (Cumulative area) 

  Pin: _6630_/RESET_B (sky130_fd_sc_hd__dfrtp_1)
    Layer: met2
      Partial area ratio:    5.31
      Required ratio:    0.00 (Gate area) 
      Partial area ratio:   27.09
      Required ratio: 3872.32 (Side area) 
      Cumulative area ratio:  107.14
      Required ratio:    0.00 (Cumulative area) 
      Cumulative area ratio:  550.98
      Required ratio:    0.00 (Cumulative side area) 

    Layer: met3
      Partial area ratio:    0.43
      Required ratio:    0.00 (Gate area) 
      Partial area ratio:    2.41
      Required ratio: 4220.08 (Side area) 
      Cumulative area ratio:  107.57
      Required ratio:    0.00 (Cumulative area) 
      Cumulative area ratio:  553.39
      Required ratio:    0.00 (Cumulative side area) 

    Layer: met1
      Partial area ratio:    1.61
      Required ratio:    0.00 (Gate area) 
      Partial area ratio:    8.44
      Required ratio:  400.00 (Side area) 
      Cumulative area ratio:    1.61
      Required ratio:    0.00 (Cumulative area) 
      Cumulative area ratio:    8.44
      Required ratio:    0.00 (Cumulative side area) 

    Via: M2M3_PR
      Partial area ratio:    0.01
      Required ratio:    6.00 (Gate area) 
      Cumulative area ratio:    1.80
      Required ratio:    0.00 (Cumulative area) 

    Via: M1M2_PR
      Partial area ratio:    0.09
      Required ratio:    6.00 (Gate area) 
      Cumulative area ratio:    0.09
      Required ratio:    0.00 (Cumulative area) 

  Pin: _6654_/RESET_B (sky130_fd_sc_hd__dfrtp_1)
    Layer: met2
      Partial area ratio:    5.31
      Required ratio:    0.00 (Gate area) 
      Partial area ratio:   27.09
      Required ratio: 3872.32 (Side area) 
      Cumulative area ratio:  105.52
      Required ratio:    0.00 (Cumulative area) 
      Cumulative area ratio:  542.54
      Required ratio:    0.00 (Cumulative side area) 

    Layer: met3
      Partial area ratio:    0.43
      Required ratio:    0.00 (Gate area) 
      Partial area ratio:    2.41
      Required ratio: 4220.08 (Side area) 
      Cumulative area ratio:  105.95
      Required ratio:    0.00 (Cumulative area) 
      Cumulative area ratio:  544.95
      Required ratio:    0.00 (Cumulative side area) 

    Layer: met1
      Partial area ratio:    8.93
      Required ratio:    0.00 (Gate area) 
      Partial area ratio:   46.22
      Required ratio:  400.00 (Side area) 
      Cumulative area ratio:    8.93
      Required ratio:    0.00 (Cumulative area) 
      Cumulative area ratio:   46.22
      Required ratio:    0.00 (Cumulative side area) 

    Via: M2M3_PR
      Partial area ratio:    0.01
      Required ratio:    6.00 (Gate area) 
      Cumulative area ratio:    1.71
      Required ratio:    0.00 (Cumulative area) 

    Via: M1M2_PR
      Partial area ratio:    0.27
      Required ratio:    6.00 (Gate area) 
      Cumulative area ratio:    0.27
      Required ratio:    0.00 (Cumulative area) 

  Pin: _6662_/RESET_B (sky130_fd_sc_hd__dfrtp_1)
    Layer: met2
      Partial area ratio:    5.31
      Required ratio:    0.00 (Gate area) 
      Partial area ratio:   27.09
      Required ratio: 3872.32 (Side area) 
      Cumulative area ratio:  108.67
      Required ratio:    0.00 (Cumulative area) 
      Cumulative area ratio:  558.65
      Required ratio:    0.00 (Cumulative side area) 

    Layer: met3
      Partial area ratio:    0.43
      Required ratio:    0.00 (Gate area) 
      Partial area ratio:    2.41
      Required ratio: 4220.08 (Side area) 
      Cumulative area ratio:  109.10
      Required ratio:    0.00 (Cumulative area) 
      Cumulative area ratio:  561.06
      Required ratio:    0.00 (Cumulative side area) 

    Layer: met1
      Partial area ratio:    3.14
      Required ratio:    0.00 (Gate area) 
      Partial area ratio:   16.11
      Required ratio:  400.00 (Side area) 
      Cumulative area ratio:    3.14
      Required ratio:    0.00 (Cumulative area) 
      Cumulative area ratio:   16.11
      Required ratio:    0.00 (Cumulative side area) 

    Via: M2M3_PR
      Partial area ratio:    0.01
      Required ratio:    6.00 (Gate area) 
      Cumulative area ratio:    1.80
      Required ratio:    0.00 (Cumulative area) 

    Via: M1M2_PR
      Partial area ratio:    0.09
      Required ratio:    6.00 (Gate area) 
      Cumulative area ratio:    0.09
      Required ratio:    0.00 (Cumulative area) 

  Pin: _6664_/RESET_B (sky130_fd_sc_hd__dfrtp_1)
    Layer: met2
      Partial area ratio:    5.31
      Required ratio:    0.00 (Gate area) 
      Partial area ratio:   27.09
      Required ratio: 3872.32 (Side area) 
      Cumulative area ratio:  105.52
      Required ratio:    0.00 (Cumulative area) 
      Cumulative area ratio:  542.54
      Required ratio:    0.00 (Cumulative side area) 

    Layer: met3
      Partial area ratio:    0.43
      Required ratio:    0.00 (Gate area) 
      Partial area ratio:    2.41
      Required ratio: 4220.08 (Side area) 
      Cumulative area ratio:  105.95
      Required ratio:    0.00 (Cumulative area) 
      Cumulative area ratio:  544.95
      Required ratio:    0.00 (Cumulative side area) 

    Layer: met1
      Partial area ratio:    0.00
      Required ratio:    0.00 (Gate area) 
      Partial area ratio:    0.00
      Required ratio:  400.00 (Side area) 
      Cumulative area ratio:    0.00
      Required ratio:    0.00 (Cumulative area) 
      Cumulative area ratio:    0.00
      Required ratio:    0.00 (Cumulative side area) 

    Via: M2M3_PR
      Partial area ratio:    0.01
      Required ratio:    6.00 (Gate area) 
      Cumulative area ratio:    1.80
      Required ratio:    0.00 (Cumulative area) 

    Via: M1M2_PR
      Partial area ratio:    0.09
      Required ratio:    6.00 (Gate area) 
      Cumulative area ratio:    0.09
      Required ratio:    0.00 (Cumulative area) 

  Pin: _7087_/RESET_B (sky130_fd_sc_hd__dfrtp_1)
    Layer: met2
      Partial area ratio:    5.31
      Required ratio:    0.00 (Gate area) 
      Partial area ratio:   27.09
      Required ratio: 3872.32 (Side area) 
      Cumulative area ratio:  111.22
      Required ratio:    0.00 (Cumulative area) 
      Cumulative area ratio:  571.43
      Required ratio:    0.00 (Cumulative side area) 

    Layer: met3
      Partial area ratio:    0.43
      Required ratio:    0.00 (Gate area) 
      Partial area ratio:    2.41
      Required ratio: 4220.08 (Side area) 
      Cumulative area ratio:  111.65
      Required ratio:    0.00 (Cumulative area) 
      Cumulative area ratio:  573.83
      Required ratio:    0.00 (Cumulative side area) 

    Layer: met1
      Partial area ratio:    5.70
      Required ratio:    0.00 (Gate area) 
      Partial area ratio:   28.89
      Required ratio:  400.00 (Side area) 
      Cumulative area ratio:    5.70
      Required ratio:    0.00 (Cumulative area) 
      Cumulative area ratio:   28.89
      Required ratio:    0.00 (Cumulative side area) 

    Via: M2M3_PR
      Partial area ratio:    0.01
      Required ratio:    6.00 (Gate area) 
      Cumulative area ratio:    1.80
      Required ratio:    0.00 (Cumulative area) 

    Via: M1M2_PR
      Partial area ratio:    0.09
      Required ratio:    6.00 (Gate area) 
      Cumulative area ratio:    0.09
      Required ratio:    0.00 (Cumulative area) 

  Pin: _6653_/SET_B (sky130_fd_sc_hd__dfstp_1)
    Layer: met2
      Partial area ratio:    5.31
      Required ratio:    0.00 (Gate area) 
      Partial area ratio:   27.09
      Required ratio: 3872.32 (Side area) 
      Cumulative area ratio:   96.59
      Required ratio:    0.00 (Cumulative area) 
      Cumulative area ratio:  496.32
      Required ratio:    0.00 (Cumulative side area) 

    Layer: met3
      Partial area ratio:    0.43
      Required ratio:    0.00 (Gate area) 
      Partial area ratio:    2.41
      Required ratio: 4220.08 (Side area) 
      Cumulative area ratio:   97.02
      Required ratio:    0.00 (Cumulative area) 
      Cumulative area ratio:  498.72
      Required ratio:    0.00 (Cumulative side area) 

    Layer: met1
      Partial area ratio:    0.00
      Required ratio:    0.00 (Gate area) 
      Partial area ratio:    0.00
      Required ratio:  400.00 (Side area) 
      Cumulative area ratio:    0.00
      Required ratio:    0.00 (Cumulative area) 
      Cumulative area ratio:    0.00
      Required ratio:    0.00 (Cumulative side area) 

    Via: M2M3_PR
      Partial area ratio:    0.01
      Required ratio:    6.00 (Gate area) 
      Cumulative area ratio:    1.53
      Required ratio:    0.00 (Cumulative area) 

    Via: M1M2_PR
      Partial area ratio:    0.09
      Required ratio:    6.00 (Gate area) 
      Cumulative area ratio:    0.09
      Required ratio:    0.00 (Cumulative area) 

  Pin: _6661_/SET_B (sky130_fd_sc_hd__dfstp_1)
    Layer: met2
      Partial area ratio:    5.31
      Required ratio:    0.00 (Gate area) 
      Partial area ratio:   27.09
      Required ratio: 3872.32 (Side area) 
      Cumulative area ratio:   96.59
      Required ratio:    0.00 (Cumulative area) 
      Cumulative area ratio:  496.32
      Required ratio:    0.00 (Cumulative side area) 

    Layer: met3
      Partial area ratio:    0.43
      Required ratio:    0.00 (Gate area) 
      Partial area ratio:    2.41
      Required ratio: 4220.08 (Side area) 
      Cumulative area ratio:   97.02
      Required ratio:    0.00 (Cumulative area) 
      Cumulative area ratio:  498.72
      Required ratio:    0.00 (Cumulative side area) 

    Layer: met1
      Partial area ratio:    0.00
      Required ratio:    0.00 (Gate area) 
      Partial area ratio:    0.00
      Required ratio:  400.00 (Side area) 
      Cumulative area ratio:    0.00
      Required ratio:    0.00 (Cumulative area) 
      Cumulative area ratio:    0.00
      Required ratio:    0.00 (Cumulative side area) 

    Via: M2M3_PR
      Partial area ratio:    0.01
      Required ratio:    6.00 (Gate area) 
      Cumulative area ratio:    1.53
      Required ratio:    0.00 (Cumulative area) 

    Via: M1M2_PR
      Partial area ratio:    0.09
      Required ratio:    6.00 (Gate area) 
      Cumulative area ratio:    0.09
      Required ratio:    0.00 (Cumulative area) 

  Pin: _7091_/RESET_B (sky130_fd_sc_hd__dfrtp_2)
    Layer: met2
      Partial area ratio:    2.97
      Required ratio:    0.00 (Gate area) 
      Partial area ratio:   15.34
      Required ratio:  400.00 (Side area) 
      Cumulative area ratio:    2.97
      Required ratio:    0.00 (Cumulative area) 
      Cumulative area ratio:   15.34
      Required ratio:    0.00 (Cumulative side area) 

    Layer: met1
      Partial area ratio:    0.00
      Required ratio:    0.00 (Gate area) 
      Partial area ratio:    0.00
      Required ratio:  400.00 (Side area) 
      Cumulative area ratio:    0.00
      Required ratio:    0.00 (Cumulative area) 
      Cumulative area ratio:    0.00
      Required ratio:    0.00 (Cumulative side area) 

    Via: M2M3_PR
      Partial area ratio:    0.04
      Required ratio:    6.00 (Gate area) 
      Cumulative area ratio:    0.13
      Required ratio:    0.00 (Cumulative area) 

    Via: M1M2_PR
      Partial area ratio:    0.09
      Required ratio:    6.00 (Gate area) 
      Cumulative area ratio:    0.09
      Required ratio:    0.00 (Cumulative area) 

  Pin: _7092_/SET_B (sky130_fd_sc_hd__dfstp_1)
    Layer: met2
      Partial area ratio:    2.97
      Required ratio:    0.00 (Gate area) 
      Partial area ratio:   15.34
      Required ratio:  400.00 (Side area) 
      Cumulative area ratio:    2.97
      Required ratio:    0.00 (Cumulative area) 
      Cumulative area ratio:   15.34
      Required ratio:    0.00 (Cumulative side area) 

    Layer: met1
      Partial area ratio:    0.00
      Required ratio:    0.00 (Gate area) 
      Partial area ratio:    0.00
      Required ratio:  400.00 (Side area) 
      Cumulative area ratio:    0.00
      Required ratio:    0.00 (Cumulative area) 
      Cumulative area ratio:    0.00
      Required ratio:    0.00 (Cumulative side area) 

    Via: M2M3_PR
      Partial area ratio:    0.04
      Required ratio:    6.00 (Gate area) 
      Cumulative area ratio:    0.13
      Required ratio:    0.00 (Cumulative area) 

    Via: M1M2_PR
      Partial area ratio:    0.09
      Required ratio:    6.00 (Gate area) 
      Cumulative area ratio:    0.09
      Required ratio:    0.00 (Cumulative area) 

  Pin: _7093_/RESET_B (sky130_fd_sc_hd__dfrtp_1)
    Layer: met2
      Partial area ratio:    2.97
      Required ratio:    0.00 (Gate area) 
      Partial area ratio:   15.34
      Required ratio:  400.00 (Side area) 
      Cumulative area ratio:    7.23
      Required ratio:    0.00 (Cumulative area) 
      Cumulative area ratio:   37.78
      Required ratio:    0.00 (Cumulative side area) 

    Layer: met1
      Partial area ratio:    4.26
      Required ratio:    0.00 (Gate area) 
      Partial area ratio:   22.44
      Required ratio:  400.00 (Side area) 
      Cumulative area ratio:    4.26
      Required ratio:    0.00 (Cumulative area) 
      Cumulative area ratio:   22.44
      Required ratio:    0.00 (Cumulative side area) 

    Via: M2M3_PR
      Partial area ratio:    0.04
      Required ratio:    6.00 (Gate area) 
      Cumulative area ratio:    0.22
      Required ratio:    0.00 (Cumulative area) 

    Via: M1M2_PR
      Partial area ratio:    0.18
      Required ratio:    6.00 (Gate area) 
      Cumulative area ratio:    0.18
      Required ratio:    0.00 (Cumulative area) 

  Pin: _7094_/RESET_B (sky130_fd_sc_hd__dfrtp_1)
    Layer: met2
      Partial area ratio:    2.97
      Required ratio:    0.00 (Gate area) 
      Partial area ratio:   15.34
      Required ratio:  400.00 (Side area) 
      Cumulative area ratio:   15.66
      Required ratio:    0.00 (Cumulative area) 
      Cumulative area ratio:   81.90
      Required ratio:    0.00 (Cumulative side area) 

    Layer: met1
      Partial area ratio:    8.43
      Required ratio:    0.00 (Gate area) 
      Partial area ratio:   44.11
      Required ratio:  400.00 (Side area) 
      Cumulative area ratio:    8.43
      Required ratio:    0.00 (Cumulative area) 
      Cumulative area ratio:   44.11
      Required ratio:    0.00 (Cumulative side area) 

    Via: M2M3_PR
      Partial area ratio:    0.04
      Required ratio:    6.00 (Gate area) 
      Cumulative area ratio:    0.31
      Required ratio:    0.00 (Cumulative area) 

    Via: M1M2_PR
      Partial area ratio:    0.09
      Required ratio:    6.00 (Gate area) 
      Cumulative area ratio:    0.09
      Required ratio:    0.00 (Cumulative area) 

  Pin: _6663_/RESET_B (sky130_fd_sc_hd__dfrtp_1)
    Layer: met2
      Partial area ratio:    5.31
      Required ratio:    0.00 (Gate area) 
      Partial area ratio:   27.09
      Required ratio: 3872.32 (Side area) 
      Cumulative area ratio:   97.18
      Required ratio:    0.00 (Cumulative area) 
      Cumulative area ratio:  499.65
      Required ratio:    0.00 (Cumulative side area) 

    Layer: met3
      Partial area ratio:    0.43
      Required ratio:    0.00 (Gate area) 
      Partial area ratio:    2.41
      Required ratio: 4220.08 (Side area) 
      Cumulative area ratio:   97.61
      Required ratio:    0.00 (Cumulative area) 
      Cumulative area ratio:  502.06
      Required ratio:    0.00 (Cumulative side area) 

    Layer: met1
      Partial area ratio:    0.59
      Required ratio:    0.00 (Gate area) 
      Partial area ratio:    3.33
      Required ratio:  400.00 (Side area) 
      Cumulative area ratio:    0.59
      Required ratio:    0.00 (Cumulative area) 
      Cumulative area ratio:    3.33
      Required ratio:    0.00 (Cumulative side area) 

    Via: M2M3_PR
      Partial area ratio:    0.01
      Required ratio:    6.00 (Gate area) 
      Cumulative area ratio:    1.53
      Required ratio:    0.00 (Cumulative area) 

    Via: M1M2_PR
      Partial area ratio:    0.09
      Required ratio:    6.00 (Gate area) 
      Cumulative area ratio:    0.09
      Required ratio:    0.00 (Cumulative area) 

  Pin: _6914_/RESET_B (sky130_fd_sc_hd__dfrtp_1)
    Layer: met2
      Partial area ratio:    5.31
      Required ratio:    0.00 (Gate area) 
      Partial area ratio:   27.09
      Required ratio: 3872.32 (Side area) 
      Cumulative area ratio:   55.80
      Required ratio:    0.00 (Cumulative area) 
      Cumulative area ratio:  287.71
      Required ratio:    0.00 (Cumulative side area) 

    Layer: met1
      Partial area ratio:   38.50
      Required ratio:    0.00 (Gate area) 
      Partial area ratio:  195.61
      Required ratio:  400.00 (Side area) 
      Cumulative area ratio:   38.50
      Required ratio:    0.00 (Cumulative area) 
      Cumulative area ratio:  195.61
      Required ratio:    0.00 (Cumulative side area) 

    Layer: met3
      Partial area ratio:    0.43
      Required ratio:    0.00 (Gate area) 
      Partial area ratio:    2.41
      Required ratio: 4220.08 (Side area) 
      Cumulative area ratio:   56.23
      Required ratio:    0.00 (Cumulative area) 
      Cumulative area ratio:  290.11
      Required ratio:    0.00 (Cumulative side area) 

    Via: M2M3_PR
      Partial area ratio:    0.01
      Required ratio:    6.00 (Gate area) 
      Cumulative area ratio:    0.73
      Required ratio:    0.00 (Cumulative area) 

    Via: M1M2_PR
      Partial area ratio:    0.18
      Required ratio:    6.00 (Gate area) 
      Cumulative area ratio:    0.18
      Required ratio:    0.00 (Cumulative area) 

  Pin: _6944_/RESET_B (sky130_fd_sc_hd__dfrtp_1)
    Layer: met2
      Partial area ratio:    5.31
      Required ratio:    0.00 (Gate area) 
      Partial area ratio:   27.09
      Required ratio: 3872.32 (Side area) 
      Cumulative area ratio:   17.30
      Required ratio:    0.00 (Cumulative area) 
      Cumulative area ratio:   92.09
      Required ratio:    0.00 (Cumulative side area) 

    Layer: met1
      Partial area ratio:    4.33
      Required ratio:    0.00 (Gate area) 
      Partial area ratio:   23.22
      Required ratio:  400.00 (Side area) 
      Cumulative area ratio:    4.33
      Required ratio:    0.00 (Cumulative area) 
      Cumulative area ratio:   23.22
      Required ratio:    0.00 (Cumulative side area) 

    Layer: met3
      Partial area ratio:    0.43
      Required ratio:    0.00 (Gate area) 
      Partial area ratio:    2.41
      Required ratio: 4220.08 (Side area) 
      Cumulative area ratio:   17.73
      Required ratio:    0.00 (Cumulative area) 
      Cumulative area ratio:   94.50
      Required ratio:    0.00 (Cumulative side area) 

    Via: M2M3_PR
      Partial area ratio:    0.01
      Required ratio:    6.00 (Gate area) 
      Cumulative area ratio:    0.55
      Required ratio:    0.00 (Cumulative area) 

    Via: M1M2_PR
      Partial area ratio:    0.18
      Required ratio:    6.00 (Gate area) 
      Cumulative area ratio:    0.18
      Required ratio:    0.00 (Cumulative area) 


[INFO ANT-0002] Found 21 net violations.
[INFO ANT-0001] Found 22 pin violations.
