
 /----------------------------------------------------------------------------\
 |  yosys -- Yosys Open SYnthesis Suite                                       |
 |  Copyright (C) 2012 - 2025  Claire Xenia Wolf <claire@yosyshq.com>         |
 |  Distributed under an ISC-like license, type "license" to see terms        |
 \----------------------------------------------------------------------------/
 Yosys 0.52 (git sha1 fee39a3284c90249e1d9684cf6944ffbbcbb8f90)

-- Running command `read_verilog -sv "/mnt/c/Users/Chand/Documents/New folder/SparkAhead-/SparkAhead-/src/rtl/addr_dec
 /----------------------------------------------------------------------------\
 |  yosys -- Yosys Open SYnthesis Suite                                       |
 |  Copyright (C) 2012 - 2025  Claire Xenia Wolf <claire@yosyshq.com>         |
 |  Distributed under an ISC-like license, type "license" to see terms        |
 \----------------------------------------------------------------------------/
 Yosys 0.52 (git sha1 fee39a3284c90249e1d9684cf6944ffbbcbb8f90)

-- Running command `read_verilog -sv "/mnt/c/Users/Chand/Documents/New folder/SparkAhead-/SparkAhead-/src/rtlParsing SystemVerilog input from `/mnt/c/Users/Chand/Documents/New folder/SparkAhead-/SparkAhead-/src/rtl/addr_decoder.sv' to AST representation.
Generating RTLIL representation for module `\addr_decoder'.
Successfully finished Verilog frontend.

2. Executing Verilog-2005 frontend: /mnt/c/Users/Chand/Documents/New folder/SparkAhead-/SparkAhead-/src/rtl/axi4lite_arbiter_top.sv
Parsing SystemVerilog input from `/mnt/c/Users/Chand/Documents/New folder/SparkAhead-/SparkAhead-/src/rtl/axi4lite_arbiter_top.sv' to AST representation.
Generating RTLIL representation for module `\axi4lite_arbiter_top'.
Warning: Replacing memory \r_rresp_demux with list of registers. See /mnt/c/Users/Chand/Documents/New$20folder/SparkAhead-/SparkAhead-/src/rtl/axi4lite_arbiter_top.sv:642
Warning: Replacing memory \r_rdata_demux with list of registers. See /mnt/c/Users/Chand/Documents/New$20folder/SparkAhead-/SparkAhead-/src/rtl/axi4lite_arbiter_top.sv:641
Warning: Replacing memory \w_bresp_demux with list of registers. See /mnt/c/Users/Chand/Documents/New$20folder/SparkAhead-/SparkAhead-/src/rtl/axi4lite_arbiter_top.sv:376
Successfully finished Verilog frontend.

3. Executing Verilog-2005 frontend: /mnt/c/Users/Chand/Documents/New folder/SparkAhead-/SparkAhead-/src/rtl/qos_arbiter.sv
Parsing SystemVerilog input from `/mnt/c/Users/Chand/Documents/New folder/SparkAhead-/SparkAhead-/src/rtl/qos_arbiter.sv' to AST representation.
Generating RTLIL representation for module `\qos_arbiter'.
Successfully finished Verilog frontend.

4. Executing HIERARCHY pass (managing design hierarchy).

4.1. Analyzing design hierarchy..
Top module:  \axi4lite_arbiter_top
Used module:     \addr_decoder
Used module:     \qos_arbiter
Parameter \ADDR_WIDTH = 32
Parameter \SLAVE0_BASE = 0
Parameter \SLAVE0_SIZE = 65536
Parameter \SLAVE1_BASE = 65536
Parameter \SLAVE1_SIZE = 65536

4.2. Executing AST frontend in derive mode using pre-parsed AST for module `\addr_decoder'.
Parameter \ADDR_WIDTH = 32
Parameter \SLAVE0_BASE = 0
Parameter \SLAVE0_SIZE = 65536
Parameter \SLAVE1_BASE = 65536
Parameter \SLAVE1_SIZE = 65536
Generating RTLIL representation for module `$paramod$59f66e305bd3b47082af7a1e20206251db0b33b5\addr_decoder'.
Parameter \NUM_MASTERS = 4
Parameter \M0_WEIGHT = 1
Parameter \M1_WEIGHT = 3
Parameter \M2_WEIGHT = 2
Parameter \M3_WEIGHT = 1
Parameter \AGE_THRESHOLD = 64

4.3. Executing AST frontend in derive mode using pre-parsed AST for module `\qos_arbiter'.
Parameter \NUM_MASTERS = 4
Parameter \M0_WEIGHT = 1
Parameter \M1_WEIGHT = 3
Parameter \M2_WEIGHT = 2
Parameter \M3_WEIGHT = 1
Parameter \AGE_THRESHOLD = 64
Generating RTLIL representation for module `$paramod$508cca98229eff1b70362476b43647777eac3ce1\qos_arbiter'.
Parameter \ADDR_WIDTH = 32
Parameter \SLAVE0_BASE = 0
Parameter \SLAVE0_SIZE = 65536
Parameter \SLAVE1_BASE = 65536
Parameter \SLAVE1_SIZE = 65536
Found cached RTLIL representation for module `$paramod$59f66e305bd3b47082af7a1e20206251db0b33b5\addr_decoder'.
Parameter \NUM_MASTERS = 4
Parameter \M0_WEIGHT = 1
ParameterParameter \NUM_MASTERS = 4
Parameter \M0_WEIGHT = 1
Parameter \M1_WEIGHT = 3
Parameter \M2_WEIGHT = 2
Parameter \M3_WEIGHT = 1
Parameter \AGE_THRESHOLD = 64
Generating RTLIL representation for module `$paramod$508cca98229eff1b70362476b43647777eac3ce1\qos_arbiter'.
Parameter \ADDR_WIDTH = 32
Parameter \SLAVE0_BASE = 0
Parameter \SLAVE0_SIZE = 65536
Parameter \SLAVE1_BASE = 65536
Parameter \SLAVE1_SIZE = 65536
Found cached RTLIL representation for module `$paramod$59fTop module:  \axi4lite_arbiter_top
Used module:     $paramod$59f66e305bd3b47082af7a1e20206251db0b33b5\addr_decoder
Used module:     $paramod$508cca98229eff1b70362476b43647777eac3ce1\qos_arbiter
Removing unused module `\qos_arbiter'.
Removing unused module `\addr_decoder'.
Removed 2 unused modules.

5. Executing PROC pass (convert processes to netlists).

5.1. Executing PROC_CLEAN pass (remove empty switches from decision trees).
Cleaned up 0 empty switches.

5.2. Executing PROC_RMDEAD pass (remove dead branches from decision trees).
Marked 2 switch rules as full_case in process $proc$/mnt/c/Users/Chand/Documents/New$20folder/SparkAhead-/SparkAhead-/src/rtl/qos_arbiter.sv:0$488 in module $paramod$508cca98229eff1b70362476b43647777eac3ce1\qos_arbiter.
Marked 4 switch rules as full_case in process $proc$/mnt/c/Users/Chand/Documents/New$20folder/SparkAhead-/SparkAhead-/src/rtl/qos_arbiter.sv:179$470 in module $paramod$508cca98229eff1b70362476b43647777eac3ce1\qos_arbiter.
Marked 24 switch rules as full_case in process $proc$/mnt/c/Users/Chand/Documents/New$20folder/SparkAhead-/SparkAhead-/src/rtl/qos_arbiter.sv:Marked 2 switch rules as full_case in process $proc$/mnt/c/Users/Chand/Documents/New$20folder/SparkAhead-/SparkAhead-/src/rtl/qos_arbiter.sv:0$488 in module $paramod$508cca98229eff1b70362476b43647777eac3ce1\qos_arbiter.
Marked 4 switch rules as full_case in process $proc$/mnt/c/Users/Chand/Documents/New$20folder/SparkAhead-/SparkAhead-/src/rtl/qos_arbiter.sv:179$470 in module $paramod$508cca98229eff1b70362476b43647777eac3ce1\qos_arbiter.
Marked 24 switch rules as full_case in process $proc$/mnt/c/Users/Chand/Documents/New$20folder/SparkAhead-/SparkAhead-/src/rtl/qos_arbiter.sv:0$448 in module $paramod$508cca98229eff1b70362476b43647777eac3ce1\qos_arbiter.
Marked 6 switch rules as full_case in process $proc$/mnt/c/Users/Chand/Documents/New$20folder/SparkAhead-/SparkAhead-/src/rtl/qos_arbiter.sv:0$439 in module $paramod$508cca98229eff1b70362476b43647777eac3ce1\qos_arbiter.
Removed 6 dead cases from process $proc$/mnt/c/Users/Chand/Documents/New$20folder/SparkAhead-/SparkAhead-/src/rtl/axi4lite_arbiter_top.sv:0$234 in module axi4lite_arbiter_top.
Marked 13 switch rules as full_case in process $proc$/mnt/c/Users/Chand/Documents/New$20folder/SparkAhead-/SparkAhead-/src/rtl/axi4lite_arbiter_top.sv:0$234 in module axi4lite_arbiter_top.
Removed 3 dead cases from process $proc$/mnt/c/Users/Chand/Documents/New$20folder/SparkAhead-/SparkAhead-/src/rtl/axi4lite_arbiter_top.sv:578$205 in module axi4lite_arbiter_top.
Marked 8 switch rules as full_case in process $proc$/mnt/c/Users/Chand/Documents/New$20folder/SparkAhead-/SparkAhead-/src/rtl/axi4lite_arbiter_top.sv:578$205 in module axi4lite_arbiter_top.
Removed 1 dead cases from process $proc$/mnt/c/Users/Chand/Documents/New$20folder/SparkAhead-/SparkAhead-/src/rtl/axi4lite_arbiter_top.sv:0$204 in module axi4lite_arbiter_top.
Marked 1 switch rules as full_case in process $proc$/mnt/c/Users/Chand/Documents/New$20folder/SparkAhead-/SparkAhead-/src/rtl/axi4lite_arbiter_top.sv:0$204 in module axi4lite_arbiter_top.
Marked 2 switch rules as full_case in process $proc$/mnt/c/Users/Chand/Documents/New$20folder/SparkAhead-/SparkAhead-/src/rtl/axi4lite_arbiter_top.sv:0$203 in module axi4lite_arbiter_top.
Removed 1 dead cases from process $proc$/mnt/c/Users/Chand/Documents/New$20folder/SparkAhead-/SparkAhead-/src/rtl/axi4lite_arbiter_top.sv:0$202 in module axi4lite_arbiter_top.
Marked 1 switch rules as full_case in process $proc$/mnt/c/Users/Chand/Documents/New$20folder/SparkAhead-/SparkAhead-/src/rtl/axi4lite_arbiter_top.sv:0$202 in module axi4lite_arbiter_top.
Removed 4 dead cases from process $proc$/mnt/c/Users/Chand/Documents/New$20folder/SparkAhead-/SparkAhead-/src/rtl/axi4lite_arbiter_top.sv:0$77 in module axi4lite_arbiter_top.
Marked 13 switch rules as full_case in process $proc$/mnt/c/Users/Chand/Documents/New$20folder/SparkAhead-/SparkAhead-/src/rtl/axi4lite_arbiter_top.sv:0$77 in module axi4lite_arbiter_top.
Removed 4 dead cases from process $proc$/mnt/c/Users/Chand/Documents/New$20folder/SparkAhead-/SparkAhead-/src/rtl/axi4lite_arbiter_top.sv:302$47 in module axi4lite_arbiter_top.
Marked 9 switch rules as full_case in process $proc$/mnt/c/Users/Chand/Documents/New$20folder/SparkAhead-/SparkAhead-/src/rtl/axi4lite_arbiter_top.sv:302$47 in module axi4lite_arbiter_top.
Removed 1 dead cases from process $proc$/mnt/c/Users/Chand/Documents/New$20folder/SparkAhead-/SparkAhead-/src/rtl/axi4lite_arbiter_top.sv:0$46 in module axi4lite_arbiter_top.
Marked 1 switch rules as full_case in process $proc$/mnt/c/Users/Chand/Documents/New$20folder/SparkAhead-/SparkAhead-/src/rtl/axi4lite_arbiter_top.sv:0$46 in module axi4lite_arbiter_top.
Marked 2 switch rules as full_case in process $proc$/mnt/c/Users/Chand/Documents/New$20folder/SparkAhead-/SparkAhead-/src/rtl/axi4lite_arbiter_top.sv:0$45 in module axi4lite_arbiter_top.
Removed 1 dead cases from process $proc$/mnt/c/Users/Chand/Documents/New$20folder/SparkAhead-/SparkAhead-/src/rRemoved 2 redundant assignments.
Promoted 147 assignments to connections.

5.4. Executing PROC_INIT pass (extract init attributes).

5.5. Executing PROC_ARST pass (detect async resets in processes).
Found async reset \aresetn in `$paramod$508cca98229eff1b70362476b43647777eac3ce1\qos_arbiter.$proc$/mnt/c/Users/Chand/Documents/New$20folder/SparkAhead-/SparkAhead-/src/rtl/qos_arbiter.sv:179$470'.
Found async reset \aresetn in `\axi4lite_arbiter_top.$proc$/mnt/c/Users/Chand/Documents/New$20folder/SparkAhead-/SparkAhead-/src/rtl/axi4lite_arbiter_top.sv:578$205'.
Found async reset \aresetn in `\axi4lite_arbiter_top.$proc$/mnt/c/Users/Chand/Documents/New$20folder/SparkAhead-/SparkAhead-/src/rtl/axi4lite_arbiter_top.sv:302$47'.

5.6. Executing PROC_ROM pass (convert switches to ROFoundConverted 0 switches.
<suppressed ~104 debug messages>

5.7. Executing PROC_MUX pass (convert decision trees to multiplexers).
Creating decoders for process `$paramod$508cca98229eff1b70362476b43647777eac3ce1\qos_arbiter.$proc$/mnt/c/Users/Chand/Documents/New$20folder/SparkAhead-/SparkAhead-/src/rtl/qos_arbiter.sv:0$488'.
     1/9: $2\grant_valid[0:0]
     2/9: $2\master_id[1:0]
     3/9: $2\grant[3:0]
     4/9: $2$bitselwrite$pos$/mnt/c/Users/Chand/Documents/New$20folder/SparkAhead-/SparkAhead-/src/rtl/qos_arbiter.sv:253$436[1:0]$502
     5/9: $1\grant_valid[0:0]
     6/9: $1\master_id[1:0]
     7/9: $1\grant[3:0]
     8/9: $1$bitselwrite$pos$/mnt/c/Users/Chand/Documents/New$20folder/SparkAhead-/SparkACreating decoders for process `$paramod$508cca98229eff1b70362476b43647777eac3ce1\qos_arbiter.$proc$/mnt/c/Users/Chand/Documents/New$20folder/SparkAhead-/SparkAhead-/src/rtl/qos_arbiter.sv:0$488'.
     1/9: $2\grant_valid[0:0]
     2/9: $2\master_id[1:0]
     3/9: $2\grant[3:0]
     4/9: $2$bitselwrite$pos$/mnt/c/Users/Chand/Documents/New$20folder/SparkAhead-/SparkAhead-/src/rtl/qos_arbiter.sv:253$436[1:0]$502
     5/9: $1\grant_valid[0:0]
     6/9: $1\master_id[1:0]
     7/9: $1\grant[3:0]
     8/9: $1$bitselwrite$pos$/mnt/c/Users/Chand/Documents/New$20folder/SparkAhead-/SparkAhead-/src/rtl/qos_arbiter.sv:249$435[1:0]$493
     9/9: $1$bitselwrite$pos$/mnt/c/Users/Chand/Documents/New$20folder/SparkAhead-/SparkAhead-/src/rtl/qos_arbiter.sv:253$436[1:0]$494
Creating decoders for process `$paramod$508cca98229eff1b70362476b43647777eac3ce1\qos_arbiter.$proc$/mnt/c/Users/Chand/Documents/New$20folder/SparkAhead-/SparkAhead-/src/rtl/qos_arbiter.sv:179$470'.
     1/8: $0\age_counter[31:0]
     2/8: $0\rr_ptr[1:0]
     3/8: $0\quota_3[31:0]
     4/8: $0\quota_2[31:0]
     5/8: $0\quota_1[31:0]
     6/8: $0\is_active[0:0]
     7/8: $0\current_master[1:0]
     8/8: $0\starvation_flag[0:0]
Creating decoders for process `$paramod$508cca98229eff1b70362476b43647777eac3ce1\qos_arbiter.$proc$/mnt/c/Users/Chand/Documents/New$20folder/SparkAhead-/SparkAhead-/src/rtl/qos_arbiter.sv:0$448'.
     1/48: $24\cand_valid[0:0]
     2/48: $24\next_cand[1:0]
     3/48: $23\cand_valid[0:0]
     4/48: $23\next_cand[1:0]
     5/48: $22\cand_valid[0:0]
     6/48: $22\next_cand[1:0]
     7/48: $21\cand_valid[0:0]
     8/48: $21\next_cand[1:0]
     9/48: $20\cand_valid[0:0]
    10/48: $20\next_cand[1:0]
    11/48: $19\cand_valid[0:0]
    12/48: $19\next_cand[1:0]
    13/48: $18\cand_valid[0:0]
    14/48: $18\next_cand[1:0]
    15/48: $17\cand_valid[0:0]
    16/48: $17\next_cand[1:0]
    17/48: $16\cand_valid[0:0]
    18/48: $16\next_cand[1:0]
    19/48: $15\cand_valid[0:0]
    20/48: $15\next_cand[1:0]
    21/48: $14\cand_valid[0:0]
    22/48: $14\next_cand[1:0]
    23/48: $13\cand_valid[0:0]
    24/48: $13\next_cand[1:0]
    25/48: $12\cand_valid[0:0]
    26/48: $12\next_cand[1:0]
    27/48: $11\cand_valid[0:0]
    28/48: $11\next_cand[1:0]
    29/48: $10\cand_valid[0:0]
    30/48: $10\next_cand[1:0]
    31/48: $9\cand_valid[0:0]
    32/48: $9\next_cand[1:0]
    33/48: $8\cand_valid[0:0]
    34/48: $8\next_cand[1:0]
    35/48: $7\cand_valid[0:0]
    36/48: $7\next_cand[1:0]
    37/48: $6\cand_valid[0:0]
    38/48: $6\next_cand[1:0]
    39/48: $5\cand_valid[0:0]
    40/48: $5\next_cand[1:0]
    41/48: $4\cand_valid[0:0]
    42/48: $4\next_cand[1:0]
    43/48: $3\cand_valid[0:0]
    44/48: $3\next_cand[1:0]
    45/48: $2\cand_valid[0:0]
    46/48: $2\next_cand[1:0]
    47/48: $1\cand_valid[0:0]
    48/48: $1\next_cand[1:0]
Creating decoders for process `$paramod$508cca98229eff1b70362476b43647777eac3ce1\qos_arbiter.$proc$/mnt/c/Users/Chand/Documents/New$20folder/SparkAhead-/SparkAhead-/src/rtl/qos_arbiter.sv:0$439'.
     1/16: $3\eff_q3[31:0]
     2/16: $5\eff_rr_ptr[1:0]
     3/16: $3\eff_q2[31:0]
     4/16: $4\eff_rr_ptr[1:0]
     5/16: $3\eff_q1[31:0]
     6/16: $3\eff_rr_ptr[1:0]
     7/16: $2\eff_rr_ptr[1:0]
     8/16: $2\eff_q1[31:0]
     9/16: $2\eff_q3[31:0]
    10/16: $2\eff_q2[31:0]
    11/16: $2\eff_starvation[0:0]
    12/16: $1\eff_rr_ptr[1:0]
    13/16: $1\eff_q3[31:0]
    14/16: $1\eff_q2[31:0]
    15/16: $1\eff_q1[31:0]
    16/16: $1\eff_starvation[0:0]
Creating decoders : $7\r_rdata_demux[1][31:0]
     9/132: $4\s1_rready_mux[0:0]
    10/132: $6\r_rresp_demux[3][1:0]
    11/132: $6\r_rresp_demux[2][1:0]
    12/132: $6\r_rresp_demux[1][1:0]
    13/132: $6\r_rresp_demux[0][1:0]
    14/132: $4$mem2reg_wr$\r_rresp_demux$/mnt/c/Users/Chand/Documents/New$20folder/SparkAhead-/SparkAhead-/src/rtl/axi4lite_arbiter_top.sv:682$43_ADDR[1:0]$341
    15/132: $4$mem2reg_wr$\r_rresp_demux$/mnt/c/Users/Chand/Documents/New$20folder/SparkAhead-/SparkAhead-/src/rtl/axi4lite_arbiter_top.sv:682$43_DATA[1:0]$342
    16/132: $6\r_rdata_demux[3][31:0]
    17/132: $6\r: $7\r_rdata_demux[1][31:0]
     9/132: $4\s1_rready_mux[0:0]
    10/132: $6\r_rresp_demux[3][1:0]
    11/132: $6\r_rresp_demux[2][1:0]
    12/132: $6\r_rresp_demux[1][1:0]
    13/132: $6\r_rresp_demux[0][1:0]
    14/132: $4$mem2reg_wr$\r_rresp_demux$/mnt/c/Users/Chand/Documents/New$20folder/SparkAhead-/SparkAhead-/src/rtl/axi4lite_arbiter_top.sv:682$43_ADDR[1:0]$341
    15/132: $4$mem2reg_wr$\r_rresp_demux$/mnt/c/Users/Chand/Documents/New$20folder/SparkAhead-/SparkAhead-/src/rtl/axi4lite_arbiter_top.sv:682$43_DATA[1:0]$342
    16/132: $6\r_rdata_demux[3][31:0]
    17/132: $6\r_rdata_demux[2][31:0]
    18/132: $6\r_rdata_demux[1][31:0]
    19/132: $6\r_rdata_demux[0][31:0]
    20/132: $4$mem2reg_wr$\r_rdata_demux$/mnt/c/Users/Chand/Documents/New$20folder/SparkAhead-/SparkAhead-/src/rtl/axi4lite_arbiter_top.sv:681$42_ADDR[1:0]$339
    21/132: $4$mem2reg_wr$\r_rdata_demux$/mnt/c/Users/Chand/Documents/New$20folder/SparkAhead-/SparkAhead-/src/rtl/axi4lite_arbiter_top.sv:681$42_DATA[31:0]$340
    22/132: $4\r_rvalid_demux[3:0]
    23/132: $4$bitselwrite$pos$/mnt/c/Users/Chand/Documents/New$20folder/SparkAhead-/SparkAhead-/src/rtl/axi4lite_arbiter_top.sv:680$28[1:0]$338
    24/132: $5\r_rresp_demux[0][1:0]
    25/132: $5\r_rresp_demux[3][1:0]
    26/132: $5\r_rresp_demux[2][1:0]
    27/132: $5\r_rresp_demux[1][1:0]
    28/132: $5\r_rdata_demux[0][31:0]
    29/132: $5\r_rdata_demux[3][31:0]
    30/132: $5\r_rdata_demux[2][31:0]
    31/132: $5\r_rdata_demux[1][31:0]
    32/132: $3\s0_rready_mux[0:0]
    33/132: $4\r_rresp_demux[3][1:0]
    34/132: $4\r_rresp_demux[2][1:0]
    35/132: $4\r_rresp_demux[1][1:0]
    36/132: $4\r_rresp_demux[0][1:0]
    37/132: $3$mem2reg_wr$\r_rresp_demux$/mnt/c/Users/Chand/Documents/New$20folder/SparkAhead-/SparkAhead-/src/rtl/axi4lite_arbiter_top.sv:677$41_ADDR[1:0]$325
    38/132: $3$mem2reg_wr$\r_rresp_demux$/mnt/c/Users/Chand/Documents/New$20folder/SparkAhead-/SparkAhead-/src/rtl/axi4lite_arbiter_top.sv:677$41_DATA[1:0]$326
    39/132: $4\r_rdata_demux[3][31:0]
    40/132: $4\r_rdata_demux[2][31:0]
    41/132: $4\r_rdata_demux[1][31:0]
    42/132: $4\r_rdata_demux[0][31:0]
    43/132: $3$mem2reg_wr$\r_rdata_demux$/mnt/c/Users/Chand/Documents/New$20folder/SparkAhead-/SparkAhead-/src/rtl/axi4lite_arbiter_top.sv:676$40_ADDR[1:0]$323
    44/132: $3$mem2reg_wr$\r_rdata_demux$/mnt/c/Users/Chand/Documents/New$20folder/SparkAhead-/SparkAhead-/src/rtl/axi4lite_arbiter_top.sv:676$40_DATA[31:0]$324
    45/132: $3\r_rvalid_demux[3:0]
    46/132: $3$bitselwrite$pos$/mnt/c/Users/Chand/Documents/New$20folder/SparkAhead-/SparkAhead-/src/rtl/axi4lite_arbiter_top.sv:675$27[1:0]$321
    47/132: $3$mem2reg_wr$\r_rresp_demux$/mnt/c/Users/Chand/Documents/New$20folder/SparkAhead-/SparkAhead-/src/rtl/axi4lite_arbiter_top.sv:682$43_DATA[1:0]$330
    48/132: $3$mem2reg_wr$\r_rresp_demux$/mnt/c/Users/Chand/Documents/New$20folder/SparkAhead-/SparkAhead-/src/rtl/axi4lite_arbiter_top.sv:682$43_ADDR[1:0]$329
    49/132: $3$mem2reg_wr$\r_rdata_demux$/mnt/c/Users/Chand/Documents/New$20folder/SparkAhead-/SparkAhead-/src/rtl/axi4lite_arbiter_top.sv:681$42_DATA[31:0]$328
    50/132: $3$mem2reg_wr$\r_rdata_demux$/mnt/c/Users/Chand/Documents/New$20folder/SparkAhead-/SparkAhead-/src/rtl/axi4lite_arbiter_top.sv:681$42_ADDR[1:0]$327
    51/132: $3$bitselwrite$pos$/mnt/c/Users/Chand/Documents/New$20folder/SparkAhead-/SparkAhead-/src/rtl/axi4lite_arbiter_top.sv:680$28[1:0]$322
    52/132: $3\s1_rready_mux[0:0]
    53/132: $3\r_rresp_demux[0][1:0]
    54/132: $3\r_resp_demux$/mnt/c/Users/Chand/Documents/New$20folder/SparkAhead-/SparkAhead-/src/rtl/axi4lite_arbiter_top.sv:672$39_DATA[1:0]$305
    67/132: $2\r_rdata_demux[3][31:0]
    68/132: $2\r_rdata_demux[2][31:0]
    69/132: $2\r_rdata_demux[1][31:0]
    70/132: $2\r_rdata_demux[0][31:0]
    71/132: $2$mem2reg_wr$\r_rdata_demux$/mnt/c/Users/Chand/Documents/New$20folder/SparkAhead-/SparkAhead-/src/rtl/axi4lite_arbiter_top.sv:671$38_ADDR[1:0]$302
    72/132: $2$mem2reg_wr$\r_rdata_demux$/mnt/c/Users/Chand/Documents/New$20folder/SparkAhead-/SparkAhead-/src/rtl/axi4lite_arbiter_top.sv:671resp_demux$/mnt/c/Users/Chand/Documents/New$20folder/SparkAhead-/SparkAhead-/src/rtl/axi4lite_arbiter_top.sv:672$39_DATA[1:0]$305
    67/132: $2\r_rdata_demux[3][31:0]
    68/132: $2\r_rdata_demux[2][31:0]
    69/132: $2\r_rdata_demux[1][31:0]
    70/132: $2\r_rdata_demux[0][31:0]
    71/132: $2$mem2reg_wr$\r_rdata_demux$/mnt/c/Users/Chand/Documents/New$20folder/SparkAhead-/SparkAhead-/src/rtl/axi4lite_arbiter_top.sv:671$38_ADDR[1:0]$302
    72/132: $2$mem2reg_wr$\r_rdata_demux$/mnt/c/Users/Chand/Documents/New$20folder/SparkAhead-/SparkAhead-/src/rtl/axi4lite_arbiter_top.sv:671$38_DATA[31:0]$303
    73/132: $2\r_rvalid_demux[3:0]
    74/132: $2$bitselwrite$pos$/mnt/c/Users/Chand/Documents/New$20folder/SparkAhead-/SparkAhead-/src/rtl/axi4lite_arbiter_top.sv:670$26[1:0]$299
    75/132: $2$mem2reg_wr$\r_rresp_demux$/mnt/c/Users/Chand/Documents/New$20folder/SparkAhead-/SparkAhead-/src/rtl/axi4lite_arbiter_top.sv:682$43_DATA[1:0]$313
    76/132: $2$mem2reg_wr$\r_rresp_demux$/mnt/c/Users/Chand/Documents/New$20folder/SparkAhead-/SparkAhead-/src/rtl/axi4lite_arbiter_top.sv:682$43_ADDR[1:0]$312
    77/132: $2$mem2reg_wr$\r_rdata_demux$/mnt/c/Users/Chand/Documents/New$20folder/SparkAhead-/SparkAhead-/src/rtl/axi4lite_arbiter_top.sv:681$42_DATA[31:0]$311
    78/132: $2$mem2reg_wr$\r_rdata_demux$/mnt/c/Users/Chand/Documents/New$20folder/SparkAhead-/SparkAhead-/src/rtl/axi4lite_arbiter_top.sv:681$42_ADDR[1:0]$310
    79/132: $2$mem2reg_wr$\r_rresp_demux$/mnt/c/Users/Chand/Documents/New$20folder/SparkAhead-/SparkAhead-/src/rtl/axi4lite_arbiter_top.sv:677$41_DATA[1:0]$309
    80/132: $2$mem2reg_wr$\r_rresp_demux$/mnt/c/Users/Chand/Documents/New$20folder/SparkAhead-/SparkAhead-/src/rtl/axi4lite_arbiter_top.sv:677$41_ADDR[1:0]$308
    81/132: $2$mem2reg_wr$\r_rdata_demux$/mnt/c/Users/Chand/Documents/New$20folder/SparkAhead-/SparkAhead-/src/rtl/axi4lite_arbiter_top.sv:676$40_DATA[31:0]$307
    82/132: $2$mem2reg_wr$\r_rdata_demux$/mnt/c/Users/Chand/Documents/New$20folder/SparkAhead-/SparkAhead-/src/rtl/axi4lite_arbiter_top.sv:676$40_ADDR[1:0]$306
    83/132: $2$bitselwrite$pos$/mnt/c/Users/Chand/Documents/New$20folder/SparkAhead-/SparkAhead-/src/rtl/axi4lite_arbiter_top.sv:680$28[1:0]$301
    84/132: $2$bitselwrite$pos$/mnt/c/Users/Chand/Documents/New$20folder/SparkAhead-/SparkAhead-/src/rtl/axi4lite_arbiter_top.sv:675$27[1:0]$300
    85/132: $2\s1_rready_mux[0:0]
    86/132: $2\s0_rready_mux[0:0]
    87/132: $4\r_arready_demux[3:0]
    88/132: $4$bitselwrite$pos$/mnt/c/Users/Chand/Documents/New$20folder/SparkAhead-/SparkAhead-/src/rtl/axi4lite_arbiter_top.sv:663$25[1:0]$291
    89/132: $4\s1_arvalid_mux[0:0]
    90/132: $3\r_arready_demux[3:0]
    91/132: $3$bitselwrite$pos$/mnt/c/Users/Chand/Documents/New$20folder/SparkAhead-/SparkAhead-/src/rtl/axi4lite_arbiter_top.sv:660$24[1:0]$282
    92/132: $3\s0_arvalid_mux[0:0]
    93/132: $3$bitselwrite$pos$/mnt/c/Users/Chand/Documents/New$20folder/SparkAhead-/SparkAhead-/src/rtl/axi4lite_arbiter_top.sv:663$25[1:0]$283
    94/132: $3\s1_arvalid_mux[0:0]
    95/132: $2\r_arready_demux[3:0]
    96/132: $2$bitselwrite$pos$/mnt/c/Users/Chand/Documents/New$20folder/SparkAhead-/SparkAhead-/src/rtl/axi4lite_arbiter_top.sv:656$23[1:0]$272
    97/132: $2$bitselwrite$pos$/mnt/c/Users/Chand/Documents/New$20folder/SparkAhead-/SparkAhead-/src/rtl/axi4lite_arbiter_top.sv:663$25[1:0]$274
    98/132: $2$bitselwrite$pos$/mnt/c/Users/Chand/Documents/New$20folder/SparkAhead-/SparkAhead-/src/rtl/axi4lite_arbiter_top.sv:660$24[1:0]$273
    99x$/mnt/c/Users/Chand/Documents/New$20folder/SparkAhead-/SparkAhead-/src/rtl/axi4lite_arbiter_top.sv:681$42_ADDR[1:0]$268
   105/132: $1$mem2reg_wr$\r_rresp_demux$/mnt/c/Users/Chand/Documents/New$20folder/SparkAhead-/SparkAhead-/src/rtl/axi4lite_arbiter_top.sv:677$41_DATA[1:0]$267
   106/132: $1$mem2reg_wr$\r_rresp_demux$/mnt/c/Users/Chand/Documents/New$20folder/SparkAhead-/SparkAhead-/src/rtl/axi4lite_arbiter_top.sv:677$41_ADDR[1:0]$266
   107/132: $1$mem2reg_wr$\r_rdata_demux$/mnt/c/Users/Chand/Documents/New$20folder/SparkAhead-/SparkAhead-/src/rtl/axi4lite_arbiter_top.sv:676$x$/mnt/c/Users/Chand/Documents/New$20folder/SparkAhead-/SparkAhead-/src/rtl/axi4lite_arbiter_top.sv:681$42_ADDR[1:0]$268
   105/132: $1$mem2reg_wr$\r_rresp_demux$/mnt/c/Users/Chand/Documents/New$20folder/SparkAhead-/SparkAhead-/src/rtl/axi4lite_arbiter_top.sv:677$41_DATA[1:0]$267
   106/132: $1$mem2reg_wr$\r_rresp_demux$/mnt/c/Users/Chand/Documents/New$20folder/SparkAhead-/SparkAhead-/src/rtl/axi4lite_arbiter_top.sv:677$41_ADDR[1:0]$266
   107/132: $1$mem2reg_wr$\r_rdata_demux$/mnt/c/Users/Chand/Documents/New$20folder/SparkAhead-/SparkAhead-/src/rtl/axi4lite_arbiter_top.sv:676$40_DATA[31:0]$265
   108/132: $1$mem2reg_wr$\r_rdata_demux$/mnt/c/Users/Chand/Documents/New$20folder/SparkAhead-/SparkAhead-/src/rtl/axi4lite_arbiter_top.sv:676$40_ADDR[1:0]$264
   109/132: $1$mem2reg_wr$\r_rresp_demux$/mnt/c/Users/Chand/Documents/New$20folder/SparkAhead-/SparkAhead-/src/rtl/axi4lite_arbiter_top.sv:672$39_DATA[1:0]$263
   110/132: $1$mem2reg_wr$\r_rresp_demux$/mnt/c/Users/Chand/Documents/New$20folder/SparkAhead-/SparkAhead-/src/rtl/axi4lite_arbiter_top.sv:672$39_ADDR[1:0]$262
   111/132: $1$mem2reg_wr$\r_rdata_demux$/mnt/c/Users/Chand/Documents/New$20folder/SparkAhead-/SparkAhead-/src/rtl/axi4lite_arbiter_top.sv:671$38_DATA[31:0]$261
   112/132: $1$mem2reg_wr$\r_rdata_demux$/mnt/c/Users/Chand/Documents/New$20folder/SparkAhead-/SparkAhead-/src/rtl/axi4lite_arbiter_top.sv:671$38_ADDR[1:0]$260
   113/132: $1\r_rresp_demux[3][1:0]
   114/132: $1\r_rresp_demux[2][1:0]
   115/132: $1\r_rresp_demux[1][1:0]
   116/132: $1\r_rresp_demux[0][1:0]
   117/132: $1\r_rdata_demux[3][31:0]
   118/132: $1\r_rdata_demux[2][31:0]
   119/132: $1\r_rdata_demux[1][31:0]
   120/132: $1\r_rdata_demux[0][31:0]
   121/132: $1$bitselwrite$pos$/mnt/c/Users/Chand/Documents/New$20folder/SparkAhead-/SparkAhead-/src/rtl/axi4lite_arbiter_top.sv:680$28[1:0]$259
   122/132: $1$bitselwrite$pos$/mnt/c/Users/Chand/Documents/New$20folder/SparkAhead-/SparkAhead-/src/rtl/axi4lite_arbiter_top.sv:675$27[1:0]$258
   123/132: $1$bitselwrite$pos$/mnt/c/Users/Chand/Documents/New$20folder/SparkAhead-/SparkAhead-/src/rtl/axi4lite_arbiter_top.sv:670$26[1:0]$257
   124/132: $1$bitselwrite$pos$/mnt/c/Users/Chand/Documents/New$20folder/SparkAhead-/SparkAhead-/src/rtl/axi4lite_arbiter_top.sv:663$25[1:0]$256
   125/132: $1$bitselwrite$pos$/mnt/c/Users/Chand/Documents/New$20folder/SparkAhead-/SparkAhead-/src/rtl/axi4lite_arbiter_top.sv:660$24[1:0]$255
   126/132: $1$bitselwrite$pos$/mnt/c/Users/Chand/Documents/New$20folder/SparkAhead-/SparkAhead-/src/rtl/axi4lite_arbiter_top.sv:656$23[1:0]$254
   127/132: $1\s1_rready_mux[0:0]
   128/132: $1\s0_rready_mux[0:0]
   129/132: $1\s1_arvalid_mux[0:0]
   130/132: $1\s0_arvalid_mux[0:0]
   131/132: $1\r_rvalid_demux[3:0]
   132/132: $1\r_arready_demux[3:0]
Creating decoders for process `\axi4lite_arbiter_top.$proc$/mnt/c/Users/Chand/Documents/New$20folder/SparkAhead-/SparkAhead-/src/rtl/axi4lite_arbiter_top.sv:578$205'.
     1/26: $4$mem2reg_rd$\m_arprot$/mnt/c/Users/Chand/Documents/New$20folder/SparkAhead-/SparkAhead-/src/rtl/axi4lite_arbiter_top.sv:595$37_DATA[2:0]$232
     2/26: $4$mem2reg_rd$\m_araddr$/mnt/c/Users/Chand/Documents/New$20folder/SparkAhead-/SparkAhead-/src/rtl/axi4lite_arbiter_top.sv:594$36_DATA[31:0]$231
     3/26: $3$mem2reg_rd$\m_arprot$/mnt/c/Users/Chand/Documents/New$20folder/SparkAhead-/SparkAhead-/src/rtl/axi4lite_arbiter_top.sv:595$37_DATA[2:0]$230
     4/26: $3$mem2reg_rd$\m_arprot$/mnt/c/Users/Chand/Documents/New$20folder/SparkAhead-/SparkAhead-w$20folder/SparkAhead-/SparkAhead-/src/rtl/axi4lite_arbiter_top.sv:595$37_DATA[2:0]$224
     9/26: $2$mem2reg_rd$\m_arprot$/mnt/c/Users/Chand/Documents/New$20folder/SparkAhead-/SparkAhead-/src/rtl/axi4lite_arbiter_top.sv:595$37_ADDR[1:0]$223
    10/26: $2$mem2reg_rd$\m_araddr$/mnt/c/Users/Chand/Documents/New$20folder/SparkAhead-/SparkAhead-/src/rtl/axi4lite_arbiter_top.sv:594$36_DATA[31:0]$222
    11/26: $2$mem2reg_rd$\m_araddr$/mnt/c/Users/Chand/Documents/New$20folder/SparkAhead-/SparkAhead-/src/rtl/axi4lite_arbiter_top.sv:594$36_ADDR[1:0]$221
    12/26: $2$mem2reg_rd$\m_arvalw$20folder/SparkAhead-/SparkAhead-/src/rtl/axi4lite_arbiter_top.sv:595$37_DATA[2:0]$224
     9/26: $2$mem2reg_rd$\m_arprot$/mnt/c/Users/Chand/Documents/New$20folder/SparkAhead-/SparkAhead-/src/rtl/axi4lite_arbiter_top.sv:595$37_ADDR[1:0]$223
    10/26: $2$mem2reg_rd$\m_araddr$/mnt/c/Users/Chand/Documents/New$20folder/SparkAhead-/SparkAhead-/src/rtl/axi4lite_arbiter_top.sv:594$36_DATA[31:0]$222
    11/26: $2$mem2reg_rd$\m_araddr$/mnt/c/Users/Chand/Documents/New$20folder/SparkAhead-/SparkAhead-/src/rtl/axi4lite_arbiter_top.sv:594$36_ADDR[1:0]$221
    12/26: $2$mem2reg_rd$\m_arvalid$/mnt/c/Users/Chand/Documents/New$20folder/SparkAhead-/SparkAhead-/src/rtl/axi4lite_arbiter_top.sv:592$35_DATA[0:0]$220
    13/26: $2$mem2reg_rd$\m_arvalid$/mnt/c/Users/Chand/Documents/New$20folder/SparkAhead-/SparkAhead-/src/rtl/axi4lite_arbiter_top.sv:592$35_ADDR[1:0]$219
    14/26: $1$mem2reg_rd$\m_arprot$/mnt/c/Users/Chand/Documents/New$20folder/SparkAhead-/SparkAhead-/src/rtl/axi4lite_arbiter_top.sv:595$37_DATA[2:0]$218
    15/26: $1$mem2reg_rd$\m_arprot$/mnt/c/Users/Chand/Documents/New$20folder/SparkAhead-/SparkAhead-/src/rtl/axi4lite_arbiter_top.sv:595$37_ADDR[1:0]$217
    16/26: $1$mem2reg_rd$\m_araddr$/mnt/c/Users/Chand/Documents/New$20folder/SparkAhead-/SparkAhead-/src/rtl/axi4lite_arbiter_top.sv:594$36_DATA[31:0]$216
    17/26: $1$mem2reg_rd$\m_araddr$/mnt/c/Users/Chand/Documents/New$20folder/SparkAhead-/SparkAhead-/src/rtl/axi4lite_arbiter_top.sv:594$36_ADDR[1:0]$215
    18/26: $1$mem2reg_rd$\m_arvalid$/mnt/c/Users/Chand/Documents/New$20folder/SparkAhead-/SparkAhead-/src/rtl/axi4lite_arbiter_top.sv:592$35_DATA[0:0]$214
    19/26: $1$mem2reg_rd$\m_arvalid$/mnt/c/Users/Chand/Documents/New$20folder/SparkAhead-/SparkAhead-/src/rtl/axi4lite_arbiter_top.sv:592$35_ADDR[1:0]$213
    20/26: $0\read_arb_tx_done[0:0]
    21/26: $0\r_latched_prot[2:0]
    22/26: $0\r_latched_addr[31:0]
    23/26: $0\r_target_invalid[0:0]
    24/26: $0\r_target_slave_sel[1:0]
    25/26: $0\r_owner_m_id[1:0]
    26/26: $0\r_state[1:0]
Creating decoders for process `\axi4lite_arbiter_top.$proc$/mnt/c/Users/Chand/Documents/New$20folder/SparkAhead-/SparkAhead-/src/rtl/axi4lite_arbiter_top.sv:0$204'.
     1/1: $1\r_owner_rready[0:0]
Creating decoders for process `\axi4lite_arbiter_top.$proc$/mnt/c/Users/Chand/Documents/New$20folder/SparkAhead-/SparkAhead-/src/rtl/axi4lite_arbiter_top.sv:0$203'.
     1/4: $2\r_target_rvalid[0:0]
     2/4: $2\r_target_arready[0:0]
     3/4: $1\r_target_rvalid[0:0]
     4/4: $1\r_target_arready[0:0]
Creating decoders for process `\axi4lite_arbiter_top.$proc$/mnt/c/Users/Chand/Documents/New$20folder/SparkAhead-/SparkAhead-/src/rtl/axi4lite_arbiter_top.sv:0$202'.
     1/1: $1\r_eval_addr[31:0]
Creating decoders for process `\axi4lite_arbiter_top.$proc$/mnt/c/Users/Chand/Documents/New$20folder/SparkAhead-/SparkAhead-/src/rtl/axi4lite_arbiter_top.sv:0$77'.
     1/106: $7\w_bresp_demux[0][1:0]
     2/106: $7\w_bresp_demux[3][1:0]
     3/106: $7\w_bresp_demux[2][1:0]
     4/106: $7\w_bresp_demux[1][1:0]
     5/106: $4\s1_bready_mux[0:0]
     6/106: $6\w_bresp_demux[3][1:0]
     7/106: $6\w_bresp_demux[2][1:0]
     8/106: $6\w_bresp_demux[1][1:0]
     9/106: $6\w_bresp_demux[0][1:0]
    10/106: $4$mem2reg_wr$\w_bresp_demux$/mnt/c/Users/Chand/Documents/New$20folder/SparkAhead-/SparkAhead-/src/rtl/axi4lite_arbiter_top.sv:428$34_ADDR[1:0]$193
    11/106: $4$mem2reg_wr$\w_bresp_demux$/mnt/c/Users/Chand/Documents/New$20folder/SparkAhead-/SparkAhead-/src/rtl/axi4lite_arbiter_topsers/Chand/Documents/New$20folder/SparkAhead-/SparkAhead-/src/rtl/axi4lite_arbiter_top.sv:424$33_ADDR[1:0]$181
    24/106: $3$mem2reg_wr$\w_bresp_demux$/mnt/c/Users/Chand/Documents/New$20folder/SparkAhead-/SparkAhead-/src/rtl/axi4lite_arbiter_top.sv:424$33_DATA[1:0]$182
    25/106: $3\w_bvalid_demux[3:0]
    26/106: $3$bitselwrite$pos$/mnt/c/Users/Chand/Documents/New$20folder/SparkAhead-/SparkAhead-/src/rtl/axi4lite_arbiter_top.sv:423$21[1:0]$179
    27/106: $3$mem2reg_wr$\w_bresp_demux$/mnt/c/Users/Chand/Documents/New$20folder/SparkAhead-/SparkAhead-/src/rtl/axi4lite_arbiter_tsers/Chand/Documents/New$20folder/SparkAhead-/SparkAhead-/src/rtl/axi4lite_arbiter_top.sv:424$33_ADDR[1:0]$181
    24/106: $3$mem2reg_wr$\w_bresp_demux$/mnt/c/Users/Chand/Documents/New$20folder/SparkAhead-/SparkAhead-/src/rtl/axi4lite_arbiter_top.sv:424$33_DATA[1:0]$182
    25/106: $3\w_bvalid_demux[3:0]
    26/106: $3$bitselwrite$pos$/mnt/c/Users/Chand/Documents/New$20folder/SparkAhead-/SparkAhead-/src/rtl/axi4lite_arbiter_top.sv:423$21[1:0]$179
    27/106: $3$mem2reg_wr$\w_bresp_demux$/mnt/c/Users/Chand/Documents/New$20folder/SparkAhead-/SparkAhead-/src/rtl/axi4lite_arbiter_top.sv:428$34_DATA[1:0]$184
    28/106: $3$mem2reg_wr$\w_bresp_demux$/mnt/c/Users/Chand/Documents/New$20folder/SparkAhead-/SparkAhead-/src/rtl/axi4lite_arbiter_top.sv:428$34_ADDR[1:0]$183
    29/106: $3$bitselwrite$pos$/mnt/c/Users/Chand/Documents/New$20folder/SparkAhead-/SparkAhead-/src/rtl/axi4lite_arbiter_top.sv:427$22[1:0]$180
    30/106: $3\s1_bready_mux[0:0]
    31/106: $3\w_bresp_demux[0][1:0]
    32/106: $3\w_bresp_demux[3][1:0]
    33/106: $3\w_bresp_demux[2][1:0]
    34/106: $3\w_bresp_demux[1][1:0]
    35/106: $2\w_bresp_demux[3][1:0]
    36/106: $2\w_bresp_demux[2][1:0]
    37/106: $2\w_bresp_demux[1][1:0]
    38/106: $2\w_bresp_demux[0][1:0]
    39/106: $2$mem2reg_wr$\w_bresp_demux$/mnt/c/Users/Chand/Documents/New$20folder/SparkAhead-/SparkAhead-/src/rtl/axi4lite_arbiter_top.sv:420$32_ADDR[1:0]$166
    40/106: $2$mem2reg_wr$\w_bresp_demux$/mnt/c/Users/Chand/Documents/New$20folder/SparkAhead-/SparkAhead-/src/rtl/axi4lite_arbiter_top.sv:420$32_DATA[1:0]$167
    41/106: $2\w_bvalid_demux[3:0]
    42/106: $2$bitselwrite$pos$/mnt/c/Users/Chand/Documents/New$20folder/SparkAhead-/SparkAhead-/src/rtl/axi4lite_arbiter_top.sv:419$20[1:0]$163
    43/106: $2$mem2reg_wr$\w_bresp_demux$/mnt/c/Users/Chand/Documents/New$20folder/SparkAhead-/SparkAhead-/src/rtl/axi4lite_arbiter_top.sv:428$34_DATA[1:0]$171
    44/106: $2$mem2reg_wr$\w_bresp_demux$/mnt/c/Users/Chand/Documents/New$20folder/SparkAhead-/SparkAhead-/src/rtl/axi4lite_arbiter_top.sv:428$34_ADDR[1:0]$170
    45/106: $2$mem2reg_wr$\w_bresp_demux$/mnt/c/Users/Chand/Documents/New$20folder/SparkAhead-/SparkAhead-/src/rtl/axi4lite_arbiter_top.sv:424$33_DATA[1:0]$169
    46/106: $2$mem2reg_wr$\w_bresp_demux$/mnt/c/Users/Chand/Documents/New$20folder/SparkAhead-/SparkAhead-/src/rtl/axi4lite_arbiter_top.sv:424$33_ADDR[1:0]$168
    47/106: $2$bitselwrite$pos$/mnt/c/Users/Chand/Documents/New$20folder/SparkAhead-/SparkAhead-/src/rtl/axi4lite_arbiter_top.sv:427$22[1:0]$165
    48/106: $2$bitselwrite$pos$/mnt/c/Users/Chand/Documents/New$20folder/SparkAhead-/SparkAhead-/src/rtl/axi4lite_arbiter_top.sv:423$21[1:0]$164
    49/106: $2\s1_bready_mux[0:0]
    50/106: $2\s0_bready_mux[0:0]
    51/106: $4\w_wready_demux[3:0]
    52/106: $4$bitselwrite$pos$/mnt/c/Users/Chand/Documents/New$20folder/SparkAhead-/SparkAhead-/src/rtl/axi4lite_arbiter_top.sv:412$19[1:0]$155
    53/106: $4\s1_wvalid_mux[0:0]
    54/106: $3\w_wready_demux[3:0]
    55/106: $3$bitselwrite$pos$/mnt/c/Users/Chand/Documents/New$20folder/SparkAhead-/SparkAhead-/src/rtl/axi4lite_arbiter_top.sv:409$18[1:0]$146
    56/106: $3\s0_wvalid_mux[0:0]
    57/106: $3$bitselwrite$pos$/mnt/c/Users/Chand/Documents/New$20folder/SparkAhead-/SparkAhead-/src/rtl/axi4lite_arbiter_top.sv:412$19[1:0]$147
    58/106: $3\s1_wvalid_mux[0:0]
    59/106: $2\w_wready_demux[3:0]
    60/106: $2$bitselwrite$pos$/mnt/c/Users/Chand/Documents/New$20folder/SparkAhead-/SparkAhead-/src/rtl/axi4lite_arbiter_top.mux[0:0]
    68/106: $3\w_awready_demux[3:0]
    69/106: $3$bitselwrite$pos$/mnt/c/Users/Chand/Documents/New$20folder/SparkAhead-/SparkAhead-/src/rtl/axi4lite_arbiter_top.sv:395$15[1:0]$119
    70/106: $3\s0_awvalid_mux[0:0]
    71/106: $3$bitselwrite$pos$/mnt/c/Users/Chand/Documents/New$20folder/SparkAhead-/SparkAhead-/src/rtl/axi4lite_arbiter_top.sv:398$16[1:0]$120
    72/106: $3\s1_awvalid_mux[0:0]
    73/106: $2\w_awready_demux[3:0]
    74/106: $2$bitselwrite$pos$/mnt/c/Users/Chand/Documents/New$20folder/SparkAhead-/SparkAhead-/src/rtl/axi4lite_arbiter_top.sv:391$14[1:0]$10mux[0:0]
    68/106: $3\w_awready_demux[3:0]
    69/106: $3$bitselwrite$pos$/mnt/c/Users/Chand/Documents/New$20folder/SparkAhead-/SparkAhead-/src/rtl/axi4lite_arbiter_top.sv:395$15[1:0]$119
    70/106: $3\s0_awvalid_mux[0:0]
    71/106: $3$bitselwrite$pos$/mnt/c/Users/Chand/Documents/New$20folder/SparkAhead-/SparkAhead-/src/rtl/axi4lite_arbiter_top.sv:398$16[1:0]$120
    72/106: $3\s1_awvalid_mux[0:0]
    73/106: $2\w_awready_demux[3:0]
    74/106: $2$bitselwrite$pos$/mnt/c/Users/Chand/Documents/New$20folder/SparkAhead-/SparkAhead-/src/rtl/axi4lite_arbiter_top.sv:391$14[1:0]$109
    75/106: $2$bitselwrite$pos$/mnt/c/Users/Chand/Documents/New$20folder/SparkAhead-/SparkAhead-/src/rtl/axi4lite_arbiter_top.sv:398$16[1:0]$111
    76/106: $2$bitselwrite$pos$/mnt/c/Users/Chand/Documents/New$20folder/SparkAhead-/SparkAhead-/src/rtl/axi4lite_arbiter_top.sv:395$15[1:0]$110
    77/106: $2\s1_awvalid_mux[0:0]
    78/106: $2\s0_awvalid_mux[0:0]
    79/106: $1$mem2reg_wr$\w_bresp_demux$/mnt/c/Users/Chand/Documents/New$20folder/SparkAhead-/SparkAhead-/src/rtl/axi4lite_arbiter_top.sv:428$34_DATA[1:0]$108
    80/106: $1$mem2reg_wr$\w_bresp_demux$/mnt/c/Users/Chand/Documents/New$20folder/SparkAhead-/SparkAhead-/src/rtl/axi4lite_arbiter_top.sv:428$34_ADDR[1:0]$107
    81/106: $1$mem2reg_wr$\w_bresp_demux$/mnt/c/Users/Chand/Documents/New$20folder/SparkAhead-/SparkAhead-/src/rtl/axi4lite_arbiter_top.sv:424$33_DATA[1:0]$106
    82/106: $1$mem2reg_wr$\w_bresp_demux$/mnt/c/Users/Chand/Documents/New$20folder/SparkAhead-/SparkAhead-/src/rtl/axi4lite_arbiter_top.sv:424$33_ADDR[1:0]$105
    83/106: $1$mem2reg_wr$\w_bresp_demux$/mnt/c/Users/Chand/Documents/New$20folder/SparkAhead-/SparkAhead-/src/rtl/axi4lite_arbiter_top.sv:420$32_DATA[1:0]$104
    84/106: $1$mem2reg_wr$\w_bresp_demux$/mnt/c/Users/Chand/Documents/New$20folder/SparkAhead-/SparkAhead-/src/rtl/axi4lite_arbiter_top.sv:420$32_ADDR[1:0]$103
    85/106: $1\w_bresp_demux[3][1:0]
    86/106: $1\w_bresp_demux[2][1:0]
    87/106: $1\w_bresp_demux[1][1:0]
    88/106: $1\w_bresp_demux[0][1:0]
    89/106: $1$bitselwrite$pos$/mnt/c/Users/Chand/Documents/New$20folder/SparkAhead-/SparkAhead-/src/rtl/axi4lite_arbiter_top.sv:427$22[1:0]$102
    90/106: $1$bitselwrite$pos$/mnt/c/Users/Chand/Documents/New$20folder/SparkAhead-/SparkAhead-/src/rtl/axi4lite_arbiter_top.sv:423$21[1:0]$101
    91/106: $1$bitselwrite$pos$/mnt/c/Users/Chand/Documents/New$20folder/SparkAhead-/SparkAhead-/src/rtl/axi4lite_arbiter_top.sv:419$20[1:0]$100
    92/106: $1$bitselwrite$pos$/mnt/c/Users/Chand/Documents/New$20folder/SparkAhead-/SparkAhead-/src/rtl/axi4lite_arbiter_top.sv:412$19[1:0]$99
    93/106: $1$bitselwrite$pos$/mnt/c/Users/Chand/Documents/New$20folder/SparkAhead-/SparkAhead-/src/rtl/axi4lite_arbiter_top.sv:409$18[1:0]$98
    94/106: $1$bitselwrite$pos$/mnt/c/Users/Chand/Documents/New$20folder/SparkAhead-/SparkAhead-/src/rtl/axi4lite_arbiter_top.sv:405$17[1:0]$97
    95/106: $1$bitselwrite$pos$/mnt/c/Users/Chand/Documents/New$20folder/SparkAhead-/SparkAhead-/src/rtl/axi4lite_arbiter_top.sv:398$16[1:0]$96
    96/106: $1$bitselwrite$pos$/mnt/c/Users/Chand/Documents/New$20folder/SparkAhead-/SparkAhead-/src/rtl/axi4lite_arbiter_top.sv:395$15[1:0]$95
    97/106: $1$bitselwrite$pos$/mnt/c/Users/Chand/Documents/New$20folder/SparkAhead-/SparkAhead-/src/rtl/axi4lite_arbiter_top.sv:391$14[1:0]$94
    98/106: $1\s1_bready_mux[0:0]
    99/106: $1\s0_bready_mux[0:0]
   100/106: $1\s1_wvalid_mux[0:0]
   101/106: $1\s0_wvalid_mux[0:0]
   102/106: $1\s1_awval4lite_arbiter_top.sv:318$30_DATA[31:0]$73
     3/26: $3$mem2reg_rd$\m_awprot$/mnt/c/Users/Chand/Documents/New$20folder/SparkAhead-/SparkAhead-/src/rtl/axi4lite_arbiter_top.sv:319$31_DATA[2:0]$72
     4/26: $3$mem2reg_rd$\m_awprot$/mnt/c/Users/Chand/Documents/New$20folder/SparkAhead-/SparkAhead-/src/rtl/axi4lite_arbiter_top.sv:319$31_ADDR[1:0]$71
     5/26: $3$mem2reg_rd$\m_awaddr$/mnt/c/Users/Chand/Documents/New$20folder/SparkAhead-/SparkAhead-/src/rtl/axi4lite_arbiter_top.sv:318$30_DATA[31:0]$70
     6/26: $3$mem2reg_rd$\m_awaddr$/mnt/c/Users/Chand/Documents/New$20folder/Spark4lite_arbiter_top.sv:318$30_DATA[31:0]$73
     3/26: $3$mem2reg_rd$\m_awprot$/mnt/c/Users/Chand/Documents/New$20folder/SparkAhead-/SparkAhead-/src/rtl/axi4lite_arbiter_top.sv:319$31_DATA[2:0]$72
     4/26: $3$mem2reg_rd$\m_awprot$/mnt/c/Users/Chand/Documents/New$20folder/SparkAhead-/SparkAhead-/src/rtl/axi4lite_arbiter_top.sv:319$31_ADDR[1:0]$71
     5/26: $3$mem2reg_rd$\m_awaddr$/mnt/c/Users/Chand/Documents/New$20folder/SparkAhead-/SparkAhead-/src/rtl/axi4lite_arbiter_top.sv:318$30_DATA[31:0]$70
     6/26: $3$mem2reg_rd$\m_awaddr$/mnt/c/Users/Chand/Documents/New$20folder/SparkAhead-/SparkAhead-/src/rtl/axi4lite_arbiter_top.sv:318$30_ADDR[1:0]$69
     7/26: $3$mem2reg_rd$\m_awvalid$/mnt/c/Users/Chand/Documents/New$20folder/SparkAhead-/SparkAhead-/src/rtl/axi4lite_arbiter_top.sv:316$29_DATA[0:0]$67
     8/26: $2$mem2reg_rd$\m_awprot$/mnt/c/Users/Chand/Documents/New$20folder/SparkAhead-/SparkAhead-/src/rtl/axi4lite_arbiter_top.sv:319$31_DATA[2:0]$66
     9/26: $2$mem2reg_rd$\m_awprot$/mnt/c/Users/Chand/Documents/New$20folder/SparkAhead-/SparkAhead-/src/rtl/axi4lite_arbiter_top.sv:319$31_ADDR[1:0]$65
    10/26: $2$mem2reg_rd$\m_awaddr$/mnt/c/Users/Chand/Documents/New$20folder/SparkAhead-/SparkAhead-/src/rtl/axi4lite_arbiter_top.sv:318$30_DATA[31:0]$64
    11/26: $2$mem2reg_rd$\m_awaddr$/mnt/c/Users/Chand/Documents/New$20folder/SparkAhead-/SparkAhead-/src/rtl/axi4lite_arbiter_top.sv:318$30_ADDR[1:0]$63
    12/26: $2$mem2reg_rd$\m_awvalid$/mnt/c/Users/Chand/Documents/New$20folder/SparkAhead-/SparkAhead-/src/rtl/axi4lite_arbiter_top.sv:316$29_DATA[0:0]$62
    13/26: $2$mem2reg_rd$\m_awvalid$/mnt/c/Users/Chand/Documents/New$20folder/SparkAhead-/SparkAhead-/src/rtl/axi4lite_arbiter_top.sv:316$29_ADDR[1:0]$61
    14/26: $1$mem2reg_rd$\m_awprot$/mnt/c/Users/Chand/Documents/New$20folder/SparkAhead-/SparkAhead-/src/rtl/axi4lite_arbiter_top.sv:319$31_DATA[2:0]$60
    15/26: $1$mem2reg_rd$\m_awprot$/mnt/c/Users/Chand/Documents/New$20folder/SparkAhead-/SparkAhead-/src/rtl/axi4lite_arbiter_top.sv:319$31_ADDR[1:0]$59
    16/26: $1$mem2reg_rd$\m_awaddr$/mnt/c/Users/Chand/Documents/New$20folder/SparkAhead-/SparkAhead-/src/rtl/axi4lite_arbiter_top.sv:318$30_DATA[31:0]$58
    17/26: $1$mem2reg_rd$\m_awaddr$/mnt/c/Users/Chand/Documents/New$20folder/SparkAhead-/SparkAhead-/src/rtl/axi4lite_arbiter_top.sv:318$30_ADDR[1:0]$57
    18/26: $1$mem2reg_rd$\m_awvalid$/mnt/c/Users/Chand/Documents/New$20folder/SparkAhead-/SparkAhead-/src/rtl/axi4lite_arbiter_top.sv:316$29_DATA[0:0]$56
    19/26: $1$mem2reg_rd$\m_awvalid$/mnt/c/Users/Chand/Documents/New$20folder/SparkAhead-/SparkAhead-/src/rtl/axi4lite_arbiter_top.sv:316$29_ADDR[1:0]$55
    20/26: $0\write_arb_tx_done[0:0]
    21/26: $0\w_latched_prot[2:0]
    22/26: $0\w_latched_addr[31:0]
    23/26: $0\w_target_invalid[0:0]
    24/26: $0\w_target_slave_sel[1:0]
    25/26: $0\w_owner_m_id[1:0]
    26/26: $0\w_state[1:0]
Creating decoders for process `\axi4lite_arbiter_top.$proc$/mnt/c/Users/Chand/Documents/New$20folder/SparkAhead-/SparkAhead-/src/rtl/axi4lite_arbiter_top.sv:0$46'.
     1/4: $1\w_owner_bready[0:0]
     2/4: $1\w_owner_wvalid[0:0]
     3/4: $1\w_owner_wstrb[3:0]
     4/4: $1\w_owner_wdata[31:0]
Creating decoders for process `\axi4lite_arbiter_top.$proc$/mnt/c/Users/Chand/Documents/New$20folder/SparkAhead-/SparkAhead-/src/rtl/axi4lite_arbiter_top.sv:0$45'.
     1/6: $2\w_target_bvalid[0:0]
     2/6: $2\w_target_wready[0:0]
     3/6: $2\w_target_awready[0:0]
     4/6: $1\w_target_bvalid[0:0]
     5/6: $1\w_target_wready[0:0]
     6/6: $1\w_target_awready[0:0]
Creating decoders for process `\axi4lite_arbiter_top.$proc$/mnt/c/Users/Chand/Documents/New$20folder/SparkAhNo latch inferred for signal `$paramod$508cca98229eff1b70362476b43647777eac3ce1\qos_arbiter.\grant' from process `$paramod$508cca98229eff1b70362476b43647777eac3ce1\qos_arbiter.$proc$/mnt/c/Users/Chand/Documents/New$20folder/SparkAhead-/SparkAhead-/src/rtl/qos_arbiter.sv:0$488'.
No latch inferred for signal `$paramod$508cca98229eff1b70362476b43647777eac3ce1\qos_arbiter.\master_id' from process `$paramod$508cca98229eff1b70362476b43647777eac3ce1\qos_arbiter.$proc$/mnt/c/Users/Chand/Documents/New$20folder/SparkAhead-/SparkAhead-/src/rtl/qos_arbiter.sv:0$488'.
No latch inferred for No latch inferred for signal `$paramod$508cca98229eff1b70362476b43647777eac3ce1\qos_arbiter.\grant' from process `$paramod$508cca98229eff1b70362476b43647777eac3ce1\qos_arbiter.$proc$/mnt/c/Users/Chand/Documents/New$20folder/SparkAhead-/SparkAhead-/src/rtl/qos_arbiter.sv:0$488'.
No latch inferred for signal `$paramod$508cca98229eff1b70362476b43647777eac3ce1\qos_arbiter.\master_id' from process `$paramod$508cca98229eff1b70362476b43647777eac3ce1\qos_arbiter.$proc$/mnt/c/Users/Chand/Documents/New$20folder/SparkAhead-/SparkAhead-/src/rtl/qos_arbiter.sv:0$488'.
No latch inferred for signal `$paramod$508cca98229eff1b70362476b43647777eac3ce1\qos_arbiter.\grant_valid' from process `$paramod$508cca98229eff1b70362476b43647777eac3ce1\qos_arbiter.$proc$/mnt/c/Users/Chand/Documents/New$20folder/SparkAhead-/SparkAhead-/src/rtl/qos_arbiter.sv:0$488'.
No latch inferred for signal `$paramod$508cca98229eff1b70362476b43647777eac3ce1\qos_arbiter.$bitselwrite$pos$/mnt/c/Users/Chand/Documents/New$20folder/SparkAhead-/SparkAhead-/src/rtl/qos_arbiter.sv:249$435' from process `$paramod$508cca98229eff1b70362476b43647777eac3ce1\qos_arbiter.$proc$/mnt/c/Users/Chand/Documents/New$20folder/SparkAhead-/SparkAhead-/src/rtl/qos_arbiter.sv:0$488'.
No latch inferred for signal `$paramod$508cca98229eff1b70362476b43647777eac3ce1\qos_arbiter.$bitselwrite$pos$/mnt/c/Users/Chand/Documents/New$20folder/SparkAhead-/SparkAhead-/src/rtl/qos_arbiter.sv:253$436' from process `$paramod$508cca98229eff1b70362476b43647777eac3ce1\qos_arbiter.$proc$/mnt/c/Users/Chand/Documents/New$20folder/SparkAhead-/SparkAhead-/src/rtl/qos_arbiter.sv:0$488'.
No latch inferred for signal `$paramod$508cca98229eff1b70362476b43647777eac3ce1\qos_arbiter.\next_cand' from process `$paramod$508cca98229eff1b70362476b43647777eac3ce1\qos_arbiter.$proc$/mnt/c/Users/Chand/Documents/New$20folder/SparkAhead-/SparkAhead-/src/rtl/qos_arbiter.sv:0$448'.
No latch inferred for signal `$paramod$508cca98229eff1b70362476b43647777eac3ce1\qos_arbiter.\cand_valid' from process `$paramod$508cca98229eff1b70362476b43647777eac3ce1\qos_arbiter.$proc$/mnt/c/Users/Chand/Documents/New$20folder/SparkAhead-/SparkAhead-/src/rtl/qos_arbiter.sv:0$448'.
No latch inferred for signal `$paramod$508cca98229eff1b70362476b43647777eac3ce1\qos_arbiter.\eff_q1' from process `$paramod$508cca98229eff1b70362476b43647777eac3ce1\qos_arbiter.$proc$/mnt/c/Users/Chand/Documents/New$20folder/SparkAhead-/SparkAhead-/src/rtl/qos_arbiter.sv:0$439'.
No latch inferred for signal `$paramod$508cca98229eff1b70362476b43647777eac3ce1\qos_arbiter.\eff_q2' from process `$paramod$508cca98229eff1b70362476b43647777eac3ce1\qos_arbiter.$proc$/mnt/c/Users/Chand/Documents/New$20folder/SparkAhead-/SparkAhead-/src/rtl/qos_arbiter.sv:0$439'.
No latch inferred for signal `$paramod$508cca98229eff1b70362476b43647777eac3ce1\qos_arbiter.\eff_q3' from process `$paramod$508cca98229eff1b70362476b43647777eac3ce1\qos_arbiter.$proc$/mnt/c/Users/Chand/Documents/New$20folder/SparkAhead-/SparkAhead-/src/rtl/qos_arbiter.sv:0$439'.
No latch inferred for signal `$paramod$508cca98229eff1b70362476b43647777eac3ce1\qos_arbiter.\eff_rr_ptr' from process `$paramod$508cca98229eff1b70362476b43647777eac3ce1\qos_arbiter.$proc$/mnt/c/Users/Chand/Documents/New$20folder/SparkAhead-/SparkAhead-/src/rtl/qos_arbiter.sv:0$439'.
No latch inferred for signal `$paramod$508cca98229eff1b70362476b43647777eac3ce1\qos_arbiter.\eff_starvation' from process `$paramod$508cca98229eff1b70362476b43647777eac3ce1\qos_arbiter.$proc$/mnt/c/User process `\axi4lite_arbiter_top.$proc$/mnt/c/Users/Chand/Documents/New$20folder/SparkAhead-/SparkAhead-/src/rtl/axi4lite_arbiter_top.sv:0$350'.
No latch inferred for signal `\axi4lite_arbiter_top.\m_awaddr[3]' from process `\axi4lite_arbiter_top.$proc$/mnt/c/Users/Chand/Documents/New$20folder/SparkAhead-/SparkAhead-/src/rtl/axi4lite_arbiter_top.sv:0$350'.
No latch inferred for signal `\axi4lite_arbiter_top.\m_awprot[0]' from process `\axi4lite_arbiter_top.$proc$/mnt/c/Users/Chand/Documents/New$20folder/SparkAhead-/SparkAhead-/src/rtl/axi4lite_arbiter_top.sv:0$350'.
No latch inf process `\axi4lite_arbiter_top.$proc$/mnt/c/Users/Chand/Documents/New$20folder/SparkAhead-/SparkAhead-/src/rtl/axi4lite_arbiter_top.sv:0$350'.
No latch inferred for signal `\axi4lite_arbiter_top.\m_awaddr[3]' from process `\axi4lite_arbiter_top.$proc$/mnt/c/Users/Chand/Documents/New$20folder/SparkAhead-/SparkAhead-/src/rtl/axi4lite_arbiter_top.sv:0$350'.
No latch inferred for signal `\axi4lite_arbiter_top.\m_awprot[0]' from process `\axi4lite_arbiter_top.$proc$/mnt/c/Users/Chand/Documents/New$20folder/SparkAhead-/SparkAhead-/src/rtl/axi4lite_arbiter_top.sv:0$350'.
No latch inferred for signal `\axi4lite_arbiter_top.\m_awprot[1]' from process `\axi4lite_arbiter_top.$proc$/mnt/c/Users/Chand/Documents/New$20folder/SparkAhead-/SparkAhead-/src/rtl/axi4lite_arbiter_top.sv:0$350'.
No latch inferred for signal `\axi4lite_arbiter_top.\m_awprot[2]' from process `\axi4lite_arbiter_top.$proc$/mnt/c/Users/Chand/Documents/New$20folder/SparkAhead-/SparkAhead-/src/rtl/axi4lite_arbiter_top.sv:0$350'.
No latch inferred for signal `\axi4lite_arbiter_top.\m_awprot[3]' from process `\axi4lite_arbiter_top.$proc$/mnt/c/Users/Chand/Documents/New$20folder/SparkAhead-/SparkAhead-/src/rtl/axi4lite_arbiter_top.sv:0$350'.
No latch inferred for signal `\axi4lite_arbiter_top.\m_awvalid[0]' from process `\axi4lite_arbiter_top.$proc$/mnt/c/Users/Chand/Documents/New$20folder/SparkAhead-/SparkAhead-/src/rtl/axi4lite_arbiter_top.sv:0$350'.
No latch inferred for signal `\axi4lite_arbiter_top.\m_awvalid[1]' from process `\axi4lite_arbiter_top.$proc$/mnt/c/Users/Chand/Documents/New$20folder/SparkAhead-/SparkAhead-/src/rtl/axi4lite_arbiter_top.sv:0$350'.
No latch inferred for signal `\axi4lite_arbiter_top.\m_awvalid[2]' from process `\axi4lite_arbiter_top.$proc$/mnt/c/Users/Chand/Documents/New$20folder/SparkAhead-/SparkAhead-/src/rtl/axi4lite_arbiter_top.sv:0$350'.
No latch inferred for signal `\axi4lite_arbiter_top.\m_awvalid[3]' from process `\axi4lite_arbiter_top.$proc$/mnt/c/Users/Chand/Documents/New$20folder/SparkAhead-/SparkAhead-/src/rtl/axi4lite_arbiter_top.sv:0$350'.
No latch inferred for signal `\axi4lite_arbiter_top.\m_wdata[0]' from process `\axi4lite_arbiter_top.$proc$/mnt/c/Users/Chand/Documents/New$20folder/SparkAhead-/SparkAhead-/src/rtl/axi4lite_arbiter_top.sv:0$350'.
No latch inferred for signal `\axi4lite_arbiter_top.\m_wdata[1]' from process `\axi4lite_arbiter_top.$proc$/mnt/c/Users/Chand/Documents/New$20folder/SparkAhead-/SparkAhead-/src/rtl/axi4lite_arbiter_top.sv:0$350'.
No latch inferred for signal `\axi4lite_arbiter_top.\m_wdata[2]' from process `\axi4lite_arbiter_top.$proc$/mnt/c/Users/Chand/Documents/New$20folder/SparkAhead-/SparkAhead-/src/rtl/axi4lite_arbiter_top.sv:0$350'.
No latch inferred for signal `\axi4lite_arbiter_top.\m_wdata[3]' from process `\axi4lite_arbiter_top.$proc$/mnt/c/Users/Chand/Documents/New$20folder/SparkAhead-/SparkAhead-/src/rtl/axi4lite_arbiter_top.sv:0$350'.
No latch inferred for signal `\axi4lite_arbiter_top.\m_wstrb[0]' from process `\axi4lite_arbiter_top.$proc$/mnt/c/Users/Chand/Documents/New$20folder/SparkAhead-/SparkAhead-/src/rtl/axi4lite_arbiter_top.sv:0$350'.
No latch inferred for signal `\axi4lite_arbiter_top.\m_wstrb[1]' from process `\axi4lite_arbiter_top.$proc$/mnt/c/Users/Chand/Documents/New$20folder/SparkAhead-/SparkAhead-/src/rtl/axi4lite_arbiter_top.sv:0$350'.
No latch inferred for signal `\axi4lite_arbiter_top.\m_wstrb[2]' from process `\axi4lite_arbiter_top.$proc$/mnt/c/Users/Chand/Documents/New$20folder/SparkAhead-roc$/mnt/c/Users/Chand/Documents/New$20folder/SparkAhead-/SparkAhead-/src/rtl/axi4lite_arbiter_top.sv:0$350'.
No latch inferred for signal `\axi4lite_arbiter_top.\m_wvalid[2]' from process `\axi4lite_arbiter_top.$proc$/mnt/c/Users/Chand/Documents/New$20folder/SparkAhead-/SparkAhead-/src/rtl/axi4lite_arbiter_top.sv:0$350'.
No latch inferred for signal `\axi4lite_arbiter_top.\m_wvalid[3]' from process `\axi4lite_arbiter_top.$proc$/mnt/c/Users/Chand/Documents/New$20folder/SparkAhead-/SparkAhead-/src/rtl/axi4lite_arbiter_top.sv:0$350'.
No latch inferred for signal `\axi4lite_arbiteroc$/mnt/c/Users/Chand/Documents/New$20folder/SparkAhead-/SparkAhead-/src/rtl/axi4lite_arbiter_top.sv:0$350'.
No latch inferred for signal `\axi4lite_arbiter_top.\m_wvalid[2]' from process `\axi4lite_arbiter_top.$proc$/mnt/c/Users/Chand/Documents/New$20folder/SparkAhead-/SparkAhead-/src/rtl/axi4lite_arbiter_top.sv:0$350'.
No latch inferred for signal `\axi4lite_arbiter_top.\m_wvalid[3]' from process `\axi4lite_arbiter_top.$proc$/mnt/c/Users/Chand/Documents/New$20folder/SparkAhead-/SparkAhead-/src/rtl/axi4lite_arbiter_top.sv:0$350'.
No latch inferred for signal `\axi4lite_arbiter_top.\m_bready[0]' from process `\axi4lite_arbiter_top.$proc$/mnt/c/Users/Chand/Documents/New$20folder/SparkAhead-/SparkAhead-/src/rtl/axi4lite_arbiter_top.sv:0$350'.
No latch inferred for signal `\axi4lite_arbiter_top.\m_bready[1]' from process `\axi4lite_arbiter_top.$proc$/mnt/c/Users/Chand/Documents/New$20folder/SparkAhead-/SparkAhead-/src/rtl/axi4lite_arbiter_top.sv:0$350'.
No latch inferred for signal `\axi4lite_arbiter_top.\m_bready[2]' from process `\axi4lite_arbiter_top.$proc$/mnt/c/Users/Chand/Documents/New$20folder/SparkAhead-/SparkAhead-/src/rtl/axi4lite_arbiter_top.sv:0$350'.
No latch inferred for signal `\axi4lite_arbiter_top.\m_bready[3]' from process `\axi4lite_arbiter_top.$proc$/mnt/c/Users/Chand/Documents/New$20folder/SparkAhead-/SparkAhead-/src/rtl/axi4lite_arbiter_top.sv:0$350'.
No latch inferred for signal `\axi4lite_arbiter_top.\m_araddr[0]' from process `\axi4lite_arbiter_top.$proc$/mnt/c/Users/Chand/Documents/New$20folder/SparkAhead-/SparkAhead-/src/rtl/axi4lite_arbiter_top.sv:0$350'.
No latch inferred for signal `\axi4lite_arbiter_top.\m_araddr[1]' from process `\axi4lite_arbiter_top.$proc$/mnt/c/Users/Chand/Documents/New$20folder/SparkAhead-/SparkAhead-/src/rtl/axi4lite_arbiter_top.sv:0$350'.
No latch inferred for signal `\axi4lite_arbiter_top.\m_araddr[2]' from process `\axi4lite_arbiter_top.$proc$/mnt/c/Users/Chand/Documents/New$20folder/SparkAhead-/SparkAhead-/src/rtl/axi4lite_arbiter_top.sv:0$350'.
No latch inferred for signal `\axi4lite_arbiter_top.\m_araddr[3]' from process `\axi4lite_arbiter_top.$proc$/mnt/c/Users/Chand/Documents/New$20folder/SparkAhead-/SparkAhead-/src/rtl/axi4lite_arbiter_top.sv:0$350'.
No latch inferred for signal `\axi4lite_arbiter_top.\m_arprot[0]' from process `\axi4lite_arbiter_top.$proc$/mnt/c/Users/Chand/Documents/New$20folder/SparkAhead-/SparkAhead-/src/rtl/axi4lite_arbiter_top.sv:0$350'.
No latch inferred for signal `\axi4lite_arbiter_top.\m_arprot[1]' from process `\axi4lite_arbiter_top.$proc$/mnt/c/Users/Chand/Documents/New$20folder/SparkAhead-/SparkAhead-/src/rtl/axi4lite_arbiter_top.sv:0$350'.
No latch inferred for signal `\axi4lite_arbiter_top.\m_arprot[2]' from process `\axi4lite_arbiter_top.$proc$/mnt/c/Users/Chand/Documents/New$20folder/SparkAhead-/SparkAhead-/src/rtl/axi4lite_arbiter_top.sv:0$350'.
No latch inferred for signal `\axi4lite_arbiter_top.\m_arprot[3]' from process `\axi4lite_arbiter_top.$proc$/mnt/c/Users/Chand/Documents/New$20folder/SparkAhead-/SparkAhead-/src/rtl/axi4lite_arbiter_top.sv:0$350'.
No latch inferred for signal `\axi4lite_arbiter_top.\m_arvalid[0]' from process `\axi4lite_arbiter_top.$proc$/mnt/c/Users/Chand/Documents/New$20folder/SparkAhead-/SparkAhead-/src/rtl/axi4lite_arbiter_top.sv:0$350'.
No latch inferred for signal `\axi4lite_arbiter_top.\m_arvalid[1]' from process `\axi4lite_arbiter_top.$proc$/mnt/c/Users/Chand/Documents/New$20folder/SparkAhead-/SparkAhead-/src/rtl/axi4liteuments/New$20folder/SparkAhead-/SparkAhead-/src/rtl/axi4lite_arbiter_top.sv:0$350'.
No latch inferred for signal `\axi4lite_arbiter_top.\m_rready[1]' from process `\axi4lite_arbiter_top.$proc$/mnt/c/Users/Chand/Documents/New$20folder/SparkAhead-/SparkAhead-/src/rtl/axi4lite_arbiter_top.sv:0$350'.
No latch inferred for signal `\axi4lite_arbiter_top.\m_rready[2]' from process `\axi4lite_arbiter_top.$proc$/mnt/c/Users/Chand/Documents/New$20folder/SparkAhead-/SparkAhead-/src/rtl/axi4lite_arbiter_top.sv:0$350'.
No latch inferred for signal `\axi4lite_arbiter_top.\m_rready[3]' from puments/New$20folder/SparkAhead-/SparkAhead-/src/rtl/axi4lite_arbiter_top.sv:0$350'.
No latch inferred for signal `\axi4lite_arbiter_top.\m_rready[1]' from process `\axi4lite_arbiter_top.$proc$/mnt/c/Users/Chand/Documents/New$20folder/SparkAhead-/SparkAhead-/src/rtl/axi4lite_arbiter_top.sv:0$350'.
No latch inferred for signal `\axi4lite_arbiter_top.\m_rready[2]' from process `\axi4lite_arbiter_top.$proc$/mnt/c/Users/Chand/Documents/New$20folder/SparkAhead-/SparkAhead-/src/rtl/axi4lite_arbiter_top.sv:0$350'.
No latch inferred for signal `\axi4lite_arbiter_top.\m_rready[3]' from process `\axi4lite_arbiter_top.$proc$/mnt/c/Users/Chand/Documents/New$20folder/SparkAhead-/SparkAhead-/src/rtl/axi4lite_arbiter_top.sv:0$350'.
No latch inferred for signal `\axi4lite_arbiter_top.\r_arready_demux' from process `\axi4lite_arbiter_top.$proc$/mnt/c/Users/Chand/Documents/New$20folder/SparkAhead-/SparkAhead-/src/rtl/axi4lite_arbiter_top.sv:0$234'.
No latch inferred for signal `\axi4lite_arbiter_top.\r_rvalid_demux' from process `\axi4lite_arbiter_top.$proc$/mnt/c/Users/Chand/Documents/New$20folder/SparkAhead-/SparkAhead-/src/rtl/axi4lite_arbiter_top.sv:0$234'.
No latch inferred for signal `\axi4lite_arbiter_top.\s0_arvalid_mux' from process `\axi4lite_arbiter_top.$proc$/mnt/c/Users/Chand/Documents/New$20folder/SparkAhead-/SparkAhead-/src/rtl/axi4lite_arbiter_top.sv:0$234'.
No latch inferred for signal `\axi4lite_arbiter_top.\s1_arvalid_mux' from process `\axi4lite_arbiter_top.$proc$/mnt/c/Users/Chand/Documents/New$20folder/SparkAhead-/SparkAhead-/src/rtl/axi4lite_arbiter_top.sv:0$234'.
No latch inferred for signal `\axi4lite_arbiter_top.\s0_rready_mux' from process `\axi4lite_arbiter_top.$proc$/mnt/c/Users/Chand/Documents/New$20folder/SparkAhead-/SparkAhead-/src/rtl/axi4lite_arbiter_top.sv:0$234'.
No latch inferred for signal `\axi4lite_arbiter_top.\s1_rready_mux' from process `\axi4lite_arbiter_top.$proc$/mnt/c/Users/Chand/Documents/New$20folder/SparkAhead-/SparkAhead-/src/rtl/axi4lite_arbiter_top.sv:0$234'.
No latch inferred for signal `\axi4lite_arbiter_top.$fordecl_block$12.i' from process `\axi4lite_arbiter_top.$proc$/mnt/c/Users/Chand/Documents/New$20folder/SparkAhead-/SparkAhead-/src/rtl/axi4lite_arbiter_top.sv:0$234'.
No latch inferred for signal `\axi4lite_arbiter_top.$bitselwrite$pos$/mnt/c/Users/Chand/Documents/New$20folder/SparkAhead-/SparkAhead-/src/rtl/axi4lite_arbiter_top.sv:656$23' from process `\axi4lite_arbiter_top.$proc$/mnt/c/Users/Chand/Documents/New$20folder/SparkAhead-/SparkAhead-/src/rtl/axi4lite_arbiter_top.sv:0$234'.
No latch inferred for signal `\axi4lite_arbiter_top.$bitselwrite$pos$/mnt/c/Users/Chand/Documents/New$20folder/SparkAhead-/SparkAhead-/src/rtl/axi4lite_arbiter_top.sv:660$24' from process `\axi4lite_arbiter_top.$proc$/mnt/c/Users/Chand/Documents/New$20folder/SparkAhead-/SparkAhead-/src/rtl/axi4lite_arbiter_top.sv:0$234'.
No latch inferred for signal `\axi4lite_arbiter_top.$bitselwrite$pos$/mnt/c/Users/Chand/Documents/New$20folder/SparkAhead-/SparkAhead-/src/rtl/axi4lite_arbiter_top.sv:663$25' from process `\axi4lite_arbiter_top.$proc$/mnt/c/Users/Chand/Documents/New$20folder/SparkAhead-/SparkAhead-/src/rtl/axi4lite_arbiter_top.sv:0$234'.
No latch inferred for signal `\axi4lite_arbiter_top.$bitselwrite$pos$/mnt/c/Users/Chand/Documents/New$20folder/SparkAhead-/SparkAhead-/src/rtl/axi4lite_arbiter_top.sv:670$26' from process `\axi4lite_arbiter_top.$proc$/mnt/c/Users/Chand/Documents/New$20folder/SparkAhead-/SparkAhead-/src/rtl/axi4nd/Documents/New$20folder/SparkAhead-/SparkAhead-/src/rtl/axi4lite_arbiter_top.sv:0$234'.
No latch inferred for signal `\axi4lite_arbiter_top.\r_rdata_demux[0]' from process `\axi4lite_arbiter_top.$proc$/mnt/c/Users/Chand/Documents/New$20folder/SparkAhead-/SparkAhead-/src/rtl/axi4lite_arbiter_top.sv:0$234'.
No latch inferred for signal `\axi4lite_arbiter_top.\r_rdata_demux[1]' from process `\axi4lite_arbiter_top.$proc$/mnt/c/Users/Chand/Documents/New$20folder/SparkAhead-/SparkAhead-/src/rtl/axi4lite_arbiter_top.sv:0$234'.
No latch inferred for signal `\axi4lite_arbiter_top.\r_rnd/Documents/New$20folder/SparkAhead-/SparkAhead-/src/rtl/axi4lite_arbiter_top.sv:0$234'.
No latch inferred for signal `\axi4lite_arbiter_top.\r_rdata_demux[0]' from process `\axi4lite_arbiter_top.$proc$/mnt/c/Users/Chand/Documents/New$20folder/SparkAhead-/SparkAhead-/src/rtl/axi4lite_arbiter_top.sv:0$234'.
No latch inferred for signal `\axi4lite_arbiter_top.\r_rdata_demux[1]' from process `\axi4lite_arbiter_top.$proc$/mnt/c/Users/Chand/Documents/New$20folder/SparkAhead-/SparkAhead-/src/rtl/axi4lite_arbiter_top.sv:0$234'.
No latch inferred for signal `\axi4lite_arbiter_top.\r_rdata_demux[2]' from process `\axi4lite_arbiter_top.$proc$/mnt/c/Users/Chand/Documents/New$20folder/SparkAhead-/SparkAhead-/src/rtl/axi4lite_arbiter_top.sv:0$234'.
No latch inferred for signal `\axi4lite_arbiter_top.\r_rdata_demux[3]' from process `\axi4lite_arbiter_top.$proc$/mnt/c/Users/Chand/Documents/New$20folder/SparkAhead-/SparkAhead-/src/rtl/axi4lite_arbiter_top.sv:0$234'.
No latch inferred for signal `\axi4lite_arbiter_top.\r_rresp_demux[0]' from process `\axi4lite_arbiter_top.$proc$/mnt/c/Users/Chand/Documents/New$20folder/SparkAhead-/SparkAhead-/src/rtl/axi4lite_arbiter_top.sv:0$234'.
No latch inferred for signal `\axi4lite_arbiter_top.\r_rresp_demux[1]' from process `\axi4lite_arbiter_top.$proc$/mnt/c/Users/Chand/Documents/New$20folder/SparkAhead-/SparkAhead-/src/rtl/axi4lite_arbiter_top.sv:0$234'.
No latch inferred for signal `\axi4lite_arbiter_top.\r_rresp_demux[2]' from process `\axi4lite_arbiter_top.$proc$/mnt/c/Users/Chand/Documents/New$20folder/SparkAhead-/SparkAhead-/src/rtl/axi4lite_arbiter_top.sv:0$234'.
No latch inferred for signal `\axi4lite_arbiter_top.\r_rresp_demux[3]' from process `\axi4lite_arbiter_top.$proc$/mnt/c/Users/Chand/Documents/New$20folder/SparkAhead-/SparkAhead-/src/rtl/axi4lite_arbiter_top.sv:0$234'.
No latch inferred for signal `\axi4lite_arbiter_top.$mem2reg_wr$\r_rdata_demux$/mnt/c/Users/Chand/Documents/New$20folder/SparkAhead-/SparkAhead-/src/rtl/axi4lite_arbiter_top.sv:671$38_ADDR' from process `\axi4lite_arbiter_top.$proc$/mnt/c/Users/Chand/Documents/New$20folder/SparkAhead-/SparkAhead-/src/rtl/axi4lite_arbiter_top.sv:0$234'.
No latch inferred for signal `\axi4lite_arbiter_top.$mem2reg_wr$\r_rdata_demux$/mnt/c/Users/Chand/Documents/New$20folder/SparkAhead-/SparkAhead-/src/rtl/axi4lite_arbiter_top.sv:671$38_DATA' from process `\axi4lite_arbiter_top.$proc$/mnt/c/Users/Chand/Documents/New$20folder/SparkAhead-/SparkAhead-/src/rtl/axi4lite_arbiter_top.sv:0$234'.
No latch inferred for signal `\axi4lite_arbiter_top.$mem2reg_wr$\r_rresp_demux$/mnt/c/Users/Chand/Documents/New$20folder/SparkAhead-/SparkAhead-/src/rtl/axi4lite_arbiter_top.sv:672$39_ADDR' from process `\axi4lite_arbiter_top.$proc$/mnt/c/Users/Chand/Documents/New$20folder/SparkAhead-/SparkAhead-/src/rtl/axi4lite_arbiter_top.sv:0$234'.
No latch inferred for signal `\axi4lite_arbiter_top.$mem2reg_wr$\r_rresp_demux$/mnt/c/Users/Chand/Documents/New$20folder/SparkAhead-/SparkAhead-/src/rtl/axi4lite_arbiter_top.sv:672$39_DATA' from process `\axi4lite_arbiter_top.$proc$/mnt/c/Users/Chand/Documents/New$20folder/SparkAhead-/SparkAhead-/src/rtl/axi4lite_arbiter_top.sv:0$234'.
No latch inferred for signal `\axi4lite_arbiter_top.$mem2reg_wr$\r_rdata_demux$/mnt/c/Users/Chand/Documents/New$20folder/SparkAhead-/SparkAhead-/src/rtl/axi4lite_arbiter_top.sv:676$40_ADDR' from process `\axi4lite_arbiter_top.$proc$/mnt/c/Users/Chand/Documents/New$20folder/SparkAhead-/SparkAhead-/src/rtl/axi4lite_arb$proc$/mnt/c/Users/Chand/Documents/New$20folder/SparkAhead-/SparkAhead-/src/rtl/axi4lite_arbiter_top.sv:0$234'.
No latch inferred for signal `\axi4lite_arbiter_top.$mem2reg_wr$\r_rresp_demux$/mnt/c/Users/Chand/Documents/New$20folder/SparkAhead-/SparkAhead-/src/rtl/axi4lite_arbiter_top.sv:677$41_DATA' from process `\axi4lite_arbiter_top.$proc$/mnt/c/Users/Chand/Documents/New$20folder/SparkAhead-/SparkAhead-/src/rtl/axi4lite_arbiter_top.sv:0$234'.
No latch inferred for signal `\axi4lite_arbiter_top.$mem2reg_wr$\r_rdata_demux$/mnt/c/Users/Chand/Documents/New$20folder/SparkAhead-/S$proc$/mnt/c/Users/Chand/Documents/New$20folder/SparkAhead-/SparkAhead-/src/rtl/axi4lite_arbiter_top.sv:0$234'.
No latch inferred for signal `\axi4lite_arbiter_top.$mem2reg_wr$\r_rresp_demux$/mnt/c/Users/Chand/Documents/New$20folder/SparkAhead-/SparkAhead-/src/rtl/axi4lite_arbiter_top.sv:677$41_DATA' from process `\axi4lite_arbiter_top.$proc$/mnt/c/Users/Chand/Documents/New$20folder/SparkAhead-/SparkAhead-/src/rtl/axi4lite_arbiter_top.sv:0$234'.
No latch inferred for signal `\axi4lite_arbiter_top.$mem2reg_wr$\r_rdata_demux$/mnt/c/Users/Chand/Documents/New$20folder/SparkAhead-/SparkAhead-/src/rtl/axi4lite_arbiter_top.sv:681$42_ADDR' from process `\axi4lite_arbiter_top.$proc$/mnt/c/Users/Chand/Documents/New$20folder/SparkAhead-/SparkAhead-/src/rtl/axi4lite_arbiter_top.sv:0$234'.
No latch inferred for signal `\axi4lite_arbiter_top.$mem2reg_wr$\r_rdata_demux$/mnt/c/Users/Chand/Documents/New$20folder/SparkAhead-/SparkAhead-/src/rtl/axi4lite_arbiter_top.sv:681$42_DATA' from process `\axi4lite_arbiter_top.$proc$/mnt/c/Users/Chand/Documents/New$20folder/SparkAhead-/SparkAhead-/src/rtl/axi4lite_arbiter_top.sv:0$234'.
No latch inferred for signal `\axi4lite_arbiter_top.$mem2reg_wr$\r_rresp_demux$/mnt/c/Users/Chand/Documents/New$20folder/SparkAhead-/SparkAhead-/src/rtl/axi4lite_arbiter_top.sv:682$43_ADDR' from process `\axi4lite_arbiter_top.$proc$/mnt/c/Users/Chand/Documents/New$20folder/SparkAhead-/SparkAhead-/src/rtl/axi4lite_arbiter_top.sv:0$234'.
No latch inferred for signal `\axi4lite_arbiter_top.$mem2reg_wr$\r_rresp_demux$/mnt/c/Users/Chand/Documents/New$20folder/SparkAhead-/SparkAhead-/src/rtl/axi4lite_arbiter_top.sv:682$43_DATA' from process `\axi4lite_arbiter_top.$proc$/mnt/c/Users/Chand/Documents/New$20folder/SparkAhead-/SparkAhead-/src/rtl/axi4lite_arbiter_top.sv:0$234'.
No latch inferred for signal `\axi4lite_arbiter_top.\r_owner_rready' from process `\axi4lite_arbiter_top.$proc$/mnt/c/Users/Chand/Documents/New$20folder/SparkAhead-/SparkAhead-/src/rtl/axi4lite_arbiter_top.sv:0$204'.
No latch inferred for signal `\axi4lite_arbiter_top.\r_target_arready' from process `\axi4lite_arbiter_top.$proc$/mnt/c/Users/Chand/Documents/New$20folder/SparkAhead-/SparkAhead-/src/rtl/axi4lite_arbiter_top.sv:0$203'.
No latch inferred for signal `\axi4lite_arbiter_top.\r_target_rvalid' from process `\axi4lite_arbiter_top.$proc$/mnt/c/Users/Chand/Documents/New$20folder/SparkAhead-/SparkAhead-/src/rtl/axi4lite_arbiter_top.sv:0$203'.
No latch inferred for signal `\axi4lite_arbiter_top.\r_eval_addr' from process `\axi4lite_arbiter_top.$proc$/mnt/c/Users/Chand/Documents/New$20folder/SparkAhead-/SparkAhead-/src/rtl/axi4lite_arbiter_top.sv:0$202'.
No latch inferred for signal `\axi4lite_arbiter_top.\w_awready_demux' from process `\axi4lite_arbiter_top.$proc$/mnt/c/Users/Chand/Documents/New$20folder/SparkAhead-/SparkAhead-/src/rtl/axi4lite_arbiter_top.sv:0$77'.
No latch inferred for signal `\axi4lite_arbiter_top.\w_wready_demux' from process `\axi4lite_arbiter_top.$proc$/mnt/c/Users/Chand/Documents/New$20folder/SparkAhead-/SparkAhead-/src/rtl/axi4lite_arbiter_top.sv:0$77'.
No latch inferred for signal `\axi4lite_arbiter_top.\w_bvalid_demux' from process `\axi4lite_arbiter_top.$proc$/mnt/c/Users/Chand/Documents/New$20folder/SparkAhead-/SparkAhead-/src/rtl/axi4lite_arbiter_top.sv:0$77'.
No latch inferred for signal `\axi4lite_arbiter_top.\s0_awvalid_mux' from process `\axi4lite_arbiter_top.$proc$/mnt/c/Users/Chand/Documents/New$20folder/SparkAhead-/SparkAhead-/src/rtl/axi4liteocuments/New$20folder/SparkAhead-/SparkAhead-/src/rtl/axi4lite_arbiter_top.sv:0$77'.
No latch inferred for signal `\axi4lite_arbiter_top.\s0_bready_mux' from process `\axi4lite_arbiter_top.$proc$/mnt/c/Users/Chand/Documents/New$20folder/SparkAhead-/SparkAhead-/src/rtl/axi4lite_arbiter_top.sv:0$77'.
No latch inferred for signal `\axi4lite_arbiter_top.\s1_bready_mux' from process `\axi4lite_arbiter_top.$proc$/mnt/c/Users/Chand/Documents/New$20folder/SparkAhead-/SparkAhead-/src/rtl/axi4lite_arbiter_top.sv:0$77'.
No latch inferred for signal `\axi4lite_arbiter_top.$fordecl_block$10ocuments/New$20folder/SparkAhead-/SparkAhead-/src/rtl/axi4lite_arbiter_top.sv:0$77'.
No latch inferred for signal `\axi4lite_arbiter_top.\s0_bready_mux' from process `\axi4lite_arbiter_top.$proc$/mnt/c/Users/Chand/Documents/New$20folder/SparkAhead-/SparkAhead-/src/rtl/axi4lite_arbiter_top.sv:0$77'.
No latch inferred for signal `\axi4lite_arbiter_top.\s1_bready_mux' from process `\axi4lite_arbiter_top.$proc$/mnt/c/Users/Chand/Documents/New$20folder/SparkAhead-/SparkAhead-/src/rtl/axi4lite_arbiter_top.sv:0$77'.
No latch inferred for signal `\axi4lite_arbiter_top.$fordecl_block$10.i' from process `\axi4lite_arbiter_top.$proc$/mnt/c/Users/Chand/Documents/New$20folder/SparkAhead-/SparkAhead-/src/rtl/axi4lite_arbiter_top.sv:0$77'.
No latch inferred for signal `\axi4lite_arbiter_top.$bitselwrite$pos$/mnt/c/Users/Chand/Documents/New$20folder/SparkAhead-/SparkAhead-/src/rtl/axi4lite_arbiter_top.sv:391$14' from process `\axi4lite_arbiter_top.$proc$/mnt/c/Users/Chand/Documents/New$20folder/SparkAhead-/SparkAhead-/src/rtl/axi4lite_arbiter_top.sv:0$77'.
No latch inferred for signal `\axi4lite_arbiter_top.$bitselwrite$pos$/mnt/c/Users/Chand/Documents/New$20folder/SparkAhead-/SparkAhead-/src/rtl/axi4lite_arbiter_top.sv:395$15' from process `\axi4lite_arbiter_top.$proc$/mnt/c/Users/Chand/Documents/New$20folder/SparkAhead-/SparkAhead-/src/rtl/axi4lite_arbiter_top.sv:0$77'.
No latch inferred for signal `\axi4lite_arbiter_top.$bitselwrite$pos$/mnt/c/Users/Chand/Documents/New$20folder/SparkAhead-/SparkAhead-/src/rtl/axi4lite_arbiter_top.sv:398$16' from process `\axi4lite_arbiter_top.$proc$/mnt/c/Users/Chand/Documents/New$20folder/SparkAhead-/SparkAhead-/src/rtl/axi4lite_arbiter_top.sv:0$77'.
No latch inferred for signal `\axi4lite_arbiter_top.$bitselwrite$pos$/mnt/c/Users/Chand/Documents/New$20folder/SparkAhead-/SparkAhead-/src/rtl/axi4lite_arbiter_top.sv:405$17' from process `\axi4lite_arbiter_top.$proc$/mnt/c/Users/Chand/Documents/New$20folder/SparkAhead-/SparkAhead-/src/rtl/axi4lite_arbiter_top.sv:0$77'.
No latch inferred for signal `\axi4lite_arbiter_top.$bitselwrite$pos$/mnt/c/Users/Chand/Documents/New$20folder/SparkAhead-/SparkAhead-/src/rtl/axi4lite_arbiter_top.sv:409$18' from process `\axi4lite_arbiter_top.$proc$/mnt/c/Users/Chand/Documents/New$20folder/SparkAhead-/SparkAhead-/src/rtl/axi4lite_arbiter_top.sv:0$77'.
No latch inferred for signal `\axi4lite_arbiter_top.$bitselwrite$pos$/mnt/c/Users/Chand/Documents/New$20folder/SparkAhead-/SparkAhead-/src/rtl/axi4lite_arbiter_top.sv:412$19' from process `\axi4lite_arbiter_top.$proc$/mnt/c/Users/Chand/Documents/New$20folder/SparkAhead-/SparkAhead-/src/rtl/axi4lite_arbiter_top.sv:0$77'.
No latch inferred for signal `\axi4lite_arbiter_top.$bitselwrite$pos$/mnt/c/Users/Chand/Documents/New$20folder/SparkAhead-/SparkAhead-/src/rtl/axi4lite_arbiter_top.sv:419$20' from process `\axi4lite_arbiter_top.$proc$/mnt/c/Users/Chand/Documents/New$20folder/SparkAhead-/SparkAhead-/src/rtl/axi4lite_arbiter_top.sv:0$77'.
No latch inferred for signal `\axi4lite_arbiter_top.$bitselwrite$pos$/mnt/c/Users/Chand/Documents/New$20folder/SparkAhead-/SparkAhead-/src/rtl/axi4lite_arbiter_top.sv:423$21' from process `\axi4lite_arbiter_top.$proc$/mnt/c/Users/Chand/Documents/New$20folder/SparkAhead-/SparkAhead-/src/rtl/axi4lite_arbiter_top.sv:0$77'.
No latch inferred for signal `\axi4lite_arbiter_top.$bitselwrite$pos$/mnt/c/Users/Chand/Documents/New$20folder/SparkAhead-/SparkAhead-/src/rtl/axi4lite_arbiter_top.sv:427$22' from process `\axi4lite_arbiter_top.$proc$/mnt/c/Users/Chand/Documents/New$20folder/SparkAhead-/SparkAhead-/src/rtl/axi4lite_arbiter_top.sv:0$77'.
No latch inferred for signal `\axi4lite_arbiter_top.\w_bresp_demux[0]' from process `\axi4lite_arbiter_top.$proc$/mnt/c/Users/Chand/Documents/New$20folder/SparkAhead-/SparkAhead-/src/rtl/axi4lite_arbiter_top.sv:0$77'.
No latch inferred for signal `\axi4lite_arbiter_top.\w_bresp_demux[1]' from process `\axi4lite_arbiter_top.$proc$/mnt/c/Users/Chand/Documents/New$20folder/SparkAhead-/SparkAhead-/src/rtl/axi4lite_arbiter_top.sv:0$77'.
No latch inferred for signal `\axi4lite_arbiter_top.\w_bresp_demux[2]' from process `\axi4lite_arbiter_top.$proc$/mnt/c/Users/Chand/Documents/New$20folder/SparkAhead-/SparkAhead-/src/rtl/axi4lite_arbiter_top.sv:0$77'.
No latch inferred for signal `\axi4lite_arbiter_top.\w_bresp_demux[3]' from process `\axi4lite_arbiter_top.$proc$/mnt/c/Users/Chand/Documents/New$20folder/SparkAhead-/SparkAhead-/src/rtl/axi4lite_arbiter_top.sv:0$77'.
No latch inferred for signal `\axi4lite_arbiter_top.$mem2reg_wr$\w_bresp_demux$/mnt/c/Users/Chand/Documents/New$20folder/SparkAhead-/SparkAhead-/src/rtl/axi4lite_arbiter_top.sv:420$32_ADDR' from process `\axi4lite_arbiter_top.$proc$/mnt/c/Users/Chand/Documents/New$20folder/SparkAhead-/SparkAhead-/src/rtl/axi4lite_arbiter_top.sv:0$77'.
No latch inferred for signal `\axi4lite_arbiter_top.$mem2reg_wr$\w_bresp_demux$/mnt/c/Users/Chand/Documents/New$20folder/SparkAhead-/SparkAhead-/src/rtl/axi4lite_arbiter_top.sv:420$32_DATA' from process `\axi4lite_arbiter_top.$proc$/mnt/c/Users/Chand/Documents/New$20folder/SparkAhead-/SparkAhead-/src/rtl/axi4lite_arbiter_top.sv:0$77'.
No latch inferred for signal `\axi4lite_arbiter_top.$mem2reg_wr$\w_bresp_demux$/mnt/c/Users/Chand/Documents/New$20folder/SparkAhead-/SparkAhead-/src/rtl/axi4lite_arbiter_top.sv:424$33_ADDR' from process `\axi4lite_arbiter_top.$proc$/mnt/c/Users/Chand/Documents/New$20folder/SparkAhead-/SparkAhead-/src/rtl/axi4lite_arbiter_top.sv:0$77'.
No latch inferred for signal `\axi4lite_arbiter_top.$mem2reg_wr$\w_bresp_demux$/mnt/c/Users/Chand/Documents/New$20folder/SparkAhead-/SparkAhead-/src/rtl/axi4lite_arbiter_top.sv:424$33_DATA' from process `\axi4lite_arbiter_top.$proc$/mnt/c/Users/Chand/Documents/New$20folder/SparkAhead-/SparkAhead-/src/rtl/axi4lite_arbiter_top.sv:0$77'.
No latch inferred for signal `\axi4lite_arbiter_top.$mem2reg_wr$\w_bresp_demux$/mnt/c/Users/Chand/Documents/New$20folder/SparkAhead-/SparkAhead-/src/rtl/axi4lite_arbiter_top.sv:428$34_ADDR' from process `\axi4lite_arbiter_top.$proc$/mnt/c/Users/Chand/Documents/New$20folder/SparkAhead-/SparkAhead-/src/rtl/axi4lite_arbiter_top.sv:0$77'.
No latch inferred for signal `\axi4lite_arbiter_top.$mem2reg_wr$\w_bresp_demux$/mnt/c/Users/Chand/Documents/New$20folder/SparkAhead-/SparkAhead-/src/rtl/axi4lite_arbiter_top.sv:428$34_DATA' from process `\axi4lite_arbiter_top.$proc$/mnt/c/Users/Chand/Documents/New$20folder/SparkAhead-/SparkAhead-/src/rtl/axi4lite_arbiter_top.sv:0$77'.
No latch inferred for signal `\axi4lite_arbiter_top.\w_owner_wdata' from process `\axi4lite_arbiter_top.$proc$/mnt/c/Users/Chand/Documents/New$20folder/SparkAhead-/SparkAhead-/src/rtl/axi4lite_arbiter_top.sv:0$46'.
No latch inferred for signal `\axi4lite_arbiter_top.\w_owner_wstrb' from process `\axi4lite_arbiter_top.$proc$/mnt/c/Users/Chand/Documents/New$20folder/SparkAhead-/SparkAhead-/src/rtl/axi4lite_arbiter_top.sv:0$46'.
No latch inferred for signal `\axi4lite_arbiter_top.\w_owner_wvalid' from process `\axi4lite_arbiter_top.$proc$/mnt/c/Users/Chand/Documents/New$20folder/SparkAhead-/SparkAhead-/src/rtl/axi4lite_arbiter_top.sv:0$46'.
No latch inferred for signal `\axi4lite_arbiter_top.\w_owner_bready' from process `\axi4lite_arbiter_top.$proc$/mnt/c/Users/Chand/Documents/New$20folder/SparkAhead-/SparkAhead-/src/rtl/axi4lite_arbiter_top.sv:0$46'.
No latch inferred for signal `\axi4lite_arbiter_top.\w_target_awready' from process `\axi4lite_arbiter_top.$proc$/mnt/c/Users/Chand/Documents/New$20folder/SparkAhead-/SparkAhead-/src/rtl/axi4lite_arbiter_top.sv:0$45'.
NparkAhead-/SparkAhead-/src/rtl/axi4lite_arbiter_top.sv:0$44'.
No latch inferred for signal `$paramod$59f66e305bd3b47082af7a1e20206251db0b33b5\addr_decoder.\slave_sel' from process `$paramod$59f66e305bd3b47082af7a1e20206251db0b33b5\addr_decoder.$proc$/mnt/c/Users/Chand/Documents/New$20folder/SparkAhead-/SparkAhead-/src/rtl/addr_decoder.sv:0$426'.
No latch inferred for signal `$paramod$59f66e305bd3b47082af7a1e20206251db0b33b5\addr_decoder.\valid_addr' from process `$paramod$59f66e305bd3b47082af7a1e20206251db0b33b5\addr_decoder.$proc$/mnt/c/Users/Chand/Documents/New$20folder/SparkparkAhead-/SparkAhead-/src/rtl/axi4lite_arbiter_top.sv:0$44'.
No latch inferred for signal `$paramod$59f66e305bd3b47082af7a1e20206251db0b33b5\addr_decoder.\slave_sel' from process `$paramod$59f66e305bd3b47082af7a1e20206251db0b33b5\addr_decoder.$proc$/mnt/c/Users/Chand/Documents/New$20folder/SparkAhead-/SparkAhead-/src/rtl/addr_decoder.sv:0$426'.
No latch inferred for signal `$paramod$59f66e305bd3b47082af7a1e20206251db0b33b5\addr_decoder.\valid_addr' from process `$paramod$59f66e305bd3b47082af7a1e20206251db0b33b5\addr_decoder.$proc$/mnt/c/Users/Chand/Documents/New$20folder/SparkAhead-/SparkAhead-/src/rtl/addr_decoder.sv:0$426'.
No latch inferred for signal `$paramod$59f66e305bd3b47082af7a1e20206251db0b33b5\addr_decoder.\invalid_addr' from process `$paramod$59f66e305bd3b47082af7a1e20206251db0b33b5\addr_decoder.$proc$/mnt/c/Users/Chand/Documents/New$20folder/SparkAhead-/SparkAhead-/src/rtl/addr_decoder.sv:0$426'.
No latch inferred for signal `$paramod$59f66e305Creating register for signal `$paramod$508cca98229eff1b70362476b43647777eac3ce1\qos_arbiter.\starvation_flag' using process `$paramod$508cca98229eff1b70362476b43647777eac3ce1\qos_arbiter.$proc$/mnt/c/Users/Chand/Documents/New$20folder/SparkAhead-/SparkAhead-/src/rtl/qos_arbiter.sv:179$470'.
  created $adff cell `$procdff$3849' with positive edge clock and positive level reset.
Creating register for signal `$paramod$508cca98229eff1b70362476b43647777eac3ce1\qos_arbiter.\current_master' using process `$paramod$508cca98229eff1b70362476b43647777eac3ce1\qos_arbiter.$proc$/mnt/c/UsersCreating register for signal `$paramod$508cca98229eff1b70362476b43647777eac3ce1\qos_arbiter.\starvation_flag' using process `$paramod$508cca98229eff1b70362476b43647777eac3ce1\qos_arbiter.$proc$/mnt/c/Users/Chand/Documents/New$20folder/SparkAhead-/SparkAhead-/src/rtl/qos_arbiter.sv:179$470'.
  created $adff cell `$procdff$3849' with positive edge clock and positive level reset.
Creating register for signal `$paramod$508cca98229eff1b70362476b43647777eac3ce1\qos_arbiter.\current_master' using process `$paramod$508cca98229eff1b70362476b43647777eac3ce1\qos_arbiter.$proc$/mnt/c/Users/Chand/Documents/New$20folder/SparkAhead-/SparkAhead-/src/rtl/qos_arbiter.sv:179$470'.
  created $adff cell `$procdff$3854' with positive edge clock and positive level reset.
Creating register for signal `$paramod$508cca98229eff1b70362476b43647777eac3ce1\qos_arbiter.\is_active' using process `$paramod$508cca98229eff1b70362476b43647777eac3ce1\qos_arbiter.$proc$/mnt/c/Users/Chand/Documents/New$20folder/SparkAhead-/SparkAhead-/src/rtl/qos_arbiter.sv:179$470'.
  created $adff cell `$procdff$3859' with positive edge clock and positive level reset.
Creating register for signal `$paramod$508cca98229eff1b70362476b43647777eac3ce1\qos_arbiter.\quota_1' using process `$paramod$508cca98229eff1b70362476b43647777eac3ce1\qos_arbiter.$proc$/mnt/c/Users/Chand/Documents/New$20folder/SparkAhead-/SparkAhead-/src/rtl/qos_arbiter.sv:179$470'.
  created $adff cell `$procdff$3864' with positive edge clock and positive level reset.
Creating register for signal `$paramod$508cca98229eff1b70362476b43647777eac3ce1\qos_arbiter.\quota_2' using process `$paramod$508cca98229eff1b70362476b43647777eac3ce1\qos_arbiter.$proc$/mnt/c/Users/Chand/Documents/New$20folder/SparkAhead-/SparkAhead-/src/rtl/qos_arbiter.sv:179$470'.
  created $adff cell `$procdff$3869' with positive edge clock and positive level reset.
Creating register for signal `$paramod$508cca98229eff1b70362476b43647777eac3ce1\qos_arbiter.\quota_3' using process `$paramod$508cca98229eff1b70362476b43647777eac3ce1\qos_arbiter.$proc$/mnt/c/Users/Chand/Documents/New$20folder/SparkAhead-/SparkAhead-/src/rtl/qos_arbiter.sv:179$470'.
  created $adff cell `$procdff$3874' with positive edge clock and positive level reset.
Creating register for signal `$paramod$508cca98229eff1b70362476b43647777eac3ce1\qos_arbiter.\rr_ptr' using process `$paramod$508cca98229eff1b70362476b43647777eac3ce1\qos_arbiter.$proc$/mnt/c/Users/Chand/Documents/New$20folder/SparkAhead-/SparkAhead-/src/rtl/qos_arbiter.sv:179$470'.
  created $adff cell `$procdff$3879' with positive edge clock and positive level reset.
Creating register for signal `$paramod$508cca98229eff1b70362476b43647777eac3ce1\qos_arbiter.\age_counter' using process `$paramod$508cca98229eff1b70362476b43647777eac3ce1\qos_arbiter.$proc$/mnt/c/Users/Chand/Documents/New$20folder/SparkAhead-/SparkAhead-/src/rtl/qos_arbiter.sv:179$470'.
  created $adff cell `$procdff$3884' with positive edge clock and positive level reset.
Creating register for signal `\axi4lite_arbiter_top.\r_state' using process `\axi4lite_arbiter_top.$proc$/mnt/c/Users/Chand/Documents/New$20folder/SparkAhead-/SparkAhead-/src/rtl/axi4lite_arbiter_top.sv:578$205'.
  created $adff cell `$procdff$3889' with positive edge clock and positive level reset.
Creating register for signal `\axi4lite_arbiter_top.\r_owner_m_id' using process `\axi4lite_arbiter_top.$proc$/mnt/c/Users/Chand/Documents/New$20folder/SparkAhead-/SparkAhead-/src/rtl/axi4lite_arbiter_top.sv:578$205rc/rtl/axi4lite_arbiter_top.sv:578$205'.
  created $adff cell `$procdff$3904' with positive edge clock and positive level reset.
Creating register for signal `\axi4lite_arbiter_top.\r_latched_addr' using process `\axi4lite_arbiter_top.$proc$/mnt/c/Users/Chand/Documents/New$20folder/SparkAhead-/SparkAhead-/src/rtl/axi4lite_arbiter_top.sv:578$205'.
  created $adff cell `$procdff$3909' with positive edge clock and positive level reset.
Creating register for signal `\axi4lite_arbiter_top.\r_latched_prot' using process `\axi4lite_arbiter_top.$proc$/mnt/c/Users/Chand/Documents/New$20rc/rtl/axi4lite_arbiter_top.sv:578$205'.
  created $adff cell `$procdff$3904' with positive edge clock and positive level reset.
Creating register for signal `\axi4lite_arbiter_top.\r_latched_addr' using process `\axi4lite_arbiter_top.$proc$/mnt/c/Users/Chand/Documents/New$20folder/SparkAhead-/SparkAhead-/src/rtl/axi4lite_arbiter_top.sv:578$205'.
  created $adff cell `$procdff$3909' with positive edge clock and positive level reset.
Creating register for signal `\axi4lite_arbiter_top.\r_latched_prot' using process `\axi4lite_arbiter_top.$proc$/mnt/c/Users/Chand/Documents/New$20folder/SparkAhead-/SparkAhead-/src/rtl/axi4lite_arbiter_top.sv:578$205'.
  created $adff cell `$procdff$3914' with positive edge clock and positive level reset.
Creating register for signal `\axi4lite_arbiter_top.\read_arb_tx_done' using process `\axi4lite_arbiter_top.$proc$/mnt/c/Users/Chand/Documents/New$20folder/SparkAhead-/SparkAhead-/src/rtl/axi4lite_arbiter_top.sv:578$205'.
  created $adff cell `$procdff$3919' with positive edge clock and positive level reset.
Creating register for signal `\axi4lite_arbiter_top.$mem2reg_rd$\m_arvalid$/mnt/c/Users/Chand/Documents/New$20folder/SparkAhead-/SparkAhead-/src/rtl/axi4lite_arbiter_top.sv:592$35_ADDR' using process `\axi4lite_arbiter_top.$proc$/mnt/c/Users/Chand/Documents/New$20folder/SparkAhead-/SparkAhead-/src/rtl/axi4lite_arbiter_top.sv:578$205'.
  created $adff cell `$procdff$3924' with positive edge clock and positive level reset.
Creating register for signal `\axi4lite_arbiter_top.$mem2reg_rd$\m_arvalid$/mnt/c/Users/Chand/Documents/New$20folder/SparkAhead-/SparkAhead-/src/rtl/axi4lite_arbiter_top.sv:592$35_DATA' using process `\axi4lite_arbiter_top.$proc$/mnt/c/Users/Chand/Documents/New$20folder/SparkAhead-/SparkAhead-/src/rtl/axi4lite_arbiter_top.sv:578$205'.
  created $adff cell `$procdff$3929' with positive edge clock and positive level reset.
Creating register for signal `\axi4lite_arbiter_top.$mem2reg_rd$\m_araddr$/mnt/c/Users/Chand/Documents/New$20folder/SparkAhead-/SparkAhead-/src/rtl/axi4lite_arbiter_top.sv:594$36_ADDR' using process `\axi4lite_arbiter_top.$proc$/mnt/c/Users/Chand/Documents/New$20folder/SparkAhead-/SparkAhead-/src/rtl/axi4lite_arbiter_top.sv:578$205'.
  created $adff cell `$procdff$3934' with positive edge clock and positive level reset.
Creating register for signal `\axi4lite_arbiter_top.$mem2reg_rd$\m_araddr$/mnt/c/Users/Chand/Documents/New$20folder/SparkAhead-/SparkAhead-/src/rtl/axi4lite_arbiter_top.sv:594$36_DATA' using process `\axi4lite_arbiter_top.$proc$/mnt/c/Users/Chand/Documents/New$20folder/SparkAhead-/SparkAhead-/src/rtl/axi4lite_arbiter_top.sv:578$205'.
  created $adff cell `$procdff$3939' with positive edge clock and positive level reset.
Creating register for signal `\axi4lite_arbiter_top.$mem2reg_rd$\m_arprot$/mnt/c/Users/Chand/Documents/New$20folder/SparkAhead-/SparkAhead-/src/rtl/axi4lite_arbiter_top.sv:595$37_ADDR' using process `\axi4lite_arbiter_top.$proc$/mnt/c/Users/Chand/Documents/New$20folder/SparkAhead-/SparkAhead-/src/rtl/axi4lite_arbiter_top.sv:578$205'.
  created $adff cell `$procdff$3944' with positive edge clock and positive level reset.
Creating register for signal `\axi4lite_arbiter_top.$mem2reg_rd$\m_arprot$/mnt/c/Users/Chand/Documents/New$20folder/SparkAhead-/SparkAhead-/src/rtl/axi4lite_arbiter_top.sv:595$37_DATA' using process `\axi4lite_arbiter_top.$proc$/mnt/c/Users/Chand/Documents/New$20folder/SparkAhead-/SparkAhead-/src/rtl/axi4lite_arbiter_top.sv:578$205'.biter_top.sv:302$47'.
  created $adff cell `$procdff$3959' with positive edge clock and positive level reset.
Creating register for signal `\axi4lite_arbiter_top.\w_target_slave_sel' using process `\axi4lite_arbiter_top.$proc$/mnt/c/Users/Chand/Documents/New$20folder/SparkAhead-/SparkAhead-/src/rtl/axi4lite_arbiter_top.sv:302$47'.
  created $adff cell `$procdff$3964' with positive edge clock and positive level reset.
Creating register for signal `\axi4lite_arbiter_top.\w_target_invalid' using process `\axi4lite_arbiter_top.$proc$/mnt/c/Users/Chand/Documents/New$20folder/SparkAhbiter_top.sv:302$47'.
  created $adff cell `$procdff$3959' with positive edge clock and positive level reset.
Creating register for signal `\axi4lite_arbiter_top.\w_target_slave_sel' using process `\axi4lite_arbiter_top.$proc$/mnt/c/Users/Chand/Documents/New$20folder/SparkAhead-/SparkAhead-/src/rtl/axi4lite_arbiter_top.sv:302$47'.
  created $adff cell `$procdff$3964' with positive edge clock and positive level reset.
Creating register for signal `\axi4lite_arbiter_top.\w_target_invalid' using process `\axi4lite_arbiter_top.$proc$/mnt/c/Users/Chand/Documents/New$20folder/SparkAhead-/SparkAhead-/src/rtl/axi4lite_arbiter_top.sv:302$47'.
  created $adff cell `$procdff$3969' with positive edge clock and positive level reset.
Creating register for signal `\axi4lite_arbiter_top.\w_latched_addr' using process `\axi4lite_arbiter_top.$proc$/mnt/c/Users/Chand/Documents/New$20folder/SparkAhead-/SparkAhead-/src/rtl/axi4lite_arbiter_top.sv:302$47'.
  created $adff cell `$procdff$3974' with positive edge clock and positive level reset.
Creating register for signal `\axi4lite_arbiter_top.\w_latched_prot' using process `\axi4lite_arbiter_top.$proc$/mnt/c/Users/Chand/Documents/New$20folder/SparkAhead-/SparkAhead-/src/rtl/axi4lite_arbiter_top.sv:302$47'.
  created $adff cell `$procdff$3979' with positive edge clock and positive level reset.
Creating register for signal `\axi4lite_arbiter_top.\write_arb_tx_done' using process `\axi4lite_arbiter_top.$proc$/mnt/c/Users/Chand/Documents/New$20folder/SparkAhead-/SparkAhead-/src/rtl/axi4lite_arbiter_top.sv:302$47'.
  created $adff cell `$procdff$3984' with positive edge clock and positive level reset.
Creating register for signal `\axi4lite_arbiter_top.$mem2reg_rd$\m_awvalid$/mnt/c/Users/Chand/Documents/New$20folder/SparkAhead-/SparkAhead-/src/rtl/axi4lite_arbiter_top.sv:316$29_ADDR' using process `\axi4lite_arbiter_top.$proc$/mnt/c/Users/Chand/Documents/New$20folder/SparkAhead-/SparkAhead-/src/rtl/axi4lite_arbiter_top.sv:302$47'.
  created $adff cell `$procdff$3989' with positive edge clock and positive level reset.
Creating register for signal `\axi4lite_arbiter_top.$mem2reg_rd$\m_awvalid$/mnt/c/Users/Chand/Documents/New$20folder/SparkAhead-/SparkAhead-/src/rtl/axi4lite_arbiter_top.sv:316$29_DATA' using process `\axi4lite_arbiter_top.$proc$/mnt/c/Users/Chand/Documents/New$20folder/SparkAhead-/SparkAhead-/src/rtl/axi4lite_arbiter_top.sv:302$47'.
  created $adff cell `$procdff$3994' with positive edge clock and positive level reset.
Creating register for signal `\axi4lite_arbiter_top.$mem2reg_rd$\m_awaddr$/mnt/c/Users/Chand/Documents/New$20folder/SparkAhead-/SparkAhead-/src/rtl/axi4lite_arbiter_top.sv:318$30_ADDR' using process `\axi4lite_arbiter_top.$proc$/mnt/c/Users/Chand/Documents/New$20folder/SparkAhead-/SparkAhead-/src/rtl/axi4lite_arbiter_top.sv:302$47'.
  created $adff cell `$procdff$3999' with positive edge clock and positive level reset.
Creating register for signal `\axi4lite_arbiter_top.$mem2reg_rd$\m_awaddr$/mnt/c/Users/Chand/Documents/New$20folder/SparkAhead-/SparkAhead-/src/rtl/axi4lite_arbiter_top.sv:318$30_DATA' using process `\axi4lite_arbiter_top.$proc$/mnt/c/Users/Chand/Documents/New$20folder/SparkAhead-/SparkAhead-/src/rtl/axi4lite_arbiter_top.sv:302$47'.
  created $adff cell `$procdff$4004' with positive edge clock and positive level reset.
Creating register for signal `\axi4lite_arbiter_top.$mem2reg_rd$\m_awprot$/mnt/c/Users/Chand/Documents/New$20folder/SparkAhead-/SparkAhead-/src/rtl/axi4lite_arbiter:302$47'.
  created $adff cell `$procdff$4014' with positive edge clock and positive level reset.

5.10. Executing PROC_MEMWR pass (convert process memory writes to cells).

5.11. Executing PROC_CLEAN pass (remove empty switches from decision trees).
Found and cleaned up 2 empty switches in `$paramod$508cca98229eff1b70362476b43647777eac3ce1\qos_arbiter.$proc$/mnt/c/Users/Chand/Documents/New$20folder/SparkAhead-/SparkAhead-/src/rtl/qos_arbiter.sv:0$488'.
Removing empty process `$paramod$508cca98229eff1b70362476b43647777eac3ce1\qos_arbiter.$proc$/mnt/c/Users/Chand/Documents/New$20folder/SparkAhead-/SparkAhead-/src/rtl/qos_arbiter.sv:0$488'.
Found and cleaned up 11 empty switches in `$paramod$508cca98229eff1b70362476b43647777eac3ce1\qos_arbiter.$proc$/mnt/c/Users/Chand/Documents/New$20folder/SparkAhead-/SparkAhead-/src/rtl/qosFound and cleaned up 2 empty switches in `$paramod$508cca98229eff1b70362476b43647777eac3ce1\qos_arbiter.$proc$/mnt/c/Users/Chand/Documents/New$20folder/SparkAhead-/SparkAhead-/src/rtl/qos_arbiter.sv:0$488'.
Removing empty process `$paramod$508cca98229eff1b70362476b43647777eac3ce1\qos_arbiter.$proc$/mnt/c/Users/Chand/Documents/New$20folder/SparkAhead-/SparkAhead-/src/rtl/qos_arbiter.sv:0$488'.
Found and cleaned up 11 empty switches in `$paramod$508cca98229eff1b70362476b43647777eac3ce1\qos_arbiter.$proc$/mnt/c/Users/Chand/Documents/New$20folder/SparkAhead-/SparkAhead-/src/rtl/qos_arbiter.sv:179$470'.
Removing empty process `$paramod$508cca98229eff1b70362476b43647777eac3ce1\qos_arbiter.$proc$/mnt/c/Users/Chand/Documents/New$20folder/SparkAhead-/SparkAhead-/src/rtl/qos_arbiter.sv:179$470'.
Found and cleaned up 24 empty switches in `$paramod$508cca98229eff1b70362476b43647777eac3ce1\qos_arbiter.$proc$/mnt/c/Users/Chand/Documents/New$20folder/SparkAhead-/SparkAhead-/src/rtl/qos_arbiter.sv:0$448'.
Removing empty process `$paramod$508cca98229eff1b70362476b43647777eac3ce1\qos_arbiter.$proc$/mnt/c/Users/Chand/Documents/New$20folder/SparkAhead-/SparkAhead-/src/rtl/qos_arbiter.sv:0$448'.
Found and cleaned up 6 empty switches in `$paramod$508cca98229eff1b70362476b43647777eac3ce1\qos_arbiter.$proc$/mnt/c/Users/Chand/Documents/New$20folder/SparkAhead-/SparkAhead-/src/rtl/qos_arbiter.sv:0$439'.
Removing empty process `$paramod$508cca98229eff1b70362476b43647777eac3ce1\qos_arbiter.$proc$/mnt/c/Users/Chand/Documents/New$20folder/SparkAhead-/SparkAhead-/src/rtl/qos_arbiter.sv:0$439'.
Removing empty process `axi4lite_arbiter_top.$proc$/mnt/c/Users/Chand/Documents/New$20folder/SparkAhead-/SparkAhead-/src/rtl/axi4lite_arbiter_top.sv:0$350'.
Found and cleaned up 13 empty switches in `\axi4lite_arbiter_top.$proc$/mnt/c/Users/Chand/Documents/New$20folder/SparkAhead-/SparkAhead-/src/rtl/axi4lite_arbiter_top.sv:0$234'.
Removing empty process `axi4lite_arbiter_top.$proc$/mnt/c/Users/Chand/Documents/New$20folder/SparkAhead-/SparkAhead-/src/rtl/axi4lite_arbiter_top.sv:0$234'.
Found and cleaned up 10 empty switches in `\axi4lite_arbiter_top.$proc$/mnt/c/Users/Chand/Documents/New$20folder/SparkAhead-/SparkAhead-/src/rtl/axi4lite_arbiter_top.sv:578$205'.
Removing empty process `axi4lite_arbiter_top.$proc$/mnt/c/Users/Chand/Documents/New$20folder/SparkAhead-/SparkAhead-/src/rtl/axi4lite_arbiter_top.sv:578$205'.
Found and cleaned up 1 empty switch in `\axi4lite_arbiter_top.$proc$/mnt/c/Users/Chand/Documents/New$20folder/SparkAhead-/SparkAhead-/src/rtl/axi4lite_arbiter_top.sv:0$204'.
Removing empty process `axi4lite_arbiter_top.$proc$/mnt/c/Users/Chand/Documents/New$20folder/SparkAhead-/SparkAhead-/src/rtl/axi4lite_arbiter_top.sv:0$204'.
Found and cleaned up 2 empty switches in `\axi4lite_arbiter_top.$proc$/mnt/c/Users/Chand/Documents/New$20folder/SparkAhead-/SparkAhead-/src/rtl/axi4lite_arbiter_top.sv:0$203'.
Removing empty process `axi4lite_arbiter_top.$proc$/mnt/c/Users/Chand/Documents/New$20folder/SparkAhead-/SparkAhead-/src/rtl/axi4lite_arbiter_top.sv:0$203'.
Found and cleaned up 1 empty switch in `\axi4lite_arbiter_top.$proc$/mnt/c/Users/Chand/Documents/New$20folder/SparkAhead-/SparkAhead-/src/rtl/axi4lite_arbiter_top.sv:0$202'.
Removing empty process `axi4lite_arbiter_top.$proc$/mnt/c/Users/Chand/Documents/New$20folder/SparkAhead-/SparkAhead-/src/rtl/axi4lite_arbiter_top.sv:0$202'.
Found and cleaned up 13 empty switches in `\axi4lite_arbiter_top.$proc$/mnt/c/Users/Chand/Documentned up 1 empty switch in `\axi4lite_arbiter_top.$proc$/mnt/c/Users/Chand/Documents/New$20folder/SparkAhead-/SparkAhead-/src/rtl/axi4lite_arbiter_top.sv:0$46'.
Removing empty process `axi4lite_arbiter_top.$proc$/mnt/c/Users/Chand/Documents/New$20folder/SparkAhead-/SparkAhead-/src/rtl/axi4lite_arbiter_top.sv:0$46'.
Found and cleaned up 2 empty switches in `\axi4lite_arbiter_top.$proc$/mnt/c/Users/Chand/Documents/New$20folder/SparkAhead-/SparkAhead-/src/rtl/axi4lite_arbiter_top.sv:0$45'.
Removing empty process `axi4lite_arbiter_top.$proc$/mnt/c/Users/Chand/Documents/New$20folder/Sned up 1 empty switch in `\axi4lite_arbiter_top.$proc$/mnt/c/Users/Chand/Documents/New$20folder/SparkAhead-/SparkAhead-/src/rtl/axi4lite_arbiter_top.sv:0$46'.
Removing empty process `axi4lite_arbiter_top.$proc$/mnt/c/Users/Chand/Documents/New$20folder/SparkAhead-/SparkAhead-/src/rtl/axi4lite_arbiter_top.sv:0$46'.
Found and cleaned up 2 empty switches in `\axi4lite_arbiter_top.$proc$/mnt/c/Users/Chand/Documents/New$20folder/SparkAhead-/SparkAhead-/src/rtl/axi4lite_arbiter_top.sv:0$45'.
Removing empty process `axi4lite_arbiter_top.$proc$/mnt/c/Users/Chand/Documents/New$20folder/SparkAhead-/SparkAhead-/src/rtl/axi4lite_arbiter_top.sv:0$45'.
Found and cleaned up 1 empty switch in `\axi4lite_arbiter_top.$proc$/mnt/c/Users/Chand/Documents/New$20folder/SparkAhead-/SparkAhead-/src/rtl/axi4lite_arbiter_top.sv:0$44'.
Removing empty process `axi4lite_arbiter_top.$proc$/mnt/c/UOptimizing module $paramod$508cca98229eff1b70362476b43647777eac3ce1\qos_arbiter.
<suppressed ~46 debug messages>
Optimizing module axi4lite_arbiter_top.
<suppressed ~197 debug messages>
Optimizing module $paramod$59f66e305bd3b47082af7a1e20206251db0b33b5\addr_decoder.
<suppressed ~2 debug messages>

6. Executing OPT pass (performing simple optimizations).

6.1. Executing OPT_EXPR pass (perform const folding).
Optimizing module $paramod$508cca98229eff1b70362476b43647777eac3ce1\qos_arbiter.
Optimizing module axi4lite_arbiter_top.
Optimizing module $paramod$59f66e305bd3b47082af7a1e20206251db0b33b5\addr_decoder.

6.2. Executing OPT_MERGE pass (detect identical cells).
Finding identical cells in module `$paramod$508cca98229eff1b70362476b43647777eac3ce1\qos_arbiter'.
<suppressed ~237 debug messages>
Finding identical cells in module `\axi4lite_arbiter_top'.
<suppressed ~1953 debug messages>
Finding identical cells in module `$paramod$59f66e305bd3b47082af7a1e20206251db0b33b5\addr_decoder'.
Removed a total of 730 cells.

6.3. Executing OPT_MUXTREE pass (detect dead branches in mux trees).
Running muxtree optimizer on module $paramod$508cca98229eff1b70362476b43647777eac3ce1\qos_arbiter..
  Creating internal representation of mux trees.
  Evaluating internal representation of mux trees.
      Replacing known input bits on port B of cell $procmux$1015: $3\cand_valid[0:0] -> 1'1
      Replacing known input bits on port A of cell $procmux$988: $3\cand_valid[0:0] -> 1'0
      Replacing known input bits on port A of cell $procmux$647: $3\cand_valid[0:0] -> 1'0
      Replacing known input bits on port A of cell $procmux$756: $3\cand_valid[0:0] -> 1'0
      Replacing knoRunning muxtree optimizer on module $paramod$508cca98229eff1b70362476b43647777eac3ce1\qos_arbiter..
  Creating internal representation of mux trees.
  Evaluating internal representation of mux trees.
      Replacing known input bits on port B of cell $procmux$1015: $3\cand_valid[0:0] -> 1'1
      Replacing known input bits on port A of cell $procmux$988: $3\cand_valid[0:0] -> 1'0
      Replacing known input bits on port A of cell $procmux$647: $3\cand_valid[0:0] -> 1'0
      Replacing known input bits on port A of cell $procmux$756: $3\cand_valid[0:0] -> 1'0
      Replacing known input bits on port A of cell $procmux$871: $3\cand_valid[0:0] -> 1'0
      Replacing known input bits on port A of cell $procmux$601: \is_active -> 1'1
      Replacing known input bits on port A of cell $procmux$595: \is_active -> 1'0
  Analyzing evaluation results.
    dead port 1/2 on $mux $procmux$1303.
    dead port 2/2 on $mux $procmux$1300.
    dead port 2/2 on $mux $procmux$1298.
    dead port 1/2 on $mux $procmux$1289.
    dead port 2/2 on $mux $procmux$1286.
    dead port 2/2 on $mux $procmux$1284.
    dead port 2/2 on $mux $procmux$1446.
    dead port 1/2 on $mux $procmux$1282.
    dead port 1/2 on $mux $procmux$1272.
    dead port 2/2 on $mux $procmux$1269.
    dead port 2/2 on $mux $procmux$1267.
    dead port 1/2 on $mux $procmux$1265.
    dead port 1/2 on $mux $procmux$1255.
    dead port 2/2 on $mux $procmux$1252.
    dead port 2/2 on $mux $procmux$1250.
    dead port 1/2 on $mux $procmux$1248.
    dead port 1/2 on $mux $procmux$1245.
    dead port 1/2 on $mux $procmux$1235.
    dead port 2/2 on $mux $procmux$1232.
    dead port 2/2 on $mux $procmux$1230.
    dead port 2/2 on $mux $procmux$1439.
    dead port 1/2 on $mux $procmux$1228.
    dead port 1/2 on $mux $procmux$1225.
    dead port 1/2 on $mux $procmux$1215.
    dead port 2/2 on $mux $procmux$1212.
    dead port 2/2 on $mux $procmux$1210.
    dead port 1/2 on $mux $procmux$1202.
    dead port 2/2 on $mux $procmux$1199.
    dead port 2/2 on $mux $procmux$1197.
    dead port 1/2 on $mux $procmux$1189.
    dead port 2/2 on $mux $procmux$1186.
    dead port 2/2 on $mux $procmux$1184.
    dead port 2/2 on $mux $procmux$1433.
    dead port 1/2 on $mux $procmux$1182.
    dead port 1/2 on $mux $procmux$1173.
    dead port 2/2 on $mux $procmux$1170.
    dead port 2/2 on $mux $procmux$1168.
    dead port 1/2 on $mux $procmux$1166.
    dead port 1/2 on $mux $procmux$1157.
    dead port 2/2 on $mux $procmux$1154.
    dead port 2/2 on $mux $procmux$1152.
    dead port 1/2 on $mux $procmux$1150.
    dead port 1/2 on $mux $procmux$1147.
    dead port 1/2 on $mux $procmux$1138.
    dead port 2/2 on $mux $procmux$1135.
    dead port 2/2 on $mux $procmux$1133.
    dead port 2/2 on $mux $procmux$1425.
    dead port 1/2 on $mux $procmux$1131.
    dead port 1/2 on $mux $procmux$1128.
    dead port 1/2 on $mux $procmux$1119.
    dead port 2/2 on $mux $procmux$1116.
    dead port 2/2 on $mux $procmux$1114.
    dead port 1/2 on $mux $procmux$1107.
    dead port 2/2 on $mux $procmux$1104.
    dead port 2/2 on $mux $procmux$1102.
    dead port 1/2 on $mux $procmux$1095.
    dead port 2/2 on $mux $procmux$1092.
    dead port 2/2 on $mux $procmux$1090.
    dead port 1/2 on $mux $procmux$1088.
    dead port 1/2 on $mux $procmux$1080.
    dead port 2/2 on $mux $procmux$1077.
    dead port 2/2 on $mux $procmux$1075.
    dead port 1/2 on $mux $procmux$1073.
    dead port 1/2 on $mux $procmux$1065.
    dead port 2/2 on $mux $procmux dead port 1/2 on $mux $procmux$1011.
    dead port 2/2 on $mux $procmux$1008.
    dead port 1/2 on $mux $procmux$1006.
    dead port 2/2 on $mux $procmux$1406.
    dead port 1/2 on $mux $procmux$997.
    dead port 2/2 on $mux $procmux$994.
    dead port 1/2 on $mux $procmux$992.
    dead port 2/2 on $mux $procmux$1404.
    dead port 1/2 on $mux $procmux$983.
    dead port 2/2 on $mux $procmux$980.
    dead port 1/2 on $mux $procmux$978.
    dead port 2/2 on $mux $procmux$976.
    dead port 2/2 on $mux $procmux$1395.
    dead port 1/2 on $mux $procmux$966.
    dead port 2/2 on  dead port 1/2 on $mux $procmux$1011.
    dead port 2/2 on $mux $procmux$1008.
    dead port 1/2 on $mux $procmux$1006.
    dead port 2/2 on $mux $procmux$1406.
    dead port 1/2 on $mux $procmux$997.
    dead port 2/2 on $mux $procmux$994.
    dead port 1/2 on $mux $procmux$992.
    dead port 2/2 on $mux $procmux$1404.
    dead port 1/2 on $mux $procmux$983.
    dead port 2/2 on $mux $procmux$980.
    dead port 1/2 on $mux $procmux$978.
    dead port 2/2 on $mux $procmux$976.
    dead port 2/2 on $mux $procmux$1395.
    dead port 1/2 on $mux $procmux$966.
    dead port 2/2 on $mux $procmux$963.
    dead port 1/2 on $mux $procmux$961.
    dead port 2/2 on $mux $procmux$959.
    dead port 2/2 on $mux $procmux$1393.
    dead port 1/2 on $mux $procmux$949.
    dead port 2/2 on $mux $procmux$946.
    dead port 1/2 on $mux $procmux$944.
    dead port 2/2 on $mux $procmux$942.
    dead port 1/2 on $mux $procmux$940.
    dead port 1/2 on $mux $procmux$929.
    dead port 2/2 on $mux $procmux$926.
    dead port 1/2 on $mux $procmux$924.
    dead port 2/2 on $mux $procmux$922.
    dead port 1/2 on $mux $procmux$920.
    dead port 1/2 on $mux $procmux$909.
    dead port 2/2 on $mux $procmux$906.
    dead port 1/2 on $mux $procmux$904.
    dead port 2/2 on $mux $procmux$902.
    dead port 2/2 on $mux $procmux$1385.
    dead port 1/2 on $mux $procmux$900.
    dead port 1/2 on $mux $procmux$897.
    dead port 1/2 on $mux $procmux$886.
    dead port 2/2 on $mux $procmux$883.
    dead port 1/2 on $mux $procmux$881.
    dead port 2/2 on $mux $procmux$879.
    dead port 2/2 on $mux $procmux$1383.
    dead port 1/2 on $mux $procmux$877.
    dead port 1/2 on $mux $procmux$874.
    dead port 1/2 on $mux $procmux$863.
    dead port 2/2 on $mux $procmux$860.
    dead port 1/2 on $mux $procmux$858.
    dead port 2/2 on $mux $procmux$856.
    dead port 1/2 on $mux $procmux$847.
    dead port 2/2 on $mux $procmux$844.
    dead port 1/2 on $mux $procmux$842.
    dead port 2/2 on $mux $procmux$840.
    dead port 1/2 on $mux $procmux$831.
    dead port 2/2 on $mux $procmux$828.
    dead port 1/2 on $mux $procmux$826.
    dead port 2/2 on $mux $procmux$824.
    dead port 2/2 on $mux $procmux$1375.
    dead port 1/2 on $mux $procmux$822.
    dead port 1/2 on $mux $procmux$812.
    dead port 2/2 on $mux $procmux$809.
    dead port 1/2 on $mux $procmux$807.
    dead port 2/2 on $mux $procmux$805.
    dead port 2/2 on $mux $procmux$1373.
    dead port 1/2 on $mux $procmux$803.
    dead port 1/2 on $mux $procmux$793.
    dead port 2/2 on $mux $procmux$790.
    dead port 1/2 on $mux $procmux$788.
    dead port 2/2 on $mux $procmux$786.
    dead port 1/2 on $mux $procmux$784.
    dead port 1/2 on $mux $procmux$781.
    dead port 1/2 on $mux $procmux$771.
    dead port 2/2 on $mux $procmux$768.
    dead port 1/2 on $mux $procmux$766.
    dead port 2/2 on $mux $procmux$764.
    dead port 1/2 on $mux $procmux$762.
    dead port 1/2 on $mux $procmux$759.
    dead port 1/2 on $mux $procmux$749.
    dead port 2/2 on $mux $procmux$746.
    dead port 1/2 on $mux $procmux$744.
    dead port 2/2 on $mux $procmux$742.
    dead port 2/2 on $mux $procmux$1366.
    dead port 1/2 on $mux $procmux$734.
    dead port 2/2 on $mux $procmux$731.
    dead port 1/2 on $mux $procmux$729.
    dead port 2/2 on $mux $procmux$727.
    dead port 2/2 on $mux $procmux$1364.
    dead port 1/2 on $mux $procmux$719.
    dead port 2/2 on $mux $procmux$716.
    dead port 1/2 on $mux $procmux$714.
    dead port 2/2 on $ad port 1/2 on $mux $procmux$657.
    dead port 2/2 on $mux $procmux$655.
    dead port 1/2 on $mux $procmux$653.
    dead port 1/2 on $mux $procmux$650.
    dead port 1/2 on $mux $procmux$641.
    dead port 1/2 on $mux $procmux$638.
    dead port 1/2 on $mux $procmux$633.
    dead port 1/2 on $mux $procmux$630.
    dead port 1/2 on $mux $procmux$547.
    dead port 2/2 on $mux $procmux$547.
    dead port 1/2 on $mux $procmux$544.
    dead port 2/2 on $mux $procmux$544.
    dead port 1/2 on $mux $procmux$532.
    dead port 2/2 on $mux $procmux$532.
    dead port 1/2 on $mux $proad port 1/2 on $mux $procmux$657.
    dead port 2/2 on $mux $procmux$655.
    dead port 1/2 on $mux $procmux$653.
    dead port 1/2 on $mux $procmux$650.
    dead port 1/2 on $mux $procmux$641.
    dead port 1/2 on $mux $procmux$638.
    dead port 1/2 on $mux $procmux$633.
    dead port 1/2 on $mux $procmux$630.
    dead port 1/2 on $mux $procmux$547.
    dead port 2/2 on $mux $procmux$547.
    dead port 1/2 on $mux $procmux$544.
    dead port 2/2 on $mux $procmux$544.
    dead port 1/2 on $mux $procmux$532.
    dead port 2/2 on $mux $procmux$532.
    dead port 1/2 on $mux $procmux$529.
    dead port 2/2 on $mux $procmux$529.
    dead port 1/2 on $mux $procmux$526.
    dead port 1/2 on $mux $procmux$520.
    dead port 1/2 on $mux $procmux$514.
    dead port 1/2 on $mux $procmux$1351.
    dead port 1/2 on $mux $procmux$1345.
    dead port 1/2 on $mux $procmux$1339.
    dead port 2/2 on $mux $procmux$1336.
    dead port 1/2 on $mux $procmux$1317.
    dead port 2/2 on $mux $procmux$1314.
    dead port 2/2 on $mux $procmux$1312.
    dead port 2/2 on $mux $procmux$1452.
Running muxtree optimizer on module \axi4lite_arbiter_top..
  Creating internal representation of mux trees.
  Evaluating internal representation of mux trees.
  Analyzing evaluation results.
    dead port 1/2 on $mux $procmux$3416.
    dead port 2/2 on $mux $procmux$3416.
    dead port 1/2 on $mux $procmux$3784.
    dead port 1/2 on $mux $procmux$2746.
    dead port 1/2 on $mux $procmux$2740.
    dead port 1/2 on $mux $procmux$3414.
    dead port 2/2 on $mux $procmux$3414.
    dead port 2/2 on $mux $procmux$3409.
    dead port 2/2 on $mux $procmux$3402.
    dead port 1/5 on $pmux $procmux$3674.
    dead port 2/5 on $pmux $procmux$3674.
    dead port 3/5 on $pmux $procmux$3674.
    dead port 4/5 on $pmux $procmux$3674.
    dead port 5/5 on $pmux $procmux$3674.
    dead port 1/2 on $mux $procmux$2659.
    dead port 2/2 on $mux $procmux$2659.
    dead port 1/2 on $mux $procmux$3400.
    dead port 1/2 on $mux $procmux$2654.
    dead port 2/2 on $mux $procmux$2654.
    dead port 1/2 on $mux $procmux$2649.
    dead port 2/2 on $mux $procmux$2649.
    dead port 1/2 on $mux $procmux$3392.
    dead port 2/2 on $mux $procmux$3392.
    dead port 1/2 on $mux $procmux$2644.
    dead port 2/2 on $mux $procmux$2644.
    dead port 1/2 on $mux $procmux$2639.
    dead port 2/2 on $mux $procmux$2639.
    dead port 1/2 on $mux $procmux$3390.
    dead port 2/2 on $mux $procmux$3390.
    dead port 1/2 on $mux $procmux$2634.
    dead port 2/2 on $mux $procmux$2634.
    dead port 1/2 on $mux $procmux$3387.
    dead port 2/2 on $mux $procmux$3387.
    dead port 2/2 on $mux $procmux$3382.
    dead port 1/2 on $mux $procmux$3380.
    dead port 1/2 on $mux $procmux$3372.
    dead port 2/2 on $mux $procmux$3372.
    dead port 1/2 on $mux $procmux$2619.
    dead port 2/2 on $mux $procmux$2619.
    dead port 1/2 on $mux $procmux$2617.
    dead port 2/2 on $mux $procmux$2617.
    dead port 1/2 on $mux $procmux$2611.
    dead port 2/2 on $mux $procmux$2611.
    dead port 1/2 on $mux $procmux$3370.
    dead port 2/2 on $mux $procmux$3370.
    dead port 1/2 on $mux $procmux$2609.
    dead port 2/2 on $mux $procmux$2609.
    dead port 1/2 on $mux $procmux$2603.
    dead port 2/2 on $mux $procmux$2603.
    dead port 1/2 on $mux $procmux$3367.
    dead port 2/2 on $mux $procmux$3367.
    dead port 1/2 on $mux $procmux$2601.
    dead port 2/2 on $mux $procmux$2601.
    dead port 1/2 on $mux $procmux$2595.
    dead port 2/2 orocmux$3669.
    dead port 2/5 on $pmux $procmux$3669.
    dead port 3/5 on $pmux $procmux$3669.
    dead port 4/5 on $pmux $procmux$3669.
    dead port 5/5 on $pmux $procmux$3669.
    dead port 1/2 on $mux $procmux$3337.
    dead port 2/2 on $mux $procmux$3337.
    dead port 1/2 on $mux $procmux$3334.
    dead port 2/2 on $mux $procmux$3334.
    dead port 1/2 on $mux $procmux$3331.
    dead port 2/2 on $mux $procmux$3331.
    dead port 2/2 on $mux $procmux$3326.
    dead port 1/2 on $mux $procmux$3324.
    dead port 1/2 on $mux $procmux$2540.
    dead port 2/2 on $mux $procmuxrocmux$3669.
    dead port 2/5 on $pmux $procmux$3669.
    dead port 3/5 on $pmux $procmux$3669.
    dead port 4/5 on $pmux $procmux$3669.
    dead port 5/5 on $pmux $procmux$3669.
    dead port 1/2 on $mux $procmux$3337.
    dead port 2/2 on $mux $procmux$3337.
    dead port 1/2 on $mux $procmux$3334.
    dead port 2/2 on $mux $procmux$3334.
    dead port 1/2 on $mux $procmux$3331.
    dead port 2/2 on $mux $procmux$3331.
    dead port 2/2 on $mux $procmux$3326.
    dead port 1/2 on $mux $procmux$3324.
    dead port 1/2 on $mux $procmux$2540.
    dead port 2/2 on $mux $procmux$2540.
    dead port 1/2 on $mux $procmux$3321.
    dead port 1/2 on $mux $procmux$2536.
    dead port 2/2 on $mux $procmux$2536.
    dead port 1/2 on $mux $procmux$2532.
    dead port 2/2 on $mux $procmux$2532.
    dead port 2/2 on $mux $procmux$3313.
    dead port 1/2 on $mux $procmux$2528.
    dead port 2/2 on $mux $procmux$2528.
    dead port 1/2 on $mux $procmux$2525.
    dead port 2/2 on $mux $procmux$2525.
    dead port 1/2 on $mux $procmux$2522.
    dead port 2/2 on $mux $procmux$2522.
    dead port 2/2 on $mux $procmux$3307.
    dead port 1/2 on $mux $procmux$3301.
    dead port 2/2 on $mux $procmux$3301.
    dead port 1/2 on $mux $procmux$3299.
    dead port 2/2 on $mux $procmux$3299.
    dead port 1/2 on $mux $procmux$3295.
    dead port 2/2 on $mux $procmux$3295.
    dead port 1/2 on $mux $procmux$3293.
    dead port 2/2 on $mux $procmux$3293.
    dead port 1/2 on $mux $procmux$2495.
    dead port 2/2 on $mux $procmux$2495.
    dead port 1/2 on $mux $procmux$3289.
    dead port 2/2 on $mux $procmux$3289.
    dead port 1/2 on $mux $procmux$2492.
    dead port 2/2 on $mux $procmux$2492.
    dead port 1/5 on $pmux $procmux$3664.
    dead port 2/5 on $pmux $procmux$3664.
    dead port 3/5 on $pmux $procmux$3664.
    dead port 4/5 on $pmux $procmux$3664.
    dead port 5/5 on $pmux $procmux$3664.
    dead port 1/2 on $mux $procmux$2489.
    dead port 2/2 on $mux $procmux$2489.
    dead port 1/2 on $mux $procmux$3287.
    dead port 2/2 on $mux $procmux$3287.
    dead port 1/2 on $mux $procmux$2486.
    dead port 2/2 on $mux $procmux$2486.
    dead port 2/2 on $mux $procmux$3283.
    dead port 1/2 on $mux $procmux$2483.
    dead port 2/2 on $mux $procmux$2483.
    dead port 1/2 on $mux $procmux$2480.
    dead port 2/2 on $mux $procmux$2480.
    dead port 1/2 on $mux $procmux$2477.
    dead port 2/2 on $mux $procmux$2477.
    dead port 2/2 on $mux $procmux$3277.
    dead port 1/2 on $mux $procmux$2474.
    dead port 2/2 on $mux $procmux$2474.
    dead port 1/5 on $pmux $procmux$3536.
    dead port 2/5 on $pmux $procmux$3536.
    dead port 3/5 on $pmux $procmux$3536.
    dead port 4/5 on $pmux $procmux$3536.
    dead port 5/5 on $pmux $procmux$3536.
    dead port 1/2 on $mux $procmux$2471.
    dead port 2/2 on $mux $procmux$2471.
    dead port 1/2 on $mux $procmux$3275.
    dead port 1/2 on $mux $procmux$2468.
    dead port 2/2 on $mux $procmux$2468.
    dead port 1/2 on $mux $procmux$2465.
    dead port 2/2 on $mux $procmux$2465.
    dead port 1/2 on $mux $procmux$3268.
    dead port 2/2 on $mux $procmux$3268.
    dead port 1/2 on $mux $procmux$2462.
    dead port 2/2 on $mux $procmux$2462.
    dead port 2/2 on $mux $procmux$2459.
    dead port 1/2 on $mux $procmux$3266.
    dead port 2/2 on $mux $procmux$3266.
    dead port 2/2 on $mux $procmux$2452.
    dead port 1/2 on $mux $procmux$3263.
    dead port 2/2 on $mux $procmux$3263.
    dead port 1/2 on $mux $procmux$2445.
ort 2/2 on $mux $procmux$2417.
    dead port 1/2 on $mux $procmux$3250.
    dead port 2/2 on $mux $procmux$3250.
    dead port 1/2 on $mux $procmux$2415.
    dead port 1/2 on $mux $procmux$2407.
    dead port 2/2 on $mux $procmux$2407.
    dead port 1/2 on $mux $procmux$2405.
    dead port 2/2 on $mux $procmux$2405.
    dead port 1/2 on $mux $procmux$2402.
    dead port 2/2 on $mux $procmux$2402.
    dead port 2/2 on $mux $procmux$2397.
    dead port 1/2 on $mux $procmux$3248.
    dead port 2/2 on $mux $procmux$3248.
    dead port 1/2 on $mux $procmux$2395.
    dead port 1/2 onort 2/2 on $mux $procmux$2417.
    dead port 1/2 on $mux $procmux$3250.
    dead port 2/2 on $mux $procmux$3250.
    dead port 1/2 on $mux $procmux$2415.
    dead port 1/2 on $mux $procmux$2407.
    dead port 2/2 on $mux $procmux$2407.
    dead port 1/2 on $mux $procmux$2405.
    dead port 2/2 on $mux $procmux$2405.
    dead port 1/2 on $mux $procmux$2402.
    dead port 2/2 on $mux $procmux$2402.
    dead port 2/2 on $mux $procmux$2397.
    dead port 1/2 on $mux $procmux$3248.
    dead port 2/2 on $mux $procmux$3248.
    dead port 1/2 on $mux $procmux$2395.
    dead port 1/2 on $mux $procmux$2387.
    dead port 2/2 on $mux $procmux$2387.
    dead port 1/2 on $mux $procmux$3245.
    dead port 2/2 on $mux $procmux$3245.
    dead port 1/2 on $mux $procmux$2385.
    dead port 2/2 on $mux $procmux$2385.
    dead port 1/2 on $mux $procmux$2382.
    dead port 2/2 on $mux $procmux$2382.
    dead port 2/2 on $mux $procmux$2377.
    dead port 2/2 on $mux $procmux$3241.
    dead port 1/2 on $mux $procmux$2375.
    dead port 2/2 on $mux $procmux$2367.
    dead port 1/5 on $pmux $procmux$3659.
    dead port 2/5 on $pmux $procmux$3659.
    dead port 3/5 on $pmux $procmux$3659.
    dead port 4/5 on $pmux $procmux$3659.
    dead port 5/5 on $pmux $procmux$3659.
    dead port 1/2 on $mux $procmux$2365.
    dead port 1/2 on $mux $procmux$2362.
    dead port 1/2 on $mux $procmux$2354.
    dead port 2/2 on $mux $procmux$2354.
    dead port 1/2 on $mux $procmux$3239.
    dead port 1/2 on $mux $procmux$2352.
    dead port 2/2 on $mux $procmux$2352.
    dead port 1/2 on $mux $procmux$2349.
    dead port 2/2 on $mux $procmux$2349.
    dead port 1/2 on $mux $procmux$2346.
    dead port 2/2 on $mux $procmux$2346.
    dead port 2/2 on $mux $procmux$2341.
    dead port 1/2 on $mux $procmux$2339.
    dead port 1/2 on $mux $procmux$2336.
    dead port 2/2 on $mux $procmux$2328.
    dead port 2/2 on $mux $procmux$3232.
    dead port 2/2 on $mux $procmux$2322.
    dead port 1/5 on $pmux $procmux$3531.
    dead port 2/5 on $pmux $procmux$3531.
    dead port 3/5 on $pmux $procmux$3531.
    dead port 4/5 on $pmux $procmux$3531.
    dead port 5/5 on $pmux $procmux$3531.
    dead port 1/2 on $mux $procmux$2316.
    dead port 2/2 on $mux $procmux$2316.
    dead port 1/2 on $mux $procmux$3230.
    dead port 1/2 on $mux $procmux$2314.
    dead port 2/2 on $mux $procmux$2314.
    dead port 1/2 on $mux $procmux$2310.
    dead port 2/2 on $mux $procmux$2310.
    dead port 1/2 on $mux $procmux$3227.
    dead port 1/2 on $mux $procmux$2308.
    dead port 2/2 on $mux $procmux$2308.
    dead port 1/2 on $mux $procmux$2304.
    dead port 2/2 on $mux $procmux$2304.
    dead port 1/2 on $mux $procmux$2302.
    dead port 2/2 on $mux $procmux$2302.
    dead port 1/2 on $mux $procmux$2298.
    dead port 2/2 on $mux $procmux$2298.
    dead port 1/2 on $mux $procmux$3220.
    dead port 2/2 on $mux $procmux$3220.
    dead port 1/2 on $mux $procmux$2296.
    dead port 2/2 on $mux $procmux$2296.
    dead port 1/2 on $mux $procmux$2292.
    dead port 2/2 on $mux $procmux$2292.
    dead port 1/2 on $mux $procmux$2290.
    dead port 2/2 on $mux $procmux$2290.
    dead port 1/2 on $mux $procmux$2286.
    dead port 2/2 on $mux $procmux$2286.
    dead port 1/2 on $mux $procmux$3218.
    dead port 2/2 on $mux $procmux$3218.
    dead port 1/2 on $mux $procmux$2284.
    dead port 2/2 on $mux $procmux$2284.
    dead port 1/2 on $mux $procmux$2280.
    dead port 2/2 on $mux $procmux$2280.
    dead port 1/2 on $mux $procmux$3215.
    dead port 2/2 on $mux $procmux$3215.
    dead port 1/2 on $mux $procmux$2278.
    dead port 2/2 on $mux $procmux$2278.
    dead port 1/2 on $mux $procmux$2274.
    dead port 2/2 on $mux $procmux$2274.
    dead port 1/2 on $mux $procmux$3212.
    dead port 2/2 on $mux $procmux$3212.
    dead port 1/2 on $mux $procmux$2272.
    dead port 2/2 on $mux $procmux$2272.
    dead port 1/2 on $mux $procmux$2268.
    dead port 2/2 on $mux $procmux$2268.
    dead port 2/2 on $mux $procmux$3208.
    dead port 1/2 on $mux $procmux$2266.
    dead port 2/2 on $mux $procmux$2266.
    dead port 1/2 on $mux $procmux$2262.
    dead port 2/2 on $mux $procmux$2262.
    dead port 1/2 on $mux $procmux$2260.
    dead port 2/2 on $mux $procmux$2260.
    dead port 1/2 on $mux $procmux$2256.
    dead port 2/2 on $mux $procmux$2256.
    dead port 1/2 on $mux $procmux$3206.
    dead port 1/2 on $mux $procmux$2254.
    dead port 2/2 on $mux $procmux$2254.
    dead port 2/2 on $mux $procmux$2250.
    dead port 1/2 on $mux $procmux$3203.
    dead port 1/2 on $mux $procmux$2244.
    dead port 2/2 on $mux $procmux$2244.
    dead port 1/2 on $mux $procmux$2242.
    dead port 2/2 on $mux $procmux$2242.
    dead port 1/2 on $mux $procmux$2238.
    dead port 2/2 on $mux $procmux$2238.
    dead port 2/2 on $mux $procmux$3196.
    dead port 1/2 on $mux $procmux$2236.
    dead port 2/2 on $mux $procmux$2236.
    dead port 2/2 on $mux $procmux$2232.
    dead port 2/2 on $mux $procmux$2226.
    dead port 2/2 on $mux $procmux$2220.
    dead port 2/2 on $mux $procmux$3191.
    dead port 2/2 on $mux $procmux$2214.
    dead port 1/2 on $mux $procmux$2208.
    dead port 2/2 on $mux $procmux$2208.
    dead port 1/2 on $mux $procmux$2206.
    dead port 2/2 on $mux $procmux$2206.
    dead port 1/2 on $mux $procmux$2202.
    dead port 2/2 on $mux $procmux$2202.
    dead port 1/2 on $mux $procmux$3186.
    dead port 2/2 on $mux $procmux$3186.
    dead port 1/2 on $mux $procmux$2200.
    dead port 2/2 on $mux $procmux$2200.
    dead port 2/2 on $mux $procmux$2196.
    dead port 1/5 on $pmux $procmux$3526.
    dead port 2/5 on $pmux $procmux$3526.
    dead port 3/5 on $pmux $procmux$3526.
    dead port 4/5 on $pmux $procmux$3526.
    dead port 5/5 on $pmux $procmux$3526.
    dead port 2/2 on $mux $procmux$2190.
    dead port 1/2 on $mux $procmux$3184.
    dead port 2/2 on $mux $procmux$3184.
    dead port 2/2 on $mux $procmux$2184.
    dead port 1/2 on $mux $procmux$3181.
    dead port 2/2 on $mux $procmux$3181.
    dead port 2/2 on $mux $procmux$2178.
    dead port 1/5 on $pmux $procmux$3654.
    dead port 2/5 on $pmux $procmux$3654.
    dead port 3/5 on $pmux $procmux$3654.
    dead port 4/5 on $pmux $procmux$3654.
    dead port 5/5 on $pmux $procmux$3654.
    dead port 2/2 on $mux $procmux$2172.
    dead port 1/2 on $mux $procmux$3179.
    dead port 2/2 on $mux $procmux$3179.
    dead port 2/2 on $mux $procmux$2170.
    dead port 1/2 on $mux $procmux$3176.
    dead port 2/2 on $mux $procmux$3176.
    dead port 1/2 on $mux $procmux$3174.
    dead port 2/2 on $mux $procmux$3174.
    dead port 1/2 on $mux $procmux$3171.
    dead port 2/2 on $mux $procmux$3171.
    dead port 2/2 on $mux $procmux$2161.
    dead port 2/2 on $mux $procmux$2159.
    dead port 1/2 on $mux $procmux$3169.
    dead port 2/2 on $mux $procmux$3169.
    dead port 1/2 on $mux $procmux$3166.
    dead port 2/2 on $mux $procmux$3166.
    dead port 1/2 on $mux $procmux$3164.
    dead port 2/2 on $mux $procmux$3164.
    dead port 2/2 on $mux $procmux$2150.
    dead port 1/2 on $mux $procmux$3161.
    dead port 2/2 on $mux $procmux$3161.
    dead port 2/2 on $mux $procmux$2148.
    dead port 1/5 on $pmux $procmux$3521.
    dead port 2/5 on $pmux $procmux$3521.
    dead port 3/5 on $pmux $procmux$3521.
    dead port 4/5 on $pmux $procmux$3521.
    dead port 5/5 on $pmux $procmux$3521.
    dead port 1/2 on $mux $procmux$3159.
    dead port 2/2 on $mux $procmux$3159.
    dead port 1/2 on $mux $procmux$3156.
    dead port 2/2 on $mux $procmux$3156.
    dead port 2/2 on $mux $procmux$2139.
    deadon $mux $procmux$2117.
    dead port 2/2 on $mux $procmux$3136.
    dead port 2/2 on $mux $procmux$2115.
    dead port 1/5 on $pmux $procmux$3516.
    dead port 2/5 on $pmux $procmux$3516.
    dead port 3/5 on $pmux $procmux$3516.
    dead port 4/5 on $pmux $procmux$3516.
    dead port 5/5 on $pmux $procmux$3516.
    dead port 2/2 on $mux $procmux$3131.
    dead port 2/2 on $mux $procmux$2106.
    dead port 2/2 on $mux $procmux$2104.
    dead port 2/2 on $mux $procmux$3126.
    dead port 1/2 on $mux $procmux$3642.
    dead port 2/2 on $mux $procmux$3642.
    dead port 2/2 on $mon $mux $procmux$2117.
    dead port 2/2 on $mux $procmux$3136.
    dead port 2/2 on $mux $procmux$2115.
    dead port 1/5 on $pmux $procmux$3516.
    dead port 2/5 on $pmux $procmux$3516.
    dead port 3/5 on $pmux $procmux$3516.
    dead port 4/5 on $pmux $procmux$3516.
    dead port 5/5 on $pmux $procmux$3516.
    dead port 2/2 on $mux $procmux$3131.
    dead port 2/2 on $mux $procmux$2106.
    dead port 2/2 on $mux $procmux$2104.
    dead port 2/2 on $mux $procmux$3126.
    dead port 1/2 on $mux $procmux$3642.
    dead port 2/2 on $mux $procmux$3642.
    dead port 2/2 on $mux $procmux$3121.
    dead port 2/2 on $mux $procmux$2095.
    dead port 2/2 on $mux $procmux$2093.
    dead port 2/2 on $mux $procmux$3116.
    dead port 1/2 on $mux $procmux$3640.
    dead port 2/2 on $mux $procmux$3640.
    dead port 2/2 on $mux $procmux$3114.
    dead port 2/2 on $mux $procmux$2084.
    dead port 1/5 on $pmux $procmux$3511.
    dead port 2/5 on $pmux $procmux$3511.
    dead port 3/5 on $pmux $procmux$3511.
    dead port 4/5 on $pmux $procmux$3511.
    dead port 5/5 on $pmux $procmux$3511.
    dead port 1/2 on $mux $procmux$2082.
    dead port 1/2 on $mux $procmux$2075.
    dead port 2/2 on $mux $procmux$2075.
    dead port 1/2 on $mux $procmux$3634.
    dead port 2/2 on $mux $procmux$3634.
    dead port 1/2 on $mux $procmux$2073.
    dead port 2/2 on $mux $procmux$2073.
    dead port 1/2 on $mux $procmux$2070.
    dead port 2/2 on $mux $procmux$2070.
    dead port 1/2 on $mux $procmux$2066.
    dead port 2/2 on $mux $procmux$2066.
    dead port 1/2 on $mux $procmux$2064.
    dead port 2/2 on $mux $procmux$2064.
    dead port 1/2 on $mux $procmux$2061.
    dead port 2/2 on $mux $procmux$2061.
    dead port 1/2 on $mux $procmux$2057.
    dead port 2/2 on $mux $procmux$2057.
    dead port 1/2 on $mux $procmux$2055.
    dead port 2/2 on $mux $procmux$2055.
    dead port 1/2 on $mux $procmux$2052.
    dead port 2/2 on $mux $procmux$2052.
    dead port 1/2 on $mux $procmux$2048.
    dead port 2/2 on $mux $procmux$2048.
    dead port 1/2 on $mux $procmux$3632.
    dead port 2/2 on $mux $procmux$3632.
    dead port 1/2 on $mux $procmux$2046.
    dead port 2/2 on $mux $procmux$2046.
    dead port 1/2 on $mux $procmux$2043.
    dead port 2/2 on $mux $procmux$2043.
    dead port 1/2 on $mux $procmux$2039.
    dead port 2/2 on $mux $procmux$2039.
    dead port 2/2 on $mux $procmux$3106.
    dead port 1/2 on $mux $procmux$2037.
    dead port 2/2 on $mux $procmux$2037.
    dead port 1/2 on $mux $procmux$2034.
    dead port 2/2 on $mux $procmux$2034.
    dead port 1/2 on $mux $procmux$2030.
    dead port 2/2 on $mux $procmux$2030.
    dead port 1/2 on $mux $procmux$3626.
    dead port 2/2 on $mux $procmux$3626.
    dead port 1/2 on $mux $procmux$2028.
    dead port 2/2 on $mux $procmux$2028.
    dead port 1/2 on $mux $procmux$2025.
    dead port 2/2 on $mux $procmux$2025.
    dead port 2/2 on $mux $procmux$2021.
    dead port 2/2 on $mux $procmux$3104.
    dead port 1/2 on $mux $procmux$2019.
    dead port 1/2 on $mux $procmux$2012.
    dead port 2/2 on $mux $procmux$2012.
    dead port 1/5 on $pmux $procmux$3506.
    dead port 2/5 on $pmux $procmux$3506.
    dead port 3/5 on $pmux $procmux$3506.
    dead port 4/5 on $pmux $procmux$3506.
    dead port 5/5 on $pmux $procmux$3506.
    dead port 1/2 on $mux $procmux$2010.
    dead port 2/2 on $mux $procmux$2010.
    dead port 1/2 on $mux $procmux$2007.
    dead port 2/2 on $mux $procmux$2007.
    dead port 1/2 on $mux $pro
    dead port 1/2 on $mux $procmux$1974.
    dead port 2/2 on $mux $procmux$1967.
    dead port 2/2 on $mux $procmux$3096.
    dead port 1/2 on $mux $procmux$1965.
    dead port 1/2 on $mux $procmux$1958.
    dead port 2/2 on $mux $procmux$1958.
    dead port 1/2 on $mux $procmux$1956.
    dead port 2/2 on $mux $procmux$1956.
    dead port 1/2 on $mux $procmux$1953.
    dead port 2/2 on $mux $procmux$1953.
    dead port 1/2 on $mux $procmux$1949.
    dead port 2/2 on $mux $procmux$1949.
    dead port 2/2 on $mux $procmux$3094.
    dead port 1/2 on $mux $procmux$1947.
    dead 
    dead port 1/2 on $mux $procmux$1974.
    dead port 2/2 on $mux $procmux$1967.
    dead port 2/2 on $mux $procmux$3096.
    dead port 1/2 on $mux $procmux$1965.
    dead port 1/2 on $mux $procmux$1958.
    dead port 2/2 on $mux $procmux$1958.
    dead port 1/2 on $mux $procmux$1956.
    dead port 2/2 on $mux $procmux$1956.
    dead port 1/2 on $mux $procmux$1953.
    dead port 2/2 on $mux $procmux$1953.
    dead port 1/2 on $mux $procmux$1949.
    dead port 2/2 on $mux $procmux$1949.
    dead port 2/2 on $mux $procmux$3094.
    dead port 1/2 on $mux $procmux$1947.
    dead port 2/2 on $mux $procmux$1947.
    dead port 1/2 on $mux $procmux$1944.
    dead port 2/2 on $mux $procmux$1944.
    dead port 2/2 on $mux $procmux$1940.
    dead port 1/5 on $pmux $procmux$3501.
    dead port 2/5 on $pmux $procmux$3501.
    dead port 3/5 on $pmux $procmux$3501.
    dead port 4/5 on $pmux $procmux$3501.
    dead port 5/5 on $pmux $procmux$3501.
    dead port 1/2 on $mux $procmux$1938.
    dead port 2/2 on $mux $procmux$1931.
    dead port 1/2 on $mux $procmux$3616.
    dead port 2/2 on $mux $procmux$3616.
    dead port 1/2 on $mux $procmux$1929.
    dead port 2/2 on $mux $procmux$1922.
    dead port 2/2 on $mux $procmux$3610.
    dead port 1/2 on $mux $procmux$1920.
    dead port 2/2 on $mux $procmux$1913.
    dead port 1/2 on $mux $procmux$1911.
    dead port 2/2 on $mux $procmux$1904.
    dead port 1/2 on $mux $procmux$1902.
    dead port 2/2 on $mux $procmux$1895.
    dead port 2/2 on $mux $procmux$3086.
    dead port 1/2 on $mux $procmux$1893.
    dead port 2/2 on $mux $procmux$1890.
    dead port 2/2 on $mux $procmux$3608.
    dead port 2/2 on $mux $procmux$3084.
    dead port 1/5 on $pmux $procmux$3496.
    dead port 2/5 on $pmux $procmux$3496.
    dead port 3/5 on $pmux $procmux$3496.
    dead port 4/5 on $pmux $procmux$3496.
    dead port 5/5 on $pmux $procmux$3496.
    dead port 2/2 on $mux $procmux$1881.
    dead port 1/2 on $mux $procmux$1879.
    dead port 2/2 on $mux $procmux$1876.
    dead port 2/2 on $mux $procmux$3076.
    dead port 2/2 on $mux $procmux$1867.
    dead port 1/2 on $mux $procmux$3074.
    dead port 1/2 on $mux $procmux$1865.
    dead port 2/2 on $mux $procmux$1862.
    dead port 1/2 on $mux $procmux$3068.
    dead port 2/2 on $mux $procmux$3068.
    dead port 1/2 on $mux $procmux$3066.
    dead port 2/2 on $mux $procmux$3066.
    dead port 2/2 on $mux $procmux$1853.
    dead port 1/2 on $mux $procmux$3063.
    dead port 2/2 on $mux $procmux$3063.
    dead port 1/2 on $mux $procmux$1851.
    dead port 2/2 on $mux $procmux$1848.
    dead port 1/2 on $mux $procmux$3060.
    dead port 2/2 on $mux $procmux$3060.
    dead port 1/2 on $mux $procmux$3058.
    dead port 2/2 on $mux $procmux$3058.
    dead port 1/2 on $mux $procmux$3055.
    dead port 2/2 on $mux $procmux$3055.
    dead port 2/2 on $mux $procmux$1839.
    dead port 1/2 on $mux $procmux$3052.
    dead port 2/2 on $mux $procmux$3052.
    dead port 1/2 on $mux $procmux$1837.
    dead port 2/2 on $mux $procmux$1834.
    dead port 2/2 on $mux $procmux$3597.
    dead port 1/2 on $mux $procmux$3050.
    dead port 2/2 on $mux $procmux$3050.
    dead port 1/2 on $mux $procmux$3047.
    dead port 2/2 on $mux $procmux$3047.
    dead port 1/2 on $mux $procmux$3044.
    dead port 2/2 on $mux $procmux$3044.
    dead port 2/2 on $mux $procmux$1825.
    dead port 1/2 on $mux $procmux$1823.
    dead port 2/2 on $mux $procmux$1820.
    dead port 1/2 on $mux $procmux$3042.
    dead port 2/$procmux$3023.
    dead port 2/2 on $mux $procmux$3023.
    dead port 1/2 on $mux $procmux$1795.
    dead port 2/2 on $mux $procmux$1792.
    dead port 1/2 on $mux $procmux$3020.
    dead port 2/2 on $mux $procmux$3020.
    dead port 1/2 on $mux $procmux$3018.
    dead port 2/2 on $mux $procmux$3018.
    dead port 1/2 on $mux $procmux$3015.
    dead port 2/2 on $mux $procmux$3015.
    dead port 1/2 on $mux $procmux$1783.
    dead port 2/2 on $mux $procmux$1783.
    dead port 2/2 on $mux $procmux$3012.
    dead port 1/2 on $mux $procmux$1781.
    dead port 2/2 on $mux $procmux$1$procmux$3023.
    dead port 2/2 on $mux $procmux$3023.
    dead port 1/2 on $mux $procmux$1795.
    dead port 2/2 on $mux $procmux$1792.
    dead port 1/2 on $mux $procmux$3020.
    dead port 2/2 on $mux $procmux$3020.
    dead port 1/2 on $mux $procmux$3018.
    dead port 2/2 on $mux $procmux$3018.
    dead port 1/2 on $mux $procmux$3015.
    dead port 2/2 on $mux $procmux$3015.
    dead port 1/2 on $mux $procmux$1783.
    dead port 2/2 on $mux $procmux$1783.
    dead port 2/2 on $mux $procmux$3012.
    dead port 1/2 on $mux $procmux$1781.
    dead port 2/2 on $mux $procmux$1781.
    dead port 1/2 on $mux $procmux$1778.
    dead port 2/2 on $mux $procmux$1778.
    dead port 1/2 on $mux $procmux$1775.
    dead port 2/2 on $mux $procmux$1775.
    dead port 2/2 on $mux $procmux$1771.
    dead port 1/2 on $mux $procmux$1769.
    dead port 1/2 on $mux $procmux$1766.
    dead port 1/2 on $mux $procmux$1759.
    dead port 2/2 on $mux $procmux$1759.
    dead port 1/2 on $mux $procmux$3010.
    dead port 1/2 on $mux $procmux$1757.
    dead port 2/2 on $mux $procmux$1757.
    dead port 1/2 on $mux $procmux$1754.
    dead port 2/2 on $mux $procmux$1754.
    dead port 1/2 on $mux $procmux$1751.
    dead port 2/2 on $mux $procmux$1751.
    dead port 1/2 on $mux $procmux$1747.
    dead port 2/2 on $mux $procmux$1747.
    dead port 1/2 on $mux $procmux$1745.
    dead port 2/2 on $mux $procmux$1745.
    dead port 1/2 on $mux $procmux$1742.
    dead port 2/2 on $mux $procmux$1742.
    dead port 1/2 on $mux $procmux$1739.
    dead port 2/2 on $mux $procmux$1739.
    dead port 2/2 on $mux $procmux$1735.
    dead port 2/2 on $mux $procmux$3004.
    dead port 1/2 on $mux $procmux$1733.
    dead port 1/2 on $mux $procmux$1730.
    dead port 2/2 on $mux $procmux$1723.
    dead port 1/2 on $mux $procmux$1721.
    dead port 1/2 on $mux $procmux$1718.
    dead port 2/2 on $mux $procmux$1711.
    dead port 1/2 on $mux $procmux$3002.
    dead port 1/2 on $mux $procmux$1709.
    dead port 1/2 on $mux $procmux$1706.
    dead port 2/2 on $mux $procmux$1699.
    dead port 1/2 on $mux $procmux$1697.
    dead port 1/2 on $mux $procmux$1694.
    dead port 1/2 on $mux $procmux$1687.
    dead port 2/2 on $mux $procmux$1687.
    dead port 2/2 on $mux $procmux$2996.
    dead port 1/2 on $mux $procmux$1685.
    dead port 2/2 on $mux $procmux$1685.
    dead port 1/2 on $mux $procmux$1682.
    dead port 2/2 on $mux $procmux$1682.
    dead port 1/2 on $mux $procmux$1679.
    dead port 2/2 on $mux $procmux$1679.
    dead port 1/2 on $mux $procmux$1675.
    dead port 2/2 on $mux $procmux$1675.
    dead port 1/2 on $mux $procmux$1673.
    dead port 2/2 on $mux $procmux$1673.
    dead port 1/2 on $mux $procmux$1670.
    dead port 2/2 on $mux $procmux$1670.
    dead port 1/2 on $mux $procmux$1667.
    dead port 2/2 on $mux $procmux$1667.
    dead port 2/2 on $mux $procmux$1663.
    dead port 1/2 on $mux $procmux$2994.
    dead port 1/2 on $mux $procmux$1661.
    dead port 1/2 on $mux $procmux$1658.
    dead port 2/2 on $mux $procmux$1651.
    dead port 1/2 on $mux $procmux$1649.
    dead port 1/2 on $mux $procmux$1646.
    dead port 2/2 on $mux $procmux$1639.
    dead port 2/2 on $mux $procmux$2988.
    dead port 1/2 on $mux $procmux$1637.
    dead port 1/2 on $mux $procmux$1634.
    dead port 2/2 on $mux $procmux$1627.
    dead port 1/2 on $mux $procmux$1625.
    dead port 1/2 on $mux $procmux$1622.
    dead port 2/2 on $mux $procmux$1615.
    dead port 1/2 on $mux $procmux$2986.
    dead pormux $procmux$2967.
    dead port 2/2 on $mux $procmux$1569.
    dead port 1/2 on $mux $procmux$1567.
    dead port 1/2 on $mux $procmux$1564.
    dead port 2/2 on $mux $procmux$1561.
    dead port 2/2 on $mux $procmux$2959.
    dead port 2/2 on $mux $procmux$1552.
    dead port 1/2 on $mux $procmux$1550.
    dead port 1/2 on $mux $procmux$1547.
    dead port 2/2 on $mux $procmux$1544.
    dead port 1/2 on $mux $procmux$2957.
    dead port 2/2 on $mux $procmux$2954.
    dead port 2/2 on $mux $procmux$1535.
    dead port 1/5 on $pmux $procmux$3471.
    dead port 2/5 on $pmux $promux $procmux$2967.
    dead port 2/2 on $mux $procmux$1569.
    dead port 1/2 on $mux $procmux$1567.
    dead port 1/2 on $mux $procmux$1564.
    dead port 2/2 on $mux $procmux$1561.
    dead port 2/2 on $mux $procmux$2959.
    dead port 2/2 on $mux $procmux$1552.
    dead port 1/2 on $mux $procmux$1550.
    dead port 1/2 on $mux $procmux$1547.
    dead port 2/2 on $mux $procmux$1544.
    dead port 1/2 on $mux $procmux$2957.
    dead port 2/2 on $mux $procmux$2954.
    dead port 2/2 on $mux $procmux$1535.
    dead port 1/5 on $pmux $procmux$3471.
    dead port 2/5 on $pmux $procmux$3471.
    dead port 3/5 on $pmux $procmux$3471.
    dead port 4/5 on $pmux $procmux$3471.
    dead port 5/5 on $pmux $procmux$3471.
    dead port 1/2 on $mux $procmux$1533.
    dead port 1/2 on $mux $procmux$1530.
    dead port 2/2 on $mux $procmux$1527.
    dead port 2/2 on $mux $procmux$2946.
    dead port 2/2 on $mux $procmux$1518.
    dead port 1/2 on $mux $procmux$2944.
    dead port 1/2 on $mux $procmux$1516.
    dead port 1/2 on $mux $procmux$1513.
    dead port 2/2 on $mux $procmux$1510.
    dead port 2/2 on $mux $procmux$2941.
    dead port 1/5 on $pmux $procmux$3466.
    dead port 2/5 on $pmux $procmux$3466.
    dead port 3/5 on $pmux $procmux$3466.
    dead port 4/5 on $pmux $procmux$3466.
    dead port 5/5 on $pmux $procmux$3466.
    dead port 2/2 on $mux $procmux$1501.
    dead port 1/2 on $mux $procmux$1499.
    dead port 1/2 on $mux $procmux$1496.
    dead port 2/2 on $mux $procmux$1493.
    dead port 2/2 on $mux $procmux$2933.
    dead port 1/2 on $mux $procmux$2931.
    dead port 2/2 on $mux $procmux$1484.
    dead port 2/2 on $mux $procmux$2928.
    dead port 1/2 on $mux $procmux$1482.
    dead port 1/2 on $mux $procmux$1479.
    dead port 2/2 on $mux $procmux$1476.
    dead port 1/5 on $pmux $procmux$3461.
    dead port 2/5 on $pmux $procmux$3461.
    dead port 3/5 on $pmux $procmux$3461.
    dead port 4/5 on $pmux $procmux$3461.
    dead port 5/5 on $pmux $procmux$3461.
    dead port 1/2 on $mux $procmux$2920.
    dead port 2/2 on $mux $procmux$2920.
    dead port 1/2 on $mux $procmux$2918.
    dead port 2/2 on $mux $procmux$2918.
    dead port 2/2 on $mux $procmux$2781.
    dead port 1/2 on $mux $procmux$2915.
    dead port 2/2 on $mux $procmux$2915.
    dead port 1/2 on $mux $procmux$2912.
    dead port 2/2 on $mux $procmux$2912.
    dead port 1/2 on $mux $procmux$3796.
    dead port 2/2 on $mux $procmux$2909.
    dead port 1/2 on $mux $procmux$2907.
    dead port 1/2 on $mux $procmux$2904.
    dead port 1/2 on $mux $procmux$3430.
    dead port 2/2 on $mux $procmux$3430.
    dead port 1/5 on $pmux $procmux$3446.
    dead port 2/5 on $pmux $procmux$3446.
    dead port 3/5 on $pmux $procmux$3446.
    dead port 4/5 on $pmux $procmux$3446.
    dead port 5/5 on $pmux $procmux$3446.
    dead port 1/2 on $mux $procmux$2898.
    dead port 2/2 on $mux $procmux$2898.
    dead port 1/2 on $mux $procmux$2896.
    dead port 2/2 on $mux $procmux$2896.
    dead port 1/2 on $mux $procmux$3790.
    dead port 2/2 on $mux $procmux$2805.
    dead port 1/2 on $mux $procmux$2893.
    dead port 2/2 on $mux $procmux$2893.
    dead port 1/5 on $pmux $procmux$3679.
    dead port 2/5 on $pmux $procmux$3679.
    dead port 3/5 on $pmux $procmux$3679.
    dead port 4/5 on $pmux $procmux$3679.
    dead port 5/5 on $pmux $procmux$3679.
    dead port 1/2 on $mux $procmux$2890.
    dead port 2/2 on $mux $procmux$2890.
    dead port 1/2 on $mux $procmux$2803.
    dead port 1/2 on $muocmux$3428.
    dead port 2/2 on $mux $procmux$3428.
    dead port 1/2 on $mux $procmux$2800.
    dead port 1/2 on $mux $procmux$2874.
    dead port 2/2 on $mux $procmux$2797.
    dead port 1/2 on $mux $procmux$2871.
    dead port 2/2 on $mux $procmux$2773.
    dead port 2/2 on $mux $procmux$3444.
    dead port 2/2 on $mux $procmux$2865.
    dead port 1/2 on $mux $procmux$2863.
    dead port 1/2 on $mux $procmux$2860.
    dead port 1/2 on $mux $procmux$3423.
    dead port 2/2 on $mux $procmux$3423.
    dead port 2/2 on $mux $procmux$2854.
    dead port 1/2 on $mux $procmux$2852ocmux$3428.
    dead port 2/2 on $mux $procmux$3428.
    dead port 1/2 on $mux $procmux$2800.
    dead port 1/2 on $mux $procmux$2874.
    dead port 2/2 on $mux $procmux$2797.
    dead port 1/2 on $mux $procmux$2871.
    dead port 2/2 on $mux $procmux$2773.
    dead port 2/2 on $mux $procmux$3444.
    dead port 2/2 on $mux $procmux$2865.
    dead port 1/2 on $mux $procmux$2863.
    dead port 1/2 on $mux $procmux$2860.
    dead port 1/2 on $mux $procmux$3423.
    dead port 2/2 on $mux $procmux$3423.
    dead port 2/2 on $mux $procmux$2854.
    dead port 1/2 on $mux $procmux$2852.
    dead port 1/2 on $mux $procmux$2771.
    dead port 1/2 on $mux $procmux$2849.
    dead port 2/2 on $mux $procmux$2843.
    dead port 1/2 on $mux $procmux$2768.
    dead port 2/2 on $mux $procmux$3437.
    dead port 1/2 on $mux $procmux$2841.
    dead port 1/2 on $mux $procmux$2838.
    dead port 2/2 on $mux $procmux$2832.
    dead port 2/2 on $mux $procmux$2765.
    dead port 2/2 on $mux $procmux$2789.
    dead port 1/5 on $pmux $procmux$3451.
    dead port 2/5 on $pmux $procmux$3451.
    dead port 3/5 on $pmux $procmux$3451.
    dead port 4/5 on $pmux $procmux$3451.
    dead port 5/5 on $pmux $procmux$3451.
    dead port 1/2 on $mux $procmux$2830.
    dead port 1/2 on $mux $procmux$2827.
    dead port 2/2 on $mux $procmux$2821.
    dead port 1/2 on $mux $procmux$2787.
    dead port 1/2 on $mux $procmux$2819.
    dead port 1/2 on $mux $procmux$2816.
    dead port 1/2 on $mux $procmux$3421.
    dead port 2/2 on $mux $procmu  Optimizing cells in module $paramod$508cca98229eff1b70362476b43647777eac3ce1\qos_arbiter.
  Optimizing cells in module \axi4lite_arbiter_top.
    New ctrl vector for $pmux cell $procmux$2110: { $procmux$2733_CMP $auto$opt_reduce.cc:137:opt_pmux$4016 }
    New ctrl vector for $pmux cell $procmux$1787: { $procmux$2735_CMP $auto$opt_reduce.cc:137:opt_pmux$4018 }
    New ctrl vector for $pmux cell $procmux$3541: { $auto$opt_reduce.cc:137:opt_pmux$4020 $procmux$3741_CMP }
    New ctrl vector for $pmux cell $procmux$2099: { $auto$opt_reduce.cc:137:opt_pmux$4022 $procmux$2732_CMP }
  Optimizing cells in module $paramod$508cca98229eff1b70362476b43647777eac3ce1\qos_arbiter.
  Optimizing cells in module \axi4lite_arbiter_top.
    New ctrl vector for $pmux cell $procmux$2110: { $procmux$2733_CMP $auto$opt_reduce.cc:137:opt_pmux$4016 }
    New ctrl vector for $pmux cell $procmux$1787: { $procmux$2735_CMP $auto$opt_reduce.cc:137:opt_pmux$4018 }
    New ctrl vector for $pmux cell $procmux$3541: { $auto$opt_reduce.cc:137:opt_pmux$4020 $procmux$3741_CMP }
    New ctrl vector for $pmux cell $procmux$2099: { $auto$opt_reduce.cc:137:opt_pmux$4022 $procmux$2732_CMP }
    New ctrl vector for $pmux cell $procmux$2088: { $procmux$2735_CMP $auto$opt_reduce.cc:137:opt_pmux$4024 }
    New ctrl vector for $pmux cell $procmux$3109: { $procmux$3778_CMP $auto$opt_reduce.cc:137:opt_pmux$4026 }
    New ctrl vector for $pmux cell $procmux$3481: { $auto$opt_reduce.cc:137:opt_pmux$4028 $procmux$3741_CMP }
    New ctrl vector for $pmux cell $procmux$3546: { $auto$opt_reduce.cc:137:opt_pmux$4030 $procmux$3741_CMP }
    New ctrl vector for $pmux cell $procmux$3099: { $procmux$3777_CMP $auto$opt_reduce.cc:137:opt_pmux$4032 }
    New ctrl vector for $pmux cell $procmux$1590: { $procmux$2734_CMP $auto$opt_reduce.cc:137:opt_pmux$4034 }
    New ctrl vector for $pmux cell $procmux$1573: { $procmux$2733_CMP $auto$opt_reduce.cc:137:opt_pmux$4036 }
    New ctrl vector for $pmux cell $procmux$3476: { $auto$opt_reduce.cc:137:opt_pmux$4038 $procmux$3741_CMP }
    New ctrl vector for $pmux cell $procmux$2962: { $procmux$3778_CMP $auto$opt_reduce.cc:137:opt_pmux$4040 }
    New ctrl vector for $pmux cell $procmux$3581: { $procmux$3755_CMP $auto$opt_reduce.cc:137:opt_pmux$4042 }
    New ctrl vector for $pmux cell $procmux$1556: { $auto$opt_reduce.cc:137:opt_pmux$4044 $procmux$2732_CMP }
    New ctrl vector for $pmux cell $procmux$1539: { $procmux$2735_CMP $auto$opt_reduce.cc:137:opt_pmux$4046 }
    New ctrl vector for $pmux cell $procmux$3551: { $procmux$3749_CMP $auto$opt_reduce.cc:137:opt_pmux$4048 }
    New ctrl vector for $pmux cell $procmux$2949: { $procmux$3777_CMP $auto$opt_reduce.cc:137:opt_pmux$4050 }
    New ctrl vector for $pmux cell $procmux$1522: { $procmux$2734_CMP $auto$opt_reduce.cc:137:opt_pmux$4052 }
    New ctrl vector for $pmux cell $procmux$3576: { $procmux$3749_CMP $auto$opt_reduce.cc:137:opt_pmux$4054 }
    New ctrl vector for $pmux cell $procmux$3089: { $auto$opt_reduce.cc:137:opt_pmux$4056 $procmux$3776_CMP }
    New ctrl vector for $pmux cell $procmux$1505: { $procmux$2733_CMP $auto$opt_reduce.cc:137:opt_pmux$4058 }
    New ctrl vector for $pmux cell $procmux$2936: { $auto$opt_reduce.cc:137:opt_pmux$4060 $procmux$3776_CMP }
    New ctrl vector for $pmux cell $procmux$1488: { $auto$opt_reduce.cc:137:opt_pmux$4062 $procmux$2732_CMP }
    New ctrl vector for $pmux cell $procmux$3571: { $auto$opt_reduce.cc:137:opt_pmux$4064 $procmux$3741_CMP }
    New ctrl vector for $pmux cell $procmux$1885: { $procmux$2734_CMP $auto$opt_reduce.cc:137:opt_pmux$4066 }
    New ctrl vector for $pmux cell $procmux$1471: { $procmux$2735_CMP $auto$opt_reduce.cc:137:opt_pmux$4068 }
    New ctrl vector for $pmux cell $procmux$2923: { $procmux$3779_CMP $auto$opt_reduce.cc:137:opt_pmux$4070 }
    New ctrl vector for $pmux cell $procmux$2165: $auto$opt_reduce.cc:137:opt_pmux$4072
    New ctrl vector for $pmux cell $procmux$3079: { $procmux$3779_CMP $auto$opt_reduce.cc:137:opt_pmux$4074 }
    New ctrl vector for $pmux cell $procmux$2808: { $procmux$3778_CMP $auto$opt_reduce.cc:ector for $pmux cell $procmux$2154: $auto$opt_reduce.cc:137:opt_pmux$4088
    New ctrl vector for $pmux cell $procmux$1843: { $procmux$2735_CMP $auto$opt_reduce.cc:137:opt_pmux$4090 }
    New ctrl vector for $pmux cell $procmux$2143: $auto$opt_reduce.cc:137:opt_pmux$4092
    New ctrl vector for $pmux cell $procmux$1829: { $procmux$2734_CMP $auto$opt_reduce.cc:137:opt_pmux$4094 }
    New ctrl vector for $pmux cell $procmux$3556: { $procmux$3749_CMP $auto$opt_reduce.cc:137:opt_pmux$4096 }
    New ctrl vector for $pmux cell $procmux$2132: $auto$opt_reduce.cc:137:opt_pmux$4098
    ector for $pmux cell $procmux$2154: $auto$opt_reduce.cc:137:opt_pmux$4088
    New ctrl vector for $pmux cell $procmux$1843: { $procmux$2735_CMP $auto$opt_reduce.cc:137:opt_pmux$4090 }
    New ctrl vector for $pmux cell $procmux$2143: $auto$opt_reduce.cc:137:opt_pmux$4092
    New ctrl vector for $pmux cell $procmux$1829: { $procmux$2734_CMP $auto$opt_reduce.cc:137:opt_pmux$4094 }
    New ctrl vector for $pmux cell $procmux$3556: { $procmux$3749_CMP $auto$opt_reduce.cc:137:opt_pmux$4096 }
    New ctrl vector for $pmux cell $procmux$2132: $auto$opt_reduce.cc:137:opt_pmux$4098
    New ctrl vector for $pmux cell $procmux$2792: { $procmux$3777_CMP $auto$opt_reduce.cc:137:opt_pmux$4100 }
    New ctrl vector for $pmux cell $procmux$2760: { $procmux$3779_CMP $auto$opt_reduce.cc:137:opt_pmux$4102 }
    New ctrl vector for $pmux cell $procmux$1815: { $procmux$2733_CMP $auto$opt_reduce.cc:137:opt_pmux$4104 }
    New ctrl vector for $pmux cell $procmux$2121: { $procmux$2734_CMP $auto$opt_reduce.cc:1Finding identical cells in module `$paramod$508cca98229eff1b70362476b43647777eac3ce1\qos_arbiter'.
<suppressed ~9 debug messages>
Finding identical cells in module `\axi4lite_arbiter_top'.
<suppressed ~126 debug messages>
Finding identical cells in module `$paramod$59f66e305bd3b47082af7a1e20206251db0b33b5\addr_decoder'.
Removed a total of 45 cells.

6.6. Executing OPT_DFF pass (perform DFF optimizations).
Adding EN signal on $procdff$3854 ($adff) from module $paramod$508cca98229eff1b70362476b43647777eac3ce1\qos_arbiter (D = $procmux$613_Y, Q = \current_master).
Adding EN signal on $procdff$3879 ($adff) from module $paramod$508cca98229eff1b70362476b43647777eac3ce1\qos_arbiter (D = \eff_rr_ptr, Q = \rr_ptr).
Adding EN signal on $procdff$3864 ($adff) from module $paramod$508cca98229eff1b70362476b43647777eac3ce1\qos_arbiter (D = \eff_q1, Q = \quota_1).
Adding EN signal on $procdff$3874 ($adff) from module $paramod$508cca98229eff1b70362476b43647777eac3ce1\qos_arbiter (D = \eff_q3, Q Adding EN signal on $procdff$3854 ($adff) from module $paramod$508cca98229eff1b70362476b43647777eac3ce1\qos_arbiter (D = $procmux$613_Y, Q = \current_master).
Adding EN signal on $procdff$3879 ($adff) from module $paramod$508cca98229eff1b70362476b43647777eac3ce1\qos_arbiter (D = \eff_rr_ptr, Q = \rr_ptr).
Adding EN signal on $procdff$3864 ($adff) from module $paramod$508cca98229eff1b70362476b43647777eac3ce1\qos_arbiter (D = \eff_q1, Q = \quota_1).
Adding EN signal on $procdff$3874 ($adff) from module $paramod$508cca98229eff1b70362476b43647777eac3ce1\qos_arbiter (D = \eff_q3, Q = \quota_3).
Adding EN signal on $procdff$3869 ($adff) from module $paramod$508cca98229eff1b70362476b43647777eac3ce1\qos_arbiter (D = \eff_q2, Q = \quota_2).
Adding EN signal on $procdff$3914 ($adff) from module axi4lite_arbiter_top (D = $4$mem2reg_rd$\m_arprot$/mnt/c/Users/Chand/Documents/New$20folder/SparkAhead-/SparkAhead-/src/rtl/axi4lite_arbiter_top.sv:595$37_DATA[2:0]$232, Q = \r_latched_prot).
Adding EN signal on $procdff$3964 ($adff) from module axi4lite_arbiter_top (D = \w_eval_slave_sel, Q = \w_target_slave_sel).
Adding EN signal on $procdff$3889 ($adff) from module axi4lite_arbiter_top (D = $procmux$2719_Y, Q = \r_state).
Adding EN signal on $procdff$3979 ($adff) from module axi4lite_arbiter_top (D = $4$mem2reg_rd$\m_awprot$/mnt/c/Users/Chand/Documents/New$20folder/SparkAhead-/SparkAhead-/src/rtl/axi4lite_arbiter_top.sv:319$31_DATA[2:0]$74, Q = \w_latched_prot).
Adding EN signal on $procdff$3974 ($adff) from module axi4lite_arbiter_top (D = $4$mem2reg_rd$\m_awaddr$/mnt/c/Users/Chand/Documents/New$20folder/SparkAhead-/SparkAhead-/src/rtl/axi4lite_arbiter_top.sv:318$30_DATA[31:0]$73, Q = \w_latched_addr).
Adding EN signal on $procdff$3969 ($adff) from module axi4lite_arbiter_top (D = \w_eval_invalid_addr, Q = \w_target_invalid).
Adding EN signal on $procdff$3954 ($adff) from module axi4lite_arbiter_top (D = $procmux$3740_Y, Q = \w_state).
Adding EN signal on $procdff$3899 ($adff) from module axi4lite_arbiter_top (D = \r_eval_slave_sel, Q = \r_target_slave_sel).
Adding EN signal on $procdff$3894 ($adff) from module axi4lite_arbiter_top (D = \read_arb_master_id, Q = \r_owner_m_id).
Adding EN signal on $procdff$3909 ($adff) from module axi4lite_arbiter_top (D = $4$mem2reg_rd$\m_araddr$/mnt/c/Users/Chand/Documents/New$20folder/SparkAhead-/SparkAhead-/src/rtl/axi4lite_arbiter_top.sv:594$36_DATA[31:0]$231, Q = \r_latched_addr).
Adding EN signal on $procdff$3959 ($adff) from module axi4lite_arbiter_top (D = \write_arb_master_id, Q = \w_owner_m_id).
Adding EN signal on $procdff$3904 ($adff) from module axi4lite_arbiter_top (D = \r_eval_invalid_addr, Q = \r_target_invalid).
Setting constant 1-bit at position 0 on $procdff$3939 ($adff) from module axi4lite_arbiter_top.
Setting constant 1-bit at position 1 on $procdff$3939 ($adff) from module axi4lite_arbiter_top.
Setting constant 1-bit at position 2 on $procdff$3939 ($adff) from module axi4lite_arbiter_top.
Setting constant 1-bit at position 3 on $procdff$3939 ($adff) from module axi4lite_arbiter_top.
Setting constant 1-bit at position 4 on $procdff$3939 ($adff) from module axi4lite_arbiter_top.
Setting constant 1-bit at position 5 on $procdff$3939 ($adff) from module axi4lite_arbiter_top.
Setting constant 1-bit at position 6 on $procdff$3939 ($adff) from module axi4lite_arbiter_top.
Setting constant 1-bit at position 7 on $procdff$3939 ($adff) from module axi4lite_arbiter_top.
Setting constant 1-bit at position 8 on $procdff$9 ($adff) from module axi4lite_arbiter_top.
Setting constant 1-bit at position 15 on $procdff$3939 ($adff) from module axi4lite_arbiter_top.
Setting constant 1-bit at position 16 on $procdff$3939 ($adff) from module axi4lite_arbiter_top.
Setting constant 1-bit at position 17 on $procdff$3939 ($adff) from module axi4lite_arbiter_top.
Setting constant 1-bit at position 18 on $procdff$3939 ($adff) from module axi4lite_arbiter_top.
Setting constant 1-bit at position 19 on $procdff$3939 ($adff) from module axi4lite_arbiter_top.
Setting constant 1-bit at position 20 on $procdff$3939 9 ($adff) from module axi4lite_arbiter_top.
Setting constant 1-bit at position 15 on $procdff$3939 ($adff) from module axi4lite_arbiter_top.
Setting constant 1-bit at position 16 on $procdff$3939 ($adff) from module axi4lite_arbiter_top.
Setting constant 1-bit at position 17 on $procdff$3939 ($adff) from module axi4lite_arbiter_top.
Setting constant 1-bit at position 18 on $procdff$3939 ($adff) from module axi4lite_arbiter_top.
Setting constant 1-bit at position 19 on $procdff$3939 ($adff) from module axi4lite_arbiter_top.
Setting constant 1-bit at position 20 on $procdff$3939 ($adff) from module axi4lite_arbiter_top.
Setting constant 1-bit at position 21 on $procdff$3939 ($adff) from module axi4lite_arbiter_top.
Setting constant 1-bit at position 22 on $procdff$3939 ($adff) from module axi4lite_arbiter_top.
Setting constant 1-bit at position 23 on $procdff$3939 ($adff) from module axi4lite_arbiter_top.
Setting constant 1-bit at position 24 on $procdff$3939 ($adff) from module axi4lite_arbiter_top.
Setting constant 1-bit at position 25 on $procdff$3939 ($adff) from module axi4lite_arbiter_top.
Setting constant 1-bit at position 26 on $procdff$3939 ($adff) from module axi4lite_arbiter_top.
Setting constant 1-bit at position 27 on $procdff$3939 ($adff) from module axi4lite_arbiter_top.
Setting constant 1-bit at position 28 on $procdff$3939 ($adff) from module axi4lite_arbiter_top.
Setting constant 1-bit at position 29 on $procdff$3939 ($adff) from module axi4lite_arbiter_top.
Setting constant 1-bit at position 30 on $procdff$3939 ($adff) from module axi4lite_arbiter_top.
Setting constant 1-bit at position 31 on $procdff$3939 ($adff) from module axi4lite_arbiter_top.
Setting constant 1-bit at position 0 on $procdff$3944 ($Finding unused cells or wires in module $paramod$508cca98229eff1b70362476b43647777eac3ce1\qos_arbiter..
Finding unused cells or wires in module \axi4lite_arbiter_top..
Finding unused cells or wires in module $paramod$59f66e305bd3b47082af7a1e20206251db0b33b5\addr_decoder..
Removed 42 unused cells and 2894 unused wires.
<suppressed ~45 debug messages>

6.8. Executing OPT_EXPR pass (perform const folding).
Optimizing module $paramod$508cca98229eff1b70362476b43647777eac3ce1\qos_arbiter.
Optimizing module $paramod$59f66e305bd3b47082af7a1e20206251db0b33b5\addr_decoder.
Optimizing module axi4lite_arbiter_top.
<suppressed ~1 debug messages>

6.9. Rerunning OPT passes. (Maybe there is more to do..)

6.10. Executing OPT_MUXTREE pass (detect dead branches in mux trees).
Running muxtree optimizer on module $paramod$508cca98229eff1b70362476b43647777eac3ce1\qos_arbiter..
  Creating internal representation of mux trees.
  Evaluating internal representation of mux trees.
  Analyzing evaluation results.
Running muxtree optimizer on module $paramod$59f66e305bd3b47082af7a1e20206251db0b33b5\addr_decoder..
  Creating internal representation of mux trees.
  Evaluating internal representation of mux trees.
  Analyzing evaluation results.
Running muxtree optimizer on module \axi4lite_arbiter_top..
  Creating internal representation of mux trees.
  EvaluatiRunning muxtree optimizer on module $paramod$508cca98229eff1b70362476b43647777eac3ce1\qos_arbiter..
  Creating internal representation of mux trees.
  Evaluating internal representation of mux trees.
  Analyzi  Optimizing cells in module $paramod$508cca98229eff1b70362476b43647777eac3ce1\qos_arbiter.
  Optimizing cells in module $paramod$59f66e305bd3b47082af7a1e20206251db0b33b5\addr_decoder.
  Optimizing cells in module \axi4lite_arbiter_top.
Performed a total of 0 changes.

6.12. Executing OPT_MERGE pass (detect identical cells).
Finding identical cells in module `$paramod$508cca98229eff1b70362476b43647777eac3ce1\qos_arbiter'.
<suppressed ~9 debug messages>
Finding identical cells in module `$paramod$59f66e305bd3b47082af7a1e20206251db0b33b5\addr_decoder'.
Finding identical cells in module `\axi4lite_arbiter_top'.
<suppressed ~24 debug messages>
Removed a total of 11 cells.

6.13. Executing OPT_DFF pass (perform DFF optimizations).

6.14. Executing OPT_CLEAN pass (remove unused cells and wires).
Finding unused cells or wires in module $paramod$508cca98229eff1b70362476b43647777eac3ce1\qos_arbiter..
Finding unused cells or wires in module $paramod$59f66e305bd3b47082af7a1e20206251db0b33b5\addr_decoder..
Finding unused cells or wires in module \axi4lite_arbiter_top..
Removed 0 unused cells and 11 unused wires.
<suppressed ~2 debug messages>

6.15. Executing OPT_EXPR pass (perform const folding).
Optimizing module $paramod$508cca98229eff1b70362476b43647777eac3ce1\qos_arbiter.
Optimizing module $paramod$59f66e305bd3b47082af7a1e20206251db0b33b5\addr_decoder.
Optimizing module axi4lite_arbiter_top.

6.16. Rerunning OPT passes. (Maybe there is more to do..)

6.17. Executing OPT_MUXTREE pass (detect dead branches in mux trees).
Running muxtree optimizer on module $paramod$508cca98229eff1b70362476b43647777eac3ce1\qos_arbiter..
  Creating internal representation of mux trees.
  Evaluating internal representation of mux trees.
  Analyzing evaluation results.
Running muxtree optimizer on module $paramod$59f66e305bd3b47082af7a1e20206251db0b33b5\addr_decoder..
  Creating internal representation of mux trees.
  Evaluating internal representation of mux trees.
  Analyzing evaluation results.
Running muxtree optimizer on module \axi4lite_arbiter_top..
  Creating internal representation of mux trees.
  EvaluatiRunning muxtree optimizer on module $paramod$508cca98229eff1b70362476b43647777eac3ce1\qos_arbiter..
  Creating internal representation of mux trees.
  Evaluating internal representation of mux trees.
  Analyzi  Optimizing cells in module $paramod$508cca98229eff1b70362476b43647777eac3ce1\qos_arbiter.
  Optimizing cells in module $paramod$59f66e305bd3b47082af7a1e20206251db0b33b5\addr_decoder.
  Optimizing cells in module \axi4lite_arbiter_top.
Performed a total of 0 changes.

6.19. Executing OPT_MERGE pass (detect identical cells).
Finding identical cells in module `$paramod$508cca98229eff1b70362476b43647777eac3ce1\qos_arbiter'.
Finding identical cells in module `$paramod$59f66e305bd3b47082af7a1e20206251db0b33b5\addr_decoder'.
Finding identical cells in module `\axi4lite_arbiter_top'.
Removed a total of 0 cells.

6.20. Executing OPT_DFF pass (perform DFF optimizations).

6.21. Executing OPT_CLEAN pass (remove unused cells and wires).
Finding unused cells or wires in module $paramod$508cca98229eff1b70362476b43647777eac3ce1\qos_arbiter..
Finding unused cells or wires in module $paramod$59f66e305bd3b47082af7a1e20206251db0b33b5\addr_decoder..
Finding unused cells or wires in module \axi4lite_arbiter_top..

6.22. Executing OPT_EXPR pass (perform const folding).
Optimizing module $paramod$508cca98229eff1b70362476b43647777eac3ce1\qos_arbiter.
Optimizing module $paramod$59f66e305bd3b47082af7a1e20206251db0b33b5\addr_decoder.
Optimizing module axi4lite_arbiter_top.

6.23. Finished OPT passes. (There is nothing left to do.)

7. Executing SYNTH pass.

7.1. Executing HIERARCHY pass (managing design hierarchy).

7.1.1. Analyzing design hierarchy..
Top module:  \axi4lite_arbiter_top
Used module:     $paramod$59f66e305bd3b47082af7a1e20206251db0b33b5\addr_decoder
Used module:     $paramod$508cca98229eff1b70362476b43647777eac3ce1\qos_arbiter

7.1.2. Analyzing design hierarchy..
Top module:  \axi4lite_arbiter_top
Used module:     $paramod$59f66e305bd3b47082af7a1e20206251db0b33b5\addr_decoder
Used module:     $paramod$508cca98229eff1b70362476b43647777eac3ce1\qos_arbiter
Removed 0 unused modules.

7.2. Executing PROC pass (convert processes to netlists).

7.2.1. Executing PROC_CLEAN pass (remove empty switches from decision trees).
Cleaned up 0 empty switches.

7.2.2. Executing PROC_RMDEAD pass (remove dead branches from decision trees).
Removed a total of 0 dead cases.

7.2.3. Executing PROC_PRUNE pass (remove redundant assignments in processes).
Removed 0 redundant assignments.
Promoted 0 assignments to connections.

7.2.4. Executing PROC_INIT pass (extract init attributes).

7.2.5. Executing PROC_ARST pass (detect async resets in processes).

7.2.6. Executing PROC_ROM pass (convert switches to ROMs).
Converted 0 switches.

7.2.7. Executing PROC_MUX pass (convert decision trees to multiplexers).

7.2.8. Executing PROC_DLATCH pass (convert process syncs to latches).

7.2.9. Executing PROC_DFF pass (convert process syncs to FFs).

7.2.10. Executing PROC_MEMWR pass (convert process memory writes to cells).

7.2.11. Executing PROC_CLEAN pass (remove empty switches from decision trees).
Cleaned up 0 empty switches.

7.2.12. Executing OPT_EXPR pass (perform const folding).
Optimizing module $paramod$508cca98229eff1b70362476b43647777eac3ce1\qos_arbiter.
Optimizing module $paramod$59f66e305bd3b47082af7a1e20206251db0b33b5\addr_decoder.
Optimizing module axi4lite_arbiter_top.

7.3. Executing OPT_EXPR pass (perform const folding).
Optimizing module $paramod$508cca98229eff1b70362476b43647777eac3ce1\qos_arbiter.
Optimizing module $paramod$59f66e305bd3b47082af7a1e20206251db0b33b5\addr_decoder.
Optimizing module axi4lite_arbiter_top.

7.4. Executing OPT_CLEAN pass (remove unused cells and wires).
Finding unused cells or wires in module $paramod$508cca98229eff1b70362476b43647777eac3ce1\qos_arbiter..
Finding unused cells or wires in module $paramod$59f66e305bd3b47082af7a1e20206251db0b33b5\addr_decoder..
Finding unused cells or wires in module \axi4lite_arbiter_top..

7.5. Executing CHECK pass (checking for obvious problems).
Checking module $paramod$508cca98229eff1b70362476b43647777eac3ce1\qos_arbiter...
Checking module $paramod$59f66e305bd3b47082af7a1e20206251db0b33b5\addr_decoder...
Checking module axi4lite_arbiter_top...
Found and reported 0 problems.

7.6. Executing OPT pass (performing simple optimizations).

7.6.1. Executing OPT_EXPR pass (perform const folding).
Optimizing module $paramod$508cca98229eff1b70362476b43647777eac3ce1\qos_arbiter.
Optimizing module $paramod$59f66e305bd3b47082af7a1e20206251db0b33b5\addr_decoder.
Optimizing module axi4lite_arbiter_top.

7.6.2. Executing OPT_MERGE pass (detect identical cells).
Finding identical cells in module `$paramod$508cca98229eff1b70362476b43647777eac3ce1\qos_arbiter'.
Finding identical cells in module `$paramod$59f66e305bd3b47082af7a1e20206251db0b33b5\addr_decoder'.
Finding identical cells in module `\axi4lite_arbiter_top'.
Removed a total of 0 cells.

7.6.3. Executing OPT_MUXTREE pass (detect dead branches in mux trees).
Running muxtree optimizer on module $paramod$508cca98229eff1b70362476b43647777eac3ce1\qos_arbiter..
  Creating internal representation of mux trees.
  Evaluating internal representation of mux trees.
  Analyzing evaluation results.
Running muxtree optimizer on module $paramod$59f66e305bd3b47082af7a1e20206251db0b33b5\addr_decoder..
  Creating internal representation of mux trees.
  Evaluating internal representation of mux trees.
  Analyzing evaluation results.
Running muxtree optimizer on module \axi4lite_arbiter_top..
  Creating internal representation of mux trees.
  EvaluatiRunning muxtree optimizer on module $paramod$508cca98229eff1b70362476b43647777eac3ce1\qos_arbiter..
  Creating internal representation of mux trees.
  Evaluating internal representation of mux trees.
  Analyzin  Optimizing cells in module $paramod$508cca98229eff1b70362476b43647777eac3ce1\qos_arbiter.
  Optimizing cells in module $paramod$59f66e305bd3b47082af7a1e20206251db0b33b5\addr_decoder.
  Optimizing cells in module \axi4lite_arbiter_top.
Performed a total of 0 changes.

7.6.5. Executing OPT_MERGE pass (detect identical cells).
Finding identical cells in module `$paramod$508cca98229eff1b70362476b43647777eac3ce1\qos_arbiter'.
Finding identical cells in module `$paramod$59f66e305bd3b47082af7a1e20206251db0b33b5\addr_decoder'.
Finding identical cells in module `\axi4lite_arbiter_top'.
Removed a total of 0 cells.

7.6.6. Executing OPT_DFF pass (perform DFF optimizations).

7.6.7. Executing OPT_CLEAN pass (remove unused cells and wires).
Finding unused cells or wires in module $paramod$508cca98229eff1b70362476b43647777eac3ce1\qos_arbiter..
Finding unused cells or wires in module $paramod$59f66e305bd3b47082af7a1e20206251db0b33b5\addr_decoder..
Finding unused cells or wires in module \axi4lite_arbiter_top..

7.6.8. Executing OPT_EXPR pass (perform const folding).
Optimizing module $paramod$508cca98229eff1b70362476b43647777eac3ce1\qos_arbiter.
Optimizing module $paramod$59f66e305bd3b47082af7a1e20206251db0b33b5\addr_decoder.
Optimizing module axi4lite_arbiter_top.

7.6.9. Finished OPT passes. (There is nothing left to do.)

7.7. Executing FSM pass (extract and optimize FSM).

7.7.1. Executing FSM_DETECT pass (finding FSMs in design).

7.7.2. Executing FSM_EXTRACT pass (extracting FSM from design).

7.7.3. Executing FSM_OPT pass (simple optimizations of FSMs).

7.7.4. Executing OPT_CLEAN pass (remove unused cells and wires).
Finding unused cells or wires in module $paramod$508cca98229eff1b70362476b43647777eac3ce1\qos_arbiter..
Finding unused cells or wires in module $paramod$59f66e305bd3b47082af7a1e20206251db0b33b5\addr_decoder..
Finding unused cells or wires in module \axi4lite_arbiter_top..

7.7.5. Executing FSM_OPT pass (simple optimizations of FSMs).

7.7.6. Executing FSM_RECODE pass (re-assigning FSM state encoding).

7.7.7. Executing FSM_INFO pass (dumping all available information on FSM cells).

7.7.8. Executing FSM_MAP pass (mapping FSMs to basic logic).

7.8. Executing OPT pass (performing simple optimizations).

7.8.1. Executing OPT_EXPR pass (perform const folding).
Optimizing module $paramod$508cca98229eff1b70362476b43647777eac3ce1\qos_arbiter.
Optimizing module $paramod$59f66e305bd3b47082af7a1e20206251db0b33b5\addr_decoder.
Optimizing module axi4lite_arbiter_top.

7.8.2. Executing OPT_MERGE pass (detect identical cells).
Finding identical cells in module `$paramod$508cca98229eff1b70362476b43647777eac3ce1\qos_arbiter'.
Finding identical cells in module `$paramod$59f66e305bd3b47082af7a1e20206251db0b33b5\addr_decoder'.
Finding identical cells in module `\axi4lite_arbiter_top'.
Removed a total of 0 cells.

7.8.3. Executing OPT_MUXTREE pass (detect dead branches in mux trees).
Running muxtree optimizer on module $paramod$508cca98229eff1b70362476b43647777eac3ce1\qos_arbiter..
  Creating internal representation of mux trees.
  Evaluating internal representation of mux trees.
  Analyzing evaluation results.
Running muxtree optimizer on module $paramod$59f66e305bd3b47082af7a1e20206251db0b33b5\addr_decoder..
  Creating internal representation of mux trees.
  Evaluating internal representation of mux trees.
  Analyzing evaluation results.
Running muxtree optimizer on module \axi4lite_arbiter_top..
  Creating internal representation of mux trees.
  EvaluatiRunning muxtree optimizer on module $paramod$508cca98229eff1b70362476b43647777eac3ce1\qos_arbiter..
  Creating internal representation of mux trees.
  Evaluating internal representation of mux trees.
  Analyzin  Optimizing cells in module $paramod$508cca98229eff1b70362476b43647777eac3ce1\qos_arbiter.
  Optimizing cells in module $paramod$59f66e305bd3b47082af7a1e20206251db0b33b5\addr_decoder.
  Optimizing cells in module \axi4lite_arbiter_top.
Performed a total of 0 changes.

7.8.5. Executing OPT_MERGE pass (detect identical cells).
Finding identical cells in module `$paramod$508cca98229eff1b70362476b43647777eac3ce1\qos_arbiter'.
Finding identical cells in module `$paramod$59f66e305bd3b47082af7a1e20206251db0b33b5\addr_decoder'.
Finding identical cells in module `\axi4lite_arbiter_top'.
Removed a total of 0 cells.

7.8.6. Executing OPT_DFF pass (perform DFF optimizations).

7.8.7. Executing OPT_CLEAN pass (remove unused cells and wires).
Finding unused cells or wires in module $paramod$508cca98229eff1b70362476b43647777eac3ce1\qos_arbiter..
Finding unused cells or wires in module $paramod$59f66e305bd3b47082af7a1e20206251db0b33b5\addr_decoder..
Finding unused cells or wires in module \axi4lite_arbiter_top..

7.8.8. Executing OPT_EXPR pass (perform const folding).
Optimizing module $paramod$508cca98229eff1b70362476b43647777eac3ce1\qos_arbiter.
Optimizing module $paramod$59f66e305bd3b47082af7a1e20206251db0b33b5\addr_decoder.
Optimizing module axi4lite_arbiter_top.

7.8.9. Finished OPT passes. (There is nothing left to do.)

7.9. Executing WREDUCE pass (reducing word size of cells).
Removed top 30 bits (of 32) from port B of cell $paramod$508cca98229eff1b70362476b43647777eac3ce1\qos_arbiter.$gt$/mnt/c/Users/Chand/Documents/New$20folder/SparkAhead-/SparkAhead-/src/rtl/qos_arbiter.sv:98$442 ($gt).
Removed top 30 bits (of 32) from port B of cell $paramod$508cca98229eff1b70362476b43647777eac3ce1\qos_arbiter.$sub$/mnt/c/Users/Chand/Documents/New$20folder/SparkAhead-/SparkAhead-/src/rtl/qos_arbiter.sv:98$443 ($sub).
Removed top 30 bits (of 32) from port B of cell $paramod$508cca98229eff1b70362476b43647777eac3ce1\qos_arbiter.$gt$/mnt/c/Users/Chand/Documents/New$2Removed top 30 bits (of 32) from port B of cell $paramod$508cca98229eff1b70362476b43647777eac3ce1\qos_arbiter.$gt$/mnt/c/Users/Chand/Documents/New$20folder/SparkAhead-/SparkAhead-/src/rtl/qos_arbiter.sv:98$442 ($gt).
Removed top 30 bits (of 32) from port B of cell $paramod$508cca98229eff1b70362476b43647777eac3ce1\qos_arbiter.$sub$/mnt/c/Users/Chand/Documents/New$20folder/SparkAhead-/SparkAhead-/src/rtl/qos_arbiter.sv:98$443 ($sub).
Removed top 30 bits (of 32) from port B of cell $paramod$508cca98229eff1b70362476b43647777eac3ce1\qos_arbiter.$gt$/mnt/c/Users/Chand/Documents/New$20folder/SparkAhead-/SparkAhead-/src/rtl/qos_arbiter.sv:102$444 ($gt).
Removed top 30 bits (of 32) from port B of cell $paramod$508cca98229eff1b70362476b43647777eac3ce1\qos_arbiter.$sub$/mnt/c/Users/Chand/Documents/New$20folder/SparkAhead-/SparkAhead-/src/rtl/qos_arbiter.sv:102$445 ($sub).
Removed top 30 bits (of 32) from port B of cell $paramod$508cca98229eff1b70362476b43647777eac3ce1\qos_arbiter.$gt$/mnt/c/Users/Chand/Documents/New$20folder/SparkAhead-/SparkAhead-/src/rtl/qos_arbiter.sv:106$446 ($gt).
Removed top 30 bits (of 32) from port B of cell $paramod$508cca98229eff1b70362476b43647777eac3ce1\qos_arbiter.$sub$/mnt/c/Users/Chand/Documents/New$20folder/SparkAhead-/SparkAhead-/src/rtl/qos_arbiter.sv:106$447 ($sub).
Removed top 31 bits (of 32) from port B of cell $paramod$508cca98229eff1b70362476b43647777eac3ce1\qos_arbiter.$gt$/mnt/c/Users/Chand/Documents/New$20folder/SparkAhead-/SparkAhead-/src/rtl/qos_arbiter.sv:142$463 ($gt).
Removed top 31 bits (of 32) from port B of cell $paramod$508cca98229eff1b70362476b43647777eac3ce1\qos_arbiter.$gt$/mnt/c/Users/Chand/Documents/New$20folder/SparkAhead-/SparkAhead-/src/rtl/qos_arbiter.sv:143$465 ($gt).
Removed top 31 bits (of 32) from port B of cell $paramod$508cca98229eff1b70362476b43647777eac3ce1\qos_arbiter.$gt$/mnt/c/Users/Chand/Documents/New$20folder/SparkAhead-/SparkAhead-/src/rtl/qos_arbiter.sv:144$467 ($gt).
Removed top 25 bits (of 32) from port B of cell $paramod$508cca98229eff1b70362476b43647777eac3ce1\qos_arbiter.$lt$/mnt/c/Users/Chand/Documents/New$20folder/SparkAhead-/SparkAhead-/src/rtl/qos_arbiter.sv:193$477 ($lt).
Removed top 31 bits (of 32) from port B of cell $paramod$508cca98229eff1b70362476b43647777eac3ce1\qos_arbiter.$add$/mnt/c/Users/Chand/Documents/New$20folder/SparkAhead-/SparkAhead-/src/rtl/qos_arbiter.sv:194$478 ($add).
Removed top 25 bits (of 32) from port B of cell $paramod$508cca98229eff1b70362476b43647777eac3ce1\qos_arbiter.$ge$/mnt/c/Users/Chand/Documents/New$20folder/SparkAhead-/SparkAhead-/src/rtl/qos_arbiter.sv:203$483 ($ge).
Converting cell $paramod$508cca98229eff1b70362476b43647777eac3ce1\qos_arbiter.$neg$/mnt/c/Users/Chand/Documents/New$20folder/SparkAhead-/SparkAhead-/src/rtl/qos_arbiter.sv:0$499 ($neg) from signed to unsigned.
Removed top 1 bits (of 3) from port A of cell $paramod$508cca98229eff1b70362476b43647777eac3ce1\qos_arbiter.$neg$/mnt/c/Users/Chand/Documents/New$20folder/SparkAhead-/SparkAhead-/src/rtl/qos_arbiter.sv:0$499 ($neg).
Converting cell $paramod$508cca98229eff1b70362476b43647777eac3ce1\qos_arbiter.$neg$/mnt/c/Users/Chand/Documents/New$20folder/SparkAhead-/SparkAhead-/src/rtl/qos_arbiter.sv:0$507 ($neg) from signed to unsigned.
Removed top 1 bits (of 3) from port A of cell $paramod$508cca98229eff1b70362476b43647777eac3ce1\qos_arbiter.$neg$/mnt/c/Users/Chand/Documents/New$20folder/SparkAhead-/SparkAhead-/src/rtl/qos_arbiter.sv:0$507 ($neg).
Removed top 1 bits (of 2) from mux celb43647777eac3ce1\qos_arbiter.$9\next_cand[1:0].
Removed top 32 bits (of 64) from port A of cell $paramod$59f66e305bd3b47082af7a1e20206251db0b33b5\addr_decoder.$ge$/mnt/c/Users/Chand/Documents/New$20folder/SparkAhead-/SparkAhead-/src/rtl/addr_decoder.sv:34$427 ($ge).
Removed top 63 bits (of 64) from port B of cell $paramod$59f66e305bd3b47082af7a1e20206251db0b33b5\addr_decoder.$ge$/mnt/c/Users/Chand/Documents/New$20folder/SparkAhead-/SparkAhead-/src/rtl/addr_decoder.sv:34$427 ($ge).
Removed top 32 bits (of 64) from port A of cell $paramod$59f66e305bd3b47082af7a1e20206251db0b33b5\b43647777eac3ce1\qos_arbiter.$9\next_cand[1:0].
Removed top 32 bits (of 64) from port A of cell $paramod$59f66e305bd3b47082af7a1e20206251db0b33b5\addr_decoder.$ge$/mnt/c/Users/Chand/Documents/New$20folder/SparkAhead-/SparkAhead-/src/rtl/addr_decoder.sv:34$427 ($ge).
Removed top 63 bits (of 64) from port B of cell $paramod$59f66e305bd3b47082af7a1e20206251db0b33b5\addr_decoder.$ge$/mnt/c/Users/Chand/Documents/New$20folder/SparkAhead-/SparkAhead-/src/rtl/addr_decoder.sv:34$427 ($ge).
Removed top 32 bits (of 64) from port A of cell $paramod$59f66e305bd3b47082af7a1e20206251db0b33b5\addr_decoder.$lt$/mnt/c/Users/Chand/Documents/New$20folder/SparkAhead-/SparkAhead-/src/rtl/addr_decoder.sv:35$429 ($lt).
Removed top 47 bits (of 64) from port B of cell $paramod$59f66e305bd3b47082af7a1e20206251db0b33b5\addr_decoder.$lt$/mnt/c/Users/Chand/Documents/New$20folder/SparkAhead-/SparkAhead-/src/rtl/addr_decoder.sv:35$429 ($lt).
Removed top 32 bits (of 64) from port A of cell $paramod$59f66e305bd3b47082af7a1e20206251db0b33b5\addr_decoder.$ge$/mnt/c/Users/Chand/Documents/New$20folder/SparkAhead-/SparkAhead-/src/rtl/addr_decoder.sv:43$431 ($ge).
Removed top 47 bits (of 64) from port B of cell $paramod$59f66e305bd3b47082af7a1e20206251db0b33b5\addr_decoder.$ge$/mnt/c/Users/Chand/Documents/New$20folder/SparkAhead-/SparkAhead-/src/rtl/addr_decoder.sv:43$431 ($ge).
Removed top 32 bits (of 64) from port A of cell $paramod$59f66e305bd3b47082af7a1e20206251db0b33b5\addr_decoder.$lt$/mnt/c/Users/Chand/Documents/New$20folder/SparkAhead-/SparkAhead-/src/rtl/addr_decoder.sv:44$433 ($lt).
Removed top 46 bits (of 64) from port B of cell $paramod$59f66e305bd3b47082af7a1e20206251db0b33b5\addr_decoder.$lt$/mnt/c/Users/Chand/Documents/New$20folder/SparkAhead-/SparkAhead-/src/rtl/addr_decoder.sv:44$433 ($lt).
Converting cell axi4lite_arbiter_top.$neg$/mnt/c/Users/Chand/Documents/New$20folder/SparkAhead-/SparkAhead-/src/rtl/axi4lite_arbiter_top.sv:0$199 ($neg) from signed to unsigned.
Removed top 1 bits (of 3) from port A of cell axi4lite_arbiter_top.$neg$/mnt/c/Users/Chand/Documents/New$20folder/SparkAhead-/SparkAhead-/src/rtl/axi4lite_arbiter_top.sv:0$199 ($neg).
Converting cell axi4lite_arbiter_top.$neg$/mnt/c/Users/Chand/Documents/New$20folder/SparkAhead-/SparkAhead-/src/rtl/axi4lite_arbiter_top.sv:0$347 ($neg) from signed to unsigned.
Removed top 1 bits (of 3) from port A of cell axi4lite_arbiter_top.$neg$/mnt/c/Users/Chand/Documents/New$20folder/SparkAhead-/SparkAhead-/src/rtl/axi4lite_arbiter_top.sv:0$347 ($neg).
Removed top 1 bits (of 3) from port B of cell axi4lite_arbiter_top.$auto$opt_dff.cc:195:make_patterns_logic$4160 ($ne).
Removed top 1 bits (of 3) from port B of cell axi4lite_arbiter_top.$auto$opt_dff.cc:195:make_patterns_logic$4164 ($ne).
Removed top 1 bits (of 2) from port B of cell axi4lite_arbiter_top.$procmux$2726_CMP0 ($eq).
Removed top 1 bits (of 2) from port B of cell axi4lite_arbiter_top.$procmux$2734_CMP0 ($eq).
Removed top 1 bits (of 2) from port B of cell axi4lite_arbiter_top.$procmux$2757_CMP0 ($eq).
Removed top 1 bits (of 3) from port B of cell axi4lite_arbiter_top.$auto$opt_dff.cc:195:make_patterns_logic$4140
7.11. Executing OPT_CLEAN pass (remove unused cells and wires).
Finding unused cells or wires in module $paramod$508cca98229eff1b70362476b43647777eac3ce1\qos_arbiter..
Finding unused cells or wires in module $paramod$59f66e305bd3b47082af7a1e20206251db0b33b5\addr_decoder..
Finding unused cells or wires in module \axi4lite_arbiter_top..
Removed 0 unused cells and 1 unused wires.
<suppressed ~1 debug messages>

7.12. Executing ALUMACC pass (create $alu and $macc cells).
Extracting $alu and $macc cells in module $paramod$508cca98229eff1b70362476b43647777eac3ce1\qos_arbiter:
  creating $macc model for $add$/mnt/c/Users/Chand/Documents/New$20folder/SparkAhead-/SparkAhead-/src/rtl/qos_arbiter.sv:194$478 ($add).
  creating $macc model for $neg$/mnt/c/Users/Chand/Documents/New$20folder/SparkAhead-/SparkAhead-/src/rtl/qos_arbiter.sv:0$499 ($neg).
  creating $macc model for $neg$/mnt/c/Users/Chand/Documents/New$20folder/SparkAhead-/SparkAhead-/src/rtl/qos_arbiter.sv:0$507 ($neg).
  creating $macc model for $sub$/mnt/c/Users/Chand/Documents/New$20foldeExtracting $alu and $macc cells in module $paramod$508cca98229eff1b70362476b43647777eac3ce1\qos_arbiter:
  creating $macc model for $add$/mnt/c/Users/Chand/Documents/New$20folder/SparkAhead-/SparkAhead-/src/rtl/qos_arbiter.sv:194$478 ($add).
  creating $macc model for $neg$/mnt/c/Users/Chand/Documents/New$20folder/SparkAhead-/SparkAhead-/src/rtl/qos_arbiter.sv:0$499 ($neg).
  creating $macc model for $neg$/mnt/c/Users/Chand/Documents/New$20folder/SparkAhead-/SparkAhead-/src/rtl/qos_arbiter.sv:0$507 ($neg).
  creating $macc model for $sub$/mnt/c/Users/Chand/Documents/New$20folder/SparkAhead-/SparkAhead-/src/rtl/qos_arbiter.sv:102$445 ($sub).
  creating $macc model for $sub$/mnt/c/Users/Chand/Documents/New$20folder/SparkAhead-/SparkAhead-/src/rtl/qos_arbiter.sv:106$447 ($sub).
  creating $macc model for $sub$/mnt/c/Users/Chand/Documents/New$20folder/SparkAhead-/SparkAhead-/src/rtl/qos_arbiter.sv:98$443 ($sub).
  creating $alu model for $macc $sub$/mnt/c/Users/Chand/Documents/New$20folder/SparkAhead-/SparkAhead-/src/rtl/qos_arbiter.sv:98$443.
  creating $alu model for $macc $sub$/mnt/c/Users/Chand/Documents/New$20folder/SparkAhead-/SparkAhead-/src/rtl/qos_arbiter.sv:106$447.
  creating $alu model for $macc $sub$/mnt/c/Users/Chand/Documents/New$20folder/SparkAhead-/SparkAhead-/src/rtl/qos_arbiter.sv:102$445.
  creating $alu model for $macc $neg$/mnt/c/Users/Chand/Documents/New$20folder/SparkAhead-/SparkAhead-/src/rtl/qos_arbiter.sv:0$507.
  creating $alu model for $macc $neg$/mnt/c/Users/Chand/Documents/New$20folder/SparkAhead-/SparkAhead-/src/rtl/qos_arbiter.sv:0$499.
  creating $alu model for $macc $add$/mnt/c/Users/Chand/Documents/New$20folder/SparkAhead-/SparkAhead-/src/rtl/qos_arbiter.sv:194$478.
  creating $alu model for $ge$/mnt/c/Users/Chand/Documents/New$20folder/SparkAhead-/SparkAhead-/src/rtl/qos_arbiter.sv:203$483 ($ge): new $alu
  creating $alu model for $gt$/mnt/c/Users/Chand/Documents/New$20folder/SparkAhead-/SparkAhead-/src/rtl/qos_arbiter.sv:102$444 ($gt): merged with $sub$/mnt/c/Users/Chand/Documents/New$20folder/SparkAhead-/SparkAhead-/src/rtl/qos_arbiter.sv:102$445.
  creating $alu model for $gt$/mnt/c/Users/Chand/Documents/New$20folder/SparkAhead-/SparkAhead-/src/rtl/qos_arbiter.sv:106$446 ($gt): merged with $sub$/mnt/c/Users/Chand/Documents/New$20folder/SparkAhead-/SparkAhead-/src/rtl/qos_arbiter.sv:106$447.
  creating $alu model for $gt$/mnt/c/Users/Chand/Documents/New$20folder/SparkAhead-/SparkAhead-/src/rtl/qos_arbiter.sv:142$463 ($gt): new $alu
  creating $alu model for $gt$/mnt/c/Users/Chand/Documents/New$20folder/SparkAhead-/SparkAhead-/src/rtl/qos_arbiter.sv:143$465 ($gt): new $alu
  creating $alu model for $gt$/mnt/c/Users/Chand/Documents/New$20folder/SparkAhead-/SparkAhead-/src/rtl/qos_arbiter.sv:144$467 ($gt): new $alu
  creating $alu model for $gt$/mnt/c/Users/Chand/Documents/New$20folder/SparkAhead-/SparkAhead-/src/rtl/qos_arbiter.sv:98$442 ($gt): merged with $sub$/mnt/c/Users/Chand/Documents/New$20folder/SparkAhead-/SparkAhead-/src/rtl/qos_arbiter.sv:98$443.
  creating $alu model for $lt$/mnt/c/Users/Chand/Documents/New$20folder/SparkAhead-/SparkAhead-/src/rtl/qos_arbiter.sv:193$477 ($lt): merged with $ge$/mnt/c/Users/Chand/Documents/New$20folder/SparkAhead-/SparkAhead-/src/rtl/qos_arbiter.sv:203$483.
  creating $alu cell for $gt$/mnt/c/Users/Chand/Documents/New$20folder/SparkAhead-/SparkAhead-/src/rtl/qos_arbiter.sv:144$467: $auto$alumacc.cc:495:replace_alu$4191
  creating $alu cell for $gt$/mnt/c/Users/Chand/Documen/Chand/Documents/New$20folder/SparkAhead-/SparkAhead-/src/rtl/qos_arbiter.sv:194$478: $auto$alumacc.cc:495:replace_alu$4243
  creating $alu cell for $neg$/mnt/c/Users/Chand/Documents/New$20folder/SparkAhead-/SparkAhead-/src/rtl/qos_arbiter.sv:0$499: $auto$alumacc.cc:495:replace_alu$4246
  creating $alu cell for $neg$/mnt/c/Users/Chand/Documents/New$20folder/SparkAhead-/SparkAhead-/src/rtl/qos_arbiter.sv:0$507: $auto$alumacc.cc:495:replace_alu$4249
  creating $alu cell for $sub$/mnt/c/Users/Chand/Documents/New$20folder/SparkAhead-/SparkAhead-/src/rtl/qos_arbiter.sv:102$445, $gt$/Chand/Documents/New$20folder/SparkAhead-/SparkAhead-/src/rtl/qos_arbiter.sv:194$478: $auto$alumacc.cc:495:replace_alu$4243
  creating $alu cell for $neg$/mnt/c/Users/Chand/Documents/New$20folder/SparkAhead-/SparkAhead-/src/rtl/qos_arbiter.sv:0$499: $auto$alumacc.cc:495:replace_alu$4246
  creating $alu cell for $neg$/mnt/c/Users/Chand/Documents/New$20folder/SparkAhead-/SparkAhead-/src/rtl/qos_arbiter.sv:0$507: $auto$alumacc.cc:495:replace_alu$4249
  creating $alu cell for $sub$/mnt/c/Users/Chand/Documents/New$20folder/SparkAhead-/SparkAhead-/src/rtl/qos_arbiter.sv:102$445, $gt$/mnt/c/Users/Chand/Documents/New$20folder/SparkAhead-/SparkAhead-/src/rtl/qos_arbiter.sv:102$444: $auto$alumacc.cc:495:replace_alu$4252
  creating $alu cell for $sub$/mnt/c/Users/Chand/Documents/New$20folder/SparkAhead-/SparkAhead-/src/rtl/qos_arbiter.sv:106$447, $gt$/mnt/c/Users/Chand/Documents/New$20folder/SparkAhead-/SparkAhead-/src/rtl/qos_arbiter.sv:106$446: $auto$alumacc.cc:495:replace_alu$4265
  creating $alu cell for $sub$/mnt/c/Users/Chand/Documents/New$20folder/SparkAhead-/SparkAhead-/src/rtl/qos_arbiter.sv:98$443, $gt$/mnt/c/Users/Chand/Documents/New$20folder/SparkAhead-/SparkAhead-/src/rtl/qos_arbiter.sv:98$442: $auto$alumacc.cc:495:replace_alu$4278
  created 10 $alu and 0 $macc cells.
Extracting $alu and $macc cells in module $paramod$59f66e305bd3b47082af7a1e20206251db0b33b5\addr_decoder:
  creating $alu model for $ge$/mnt/c/Users/Chand/Documents/New$20folder/SparkAhead-/SparkAhead-/src/rtl/addr_decoder.sv:34$427 ($ge): new $alu
  creating $alu model for $ge$/mnt/c/Users/Chand/Documents/New$20folder/SparkAhead-/SparkAhead-/src/rtl/addr_decoder.sv:43$431 ($ge): new $alu
  creating $alu model for $lt$/mnt/c/Users/Chand/Documents/New$20folder/SparkAhead-/SparkAhead-/src/rtl/addr_decoder.sv:35$429 ($lt): merged with $ge$/mnt/c/Users/Chand/Documents/New$20folder/SparkAhead-/SparkAhead-/src/rtl/addr_decoder.sv:43$431.
  creating $alu model for $lt$/mnt/c/Users/Chand/Documents/New$20folder/SparkAhead-/SparkAhead-/src/rtl/addr_decoder.sv:44$433 ($lt): new $alu
  creating $alu cell for $lt$/mnt/c/Users/Chand/Documents/New$20folder/SparkAhead-/SparkAhead-/src/rtl/addr_decoder.sv:44$433: $auto$alumacc.cc:495:replace_alu$4294
  creating $alu cell for $ge$/mnt/c/Users/Chand/Documents/New$20folder/SparkAhead-/SparkAhead-/src/rtl/addr_decoder.sv:43$431, $lt$/mnt/c/Users/Chand/Documents/New$20folder/SparkAhead-/SparkAhead-/src/rtl/addr_decoder.sv:35$429: $auto$alumacc.cc:495:replace_alu$4299
  creating $alu cell for $ge$/mnt/c/Users/Chand/Documents/New$20folder/SparkAhead-/SparkAhead-/src/rtl/addr_decoder.sv:34$427: $auto$alumacc.cc:495:replace_alu$4312
  created 3 $alu and 0 $macc cells.
Extracting $alu and $macc cells in module axi4lite_arbiter_top:
  creating $macc model for $neg$/mnt/c/Users/Chand/Documents/New$20folder/SparkAhead-/SparkAhead-/src/rtl/axi4lite_arbiter_top.sv:0$199 ($neg).
  creating $macc model for $neg$/mnt/c/Users/Chand/Documents/New$20folder/SparkAhead-/SparkAhead-/src/rtl/axi4lite_arbiter_top.sv:0$347 ($neg).
  creating $alu model for $macc $neg$/mnt/c/Users/Chand/Documents/New$20folder/SparkAhead-/SparkAhead-/src/rtl/axi4lite_arbiter_top.sv:0$347
7.14. Executing OPT pass (performing simple optimizations).

7.14.1. Executing OPT_EXPR pass (perform const folding).
Optimizing module $paramod$508cca98229eff1b70362476b43647777eac3ce1\qos_arbiter.
<suppressed ~16 debug messages>
Optimizing module $paramod$59f66e305bd3b47082af7a1e20206251db0b33b5\addr_decoder.
<suppressed ~9 debug messages>
Optimizing module axi4lite_arbiter_top.

7.14.2. Executing OPT_MERGE pass (detect identical cells).
Finding identical cells in module `$paramod$508cca98229eff1b70362476b43647777eac3ce1\qos_arbiter'.
Finding identical cells in module `$paramod$59f66e305bd3b47082af7a1e20206251db0b33b5\addr_decoder'.
Finding identical cells in module `\axi4lite_arbiter_top'.
Removed a total of 0 cells.

7.14.3. Executing OPT_MUXTREE pass (detect dead branches in mux trees).
Running muxtree optimizer on module $paramod$508cca98229eff1b70362476b43647777eac3ce1\qos_arbiter..
  Creating internal representation of mux trees.
  Evaluating internal representation of mux trees.
  Analyzing evaluation results.
Running muxtree optimizer on module $paramod$59f66e305bd3b47082af7a1e20206251db0b33b5\addr_decoder..
  Creating internal representation of mux trees.
  Evaluating internal representation of mux trees.
  Analyzing evaluation results.
    dead port 1/2 on $mux $procmux$3843.
    dead port 2/2 on $mux $procmux$3843.
Running muxtree optimizer on module \Running muxtree optimizer on module $paramod$508cca98229eff1b70362476b43647777eac3ce1\qos_arbiter..
  Creating internal representation of mux trees.
  Evaluating internal representation of mux trees.
  Analyzing evaluation results.
Running muxtree optimizer on module $paramod$59f66e305bd3b470  Optimizing cells in module $paramod$508cca98229eff1b70362476b43647777eac3ce1\qos_arbiter.
  Optimizing cells in module $paramod$59f66e305bd3b47082af7a1e20206251db0b33b5\addr_decoder.
  Optimizing cells in module \axi4lite_arbiter_top.
Performed a total of 0 changes.

7.14.5. Executing OPT_MERGE pass (detect identical cells).
Finding identical cells in module `$paramod$508cca98229eff1b70362476b43647777eac3ce1\qos_arbiter'.
<suppressed ~3 debug messages>
Finding identical cells in module `$paramod$59f66e305bd3b47082af7a1e20206251db0b33b5\addr_decoder'.
Finding identical cells in module `\axi4lite_arbiter_top'.
Removed a total of 1 cells.

7.14.6. Executing OPT_DFF pass (perform DFF optimizations).

7.14.7. Executing OPT_CLEAN pass (remove unused cells and wires).
Finding unused cells or wires in module $paramod$508cca98229eff1b70362476b43647777eac3ce1\qos_arbiter..
Finding unused cells or wires in module $paramod$59f66e305bd3b47082af7a1e20206251db0b33b5\addr_decoder..
Finding unused cells or wires in module \axi4lite_arbiter_top..
Removed 6 unused cells and 42 unused wires.
<suppressed ~13 debug messages>

7.14.8. Executing OPT_EXPR pass (perform const folding).
Optimizing module $paramod$508cca98229eff1b70362476b43647777eac3ce1\qos_arbiter.
Optimizing module $paramod$59f66e305bd3b47082af7a1e20206251db0b33b5\addr_decoder.
Optimizing module axi4lite_arbiter_top.

7.14.9. Rerunning OPT passes. (Maybe there is more to do..)

7.14.10. Executing OPT_MUXTREE pass (detect dead branches in mux trees).
Running muxtree optimizer on module $paramod$508cca98229eff1b70362476b43647777eac3ce1\qos_arbiter..
  Creating internal representation of mux trees.
  Evaluating internal representation of mux trees.
  Analyzing evaluation results.
Running muxtree optimizer on module $paramod$59f66e305bd3b47082af7a1e20206251db0b33b5\addr_decoder..
  Creating internal representation of mux trees.
  Evaluating internal representation of mux trees.
  Analyzing evaluation results.
Running muxtree optimizer on module \axi4lite_arbiter_top..
  Creating internal representation of mux trees.
  EvaluatiRunning muxtree optimizer on module $paramod$508cca98229eff1b70362476b43647777eac3ce1\qos_arbiter..
  Creating internal representation of mux trees.
  Evaluating internal representation of mux trees.
  Analyzing   Optimizing cells in module $paramod$508cca98229eff1b70362476b43647777eac3ce1\qos_arbiter.
  Optimizing cells in module $paramod$59f66e305bd3b47082af7a1e20206251db0b33b5\addr_decoder.
  Optimizing cells in module \axi4lite_arbiter_top.
Performed a total of 0 changes.

7.14.12. Executing OPT_MERGE pass (detect identical cells).
Finding identical cells in module `$paramod$508cca98229eff1b70362476b43647777eac3ce1\qos_arbiter'.
Finding identical cells in module `$paramod$59f66e305bd3b47082af7a1e20206251db0b33b5\addr_decoder'.
Finding identical cells in module `\axi4lite_arbiter_top'.
Removed a total of 0 cells.

7.14.13. Executing OPT_DFF pass (perform DFF optimizations).

7.14.14. Executing OPT_CLEAN pass (remove unused cells and wires).
Finding unused cells or wires in module $paramod$508cca98229eff1b70362476b43647777eac3ce1\qos_arbiter..
Finding unused cells or wires in module $paramod$59f66e305bd3b47082af7a1e20206251db0b33b5\addr_decoder..
Finding unused cells or wires in module \axi4lite_arbiter_top..

7.14.15. Executing OPT_EXPR pass (perform const folding).
Optimizing module $paramod$508cca98229eff1b70362476b43647777eac3ce1\qos_arbiter.
Optimizing module $paramod$59f66e305bd3b47082af7a1e20206251db0b33b5\addr_decoder.
Optimizing module axi4lite_arbiter_top.

7.14.16. Finished OPT passes. (There is nothing left to do.)

7.15. Executing MEMORY pass.

7.15.1. Executing OPT_MEM pass (optimize memories).
Performed a total of 0 transformations.

7.15.2. Executing OPT_MEM_PRIORITY pass (removing unnecessary memory write priority relations).
Performed a total of 0 transformations.

7.15.3. Executing OPT_MEM_FEEDBACK pass (finding memory read-to-write feedback paths).

7.15.4. Executing MEMORY_BMUX2ROM pass (converting muxes to ROMs).

7.15.5. Executing MEMORY_DFF pass (merging $dff cells to $memrd).

7.15.6. Executing OPT_CLEAN pass (remove unused cells and wires).
Finding unused cells or wires in module $paramod$508cca98229eff1b70362476b43647777eac3ce1\qos_arbiter..
Finding unused cells or wires in module $paramod$59f66e305bd3b47082af7a1e20206251db0b33b5\addr_decoder..
Finding unused cells or wires in module \axi4lite_arbiter_top..

7.15.7. Executing MEMORY_SHARE pass (consolidating $memrd/$memwr cells).

7.15.8. Executing OPT_MEM_WIDEN pass (optimize memories where all ports are wide).
Performed a total of 0 transformations.

7.15.9. Executing OPT_CLEAN pass (remove unused cells and wires).
Finding unused cells or wires in module $paramod$508cca98229eff1b70362476b43647777eac3ce1\qos_arbiter..
Finding unused cells or wires in module $paramod$59f66e305bd3b47082af7a1e20206251db0b33b5\addr_decoder..
Finding unused cells or wires in module \axi4lite_arbiter_top..

7.15.10. Executing MEMORY_COLLECT pass (generating $mem cells).

7.16. Executing OPT_CLEAN pass (remove unused cells and wires).
Finding unused cells or wires in module $paramod$508cca98229eff1b70362476b43647777eac3ce1\qos_arbiter..
Finding unused cells or wires in module $paramod$59f66e305bd3b47082af7a1e20206251db0b33b5\addr_decoder..
Finding unused cells or wires in module \axi4lite_arbiter_top..

7.17. Executing OPT pass (performing simple optimizations).

7.17.1. Executing OPT_EXPR pass (perform const folding).
Optimizing module $paramod$508cca98229eff1b70362476b43647777eac3ce1\qos_arbiter.
<suppressed ~29 debug messages>
Optimizing module $paramod$59f66e305bd3b47082af7a1e20206251db0b33b5\addr_decoder.
<suppressed ~6 debug messages>
Optimizing module axi4lite_arbiter_top.
<suppressed ~102 debug messages>

7.17.2. Executing OPT_MERGE pass (detect identical cells).
Finding identical cells in module `$paramod$508cca98229eff1b70362476b43647777eac3ce1\qos_arbiter'.
<suppressed ~6 debug messages>
Finding identical cells in module `$paramod$59f66e305bd3b47082af7a1e20206251db0b33b5\addr_decoder'.
<suppressed ~48 debug messages>
Finding identical cells in module `\axi4lite_arbiter_top'.
Removed a total of 18 cells.

7.17.3. Executing OPT_DFF pass (perform DFF optimizations).

7.17.4. Executing OPT_CLEAN pass (remove unused cells and wires).
Finding unused cells or wires in module $paramod$508cca98229eff1b70362476b43647777eac3ce1\qos_arbiter..
Finding unused cells or wires in module $paramod$59f66e305bd3b47082af7a1e20206251db0b33b5\addr_decoder..
Finding unused cells or wires in module \axi4lite_arbiter_top..
Removed 7 unused cells and 87 unused wires.
<suppressed ~10 debug messages>

7.17.5. Finished fast OPT passes.

7.18. Executing MEMORY_MAP pass (converting memories to logic and flip-flops).

7.19. Executing OPT pass (performing simple optimizations).

7.19.1. Executing OPT_EXPR pass (perform const folding).
Optimizing module $paramod$508cca98229eff1b70362476b43647777eac3ce1\qos_arbiter.
Optimizing module $paramod$59f66e305bd3b47082af7a1e20206251db0b33b5\addr_decoder.
Optimizing module axi4lite_arbiter_top.

7.19.2. Executing OPT_MERGE pass (detect identical cells).
Finding identical cells in module `$paramod$508cca98229eff1b70362476b43647777eac3ce1\qos_arbiter'.
Finding identical cells in module `$paramod$59f66e305bd3b47082af7a1e20206251db0b33b5\addr_decoder'.
Finding identical cells in module `\axi4lite_arbiter_top'.
Removed a total of 0 cells.

7.19.3. Executing OPT_MUXTREE pass (detect dead branches in mux trees).
Running muxtree optimizer on module $paramod$508cca98229eff1b70362476b43647777eac3ce1\qos_arbiter..
  Creating internal representation of mux trees.
  Evaluating internal representation of mux trees.
  Analyzing evaluation results.
Running muxtree optimizer on module $paramod$59f66e305bd3b47082af7a1e20206251db0b33b5\addr_decoder..
  Creating internal representation of mux trees.
  Evaluating internal representation of mux trees.
  Analyzing evaluation results.
Running muxtree optimizer on module \axi4lite_arbiter_top..
  Creating internal representation of mux trees.
  EvaluatiRunning muxtree optimizer on module $paramod$508cca98229eff1b70362476b43647777eac3ce1\qos_arbiter..
  Creating internal representation of mux trees.
  Evaluating internal representation of mux trees.
  Analyzing  Optimizing cells in module $paramod$508cca98229eff1b70362476b43647777eac3ce1\qos_arbiter.
    Consolidated identical input bits for $mux cell $procmux$1052:
      Old ports: A=2'00, B=2'10, Y=$12\next_cand[1:0]
      New ports: A=1'0, B=1'1, Y=$12\next_cand[1:0] [1]
      New connections: $12\next_cand[1:0] [0] = 1'0
    Consolidated identical input bits for $mux cell $procmux$1242:
      Old ports: A=2'00, B=2'11, Y=$6\next_cand[1:0]
      New ports: A=1'0, B=1'1, Y=$6\next_cand[1:0] [0]
      New connections: $6\next_cand[1:0] [1] = $6\next_cand[1:0] [0]
  Optimizing cells   Optimizing cells in module $paramod$508cca98229eff1b70362476b43647777eac3ce1\qos_arbiter.
    Consolidated identical input bits for $mux cell $procmux$1052:
      Old ports: A=2'00, B=2'10, Y=$12\next_cand[1:0]
      New ports: A=1'0, B=1'1, Y=$12\next_cand[1:0] [1]
      New connections: $12\next_cand[1:0] [0] = 1'0
    Consolidated identical input bits for $mux cell $procmux$1242:
      Old ports: A=2'00, B=2'11, Y=$6\next_cand[1:0]
      New ports: A=1'0, B=1'1, Y=$6\next_cand[1:0] [0]
      New connections: $6\next_cand[1:0] [1] = $6\next_cand[1:0] [0]
  Optimizing cells in module $paramod$508cca98229eff1b70362476b43647777eac3ce1\qos_arbiter.
  Optimizing cells in module $paramod$59f66e305bd3b47082af7a1e20206251db0b33b5\addr_decoder.
    Consolidated identical input bits for $mux cell $procmux$3825:
      Old ports: A=2'00, B=2'10, Y=$2\slave_sel[1:0]
      New ports: A=1'0, B=1'1, Y=$2\slave_sel[1:0] [1]
      New connections: $2\slave_sel[1:0] [0] = 1'0
  Optimizing cells in module $paramod$59f66e305bd3b47082af7a1e20206251db0b33b5\addr_decoder.
  Optimizing cells in module \axi4lite_arbiter_top.
    Consolidated identical input bits for $mux cell $procmux$2088:
      Old ports: A=2'11, B=2'00, Y=$3\r_rresp_demux[0][1:0]
      New ports: A=1'1, B=1'0, Y=$3\r_rresp_demux[0][1:0] [0]
      New connections: $3\r_rresp_demux[0][1:0] [1] = $3\r_rresp_demux[0][1:0] [0]
    Consolidated identical input bits for $mux cell $procmux$2099:
      Old ports: A=2'00, B=2'11, Y=$3\r_rresp_demux[3][1:0]
      New ports: A=1'0, B=1'1, Y=$3\r_rresp_demux[3][1:0] [0]
      New connections: $3\r_rresp_demux[3][1:0] [1] = $3\r_rresp_demux[3][1:0] [0]
    Consolidated identical input bits for $mux cell $procmux$2110:
      Old ports: A=2'11, B=2'00, Y=$3\r_rresp_demux[2][1:0]
      New ports: A=1'1, B=1'0, Y=$3\r_rresp_demux[2][1:0] [0]
      New connections: $3\r_rresp_demux[2][1:0] [1] = $3\r_rresp_demux[2][1:0] [0]
    Consolidated identical input bits for $mux cell $procmux$2121:
      Old ports: A=2'11, B=2'00, Y=$3\r_rresp_demux[1][1:0]
      New ports: A=1'1, B=1'0, Y=$3\r_rresp_demux[1][1:0] [0]
      New connections: $3\r_rresp_demux[1][1:0] [1] = $3\r_rresp_demux[1][1:0] [0]
    New ctrl vector for $pmux cell $procmux$2719: { $procmux$2575_CMP $procmux$2342_CMP }
    Consolidated identical input bits for $mux cell $procmux$3079:
      Old ports: A=2'11, B=2'00, Y=$3\w_bresp_demux[0][1:0]
      New ports: A=1'1, B=1'0, Y=$3\w_bresp_demux[0][1:0] [0]
      New connections: $3\w_bresp_demux[0][1:0] [1] = $3\w_bresp_demux[0][1:0] [0]
    Consolidated identical input bits for $mux cell $procmux$3089:
      Old ports: A=2'00, B=2'11, Y=$3\w_bresp_demux[3][1:0]
      New ports: A=1'0, B=1'1, Y=$3\w_bresp_demux[3][1:0] [0]
      New connections: $3\w_bresp_demux[3][1:0] [1] = $3\w_bresp_demux[3][1:0] [0]
    Consolidated identical input bits for $mux cell $procmux$3099:
      Old ports: A=2'11, B=2'00, Y=$3\Finding identical cells in module `$paramod$508cca98229eff1b70362476b43647777eac3ce1\qos_arbiter'.
Finding identical cells in module `$paramod$59f66e305bd3b47082af7a1e20206251db0b33b5\addr_decoder'.
Finding identical cells in module `\axi4lite_arbiter_top'.
Removed a total of 0 cells.

7.19.6. Executing OPT_SHARE pass.

7.19.7. Executing OPT_DFF pass (perform DFF optimizations).
Adding EN signal on $auto$ff.cc:266:slice$4113 ($adffe) from module $paramod$508cca98229eff1b70362476b43647777eac3ce1\qos_arbiter (D = \next_cand, Q = \current_master).

7.19.8. Executing OPT_CLEAN pass (remove unused cells and wires).
Finding unused cells or wires in module $paramod$508cca98229eff1b70362476b43647777eac3ce1\qos_arbiter..
Finding unused cells or wires in module $paramod$59f66e305bd3b47082af7a1e20206251db0b33b5\addr_decoder..
Finding unused cells or wires in module \axi4lite_arbiter_top..
Removed 1 unused cells and 1 unused wires.
<suppressed ~2 debug messages>

7.19.9. Executing OPT_EXPR pass (perform const folding).
Optimizing module $paramod$508cca98229eff1b70362476b43647777eac3ce1\qos_arbiter.
<suppressed ~2 debug messages>
Optimizing module $paramod$59f66e305bd3b47082af7a1e20206251db0b33b5\addr_decoder.
<suppressed ~1 debug messages>
Optimizing module axi4lite_arbiter_top.
<suppressed ~8 debug messages>

7.19.10. Rerunning OPT passes. (Maybe there is more to do..)

7.19.11. Executing OPT_MUXTREE pass (detect dead branches in mux trees).
Running muxtree optimizer on module $paramod$508cca98229eff1b70362476b43647777eac3ce1\qos_arbiter..
  Creating internal representation of mux trees.
  Evaluating internal representation of mux trees.
  Analyzing evaluation results.
Running muxtree optimizer on module $paramod$59f66e305bd3b47082af7a1e20206251db0b33b5\addr_decoder..
  Creating internal representation of mux trees.
  Evaluating internal representation of mux trees.
  Analyzing evaluation results.
Running muxtree optimizer on module \axi4lite_arbiter_top..
  Creating internal representation of mux trees.
  EvaluatiRunning muxtree optimizer on module $paramod$508cca98229eff1b70362476b43647777eac3ce1\qos_arbiter..
  Creating internal representation of mux trees.
  Evaluating internal representation of mux trees.
  Analyzing   Optimizing cells in module $paramod$508cca98229eff1b70362476b43647777eac3ce1\qos_arbiter.
  Optimizing cells in module $paramod$59f66e305bd3b47082af7a1e20206251db0b33b5\addr_decoder.
  Optimizing cells in module \axi4lite_arbiter_top.
Performed a total of 0 changes.

7.19.13. Executing OPT_MERGE pass (detect identical cells).
Finding identical cells in module `$paramod$508cca98229eff1b70362476b43647777eac3ce1\qos_arbiter'.
Finding identical cells in module `$paramod$59f66e305bd3b47082af7a1e20206251db0b33b5\addr_decoder'.
Finding identical cells in module `\axi4lite_arbiter_top'.
Removed a total of 0 cells.

7.19.14. Executing OPT_SHARE pass.

7.19.15. Executing OPT_DFF pass (perform DFF optimizations).

7.19.16. Executing OPT_CLEAN pass (remove unused cells and wires).
Finding unused cells or wires in module $paramod$508cca98229eff1b70362476b43647777eac3ce1\qos_arbiter..
Finding unused cells or wires in module $paramod$59f66e305bd3b47082af7a1e20206251db0b33b5\addr_decoder..
Finding unused cells or wires in module \axi4lite_arbiter_top..
Removed 0 unused cells and 5 unused wires.
<suppressed ~3 debug messages>

7.19.17. Executing OPT_EXPR pass (perform const folding).
Optimizing module $paramod$508cca98229eff1b70362476b43647777eac3ce1\qos_arbiter.
Optimizing module $paramod$59f66e305bd3b47082af7a1e20206251db0b33b5\addr_decoder.
Optimizing module axi4lite_arbiter_top.

7.19.18. Rerunning OPT passes. (Maybe there is more to do..)

7.19.19. Executing OPT_MUXTREE pass (detect dead branches in mux trees).
Running muxtree optimizer on module $paramod$508cca98229eff1b70362476b43647777eac3ce1\qos_arbiter..
  Creating internal representation of mux trees.
  Evaluating internal representation of mux trees.
  Analyzing evaluation results.
Running muxtree optimizer on module $paramod$59f66e305bd3b47082af7a1e20206251db0b33b5\addr_decoder..
  Creating internal representation of mux trees.
  Evaluating internal representation of mux trees.
  Analyzing evaluation results.
Running muxtree optimizer on module \axi4lite_arbiter_top..
  Creating internal representation of mux trees.
  EvaluatiRunning muxtree optimizer on module $paramod$508cca98229eff1b70362476b43647777eac3ce1\qos_arbiter..
  Creating internal representation of mux trees.
  Evaluating internal representation of mux trees.
  Analyzing   Optimizing cells in module $paramod$508cca98229eff1b70362476b43647777eac3ce1\qos_arbiter.
  Optimizing cells in module $paramod$59f66e305bd3b47082af7a1e20206251db0b33b5\addr_decoder.
  Optimizing cells in module \axi4lite_arbiter_top.
Performed a total of 0 changes.

7.19.21. Executing OPT_MERGE pass (detect identical cells).
Finding identical cells in module `$paramod$508cca98229eff1b70362476b43647777eac3ce1\qos_arbiter'.
Finding identical cells in module `$paramod$59f66e305bd3b47082af7a1e20206251db0b33b5\addr_decoder'.
Finding identical cells in module `\axi4lite_arbiter_top'.
Removed a total of 0 cells.

7.19.22. Executing OPT_SHARE pass.

7.19.23. Executing OPT_DFF pass (perform DFF optimizations).

7.19.24. Executing OPT_CLEAN pass (remove unused cells and wires).
Finding unused cells or wires in module $paramod$508cca98229eff1b70362476b43647777eac3ce1\qos_arbiter..
Finding unused cells or wires in module $paramod$59f66e305bd3b47082af7a1e20206251db0b33b5\addr_decoder..
Finding unused cells or wires in module \axi4lite_arbiter_top..

7.19.25. Executing OPT_EXPR pass (perform const folding).
Optimizing module $paramod$508cca98229eff1b70362476b43647777eac3ce1\qos_arbiter.
Optimizing module $paramod$59f66e305bd3b47082af7a1e20206251db0b33b5\addr_decoder.
Optimizing module axi4lite_arbiter_top.

7.19.26. Finished OPT passes. (There is nothing left to do.)

7.20. Executing TECHMAP pass (map to technology primitives).

7.20.1. Executing Verilog-2005 frontend: /usr/bin/../share/yosys/techmap.v
Parsing Verilog input from `/usr/bin/../share/yosys/techmap.v' to AST representation.
Generating RTLIL representation for module `\_90_simplemap_bool_ops'.
Generating RTLIL representation for module `\_90_simplemap_reduce_ops'.
Generating RTLIL representation for module `\_90_simplemap_logic_ops'.
Generating RTLIL representation for module `\_90_simplemap_compare_ops'.
Generating RTLIL representation for module `\_90_simplemap_various'.
Generating RTLIL representation for module `\_90_simplemap_registers'.
Generating RTLIL representation for module `\_90_shift_ops_shr_shl_sshl_Parsing Verilog input from `/usr/bin/../share/yosys/techmap.v' to AST representation.
Generating RTLIL representation for module `\_90_simplemap_bool_ops'.
Generating RTLIL representation for module `\_90_simplemap_reduce_ops'.
Generating RTLIL representation for module `\_90_simplemap_logic_ops'.
Generating RTLIL representation for module `\_90_simplemap_compare_ops'.
Generating RTLIL representation for module `\_90_simplemap_various'.
Generating RTLIL representation for module `\_90_simplemap_registers'.
Generating RTLIL representation for module `\_90_shift_ops_shr_shl_sshl_sshr'.
Generating RTLIL representation for module `\_90_shift_shiftx'.
Generating RTLIL representation for module `\_90_fa'.
Generating RTLIL representation for module `\_90_lcu_brent_kung'.
Generating RTLIL representation for module `\_90_alu'.
Generating RTLIL representation for module `\_90_macc'.
Generating RTLIL representation for module `\_90_alumacc'.
Generating RTLIL representation for module `\$__div_mod_u'.
Generating RTLIL representation for module `\$__div_mod_trunc'.
GeneratUsing extmapper simplemap for cells of type $ne.
Using extmapper simplemap for cells of type $logic_and.
Using template $paramod$ef8fb1849064cca7dc908988762d3374786d9fdb\_90_alu for cells of type $alu.
Using template $paramod$constmap:9094605ead145fd11cdc4005ae96cf8bc645818b$paramod$64b19f47ed5f126636dbd98d727ec46a7ec08d71\_90_shift_shiftx for cells of type $shift.
Analyzing pattern of constant bits for this cell:
  Constant input on bit 0 of port A: 1'1
Creating constmapped module `$paramod$constmap:587bfd344aba6fff5ae2fc198a50240a44929441$paramod$64b19f47ed5f126636dbd98d727ec46a7ec08d71\_90_shift_shiftx'.

7.20.10. Executing OPT_MUXTREE pass (detect dead branches in mux trees).
Running muxtree optimizer on module $paramod$constmap:587bfd344aba6fff5ae2fc198a50240a44929441$paramod$64b19f47ed5f126636dbd98d727ec46a7ec08d71\_90_shift_shiftx..
  Creating internal representation of mux trees.
  Evaluating internal representation of mux trees.
  Analyzing evaluation results.
    dead port 2/2 on $mux $procmux$4521.
    dead port 2/2 on $mux $procmux$4515.
Removed 2 multiplexer ports.
<suppressed ~232 debug messages>

7.20.11. Executing OPT_EXPR pass (perform const folding).
Optimizing module $paramod$constmap:587bfd344aba6fff5ae2fc198a50240a44929441$paramod$64b19f47ed5f126636dbd98d727ec46a7ec08d71\_90_shift_shiftx.
<suppressed ~2 debug messages>
Removed 0 unused cells and 8 unused wires.
Using template $paramod$constmap:587bfd344aba6fff5ae2fc198a50240a44929441$paramod$64b19f47ed5f126636dbd98d727ec46a7ec08d71\_90_shift_shiftx for cells of type $shift.
Using extmapper simplemap for cells of type $reduce_bool.
Using extmapper simplemap for cells of type $mux.
Using extmapper simplemap for cells of type $reduce_or.
Using extmapper simplemap for cells of type $reduce_and.
Using extmapper simplemap for cells of type $and.
Using extmapper simplemap for cells of type $not.
Using template $paramod$85df5dc01c7df96a7d8e5f1fdf76ce9ac452af63\_90_pmux for cells of type $pmux.
Using template $paramod$54d740639e1393b22262823179ff783ea9f17a35\_90_pmux for cells of type $pmux.
Using template $paramod$d629d85c8826a74239b9178d1930215a43b0ceb0\_90_pmux for cells of type $pmux.
Using extmapper simplemap for cells of type $eq.
Using template $paramod$521ce43182eecb9f60c72393a788160d2c356bf5\_90_pmux for cells of type $pmux.
Using extmapper simplemap for cells of type $logic_not.
Using template $paramod$97565c3687be688407d1272a293bd9d0ae6852dc\_90_pmux for cells of type $pmux.
Using template $paramod$c2e415ef15bc3ccd2723772353a6b450d3d76206\_90_pmux for cells of type $pmux.
Using extmapper simplemap for cells of type $adffe.
Using extmapper simplemap for cells of type $adff.
Using template $paramod\_90_lcu_brent_kung\WIDTH=32'00000000000000000000000000000011 for cells of type $lcu.
Using extmapper simplemap for cells of type $pos.
Using extmapper simplemap for cells of type $xor.
Using extmapper simplemap for cells of type $or.
Using template $paramod$a1665ef28c749ebcdbe9aecd466e644647b56463\_90_alu for cells of type $alu.
Using template $paramod$675ee3ed071b156aa661bdfa838b7e469d095ac0\_90_alu for cells of type $alu.
Using template $paramod\_90_lcu_brent_kung\WIDTH=32'00000000000000000000000000010000 for cells of type $lcu.
Using template $paramod\_90_lcu_brent_kung\WIDTH=32'00000000000000000000000000001111 for cells of type $lcu.
Using template $paramod$050f15daba5036a0512adf25d3c6631f629623f7\_90_alu for cells of type $alu.
Using template $paramod$9f53511a6616d1b893f9d4267848c15e4d483779\_90_alu for cells of type $alu.
Using extmapper simplemap for cells of type $logic_or.
Using template $paramod$6a42b6fefed750f8a1c58eab59479d960557103c\_90_alu for cells of type $alu.
Using template $paramod$constmap:1ef046be63c9541309f2f19c4ef998a798f64488$paramod$7fe1424d9d826b3a6286885bc851fafa5143be2b\_90_shift_shiftx for cells of type $shiftx.
Using template $paramod\_90_lcu_brent_kung\WIDTH=32'00000000000000000000000000100000 for cells of type $lcu.
Using template $paramod\_90_lcu_brent_kung\WIDTH=32'00000000000000000000000000011010 for cells of type $lcu.
No more expansions possible.
<suppressed ~2485 debug messages>

7.21. Executing OPT pass (performing simple optimizations).

7.21.1. Executing OPT_EXPR pass (perform const folding).
Optimizing module $paramod$508cca98229eff1b70362476b43647777eac3ce1\qos_arbiter.
<suppressed ~869 debug messages>
Optimizing module $paramod$59f66e305bd3b47082af7a1e20206251db0b33b5\addr_decoder.
<suppressed ~132 debug messages>
Optimizing module axi4lite_arbiter_top.
<suppressed ~545 debug messages>

7.21.2. Executing OPT_MERGE pass (detect identical cells).
Finding identical cells in module `$paramod$508cca98229eff1b70362476b43647777eac3ce1\qos_arbiter'.
<suppressed ~432 debug messages>
Finding identical cells in module `$paramod$59f66e305bd3b47082af7a1e20206251db0b33b5\addr_decoder'.
<suppressed ~84 debug messages>
Finding identical cells in module `\axi4lite_arbiter_top'.
<suppressed ~111 debug messages>
Removed a total of 209 cells.

7.21.3. Executing OPT_DFF pass (perform DFF optimizations).

7.21.4. Executing OPT_CLEAN pass (remove unused cells and wires).
Finding unused cells or wires in module $paramod$508cca98229eff1b70362476b43647777eac3ce1\qos_arbiter..
Finding unused cells or wires in module $paramod$59f66e305bd3b47082af7a1e20206251db0b33b5\addr_decoder..
Finding unused cells or wires in module \axi4lite_arbiter_top..
Removed 156 unused cells and 1499 unused wires.
<suppressed ~159 debug messages>

7.21.5. Finished fast OPT passes.

7.22. Executing ABC pass (technology mapping using ABC).

7.22.1. Extracting gate netlist of module `$paramod$508cca98229eff1b70362476b43647777eac3ce1\qos_arbiter' to `<abc-temp-dir>/input.blif'..
Extracted 1765 gates and 1906 wires to a netlist network with 139 inputs and 143 outputs.

7.22.1.1. Executing ABC.
Running ABC command: "<yosys-exe-dir>/yosys-abc" -s -f <abc-temp-dir>/abc.script 2>&1
ABC: ABC command line: "source <abc-temp-dir>/abc.script".
ABC: 
ABC: + read_blif <abc-temp-dir>/input.blif 
ABC: + read_library <abc-temp-dir>/stdcells.genlib 
ABC: + strash 
ABC: + dretime 
ABC: + map 
ABC: + write_blif <abc-temp-dir>/output.blif 

7.22.1.2. Re-integrating ABC results.
ABC RESULTS:               AND cells:       61
ABC RESULTS:            ANDNOT cells:      399
ABC RESULTS:               MUX cells:      406
ABC RESULTS:              NAND cells:       42
ABC RESULTS:               NOR cells:      141
ABC RESULTS:               NOT cells:      119
ABC RESULTS:                OR cells:      181
ABC RESULTS:             ORNOT cells:       42
ABC RESULTS:              XNOR cells:       27
ABC RESULTS:               XOR cells:      101
ABC RESULTS:        internal signals:     1624
ABC RESULTS:           input signals:      139
ABC RESULTS:        ABC RESULTS:               AND cells:       61
ABC R
7.22.2. Extracting gate netlist of module `$paramod$59f66e305bd3b47082af7a1e20206251db0b33b5\addr_decoder' to `<abc-temp-dir>/input.blif'..
Extracted 137 gates and 171 wires to a netlist network with 32 inputs and 4 outputs.

7.22.2.1. Executing ABC.
Running ABC command: "<yosys-exe-dir>/yosys-abc" -s -f <abc-temp-dir>/abc.script 2>&1
ABC: ABC command line: "source <abc-temp-dir>/abc.script".
ABC: 
ABC: + read_blif <abc-temp-dir>/input.blif 
ABC: + read_library <abc-temp-dir>/stdcells.genlib 
ABC: + strash 
ABC: + dretime 
ABC: + map 
ABC: + write_blif <abc-temp-dir>/output.blif 

7.22.2.2. Re-integrating ABC results.
ABC RESULTS:            ANDNOT cells:       28
ABC RESULTS:              NAND cells:        1
ABC RESULTS:               NOR cells:       20
ABC RESULTS:                OR cells:       32
ABC RESULTS:             ORNOT cells:        5
ABC RESULTS:        internal signals:      135
ABC RESULTS:           input signals:       32
ABC RESULTS:          output signals:        4
Removing temp directory.

7.22.3. Extracting gate netlist of module `\axi4lite_arbiter_top' to `<abc-temp-dir>/input.blif'..
Extracted 1888 gates and 2436 wires to a netlist network with 546 inputs and 290 outputs.

7.22.3.1. Executing ABC.
Running ABC command: "<yosys-exe-dir>/yosys-abc" -s -f <abc-temp-dir>/abc.script 2>&1
ABC: ABC command line: "source <abc-temp-dir>/abc.script".
ABC: 
ABC: + read_blif <abc-temp-dir>/input.blif 
ABC: + read_library <abc-temp-dir>/stdcells.genlib 
ABC: + strash 
ABC: + dretime 
ABC: + map 
ABC: + write_blif <abc-temp-dir>/output.blif 

7.22.3.2. Re-integrating ABC results.
ABC RESULTS:               AND cells:        9
ABC RESULTS:            ANDNOT cells:      537
ABC RESULTS:               MUX cells:      318
ABC RESULTS:              NAND cells:       96
ABC RESULTS:               NOR cells:        9
ABC RESULTS:               NOT cells:       88
ABC RESULTS:                OR cells:      821
ABC RESULTS:             ORNOT cells:       37
ABC RESULTS:               XOR cells:        1
ABC RESULTS:        internal signals:     1600
ABC RESULTS:           input signals:      546
ABC RESULTS:          output signals:      290
Removing temp directABC R
7.23. Executing OPT pass (performing simple optimizations).

7.23.1. Executing OPT_EXPR pass (perform const folding).
Optimizing module $paramod$508cca98229eff1b70362476b43647777eac3ce1\qos_arbiter.
<suppressed ~166 debug messages>
Optimizing module $paramod$59f66e305bd3b47082af7a1e20206251db0b33b5\addr_decoder.
Optimizing module axi4lite_arbiter_top.
<suppressed ~172 debug messages>

7.23.2. Executing OPT_MERGE pass (detect identical cells).
Finding identical cells in module `$paramod$508cca98229eff1b70362476b43647777eac3ce1\qos_arbiter'.
<suppressed ~96 debug messages>
Finding identical cells in module `$paramod$59f66e305bd3b47082af7a1e20206251db0b33b5\addr_decoder'.
<suppressed ~18 debug messages>
Finding identical cells in module `\axi4lite_arbiter_top'.
<suppressed ~48 debug messages>
Removed a total of 54 cells.

7.23.3. Executing OPT_DFF pass (perform DFF optimizations).

7.23.4. Executing OPT_CLEAN pass (remove unused cells and wires).
Finding unused cells or wires in module $paramod$508cca98229eff1b70362476b43647777eac3ce1\qos_arbiter..
Finding unused cells or wires in module $paramod$59f66e305bd3b47082af7a1e20206251db0b33b5\addr_decoder..
Finding unused cells or wires in module \axi4lite_arbiter_top..
Removed 2 unused cells and 2167 unused wires.
<suppressed ~17 debug messages>

7.23.5. Finished fast OPT passes.

7.24. Executing HIERARCHY pass (managing design hierarchy).
Attribute `top' found on module `axi4lite_arbiter_top'. Setting top module to axi4lite_arbiter_top.

7.24.1. Analyzing design hierarchy..
Top module:  \axi4lite_arbiter_top
Used module:     $paramod$59f66e305bd3b47082af7a1e20206251db0b33b5\addr_decoder
Used module:     $paramod$508cca98229eff1b70362476b43647777eac3ce1\qos_arbiter

7.24.2. Analyzing design hierarchy..
Top module:  \axi4lite_arbiter_top
Used module:     $paramod$59f66e305bd3b47082af7a1e20206251db0b33b5\addr_decoder
Used module:     $paramod$508cca98229eff1b70362476b43647777eac3ce1\qos_arbiter
Removed 0 unused modules.

7.25. Printing statistics.

=== $paramod$508cca98229eff1b70362476b43647777eac3ce1\qos_arbiter ===

   Number of wires:               1371
   Number of wire bits:           1630
   Number of public wires:          24
   Number of public wire bits:     252
   Number of ports:                  8
   Number of port bits:             15
   Number of memories:               0
   Number of memory bits:            0
   Number of processes:              0
   Number of cells:               1619
     $_ANDNOT_                     399
     $_AND_                         61
     $_DFFE_PN0P_                   95
     
=== $paramod$508cca98229eff1b70362476b43647777eac3ce1\qos_arbiter ===

   Number of wires:               1371
   Number of wire bits:           1630
   Number of public wires:          24
   Number of public wire bits:     252
   Number of ports:                  8
   Number of port bits:             15
   Number of memories:               0
   Number of memory bits:            0
   Number of processes:              0
   Number of cells:               1619
     $_ANDNOT_                     399
     $_AND_                         61
     $_DFFE_PN0P_                   95
     $_DFFE_PN1P_                    5
     $_DFF_PN0_                     34
     $_MUX_                        406
     $_NAND_                        42
     $_NOR_                        109
     $_NOT_                        117
     $_ORNOT_                       42
     $_OR_                         181
     $_XNOR_                        27
     $_XOR_                        101

=== $paramod$59f66e305bd3b47082af7a1e20206251db0b33b5\addr_decoder ===

   Number of wires:                 80
   Number of wire bits:            112
   Number of public wires:           4
   Number of public wire bits:      36
   Number of ports:                  4
   Number of port bits:             36
   Number of memories:               0
   Number of memory bits:            0
   Number of processes:              0
   Number of cells:                 80
     $_ANDNOT_                      28
     $_NAND_                         1
     $_NOR_                         15
     $_ORNOT_                        5
     $_OR_                          31

=== axi4lite_arbiter_top ===

   Number of wires:               1785
   Number of wire bits:           3468
   Number of public wires:         165
   Number of public wire bits:    1842
   Number of ports:                 40
   Number of port bits:            914
   Number of memories:               0
   Number of memory bits:            0
   Number of processes:              0
   Number of cells:               1990
     $_ANDNOT_                     534
     $_AND_                          9
     $_DFFE_PN0P_                   84
     $_DFF_PN0_                      2
     $_MUX_                        318
     $_NAND_                        94
     $_NOR_                          6
     $_NOT_                         88
     $_ORNOT_                       29
     $_OR_                         821
     $_XOR_                          1
     $paramod$508cca98229eff1b70362476b43647777eac3ce1\qos_arbiter      2
     $paramod$59f66e305bd3b47082af7a1e20206251db0b33b5\addr_decoder      2

=== design hierarchy ===

   axi4lite_arbiter_top              1
     $paramod$508cca98229eff1b70362476b43647777eac3ce1\qos_arbiter      2
     $paramod$59f66e305bd3b47082af7a1e20206251db0b33b5\addr_decoder      2

   Number of wires:               4687
   Number of wire bits:           6952
   Number of public wires:         221
   Number of public wire bits:    2418
   Number of ports:                 64
   Number of port bits:           1016
   Number of memories:               0
   Number of memory bits:            0
   Number of processes:              0
   Number of cells:    Checking module $paramod$508cca98229eff1b70362476b43647777eac3ce1\qos_arbiter...
Checking module $paramod$59f66e305bd3b47082af7a1e20206251db0b33b5\addr_decoder...
Checking module axi4lite_arbiter_top...
Found and reported 0 problems.

8. Printing statistics.

=== $paramod$508cca98229eff1b70362476b43647777eac3ce1\qos_arbiter ===

   Number of wires:               1371
   Number of wire bits:           1630
   Number of public wires:          24
   Number of public wire bits:     252
   Number of ports:                  8
   Number of port bits:             15
   Number of memories:               0
   Number of memory bits:            0
   Number of processes:              0
   Number of cells:               1619
     $_ANDNOT_                     399
     $_AND_                         61
     $_DFFE_PN0P_                   95
     
=== $paramod$508cca98229eff1b70362476b43647777eac3ce1\qos_arbiter ===

   Number of wires:               1371
   Number of wire bits:           1630
   Number of public wires:          24
   Number of public wire bits:     252
   Number of ports:                  8
   Number of port bits:             15
   Number of memories:               0
   Number of memory bits:            0
   Number of processes:              0
   Number of cells:               1619
     $_ANDNOT_                     399
     $_AND_                         61
     $_DFFE_PN0P_                   95
     $_DFFE_PN1P_                    5
     $_DFF_PN0_                     34
     $_MUX_                        406
     $_NAND_                        42
     $_NOR_                        109
     $_NOT_                        117
     $_ORNOT_                       42
     $_OR_                         181
     $_XNOR_                        27
     $_XOR_                        101

=== $paramod$59f66e305bd3b47082af7a1e20206251db0b33b5\addr_decoder ===

   Number of wires:                 80
   Number of wire bits:            112
   Number of public wires:           4
   Number of public wire bits:      36
   Number of ports:                  4
   Number of port bits:             36
   Number of memories:               0
   Number of memory bits:            0
   Number of processes:              0
   Number of cells:                 80
     $_ANDNOT_                      28
     $_NAND_                         1
     $_NOR_                         15
     $_ORNOT_                        5
     $_OR_                          31

=== axi4lite_arbiter_top ===

   Number of wires:               1785
   Number of wire bits:           3468
   Number of public wires:         165
   Number of public wire bits:    1842
   Number of ports:                 40
   Number of port bits:            914
   Number of memories:               0
   Number of memory bits:            0
   Number of processes:              0
   Number of cells:               1990
     $_ANDNOT_                     534
     $_AND_                          9
     $_DFFE_PN0P_                   84
     $_DFF_PN0_                      2
     $_MUX_                        318
     $_NAND_                        94
     $_NOR_                          6
     $_NOT_                         88
     $_ORNOT_                       29
     $_OR_                         821
     $_XOR_                          1
     $paramod$508cca98229eff1b70362476b43647777eac3ce1\qos_arbiter      2
     $paramod$59f66e305bd3b47082af7a1e20206251db0b33b5\addr_decoder      2

=== design hierarchy ===

   axi4lite_arbiter_top              1
     $paramod$508cca98229eff1b70362476b43647777eac3ce1\qos_arbiter      2
     $paramod$59f66e305bd3b47082af7a1e20206251db0b33b5\addr_decoder      2

   Number of wires:               4687
   Number of wire bits:           6952
   Number of public wires:         221
   Number of public wire bits:    2418
   Number of ports:                 64
   Number of port bits:           1016
   Number of memories:               0
   Number of memory bits:            0
   Number of processes:         
9.1. Executing BMUXMAP pass.

9.2. Executing DEMUXMAP pass.
Dumping module `$paramod$508cca98229eff1b70362476b43647777eac3ce1\qos_arbiter'.
Dumping module `$paramod$59f66e305bd3b47082af7a1e20206251db0b33b5\addr_decoder'.
Dumping module `\axi4lite_arbiter_top'.

Warnings: 3 unique messages, 3 total
End of script. Logfile hash: 0a433f16bf, CPU: user 0.55s system 0.01s, MEM: 36.97 MB peak
Yosys 0.52 (git sha1 fee39a3284c90249e1d9684cf6944ffbbcbb8f90)
Time spent: 22% 1x abc (0 sec), 19% 36x opt_expr (0 sec), ...
    $_XOR_                        203

9. Executing Verilog backend.

9.1. Executing BMUXMAP pass.

9.2. Executing DEMUXMAP pass.
Dumping module `$paramod$508cca98229eff1b70362476b43647777eac3ce1\qos_arbiter'.
Dumping module `$paramod$59f66e305bd3b47082af7a1e20206251db0b33b5\addr_decoder'.
Dumping module `\axi4lite_arbiter_top'.

Warnings: 3 unique messages, 3 total
End of script. Logfile hash: 0a433f16bf, CPU: user 0.55s system 0.01s, MEM: 36.97 MB peak
Yosys 0.52 (git sha1 fee39a3284c90249e1d9684cf6944ffbbcbb8f90)
Time spent: 22% 1x abc (0 sec), 19% 36x opt_expr (0 sec), ...
--- Synthesis (Yosys): SUCCESS ---
    Netlist : /mnt/c/Users/Chand/Documents/New folder/SparkAhead-/SparkAhead-/outputs/axi4lite_arbiter_top_netlist.v
    Log     : ./logs/synth.log
    Note    : Logic synthesis completed; SDC timing closure is not claimed.
