Reading OpenROAD database at '/work/openlane/runs/RUN_2026-08-28_23-34-40/36-openroad-globalrouting/axi4lite_arbiter_top.odb'…
Reading library file at '/.volare/volare/sky130/versions/bdc9412b3e468c102d01b7cf6337be06ec6e9c9a/sky130A/libs.ref/sky130_fd_sc_hd/lib/sky130_fd_sc_hd__tt_025C_1v80.lib'…
Reading design constraints file at '/work/constraints/timing.sdc'…
%OL_CREATE_REPORT /work/openlane/runs/RUN_2026-08-28_23-34-40/37-openroad-checkantennas/reports/antenna.rpt
Net: _1104_
  Pin: _4042_/A (sky130_fd_sc_hd__or2_1)
    Layer: met1
      Partial area ratio:  705.64
      Required ratio:    0.00 (Gate area) 
      Partial area ratio: 3529.78
      Required ratio: 3237.20 (Side area) (VIOLATED)
      Cumulative area ratio:  710.34
      Required ratio:    0.00 (Cumulative area) 
      Cumulative area ratio: 3535.84
      Required ratio:    0.00 (Cumulative side area) 

    Layer: li1
      Partial area ratio:    4.69
      Required ratio:    0.00 (Gate area) 
      Partial area ratio:    6.06
      Required ratio:   75.00 (Side area) 
      Cumulative area ratio:    4.69
      Required ratio:    0.00 (Cumulative area) 
      Cumulative area ratio:    6.06
      Required ratio:    0.00 (Cumulative side area) 

    Layer: met2
      Partial area ratio:    2.73
      Required ratio:    0.00 (Gate area) 
      Partial area ratio:   13.94
      Required ratio: 3237.20 (Side area) 
      Cumulative area ratio:  713.07
      Required ratio:    0.00 (Cumulative area) 
      Cumulative area ratio: 3549.78
      Required ratio:    0.00 (Cumulative side area) 

    Via: M1M2_PR
      Partial area ratio:    0.18
      Required ratio:    6.00 (Gate area) 
      Cumulative area ratio:    0.41
      Required ratio:    0.00 (Cumulative area) 

    Via: L1M1_PR
      Partial area ratio:    0.23
      Required ratio:    3.00 (Gate area) 
      Cumulative area ratio:    0.23
      Required ratio:    0.00 (Cumulative area) 

  Pin: _4836_/A2 (sky130_fd_sc_hd__a21oi_1)
    Layer: met2
      Partial area ratio:    2.73
      Required ratio:    0.00 (Gate area) 
      Partial area ratio:   13.94
      Required ratio: 3237.20 (Side area) 
      Cumulative area ratio:    5.43
      Required ratio:    0.00 (Cumulative area) 
      Cumulative area ratio:   17.39
      Required ratio:    0.00 (Cumulative side area) 

    Layer: met1
      Partial area ratio:    0.00
      Required ratio:    0.00 (Gate area) 
      Partial area ratio:    0.00
      Required ratio:  400.00 (Side area) 
      Cumulative area ratio:    2.70
      Required ratio:    0.00 (Cumulative area) 
      Cumulative area ratio:    3.45
      Required ratio:    0.00 (Cumulative side area) 

    Layer: li1
      Partial area ratio:    2.70
      Required ratio:    0.00 (Gate area) 
      Partial area ratio:    3.45
      Required ratio:   75.00 (Side area) 
      Cumulative area ratio:    2.70
      Required ratio:    0.00 (Cumulative area) 
      Cumulative area ratio:    3.45
      Required ratio:    0.00 (Cumulative side area) 

    Via: M1M2_PR
      Partial area ratio:    0.09
      Required ratio:    6.00 (Gate area) 
      Cumulative area ratio:    0.21
      Required ratio:    0.00 (Cumulative area) 

    Via: L1M1_PR
      Partial area ratio:    0.12
      Required ratio:    3.00 (Gate area) 
      Cumulative area ratio:    0.12
      Required ratio:    0.00 (Cumulative area) 

  Pin: _4683_/B (sky130_fd_sc_hd__nand2_1)
    Layer: met2
      Partial area ratio:    2.73
      Required ratio:    0.00 (Gate area) 
      Partial area ratio:   13.94
      Required ratio: 3237.20 (Side area) 
      Cumulative area ratio:    7.65
      Required ratio:    0.00 (Cumulative area) 
      Cumulative area ratio:   36.42
      Required ratio:    0.00 (Cumulative side area) 

    Layer: met1
      Partial area ratio:    4.24
      Required ratio:    0.00 (Gate area) 
      Partial area ratio:   21.40
      Required ratio:  400.00 (Side area) 
      Cumulative area ratio:    4.92
      Required ratio:    0.00 (Cumulative area) 
      Cumulative area ratio:   22.48
      Required ratio:    0.00 (Cumulative side area) 

    Layer: li1
      Partial area ratio:    0.68
      Required ratio:    0.00 (Gate area) 
      Partial area ratio:    1.08
      Required ratio:   75.00 (Side area) 
      Cumulative area ratio:    0.68
      Required ratio:    0.00 (Cumulative area) 
      Cumulative area ratio:    1.08
      Required ratio:    0.00 (Cumulative side area) 

    Via: M1M2_PR
      Partial area ratio:    0.10
      Required ratio:    6.00 (Gate area) 
      Cumulative area ratio:    0.21
      Required ratio:    0.00 (Cumulative area) 

    Via: L1M1_PR
      Partial area ratio:    0.12
      Required ratio:    3.00 (Gate area) 
      Cumulative area ratio:    0.12
      Required ratio:    0.00 (Cumulative area) 

  Pin: _4725_/B (sky130_fd_sc_hd__nand2_1)
    Layer: met2
      Partial area ratio:    2.73
      Required ratio:    0.00 (Gate area) 
      Partial area ratio:   13.94
      Required ratio: 3237.20 (Side area) 
      Cumulative area ratio:   10.51
      Required ratio:    0.00 (Cumulative area) 
      Cumulative area ratio:   39.78
      Required ratio:    0.00 (Cumulative side area) 

    Layer: met1
      Partial area ratio:    0.00
      Required ratio:    0.00 (Gate area) 
      Partial area ratio:    0.00
      Required ratio:  400.00 (Side area) 
      Cumulative area ratio:    3.54
      Required ratio:    0.00 (Cumulative area) 
      Cumulative area ratio:    4.43
      Required ratio:    0.00 (Cumulative side area) 

    Layer: li1
      Partial area ratio:    3.54
      Required ratio:    0.00 (Gate area) 
      Partial area ratio:    4.43
      Required ratio:   75.00 (Side area) 
      Cumulative area ratio:    3.54
      Required ratio:    0.00 (Cumulative area) 
      Cumulative area ratio:    4.43
      Required ratio:    0.00 (Cumulative side area) 

    Via: M1M2_PR
      Partial area ratio:    0.09
      Required ratio:    6.00 (Gate area) 
      Cumulative area ratio:    0.21
      Required ratio:    0.00 (Cumulative area) 

    Via: L1M1_PR
      Partial area ratio:    0.12
      Required ratio:    3.00 (Gate area) 
      Cumulative area ratio:    0.12
      Required ratio:    0.00 (Cumulative area) 

  Pin: _3867_/A (sky130_fd_sc_hd__clkbuf_4)
    Layer: met2
      Partial area ratio:    2.73
      Required ratio:    0.00 (Gate area) 
      Partial area ratio:   13.94
      Required ratio: 3237.20 (Side area) 
      Cumulative area ratio:   10.13
      Required ratio:    0.00 (Cumulative area) 
      Cumulative area ratio:   39.38
      Required ratio:    0.00 (Cumulative side area) 

    Layer: met1
      Partial area ratio:    4.24
      Required ratio:    0.00 (Gate area) 
      Partial area ratio:   21.40
      Required ratio:  400.00 (Side area) 
      Cumulative area ratio:    7.40
      Required ratio:    0.00 (Cumulative area) 
      Cumulative area ratio:   25.44
      Required ratio:    0.00 (Cumulative side area) 

    Layer: li1
      Partial area ratio:    3.16
      Required ratio:    0.00 (Gate area) 
      Partial area ratio:    4.04
      Required ratio:   75.00 (Side area) 
      Cumulative area ratio:    3.16
      Required ratio:    0.00 (Cumulative area) 
      Cumulative area ratio:    4.04
      Required ratio:    0.00 (Cumulative side area) 

    Via: M1M2_PR
      Partial area ratio:    0.10
      Required ratio:    6.00 (Gate area) 
      Cumulative area ratio:    0.23
      Required ratio:    0.00 (Cumulative area) 

    Via: L1M1_PR
      Partial area ratio:    0.14
      Required ratio:    3.00 (Gate area) 
      Cumulative area ratio:    0.14
      Required ratio:    0.00 (Cumulative area) 


Net: _1265_
  Pin: _4049_/A (sky130_fd_sc_hd__clkbuf_8)
    Layer: met2
      Partial area ratio:   33.99
      Required ratio:    0.00 (Gate area) 
      Partial area ratio:  170.44
      Required ratio: 3744.80 (Side area) 
      Cumulative area ratio:   87.60
      Required ratio:    0.00 (Cumulative area) 
      Cumulative area ratio:  433.90
      Required ratio:    0.00 (Cumulative side area) 

    Layer: met1
      Partial area ratio:   52.25
      Required ratio:    0.00 (Gate area) 
      Partial area ratio:  261.69
      Required ratio:  400.00 (Side area) 
      Cumulative area ratio:   53.61
      Required ratio:    0.00 (Cumulative area) 
      Cumulative area ratio:  263.46
      Required ratio:    0.00 (Cumulative side area) 

    Layer: li1
      Partial area ratio:    1.37
      Required ratio:    0.00 (Gate area) 
      Partial area ratio:    1.77
      Required ratio:   75.00 (Side area) 
      Cumulative area ratio:    1.37
      Required ratio:    0.00 (Cumulative area) 
      Cumulative area ratio:    1.77
      Required ratio:    0.00 (Cumulative side area) 

    Layer: met3
      Partial area ratio:    5.99
      Required ratio:    0.00 (Gate area) 
      Partial area ratio:   32.16
      Required ratio: 3744.80 (Side area) 
      Cumulative area ratio:   93.60
      Required ratio:    0.00 (Cumulative area) 
      Cumulative area ratio:  466.06
      Required ratio:    0.00 (Cumulative side area) 

    Via: M2M3_PR
      Partial area ratio:    0.03
      Required ratio:    6.00 (Gate area) 
      Cumulative area ratio:    0.20
      Required ratio:    0.00 (Cumulative area) 

    Via: M1M2_PR
      Partial area ratio:    0.11
      Required ratio:    6.00 (Gate area) 
      Cumulative area ratio:    0.17
      Required ratio:    0.00 (Cumulative area) 

    Via: L1M1_PR
      Partial area ratio:    0.07
      Required ratio:    3.00 (Gate area) 
      Cumulative area ratio:    0.07
      Required ratio:    0.00 (Cumulative area) 

  Pin: _6130_/A (sky130_fd_sc_hd__buf_4)
    Layer: met2
      Partial area ratio:   33.99
      Required ratio:    0.00 (Gate area) 
      Partial area ratio:  170.44
      Required ratio: 3744.80 (Side area) 
      Cumulative area ratio:   88.73
      Required ratio:    0.00 (Cumulative area) 
      Cumulative area ratio:  435.34
      Required ratio:    0.00 (Cumulative side area) 

    Layer: met1
      Partial area ratio:    0.00
      Required ratio:    0.00 (Gate area) 
      Partial area ratio:    0.00
      Required ratio:  400.00 (Side area) 
      Cumulative area ratio:    2.49
      Required ratio:    0.00 (Cumulative area) 
      Cumulative area ratio:    3.20
      Required ratio:    0.00 (Cumulative side area) 

    Layer: li1
      Partial area ratio:    2.49
      Required ratio:    0.00 (Gate area) 
      Partial area ratio:    3.20
      Required ratio:   75.00 (Side area) 
      Cumulative area ratio:    2.49
      Required ratio:    0.00 (Cumulative area) 
      Cumulative area ratio:    3.20
      Required ratio:    0.00 (Cumulative side area) 

    Layer: met3
      Partial area ratio:    5.99
      Required ratio:    0.00 (Gate area) 
      Partial area ratio:   32.16
      Required ratio: 3744.80 (Side area) 
      Cumulative area ratio:   94.72
      Required ratio:    0.00 (Cumulative area) 
      Cumulative area ratio:  467.49
      Required ratio:    0.00 (Cumulative side area) 

    Via: M2M3_PR
      Partial area ratio:    0.03
      Required ratio:    6.00 (Gate area) 
      Cumulative area ratio:    0.34
      Required ratio:    0.00 (Cumulative area) 

    Via: M1M2_PR
      Partial area ratio:    0.09
      Required ratio:    6.00 (Gate area) 
      Cumulative area ratio:    0.21
      Required ratio:    0.00 (Cumulative area) 

    Via: L1M1_PR
      Partial area ratio:    0.12
      Required ratio:    3.00 (Gate area) 
      Cumulative area ratio:    0.12
      Required ratio:    0.00 (Cumulative area) 

  Pin: _6151_/A (sky130_fd_sc_hd__buf_4)
    Layer: met2
      Partial area ratio:   33.99
      Required ratio:    0.00 (Gate area) 
      Partial area ratio:  170.44
      Required ratio: 3744.80 (Side area) 
      Cumulative area ratio:  245.15
      Required ratio:    0.00 (Cumulative area) 
      Cumulative area ratio: 1222.35
      Required ratio:    0.00 (Cumulative side area) 

    Layer: met1
      Partial area ratio:    0.00
      Required ratio:    0.00 (Gate area) 
      Partial area ratio:    0.00
      Required ratio:  400.00 (Side area) 
      Cumulative area ratio:    1.51
      Required ratio:    0.00 (Cumulative area) 
      Cumulative area ratio:    2.06
      Required ratio:    0.00 (Cumulative side area) 

    Layer: li1
      Partial area ratio:    1.51
      Required ratio:    0.00 (Gate area) 
      Partial area ratio:    2.06
      Required ratio:   75.00 (Side area) 
      Cumulative area ratio:    1.51
      Required ratio:    0.00 (Cumulative area) 
      Cumulative area ratio:    2.06
      Required ratio:    0.00 (Cumulative side area) 

    Layer: met3
      Partial area ratio:    5.99
      Required ratio:    0.00 (Gate area) 
      Partial area ratio:   32.16
      Required ratio: 3744.80 (Side area) 
      Cumulative area ratio:  251.15
      Required ratio:    0.00 (Cumulative area) 
      Cumulative area ratio: 1254.51
      Required ratio:    0.00 (Cumulative side area) 

    Via: M2M3_PR
      Partial area ratio:    0.03
      Required ratio:    6.00 (Gate area) 
      Cumulative area ratio:    0.61
      Required ratio:    0.00 (Cumulative area) 

    Via: M1M2_PR
      Partial area ratio:    0.09
      Required ratio:    6.00 (Gate area) 
      Cumulative area ratio:    0.21
      Required ratio:    0.00 (Cumulative area) 

    Via: L1M1_PR
      Partial area ratio:    0.12
      Required ratio:    3.00 (Gate area) 
      Cumulative area ratio:    0.12
      Required ratio:    0.00 (Cumulative area) 

  Pin: _6174_/S (sky130_fd_sc_hd__mux2_1)
    Layer: met2
      Partial area ratio:   33.99
      Required ratio:    0.00 (Gate area) 
      Partial area ratio:  170.44
      Required ratio: 3744.80 (Side area) 
      Cumulative area ratio:  247.22
      Required ratio:    0.00 (Cumulative area) 
      Cumulative area ratio: 1224.78
      Required ratio:    0.00 (Cumulative side area) 

    Layer: met1
      Partial area ratio:  157.40
      Required ratio:    0.00 (Gate area) 
      Partial area ratio:  788.17
      Required ratio:  400.00 (Side area) (VIOLATED)
      Cumulative area ratio:  160.98
      Required ratio:    0.00 (Cumulative area) 
      Cumulative area ratio:  792.65
      Required ratio:    0.00 (Cumulative side area) 

    Layer: li1
      Partial area ratio:    3.58
      Required ratio:    0.00 (Gate area) 
      Partial area ratio:    4.48
      Required ratio:   75.00 (Side area) 
      Cumulative area ratio:    3.58
      Required ratio:    0.00 (Cumulative area) 
      Cumulative area ratio:    4.48
      Required ratio:    0.00 (Cumulative side area) 

    Layer: met3
      Partial area ratio:    5.99
      Required ratio:    0.00 (Gate area) 
      Partial area ratio:   32.16
      Required ratio: 3744.80 (Side area) 
      Cumulative area ratio:  253.21
      Required ratio:    0.00 (Cumulative area) 
      Cumulative area ratio: 1256.94
      Required ratio:    0.00 (Cumulative side area) 

    Via: M2M3_PR
      Partial area ratio:    0.03
      Required ratio:    6.00 (Gate area) 
      Cumulative area ratio:    0.52
      Required ratio:    0.00 (Cumulative area) 

    Via: M1M2_PR
      Partial area ratio:    0.27
      Required ratio:    6.00 (Gate area) 
      Cumulative area ratio:    0.38
      Required ratio:    0.00 (Cumulative area) 

    Via: L1M1_PR
      Partial area ratio:    0.11
      Required ratio:    3.00 (Gate area) 
      Cumulative area ratio:    0.11
      Required ratio:    0.00 (Cumulative area) 

  Pin: _6182_/S (sky130_fd_sc_hd__mux2_1)
    Layer: met3
      Partial area ratio:    5.99
      Required ratio:    0.00 (Gate area) 
      Partial area ratio:   32.16
      Required ratio: 3744.80 (Side area) 
      Cumulative area ratio:   14.17
      Required ratio:    0.00 (Cumulative area) 
      Cumulative area ratio:   60.88
      Required ratio:    0.00 (Cumulative side area) 

    Layer: met2
      Partial area ratio:    0.98
      Required ratio:    0.00 (Gate area) 
      Partial area ratio:    4.99
      Required ratio:  400.00 (Side area) 
      Cumulative area ratio:    8.18
      Required ratio:    0.00 (Cumulative area) 
      Cumulative area ratio:   28.73
      Required ratio:    0.00 (Cumulative side area) 

    Layer: met1
      Partial area ratio:    3.87
      Required ratio:    0.00 (Gate area) 
      Partial area ratio:   19.56
      Required ratio:  400.00 (Side area) 
      Cumulative area ratio:    7.20
      Required ratio:    0.00 (Cumulative area) 
      Cumulative area ratio:   23.74
      Required ratio:    0.00 (Cumulative side area) 

    Layer: li1
      Partial area ratio:    3.33
      Required ratio:    0.00 (Gate area) 
      Partial area ratio:    4.18
      Required ratio:   75.00 (Side area) 
      Cumulative area ratio:    3.33
      Required ratio:    0.00 (Cumulative area) 
      Cumulative area ratio:    4.18
      Required ratio:    0.00 (Cumulative side area) 

    Via: M2M3_PR
      Partial area ratio:    0.04
      Required ratio:    6.00 (Gate area) 
      Cumulative area ratio:    0.24
      Required ratio:    0.00 (Cumulative area) 

    Via: M1M2_PR
      Partial area ratio:    0.09
      Required ratio:    6.00 (Gate area) 
      Cumulative area ratio:    0.20
      Required ratio:    0.00 (Cumulative area) 

    Via: L1M1_PR
      Partial area ratio:    0.11
      Required ratio:    3.00 (Gate area) 
      Cumulative area ratio:    0.11
      Required ratio:    0.00 (Cumulative area) 

  Pin: _6180_/S (sky130_fd_sc_hd__mux2_1)
    Layer: met3
      Partial area ratio:    5.99
      Required ratio:    0.00 (Gate area) 
      Partial area ratio:   32.16
      Required ratio: 3744.80 (Side area) 
      Cumulative area ratio:   14.17
      Required ratio:    0.00 (Cumulative area) 
      Cumulative area ratio:   60.88
      Required ratio:    0.00 (Cumulative side area) 

    Layer: met2
      Partial area ratio:    0.98
      Required ratio:    0.00 (Gate area) 
      Partial area ratio:    4.99
      Required ratio:  400.00 (Side area) 
      Cumulative area ratio:    8.18
      Required ratio:    0.00 (Cumulative area) 
      Cumulative area ratio:   28.73
      Required ratio:    0.00 (Cumulative side area) 

    Layer: met1
      Partial area ratio:    3.87
      Required ratio:    0.00 (Gate area) 
      Partial area ratio:   19.56
      Required ratio:  400.00 (Side area) 
      Cumulative area ratio:    7.20
      Required ratio:    0.00 (Cumulative area) 
      Cumulative area ratio:   23.74
      Required ratio:    0.00 (Cumulative side area) 

    Layer: li1
      Partial area ratio:    3.33
      Required ratio:    0.00 (Gate area) 
      Partial area ratio:    4.18
      Required ratio:   75.00 (Side area) 
      Cumulative area ratio:    3.33
      Required ratio:    0.00 (Cumulative area) 
      Cumulative area ratio:    4.18
      Required ratio:    0.00 (Cumulative side area) 

    Via: M2M3_PR
      Partial area ratio:    0.04
      Required ratio:    6.00 (Gate area) 
      Cumulative area ratio:    0.24
      Required ratio:    0.00 (Cumulative area) 

    Via: M1M2_PR
      Partial area ratio:    0.09
      Required ratio:    6.00 (Gate area) 
      Cumulative area ratio:    0.20
      Required ratio:    0.00 (Cumulative area) 

    Via: L1M1_PR
      Partial area ratio:    0.11
      Required ratio:    3.00 (Gate area) 
      Cumulative area ratio:    0.11
      Required ratio:    0.00 (Cumulative area) 

  Pin: _6172_/S (sky130_fd_sc_hd__mux2_1)
    Layer: met3
      Partial area ratio:    5.99
      Required ratio:    0.00 (Gate area) 
      Partial area ratio:   32.16
      Required ratio: 3744.80 (Side area) 
      Cumulative area ratio:   13.27
      Required ratio:    0.00 (Cumulative area) 
      Cumulative area ratio:   59.82
      Required ratio:    0.00 (Cumulative side area) 

    Layer: met2
      Partial area ratio:    0.98
      Required ratio:    0.00 (Gate area) 
      Partial area ratio:    4.99
      Required ratio:  400.00 (Side area) 
      Cumulative area ratio:    7.28
      Required ratio:    0.00 (Cumulative area) 
      Cumulative area ratio:   27.67
      Required ratio:    0.00 (Cumulative side area) 

    Layer: met1
      Partial area ratio:    0.00
      Required ratio:    0.00 (Gate area) 
      Partial area ratio:    0.00
      Required ratio:  400.00 (Side area) 
      Cumulative area ratio:    2.43
      Required ratio:    0.00 (Cumulative area) 
      Cumulative area ratio:    3.12
      Required ratio:    0.00 (Cumulative side area) 

    Layer: li1
      Partial area ratio:    2.43
      Required ratio:    0.00 (Gate area) 
      Partial area ratio:    3.12
      Required ratio:   75.00 (Side area) 
      Cumulative area ratio:    2.43
      Required ratio:    0.00 (Cumulative area) 
      Cumulative area ratio:    3.12
      Required ratio:    0.00 (Cumulative side area) 

    Via: M2M3_PR
      Partial area ratio:    0.04
      Required ratio:    6.00 (Gate area) 
      Cumulative area ratio:    0.23
      Required ratio:    0.00 (Cumulative area) 

    Via: M1M2_PR
      Partial area ratio:    0.04
      Required ratio:    6.00 (Gate area) 
      Cumulative area ratio:    0.10
      Required ratio:    0.00 (Cumulative area) 

    Via: L1M1_PR
      Partial area ratio:    0.06
      Required ratio:    3.00 (Gate area) 
      Cumulative area ratio:    0.06
      Required ratio:    0.00 (Cumulative area) 

  Pin: _6178_/S (sky130_fd_sc_hd__mux2_1)
    Layer: met3
      Partial area ratio:    5.99
      Required ratio:    0.00 (Gate area) 
      Partial area ratio:   32.16
      Required ratio: 3744.80 (Side area) 
      Cumulative area ratio:   13.27
      Required ratio:    0.00 (Cumulative area) 
      Cumulative area ratio:   59.82
      Required ratio:    0.00 (Cumulative side area) 

    Layer: met2
      Partial area ratio:    0.98
      Required ratio:    0.00 (Gate area) 
      Partial area ratio:    4.99
      Required ratio:  400.00 (Side area) 
      Cumulative area ratio:    7.28
      Required ratio:    0.00 (Cumulative area) 
      Cumulative area ratio:   27.67
      Required ratio:    0.00 (Cumulative side area) 

    Layer: met1
      Partial area ratio:    0.00
      Required ratio:    0.00 (Gate area) 
      Partial area ratio:    0.00
      Required ratio:  400.00 (Side area) 
      Cumulative area ratio:    2.43
      Required ratio:    0.00 (Cumulative area) 
      Cumulative area ratio:    3.12
      Required ratio:    0.00 (Cumulative side area) 

    Layer: li1
      Partial area ratio:    2.43
      Required ratio:    0.00 (Gate area) 
      Partial area ratio:    3.12
      Required ratio:   75.00 (Side area) 
      Cumulative area ratio:    2.43
      Required ratio:    0.00 (Cumulative area) 
      Cumulative area ratio:    3.12
      Required ratio:    0.00 (Cumulative side area) 

    Via: M2M3_PR
      Partial area ratio:    0.04
      Required ratio:    6.00 (Gate area) 
      Cumulative area ratio:    0.23
      Required ratio:    0.00 (Cumulative area) 

    Via: M1M2_PR
      Partial area ratio:    0.04
      Required ratio:    6.00 (Gate area) 
      Cumulative area ratio:    0.10
      Required ratio:    0.00 (Cumulative area) 

    Via: L1M1_PR
      Partial area ratio:    0.06
      Required ratio:    3.00 (Gate area) 
      Cumulative area ratio:    0.06
      Required ratio:    0.00 (Cumulative area) 

  Pin: _6176_/S (sky130_fd_sc_hd__mux2_1)
    Layer: met2
      Partial area ratio:   33.99
      Required ratio:    0.00 (Gate area) 
      Partial area ratio:  170.44
      Required ratio: 3744.80 (Side area) 
      Cumulative area ratio:  247.14
      Required ratio:    0.00 (Cumulative area) 
      Cumulative area ratio: 1224.69
      Required ratio:    0.00 (Cumulative side area) 

    Layer: met3
      Partial area ratio:    5.99
      Required ratio:    0.00 (Gate area) 
      Partial area ratio:   32.16
      Required ratio: 3744.80 (Side area) 
      Cumulative area ratio:  253.13
      Required ratio:    0.00 (Cumulative area) 
      Cumulative area ratio: 1256.84
      Required ratio:    0.00 (Cumulative side area) 

    Layer: met1
      Partial area ratio:    0.00
      Required ratio:    0.00 (Gate area) 
      Partial area ratio:    0.00
      Required ratio:  400.00 (Side area) 
      Cumulative area ratio:    3.50
      Required ratio:    0.00 (Cumulative area) 
      Cumulative area ratio:    4.39
      Required ratio:    0.00 (Cumulative side area) 

    Layer: li1
      Partial area ratio:    3.50
      Required ratio:    0.00 (Gate area) 
      Partial area ratio:    4.39
      Required ratio:   75.00 (Side area) 
      Cumulative area ratio:    3.50
      Required ratio:    0.00 (Cumulative area) 
      Cumulative area ratio:    4.39
      Required ratio:    0.00 (Cumulative side area) 

    Via: M2M3_PR
      Partial area ratio:    0.03
      Required ratio:    6.00 (Gate area) 
      Cumulative area ratio:    0.61
      Required ratio:    0.00 (Cumulative area) 

    Via: M1M2_PR
      Partial area ratio:    0.09
      Required ratio:    6.00 (Gate area) 
      Cumulative area ratio:    0.20
      Required ratio:    0.00 (Cumulative area) 

    Via: L1M1_PR
      Partial area ratio:    0.11
      Required ratio:    3.00 (Gate area) 
      Cumulative area ratio:    0.11
      Required ratio:    0.00 (Cumulative area) 


Net: _1280_
  Pin: _6060_/S (sky130_fd_sc_hd__mux2_1)
    Layer: met1
      Partial area ratio:   17.94
      Required ratio:    0.00 (Gate area) 
      Partial area ratio:   89.96
      Required ratio: 3312.80 (Side area) 
      Cumulative area ratio:   18.02
      Required ratio:    0.00 (Cumulative area) 
      Cumulative area ratio:   90.14
      Required ratio:    0.00 (Cumulative side area) 

    Layer: li1
      Partial area ratio:    0.08
      Required ratio:    0.00 (Gate area) 
      Partial area ratio:    0.18
      Required ratio:   75.00 (Side area) 
      Cumulative area ratio:    0.08
      Required ratio:    0.00 (Cumulative area) 
      Cumulative area ratio:    0.18
      Required ratio:    0.00 (Cumulative side area) 

    Layer: met2
      Partial area ratio:   23.09
      Required ratio:    0.00 (Gate area) 
      Partial area ratio:  115.76
      Required ratio: 3312.80 (Side area) 
      Cumulative area ratio:   41.11
      Required ratio:    0.00 (Cumulative area) 
      Cumulative area ratio:  205.90
      Required ratio:    0.00 (Cumulative side area) 

    Via: M1M2_PR
      Partial area ratio:    0.03
      Required ratio:    6.00 (Gate area) 
      Cumulative area ratio:    0.07
      Required ratio:    0.00 (Cumulative area) 

    Via: L1M1_PR
      Partial area ratio:    0.04
      Required ratio:    3.00 (Gate area) 
      Cumulative area ratio:    0.04
      Required ratio:    0.00 (Cumulative area) 

  Pin: _6060_/S (sky130_fd_sc_hd__mux2_1)
    Layer: met1
      Partial area ratio:   17.94
      Required ratio:    0.00 (Gate area) 
      Partial area ratio:   89.96
      Required ratio: 3312.80 (Side area) 
      Cumulative area ratio:   18.02
      Required ratio:    0.00 (Cumulative area) 
      Cumulative area ratio:   90.14
      Required ratio:    0.00 (Cumulative side area) 

    Layer: li1
      Partial area ratio:    0.08
      Required ratio:    0.00 (Gate area) 
      Partial area ratio:    0.18
      Required ratio:   75.00 (Side area) 
      Cumulative area ratio:    0.08
      Required ratio:    0.00 (Cumulative area) 
      Cumulative area ratio:    0.18
      Required ratio:    0.00 (Cumulative side area) 

    Layer: met2
      Partial area ratio:   23.09
      Required ratio:    0.00 (Gate area) 
      Partial area ratio:  115.76
      Required ratio: 3312.80 (Side area) 
      Cumulative area ratio:   41.11
      Required ratio:    0.00 (Cumulative area) 
      Cumulative area ratio:  205.90
      Required ratio:    0.00 (Cumulative side area) 

    Via: M1M2_PR
      Partial area ratio:    0.03
      Required ratio:    6.00 (Gate area) 
      Cumulative area ratio:    0.07
      Required ratio:    0.00 (Cumulative area) 

    Via: L1M1_PR
      Partial area ratio:    0.04
      Required ratio:    3.00 (Gate area) 
      Cumulative area ratio:    0.04
      Required ratio:    0.00 (Cumulative area) 

  Pin: _6060_/S (sky130_fd_sc_hd__mux2_1)
    Layer: met1
      Partial area ratio:   17.94
      Required ratio:    0.00 (Gate area) 
      Partial area ratio:   89.96
      Required ratio: 3312.80 (Side area) 
      Cumulative area ratio:   18.02
      Required ratio:    0.00 (Cumulative area) 
      Cumulative area ratio:   90.14
      Required ratio:    0.00 (Cumulative side area) 

    Layer: li1
      Partial area ratio:    0.08
      Required ratio:    0.00 (Gate area) 
      Partial area ratio:    0.18
      Required ratio:   75.00 (Side area) 
      Cumulative area ratio:    0.08
      Required ratio:    0.00 (Cumulative area) 
      Cumulative area ratio:    0.18
      Required ratio:    0.00 (Cumulative side area) 

    Layer: met2
      Partial area ratio:   23.09
      Required ratio:    0.00 (Gate area) 
      Partial area ratio:  115.76
      Required ratio: 3312.80 (Side area) 
      Cumulative area ratio:   41.11
      Required ratio:    0.00 (Cumulative area) 
      Cumulative area ratio:  205.90
      Required ratio:    0.00 (Cumulative side area) 

    Via: M1M2_PR
      Partial area ratio:    0.03
      Required ratio:    6.00 (Gate area) 
      Cumulative area ratio:    0.07
      Required ratio:    0.00 (Cumulative area) 

    Via: L1M1_PR
      Partial area ratio:    0.04
      Required ratio:    3.00 (Gate area) 
      Cumulative area ratio:    0.04
      Required ratio:    0.00 (Cumulative area) 

  Pin: _6054_/S (sky130_fd_sc_hd__mux2_1)
    Layer: met2
      Partial area ratio:   23.09
      Required ratio:    0.00 (Gate area) 
      Partial area ratio:  115.76
      Required ratio: 3312.80 (Side area) 
      Cumulative area ratio:   23.83
      Required ratio:    0.00 (Cumulative area) 
      Cumulative area ratio:  116.89
      Required ratio:    0.00 (Cumulative side area) 

    Layer: met1
      Partial area ratio:    0.00
      Required ratio:    0.00 (Gate area) 
      Partial area ratio:    0.00
      Required ratio:  400.00 (Side area) 
      Cumulative area ratio:    0.74
      Required ratio:    0.00 (Cumulative area) 
      Cumulative area ratio:    1.13
      Required ratio:    0.00 (Cumulative side area) 

    Layer: li1
      Partial area ratio:    0.74
      Required ratio:    0.00 (Gate area) 
      Partial area ratio:    1.13
      Required ratio:   75.00 (Side area) 
      Cumulative area ratio:    0.74
      Required ratio:    0.00 (Cumulative area) 
      Cumulative area ratio:    1.13
      Required ratio:    0.00 (Cumulative side area) 

    Via: M1M2_PR
      Partial area ratio:    0.09
      Required ratio:    6.00 (Gate area) 
      Cumulative area ratio:    0.20
      Required ratio:    0.00 (Cumulative area) 

    Via: L1M1_PR
      Partial area ratio:    0.11
      Required ratio:    3.00 (Gate area) 
      Cumulative area ratio:    0.11
      Required ratio:    0.00 (Cumulative area) 

  Pin: _6052_/S (sky130_fd_sc_hd__mux2_1)
    Layer: met2
      Partial area ratio:   23.09
      Required ratio:    0.00 (Gate area) 
      Partial area ratio:  115.76
      Required ratio: 3312.80 (Side area) 
      Cumulative area ratio:  114.40
      Required ratio:    0.00 (Cumulative area) 
      Cumulative area ratio:  562.61
      Required ratio:    0.00 (Cumulative side area) 

    Layer: met1
      Partial area ratio:    3.91
      Required ratio:    0.00 (Gate area) 
      Partial area ratio:   19.94
      Required ratio:  400.00 (Side area) 
      Cumulative area ratio:    6.82
      Required ratio:    0.00 (Cumulative area) 
      Cumulative area ratio:   23.63
      Required ratio:    0.00 (Cumulative side area) 

    Layer: li1
      Partial area ratio:    2.91
      Required ratio:    0.00 (Gate area) 
      Partial area ratio:    3.69
      Required ratio:   75.00 (Side area) 
      Cumulative area ratio:    2.91
      Required ratio:    0.00 (Cumulative area) 
      Cumulative area ratio:    3.69
      Required ratio:    0.00 (Cumulative side area) 

    Via: M1M2_PR
      Partial area ratio:    0.18
      Required ratio:    6.00 (Gate area) 
      Cumulative area ratio:    0.29
      Required ratio:    0.00 (Cumulative area) 

    Via: L1M1_PR
      Partial area ratio:    0.11
      Required ratio:    3.00 (Gate area) 
      Cumulative area ratio:    0.11
      Required ratio:    0.00 (Cumulative area) 

  Pin: _6062_/S (sky130_fd_sc_hd__mux2_1)
    Layer: met2
      Partial area ratio:   23.09
      Required ratio:    0.00 (Gate area) 
      Partial area ratio:  115.76
      Required ratio: 3312.80 (Side area) 
      Cumulative area ratio:  114.71
      Required ratio:    0.00 (Cumulative area) 
      Cumulative area ratio:  562.98
      Required ratio:    0.00 (Cumulative side area) 

    Layer: met1
      Partial area ratio:    0.00
      Required ratio:    0.00 (Gate area) 
      Partial area ratio:    0.00
      Required ratio:  400.00 (Side area) 
      Cumulative area ratio:    3.22
      Required ratio:    0.00 (Cumulative area) 
      Cumulative area ratio:    4.06
      Required ratio:    0.00 (Cumulative side area) 

    Layer: li1
      Partial area ratio:    3.22
      Required ratio:    0.00 (Gate area) 
      Partial area ratio:    4.06
      Required ratio:   75.00 (Side area) 
      Cumulative area ratio:    3.22
      Required ratio:    0.00 (Cumulative area) 
      Cumulative area ratio:    4.06
      Required ratio:    0.00 (Cumulative side area) 

    Via: M1M2_PR
      Partial area ratio:    0.09
      Required ratio:    6.00 (Gate area) 
      Cumulative area ratio:    0.20
      Required ratio:    0.00 (Cumulative area) 

    Via: L1M1_PR
      Partial area ratio:    0.11
      Required ratio:    3.00 (Gate area) 
      Cumulative area ratio:    0.11
      Required ratio:    0.00 (Cumulative area) 

  Pin: _6056_/S (sky130_fd_sc_hd__mux2_1)
    Layer: met2
      Partial area ratio:   23.09
      Required ratio:    0.00 (Gate area) 
      Partial area ratio:  115.76
      Required ratio: 3312.80 (Side area) 
      Cumulative area ratio:  111.21
      Required ratio:    0.00 (Cumulative area) 
      Cumulative area ratio:  543.51
      Required ratio:    0.00 (Cumulative side area) 

    Layer: met1
      Partial area ratio:   84.49
      Required ratio:    0.00 (Gate area) 
      Partial area ratio:  423.22
      Required ratio:  400.00 (Side area) (VIOLATED)
      Cumulative area ratio:   88.11
      Required ratio:    0.00 (Cumulative area) 
      Cumulative area ratio:  427.76
      Required ratio:    0.00 (Cumulative side area) 

    Layer: li1
      Partial area ratio:    3.62
      Required ratio:    0.00 (Gate area) 
      Partial area ratio:    4.53
      Required ratio:   75.00 (Side area) 
      Cumulative area ratio:    3.62
      Required ratio:    0.00 (Cumulative area) 
      Cumulative area ratio:    4.53
      Required ratio:    0.00 (Cumulative side area) 

    Via: M1M2_PR
      Partial area ratio:    0.27
      Required ratio:    6.00 (Gate area) 
      Cumulative area ratio:    0.38
      Required ratio:    0.00 (Cumulative area) 

    Via: L1M1_PR
      Partial area ratio:    0.11
      Required ratio:    3.00 (Gate area) 
      Cumulative area ratio:    0.11
      Required ratio:    0.00 (Cumulative area) 

  Pin: _4066_/A2 (sky130_fd_sc_hd__a22o_1)
    Layer: met2
      Partial area ratio:   23.09
      Required ratio:    0.00 (Gate area) 
      Partial area ratio:  115.76
      Required ratio: 3312.80 (Side area) 
      Cumulative area ratio:  110.62
      Required ratio:    0.00 (Cumulative area) 
      Cumulative area ratio:  542.82
      Required ratio:    0.00 (Cumulative side area) 

    Layer: met1
      Partial area ratio:    0.00
      Required ratio:    0.00 (Gate area) 
      Partial area ratio:    0.00
      Required ratio:  400.00 (Side area) 
      Cumulative area ratio:    3.03
      Required ratio:    0.00 (Cumulative area) 
      Cumulative area ratio:    3.84
      Required ratio:    0.00 (Cumulative side area) 

    Layer: li1
      Partial area ratio:    3.03
      Required ratio:    0.00 (Gate area) 
      Partial area ratio:    3.84
      Required ratio:   75.00 (Side area) 
      Cumulative area ratio:    3.03
      Required ratio:    0.00 (Cumulative area) 
      Cumulative area ratio:    3.84
      Required ratio:    0.00 (Cumulative side area) 

    Via: M1M2_PR
      Partial area ratio:    0.09
      Required ratio:    6.00 (Gate area) 
      Cumulative area ratio:    0.21
      Required ratio:    0.00 (Cumulative area) 

    Via: L1M1_PR
      Partial area ratio:    0.12
      Required ratio:    3.00 (Gate area) 
      Cumulative area ratio:    0.12
      Required ratio:    0.00 (Cumulative area) 

  Pin: _6058_/S (sky130_fd_sc_hd__mux2_1)
    Layer: met2
      Partial area ratio:   23.09
      Required ratio:    0.00 (Gate area) 
      Partial area ratio:  115.76
      Required ratio: 3312.80 (Side area) 
      Cumulative area ratio:  125.21
      Required ratio:    0.00 (Cumulative area) 
      Cumulative area ratio:  619.99
      Required ratio:    0.00 (Cumulative side area) 

    Layer: met1
      Partial area ratio:   15.49
      Required ratio:    0.00 (Gate area) 
      Partial area ratio:   78.22
      Required ratio:  400.00 (Side area) 
      Cumulative area ratio:   17.63
      Required ratio:    0.00 (Cumulative area) 
      Cumulative area ratio:   81.01
      Required ratio:    0.00 (Cumulative side area) 

    Layer: li1
      Partial area ratio:    2.14
      Required ratio:    0.00 (Gate area) 
      Partial area ratio:    2.79
      Required ratio:   75.00 (Side area) 
      Cumulative area ratio:    2.14
      Required ratio:    0.00 (Cumulative area) 
      Cumulative area ratio:    2.79
      Required ratio:    0.00 (Cumulative side area) 

    Via: M1M2_PR
      Partial area ratio:    0.18
      Required ratio:    6.00 (Gate area) 
      Cumulative area ratio:    0.29
      Required ratio:    0.00 (Cumulative area) 

    Via: L1M1_PR
      Partial area ratio:    0.11
      Required ratio:    3.00 (Gate area) 
      Cumulative area ratio:    0.11
      Required ratio:    0.00 (Cumulative area) 

  Pin: _5976_/S (sky130_fd_sc_hd__mux2_1)
    Layer: met2
      Partial area ratio:   23.09
      Required ratio:    0.00 (Gate area) 
      Partial area ratio:  115.76
      Required ratio: 3312.80 (Side area) 
      Cumulative area ratio:  124.68
      Required ratio:    0.00 (Cumulative area) 
      Cumulative area ratio:  619.36
      Required ratio:    0.00 (Cumulative side area) 

    Layer: met1
      Partial area ratio:    0.00
      Required ratio:    0.00 (Gate area) 
      Partial area ratio:    0.00
      Required ratio:  400.00 (Side area) 
      Cumulative area ratio:    1.61
      Required ratio:    0.00 (Cumulative area) 
      Cumulative area ratio:    2.16
      Required ratio:    0.00 (Cumulative side area) 

    Layer: li1
      Partial area ratio:    1.61
      Required ratio:    0.00 (Gate area) 
      Partial area ratio:    2.16
      Required ratio:   75.00 (Side area) 
      Cumulative area ratio:    1.61
      Required ratio:    0.00 (Cumulative area) 
      Cumulative area ratio:    2.16
      Required ratio:    0.00 (Cumulative side area) 

    Via: M1M2_PR
      Partial area ratio:    0.09
      Required ratio:    6.00 (Gate area) 
      Cumulative area ratio:    0.20
      Required ratio:    0.00 (Cumulative area) 

    Via: L1M1_PR
      Partial area ratio:    0.11
      Required ratio:    3.00 (Gate area) 
      Cumulative area ratio:    0.11
      Required ratio:    0.00 (Cumulative area) 

  Pin: _5974_/S (sky130_fd_sc_hd__mux2_1)
    Layer: met2
      Partial area ratio:   23.09
      Required ratio:    0.00 (Gate area) 
      Partial area ratio:  115.76
      Required ratio: 3312.80 (Side area) 
      Cumulative area ratio:  135.41
      Required ratio:    0.00 (Cumulative area) 
      Cumulative area ratio:  661.99
      Required ratio:    0.00 (Cumulative side area) 

    Layer: met1
      Partial area ratio:    0.00
      Required ratio:    0.00 (Gate area) 
      Partial area ratio:    0.00
      Required ratio:  400.00 (Side area) 
      Cumulative area ratio:    4.60
      Required ratio:    0.00 (Cumulative area) 
      Cumulative area ratio:    5.68
      Required ratio:    0.00 (Cumulative side area) 

    Layer: li1
      Partial area ratio:    4.60
      Required ratio:    0.00 (Gate area) 
      Partial area ratio:    5.68
      Required ratio:   75.00 (Side area) 
      Cumulative area ratio:    4.60
      Required ratio:    0.00 (Cumulative area) 
      Cumulative area ratio:    5.68
      Required ratio:    0.00 (Cumulative side area) 

    Via: M1M2_PR
      Partial area ratio:    0.09
      Required ratio:    6.00 (Gate area) 
      Cumulative area ratio:    0.20
      Required ratio:    0.00 (Cumulative area) 

    Via: L1M1_PR
      Partial area ratio:    0.11
      Required ratio:    3.00 (Gate area) 
      Cumulative area ratio:    0.11
      Required ratio:    0.00 (Cumulative area) 

  Pin: _5978_/S (sky130_fd_sc_hd__mux2_1)
    Layer: met2
      Partial area ratio:   23.09
      Required ratio:    0.00 (Gate area) 
      Partial area ratio:  115.76
      Required ratio: 3312.80 (Side area) 
      Cumulative area ratio:  131.46
      Required ratio:    0.00 (Cumulative area) 
      Cumulative area ratio:  657.33
      Required ratio:    0.00 (Cumulative side area) 

    Layer: met1
      Partial area ratio:    7.74
      Required ratio:    0.00 (Gate area) 
      Partial area ratio:   39.11
      Required ratio:  400.00 (Side area) 
      Cumulative area ratio:    8.39
      Required ratio:    0.00 (Cumulative area) 
      Cumulative area ratio:   40.13
      Required ratio:    0.00 (Cumulative side area) 

    Layer: li1
      Partial area ratio:    0.64
      Required ratio:    0.00 (Gate area) 
      Partial area ratio:    1.02
      Required ratio:   75.00 (Side area) 
      Cumulative area ratio:    0.64
      Required ratio:    0.00 (Cumulative area) 
      Cumulative area ratio:    1.02
      Required ratio:    0.00 (Cumulative side area) 

    Via: M1M2_PR
      Partial area ratio:    0.18
      Required ratio:    6.00 (Gate area) 
      Cumulative area ratio:    0.29
      Required ratio:    0.00 (Cumulative area) 

    Via: L1M1_PR
      Partial area ratio:    0.11
      Required ratio:    3.00 (Gate area) 
      Cumulative area ratio:    0.11
      Required ratio:    0.00 (Cumulative area) 


Net: _1282_
  Pin: _4069_/A (sky130_fd_sc_hd__buf_4)
    Layer: met2
      Partial area ratio:   58.34
      Required ratio:    0.00 (Gate area) 
      Partial area ratio:  291.99
      Required ratio: 3744.80 (Side area) 
      Cumulative area ratio:  160.30
      Required ratio:    0.00 (Cumulative area) 
      Cumulative area ratio:  786.00
      Required ratio:    0.00 (Cumulative side area) 

    Layer: met1
      Partial area ratio:   97.65
      Required ratio:    0.00 (Gate area) 
      Partial area ratio:  488.67
      Required ratio:  400.00 (Side area) (VIOLATED)
      Cumulative area ratio:  101.96
      Required ratio:    0.00 (Cumulative area) 
      Cumulative area ratio:  494.01
      Required ratio:    0.00 (Cumulative side area) 

    Layer: li1
      Partial area ratio:    4.30
      Required ratio:    0.00 (Gate area) 
      Partial area ratio:    5.34
      Required ratio:   75.00 (Side area) 
      Cumulative area ratio:    4.30
      Required ratio:    0.00 (Cumulative area) 
      Cumulative area ratio:    5.34
      Required ratio:    0.00 (Cumulative side area) 

    Layer: met3
      Partial area ratio:    8.34
      Required ratio:    0.00 (Gate area) 
      Partial area ratio:   44.92
      Required ratio: 3744.80 (Side area) 
      Cumulative area ratio:  168.64
      Required ratio:    0.00 (Cumulative area) 
      Cumulative area ratio:  830.93
      Required ratio:    0.00 (Cumulative side area) 

    Via: M2M3_PR
      Partial area ratio:    0.04
      Required ratio:    6.00 (Gate area) 
      Cumulative area ratio:    0.34
      Required ratio:    0.00 (Cumulative area) 

    Via: M1M2_PR
      Partial area ratio:    0.18
      Required ratio:    6.00 (Gate area) 
      Cumulative area ratio:    0.30
      Required ratio:    0.00 (Cumulative area) 

    Via: L1M1_PR
      Partial area ratio:    0.12
      Required ratio:    3.00 (Gate area) 
      Cumulative area ratio:    0.12
      Required ratio:    0.00 (Cumulative area) 

  Pin: _5998_/A (sky130_fd_sc_hd__buf_4)
    Layer: met2
      Partial area ratio:   58.34
      Required ratio:    0.00 (Gate area) 
      Partial area ratio:  291.99
      Required ratio: 3744.80 (Side area) 
      Cumulative area ratio:  295.04
      Required ratio:    0.00 (Cumulative area) 
      Cumulative area ratio: 1468.23
      Required ratio:    0.00 (Cumulative side area) 

    Layer: met1
      Partial area ratio:  136.76
      Required ratio:    0.00 (Gate area) 
      Partial area ratio:  684.61
      Required ratio:  400.00 (Side area) (VIOLATED)
      Cumulative area ratio:  139.04
      Required ratio:    0.00 (Cumulative area) 
      Cumulative area ratio:  687.57
      Required ratio:    0.00 (Cumulative side area) 

    Layer: li1
      Partial area ratio:    2.28
      Required ratio:    0.00 (Gate area) 
      Partial area ratio:    2.95
      Required ratio:   75.00 (Side area) 
      Cumulative area ratio:    2.28
      Required ratio:    0.00 (Cumulative area) 
      Cumulative area ratio:    2.95
      Required ratio:    0.00 (Cumulative side area) 

    Layer: met3
      Partial area ratio:    8.34
      Required ratio:    0.00 (Gate area) 
      Partial area ratio:   44.92
      Required ratio: 3744.80 (Side area) 
      Cumulative area ratio:  303.38
      Required ratio:    0.00 (Cumulative area) 
      Cumulative area ratio: 1513.16
      Required ratio:    0.00 (Cumulative side area) 

    Via: M2M3_PR
      Partial area ratio:    0.04
      Required ratio:    6.00 (Gate area) 
      Cumulative area ratio:    0.52
      Required ratio:    0.00 (Cumulative area) 

    Via: M1M2_PR
      Partial area ratio:    0.18
      Required ratio:    6.00 (Gate area) 
      Cumulative area ratio:    0.30
      Required ratio:    0.00 (Cumulative area) 

    Via: L1M1_PR
      Partial area ratio:    0.12
      Required ratio:    3.00 (Gate area) 
      Cumulative area ratio:    0.12
      Required ratio:    0.00 (Cumulative area) 

  Pin: _6019_/A (sky130_fd_sc_hd__buf_4)
    Layer: met2
      Partial area ratio:   58.34
      Required ratio:    0.00 (Gate area) 
      Partial area ratio:  291.99
      Required ratio: 3744.80 (Side area) 
      Cumulative area ratio:  305.49
      Required ratio:    0.00 (Cumulative area) 
      Cumulative area ratio: 1525.24
      Required ratio:    0.00 (Cumulative side area) 

    Layer: met1
      Partial area ratio:   11.64
      Required ratio:    0.00 (Gate area) 
      Partial area ratio:   58.41
      Required ratio:  400.00 (Side area) 
      Cumulative area ratio:   12.73
      Required ratio:    0.00 (Cumulative area) 
      Cumulative area ratio:   59.97
      Required ratio:    0.00 (Cumulative side area) 

    Layer: li1
      Partial area ratio:    1.09
      Required ratio:    0.00 (Gate area) 
      Partial area ratio:    1.56
      Required ratio:   75.00 (Side area) 
      Cumulative area ratio:    1.09
      Required ratio:    0.00 (Cumulative area) 
      Cumulative area ratio:    1.56
      Required ratio:    0.00 (Cumulative side area) 

    Layer: met3
      Partial area ratio:    8.34
      Required ratio:    0.00 (Gate area) 
      Partial area ratio:   44.92
      Required ratio: 3744.80 (Side area) 
      Cumulative area ratio:  313.83
      Required ratio:    0.00 (Cumulative area) 
      Cumulative area ratio: 1570.17
      Required ratio:    0.00 (Cumulative side area) 

    Via: M2M3_PR
      Partial area ratio:    0.04
      Required ratio:    6.00 (Gate area) 
      Cumulative area ratio:    0.61
      Required ratio:    0.00 (Cumulative area) 

    Via: M1M2_PR
      Partial area ratio:    0.09
      Required ratio:    6.00 (Gate area) 
      Cumulative area ratio:    0.21
      Required ratio:    0.00 (Cumulative area) 

    Via: L1M1_PR
      Partial area ratio:    0.12
      Required ratio:    3.00 (Gate area) 
      Cumulative area ratio:    0.12
      Required ratio:    0.00 (Cumulative area) 

  Pin: _6048_/S (sky130_fd_sc_hd__mux2_1)
    Layer: met2
      Partial area ratio:   58.34
      Required ratio:    0.00 (Gate area) 
      Partial area ratio:  291.99
      Required ratio: 3744.80 (Side area) 
      Cumulative area ratio:  305.49
      Required ratio:    0.00 (Cumulative area) 
      Cumulative area ratio: 1525.24
      Required ratio:    0.00 (Cumulative side area) 

    Layer: met1
      Partial area ratio:   11.64
      Required ratio:    0.00 (Gate area) 
      Partial area ratio:   58.41
      Required ratio:  400.00 (Side area) 
      Cumulative area ratio:   12.73
      Required ratio:    0.00 (Cumulative area) 
      Cumulative area ratio:   59.96
      Required ratio:    0.00 (Cumulative side area) 

    Layer: li1
      Partial area ratio:    1.09
      Required ratio:    0.00 (Gate area) 
      Partial area ratio:    1.55
      Required ratio:   75.00 (Side area) 
      Cumulative area ratio:    1.09
      Required ratio:    0.00 (Cumulative area) 
      Cumulative area ratio:    1.55
      Required ratio:    0.00 (Cumulative side area) 

    Layer: met3
      Partial area ratio:    8.34
      Required ratio:    0.00 (Gate area) 
      Partial area ratio:   44.92
      Required ratio: 3744.80 (Side area) 
      Cumulative area ratio:  313.83
      Required ratio:    0.00 (Cumulative area) 
      Cumulative area ratio: 1570.16
      Required ratio:    0.00 (Cumulative side area) 

    Via: M2M3_PR
      Partial area ratio:    0.04
      Required ratio:    6.00 (Gate area) 
      Cumulative area ratio:    0.61
      Required ratio:    0.00 (Cumulative area) 

    Via: M1M2_PR
      Partial area ratio:    0.09
      Required ratio:    6.00 (Gate area) 
      Cumulative area ratio:    0.20
      Required ratio:    0.00 (Cumulative area) 

    Via: L1M1_PR
      Partial area ratio:    0.11
      Required ratio:    3.00 (Gate area) 
      Cumulative area ratio:    0.11
      Required ratio:    0.00 (Cumulative area) 

  Pin: _6046_/S (sky130_fd_sc_hd__mux2_1)
    Layer: met3
      Partial area ratio:    8.34
      Required ratio:    0.00 (Gate area) 
      Partial area ratio:   44.92
      Required ratio: 3744.80 (Side area) 
      Cumulative area ratio:    9.28
      Required ratio:    0.00 (Cumulative area) 
      Cumulative area ratio:   46.30
      Required ratio:    0.00 (Cumulative side area) 

    Layer: met2
      Partial area ratio:    0.00
      Required ratio:    0.00 (Gate area) 
      Partial area ratio:    0.00
      Required ratio:  400.00 (Side area) 
      Cumulative area ratio:    0.94
      Required ratio:    0.00 (Cumulative area) 
      Cumulative area ratio:    1.37
      Required ratio:    0.00 (Cumulative side area) 

    Layer: met1
      Partial area ratio:    0.00
      Required ratio:    0.00 (Gate area) 
      Partial area ratio:    0.00
      Required ratio:  400.00 (Side area) 
      Cumulative area ratio:    0.94
      Required ratio:    0.00 (Cumulative area) 
      Cumulative area ratio:    1.37
      Required ratio:    0.00 (Cumulative side area) 

    Layer: li1
      Partial area ratio:    0.94
      Required ratio:    0.00 (Gate area) 
      Partial area ratio:    1.37
      Required ratio:   75.00 (Side area) 
      Cumulative area ratio:    0.94
      Required ratio:    0.00 (Cumulative area) 
      Cumulative area ratio:    1.37
      Required ratio:    0.00 (Cumulative side area) 

    Via: M2M3_PR
      Partial area ratio:    0.16
      Required ratio:    6.00 (Gate area) 
      Cumulative area ratio:    0.36
      Required ratio:    0.00 (Cumulative area) 

    Via: M1M2_PR
      Partial area ratio:    0.09
      Required ratio:    6.00 (Gate area) 
      Cumulative area ratio:    0.20
      Required ratio:    0.00 (Cumulative area) 

    Via: L1M1_PR
      Partial area ratio:    0.11
      Required ratio:    3.00 (Gate area) 
      Cumulative area ratio:    0.11
      Required ratio:    0.00 (Cumulative area) 

  Pin: _6040_/S (sky130_fd_sc_hd__mux2_1)
    Layer: met3
      Partial area ratio:    8.34
      Required ratio:    0.00 (Gate area) 
      Partial area ratio:   44.92
      Required ratio: 3744.80 (Side area) 
      Cumulative area ratio:   13.86
      Required ratio:    0.00 (Cumulative area) 
      Cumulative area ratio:   63.19
      Required ratio:    0.00 (Cumulative side area) 

    Layer: met2
      Partial area ratio:    2.93
      Required ratio:    0.00 (Gate area) 
      Partial area ratio:   14.96
      Required ratio:  400.00 (Side area) 
      Cumulative area ratio:    5.52
      Required ratio:    0.00 (Cumulative area) 
      Cumulative area ratio:   18.27
      Required ratio:    0.00 (Cumulative side area) 

    Layer: met1
      Partial area ratio:    0.00
      Required ratio:    0.00 (Gate area) 
      Partial area ratio:    0.00
      Required ratio:  400.00 (Side area) 
      Cumulative area ratio:    2.59
      Required ratio:    0.00 (Cumulative area) 
      Cumulative area ratio:    3.31
      Required ratio:    0.00 (Cumulative side area) 

    Layer: li1
      Partial area ratio:    2.59
      Required ratio:    0.00 (Gate area) 
      Partial area ratio:    3.31
      Required ratio:   75.00 (Side area) 
      Cumulative area ratio:    2.59
      Required ratio:    0.00 (Cumulative area) 
      Cumulative area ratio:    3.31
      Required ratio:    0.00 (Cumulative side area) 

    Via: M2M3_PR
      Partial area ratio:    0.04
      Required ratio:    6.00 (Gate area) 
      Cumulative area ratio:    0.24
      Required ratio:    0.00 (Cumulative area) 

    Via: M1M2_PR
      Partial area ratio:    0.09
      Required ratio:    6.00 (Gate area) 
      Cumulative area ratio:    0.20
      Required ratio:    0.00 (Cumulative area) 

    Via: L1M1_PR
      Partial area ratio:    0.11
      Required ratio:    3.00 (Gate area) 
      Cumulative area ratio:    0.11
      Required ratio:    0.00 (Cumulative area) 

  Pin: _6042_/S (sky130_fd_sc_hd__mux2_1)
    Layer: met3
      Partial area ratio:    8.34
      Required ratio:    0.00 (Gate area) 
      Partial area ratio:   44.92
      Required ratio: 3744.80 (Side area) 
      Cumulative area ratio:   23.34
      Required ratio:    0.00 (Cumulative area) 
      Cumulative area ratio:  111.32
      Required ratio:    0.00 (Cumulative side area) 

    Layer: met2
      Partial area ratio:    2.93
      Required ratio:    0.00 (Gate area) 
      Partial area ratio:   14.96
      Required ratio:  400.00 (Side area) 
      Cumulative area ratio:   14.99
      Required ratio:    0.00 (Cumulative area) 
      Cumulative area ratio:   66.40
      Required ratio:    0.00 (Cumulative side area) 

    Layer: met1
      Partial area ratio:    0.00
      Required ratio:    0.00 (Gate area) 
      Partial area ratio:    0.00
      Required ratio:  400.00 (Side area) 
      Cumulative area ratio:    2.44
      Required ratio:    0.00 (Cumulative area) 
      Cumulative area ratio:    3.14
      Required ratio:    0.00 (Cumulative side area) 

    Layer: li1
      Partial area ratio:    2.44
      Required ratio:    0.00 (Gate area) 
      Partial area ratio:    3.14
      Required ratio:   75.00 (Side area) 
      Cumulative area ratio:    2.44
      Required ratio:    0.00 (Cumulative area) 
      Cumulative area ratio:    3.14
      Required ratio:    0.00 (Cumulative side area) 

    Via: M2M3_PR
      Partial area ratio:    0.04
      Required ratio:    6.00 (Gate area) 
      Cumulative area ratio:    0.33
      Required ratio:    0.00 (Cumulative area) 

    Via: M1M2_PR
      Partial area ratio:    0.09
      Required ratio:    6.00 (Gate area) 
      Cumulative area ratio:    0.20
      Required ratio:    0.00 (Cumulative area) 

    Via: L1M1_PR
      Partial area ratio:    0.11
      Required ratio:    3.00 (Gate area) 
      Cumulative area ratio:    0.11
      Required ratio:    0.00 (Cumulative area) 

  Pin: _6044_/S (sky130_fd_sc_hd__mux2_1)
    Layer: met3
      Partial area ratio:    8.34
      Required ratio:    0.00 (Gate area) 
      Partial area ratio:   44.92
      Required ratio: 3744.80 (Side area) 
      Cumulative area ratio:   23.74
      Required ratio:    0.00 (Cumulative area) 
      Cumulative area ratio:  111.80
      Required ratio:    0.00 (Cumulative side area) 

    Layer: met2
      Partial area ratio:    2.93
      Required ratio:    0.00 (Gate area) 
      Partial area ratio:   14.96
      Required ratio:  400.00 (Side area) 
      Cumulative area ratio:   15.40
      Required ratio:    0.00 (Cumulative area) 
      Cumulative area ratio:   66.88
      Required ratio:    0.00 (Cumulative side area) 

    Layer: met1
      Partial area ratio:    9.62
      Required ratio:    0.00 (Gate area) 
      Partial area ratio:   48.31
      Required ratio:  400.00 (Side area) 
      Cumulative area ratio:   12.46
      Required ratio:    0.00 (Cumulative area) 
      Cumulative area ratio:   51.92
      Required ratio:    0.00 (Cumulative side area) 

    Layer: li1
      Partial area ratio:    2.84
      Required ratio:    0.00 (Gate area) 
      Partial area ratio:    3.61
      Required ratio:   75.00 (Side area) 
      Cumulative area ratio:    2.84
      Required ratio:    0.00 (Cumulative area) 
      Cumulative area ratio:    3.61
      Required ratio:    0.00 (Cumulative side area) 

    Via: M2M3_PR
      Partial area ratio:    0.04
      Required ratio:    6.00 (Gate area) 
      Cumulative area ratio:    0.19
      Required ratio:    0.00 (Cumulative area) 

    Via: M1M2_PR
      Partial area ratio:    0.09
      Required ratio:    6.00 (Gate area) 
      Cumulative area ratio:    0.15
      Required ratio:    0.00 (Cumulative area) 

    Via: L1M1_PR
      Partial area ratio:    0.06
      Required ratio:    3.00 (Gate area) 
      Cumulative area ratio:    0.06
      Required ratio:    0.00 (Cumulative area) 

  Pin: _6050_/S (sky130_fd_sc_hd__mux2_1)
    Layer: met3
      Partial area ratio:    8.34
      Required ratio:    0.00 (Gate area) 
      Partial area ratio:   44.92
      Required ratio: 3744.80 (Side area) 
      Cumulative area ratio:   23.74
      Required ratio:    0.00 (Cumulative area) 
      Cumulative area ratio:  111.80
      Required ratio:    0.00 (Cumulative side area) 

    Layer: met2
      Partial area ratio:    2.93
      Required ratio:    0.00 (Gate area) 
      Partial area ratio:   14.96
      Required ratio:  400.00 (Side area) 
      Cumulative area ratio:   15.40
      Required ratio:    0.00 (Cumulative area) 
      Cumulative area ratio:   66.88
      Required ratio:    0.00 (Cumulative side area) 

    Layer: met1
      Partial area ratio:    9.62
      Required ratio:    0.00 (Gate area) 
      Partial area ratio:   48.31
      Required ratio:  400.00 (Side area) 
      Cumulative area ratio:   12.46
      Required ratio:    0.00 (Cumulative area) 
      Cumulative area ratio:   51.92
      Required ratio:    0.00 (Cumulative side area) 

    Layer: li1
      Partial area ratio:    2.84
      Required ratio:    0.00 (Gate area) 
      Partial area ratio:    3.61
      Required ratio:   75.00 (Side area) 
      Cumulative area ratio:    2.84
      Required ratio:    0.00 (Cumulative area) 
      Cumulative area ratio:    3.61
      Required ratio:    0.00 (Cumulative side area) 

    Via: M2M3_PR
      Partial area ratio:    0.04
      Required ratio:    6.00 (Gate area) 
      Cumulative area ratio:    0.19
      Required ratio:    0.00 (Cumulative area) 

    Via: M1M2_PR
      Partial area ratio:    0.09
      Required ratio:    6.00 (Gate area) 
      Cumulative area ratio:    0.15
      Required ratio:    0.00 (Cumulative area) 

    Via: L1M1_PR
      Partial area ratio:    0.06
      Required ratio:    3.00 (Gate area) 
      Cumulative area ratio:    0.06
      Required ratio:    0.00 (Cumulative area) 


Net: _1459_
  Pin: _4301_/B (sky130_fd_sc_hd__nor2_1)
    Layer: met2
      Partial area ratio:   13.20
      Required ratio:    0.00 (Gate area) 
      Partial area ratio:   66.36
      Required ratio: 3312.80 (Side area) 
      Cumulative area ratio:   24.81
      Required ratio:    0.00 (Cumulative area) 
      Cumulative area ratio:  111.53
      Required ratio:    0.00 (Cumulative side area) 

    Layer: met1
      Partial area ratio:    0.00
      Required ratio:    0.00 (Gate area) 
      Partial area ratio:    0.00
      Required ratio:  400.00 (Side area) 
      Cumulative area ratio:    3.64
      Required ratio:    0.00 (Cumulative area) 
      Cumulative area ratio:    4.56
      Required ratio:    0.00 (Cumulative side area) 

    Layer: li1
      Partial area ratio:    3.64
      Required ratio:    0.00 (Gate area) 
      Partial area ratio:    4.56
      Required ratio:   75.00 (Side area) 
      Cumulative area ratio:    3.64
      Required ratio:    0.00 (Cumulative area) 
      Cumulative area ratio:    4.56
      Required ratio:    0.00 (Cumulative side area) 

    Via: M1M2_PR
      Partial area ratio:    0.09
      Required ratio:    6.00 (Gate area) 
      Cumulative area ratio:    0.21
      Required ratio:    0.00 (Cumulative area) 

    Via: L1M1_PR
      Partial area ratio:    0.12
      Required ratio:    3.00 (Gate area) 
      Cumulative area ratio:    0.12
      Required ratio:    0.00 (Cumulative area) 

  Pin: _4295_/B (sky130_fd_sc_hd__nor2_1)
    Layer: met2
      Partial area ratio:   13.20
      Required ratio:    0.00 (Gate area) 
      Partial area ratio:   66.36
      Required ratio: 3312.80 (Side area) 
      Cumulative area ratio:   24.59
      Required ratio:    0.00 (Cumulative area) 
      Cumulative area ratio:  111.27
      Required ratio:    0.00 (Cumulative side area) 

    Layer: met1
      Partial area ratio:    0.00
      Required ratio:    0.00 (Gate area) 
      Partial area ratio:    0.00
      Required ratio:  400.00 (Side area) 
      Cumulative area ratio:    3.42
      Required ratio:    0.00 (Cumulative area) 
      Cumulative area ratio:    4.30
      Required ratio:    0.00 (Cumulative side area) 

    Layer: li1
      Partial area ratio:    3.42
      Required ratio:    0.00 (Gate area) 
      Partial area ratio:    4.30
      Required ratio:   75.00 (Side area) 
      Cumulative area ratio:    3.42
      Required ratio:    0.00 (Cumulative area) 
      Cumulative area ratio:    4.30
      Required ratio:    0.00 (Cumulative side area) 

    Via: M1M2_PR
      Partial area ratio:    0.09
      Required ratio:    6.00 (Gate area) 
      Cumulative area ratio:    0.21
      Required ratio:    0.00 (Cumulative area) 

    Via: L1M1_PR
      Partial area ratio:    0.12
      Required ratio:    3.00 (Gate area) 
      Cumulative area ratio:    0.12
      Required ratio:    0.00 (Cumulative area) 

  Pin: _4310_/B (sky130_fd_sc_hd__nor2_1)
    Layer: met2
      Partial area ratio:   13.20
      Required ratio:    0.00 (Gate area) 
      Partial area ratio:   66.36
      Required ratio: 3312.80 (Side area) 
      Cumulative area ratio:   28.62
      Required ratio:    0.00 (Cumulative area) 
      Cumulative area ratio:  131.65
      Required ratio:    0.00 (Cumulative side area) 

    Layer: met1
      Partial area ratio:    3.98
      Required ratio:    0.00 (Gate area) 
      Partial area ratio:   20.31
      Required ratio:  400.00 (Side area) 
      Cumulative area ratio:    7.46
      Required ratio:    0.00 (Cumulative area) 
      Cumulative area ratio:   24.67
      Required ratio:    0.00 (Cumulative side area) 

    Layer: li1
      Partial area ratio:    3.48
      Required ratio:    0.00 (Gate area) 
      Partial area ratio:    4.36
      Required ratio:   75.00 (Side area) 
      Cumulative area ratio:    3.48
      Required ratio:    0.00 (Cumulative area) 
      Cumulative area ratio:    4.36
      Required ratio:    0.00 (Cumulative side area) 

    Via: M1M2_PR
      Partial area ratio:    0.09
      Required ratio:    6.00 (Gate area) 
      Cumulative area ratio:    0.21
      Required ratio:    0.00 (Cumulative area) 

    Via: L1M1_PR
      Partial area ratio:    0.12
      Required ratio:    3.00 (Gate area) 
      Cumulative area ratio:    0.12
      Required ratio:    0.00 (Cumulative area) 

  Pin: _4304_/B (sky130_fd_sc_hd__nor2_1)
    Layer: met2
      Partial area ratio:   13.20
      Required ratio:    0.00 (Gate area) 
      Partial area ratio:   66.36
      Required ratio: 3312.80 (Side area) 
      Cumulative area ratio:   23.69
      Required ratio:    0.00 (Cumulative area) 
      Cumulative area ratio:  110.22
      Required ratio:    0.00 (Cumulative side area) 

    Layer: met1
      Partial area ratio:    0.00
      Required ratio:    0.00 (Gate area) 
      Partial area ratio:    0.00
      Required ratio:  400.00 (Side area) 
      Cumulative area ratio:    2.53
      Required ratio:    0.00 (Cumulative area) 
      Cumulative area ratio:    3.25
      Required ratio:    0.00 (Cumulative side area) 

    Layer: li1
      Partial area ratio:    2.53
      Required ratio:    0.00 (Gate area) 
      Partial area ratio:    3.25
      Required ratio:   75.00 (Side area) 
      Cumulative area ratio:    2.53
      Required ratio:    0.00 (Cumulative area) 
      Cumulative area ratio:    3.25
      Required ratio:    0.00 (Cumulative side area) 

    Via: M1M2_PR
      Partial area ratio:    0.09
      Required ratio:    6.00 (Gate area) 
      Cumulative area ratio:    0.21
      Required ratio:    0.00 (Cumulative area) 

    Via: L1M1_PR
      Partial area ratio:    0.12
      Required ratio:    3.00 (Gate area) 
      Cumulative area ratio:    0.12
      Required ratio:    0.00 (Cumulative area) 

  Pin: _4307_/B (sky130_fd_sc_hd__nor2_1)
    Layer: met2
      Partial area ratio:   13.20
      Required ratio:    0.00 (Gate area) 
      Partial area ratio:   66.36
      Required ratio: 3312.80 (Side area) 
      Cumulative area ratio:   27.84
      Required ratio:    0.00 (Cumulative area) 
      Cumulative area ratio:  130.73
      Required ratio:    0.00 (Cumulative side area) 

    Layer: met1
      Partial area ratio:    3.98
      Required ratio:    0.00 (Gate area) 
      Partial area ratio:   20.31
      Required ratio:  400.00 (Side area) 
      Cumulative area ratio:    6.67
      Required ratio:    0.00 (Cumulative area) 
      Cumulative area ratio:   23.75
      Required ratio:    0.00 (Cumulative side area) 

    Layer: li1
      Partial area ratio:    2.69
      Required ratio:    0.00 (Gate area) 
      Partial area ratio:    3.44
      Required ratio:   75.00 (Side area) 
      Cumulative area ratio:    2.69
      Required ratio:    0.00 (Cumulative area) 
      Cumulative area ratio:    3.44
      Required ratio:    0.00 (Cumulative side area) 

    Via: M1M2_PR
      Partial area ratio:    0.18
      Required ratio:    6.00 (Gate area) 
      Cumulative area ratio:    0.30
      Required ratio:    0.00 (Cumulative area) 

    Via: L1M1_PR
      Partial area ratio:    0.12
      Required ratio:    3.00 (Gate area) 
      Cumulative area ratio:    0.12
      Required ratio:    0.00 (Cumulative area) 

  Pin: _4313_/B (sky130_fd_sc_hd__nor2_2)
    Layer: met2
      Partial area ratio:   13.20
      Required ratio:    0.00 (Gate area) 
      Partial area ratio:   66.36
      Required ratio: 3312.80 (Side area) 
      Cumulative area ratio:  195.06
      Required ratio:    0.00 (Cumulative area) 
      Cumulative area ratio:  971.46
      Required ratio:    0.00 (Cumulative side area) 

    Layer: met1
      Partial area ratio:  156.16
      Required ratio:    0.00 (Gate area) 
      Partial area ratio:  781.00
      Required ratio:  400.00 (Side area) (VIOLATED)
      Cumulative area ratio:  157.96
      Required ratio:    0.00 (Cumulative area) 
      Cumulative area ratio:  783.26
      Required ratio:    0.00 (Cumulative side area) 

    Layer: li1
      Partial area ratio:    1.80
      Required ratio:    0.00 (Gate area) 
      Partial area ratio:    2.26
      Required ratio:   75.00 (Side area) 
      Cumulative area ratio:    1.80
      Required ratio:    0.00 (Cumulative area) 
      Cumulative area ratio:    2.26
      Required ratio:    0.00 (Cumulative side area) 

    Via: M1M2_PR
      Partial area ratio:    0.05
      Required ratio:    6.00 (Gate area) 
      Cumulative area ratio:    0.10
      Required ratio:    0.00 (Cumulative area) 

    Via: L1M1_PR
      Partial area ratio:    0.06
      Required ratio:    3.00 (Gate area) 
      Cumulative area ratio:    0.06
      Required ratio:    0.00 (Cumulative area) 

  Pin: _4316_/B (sky130_fd_sc_hd__nor2_1)
    Layer: met2
      Partial area ratio:   13.20
      Required ratio:    0.00 (Gate area) 
      Partial area ratio:   66.36
      Required ratio: 3312.80 (Side area) 
      Cumulative area ratio:   40.62
      Required ratio:    0.00 (Cumulative area) 
      Cumulative area ratio:  192.63
      Required ratio:    0.00 (Cumulative side area) 

    Layer: met1
      Partial area ratio:    7.96
      Required ratio:    0.00 (Gate area) 
      Partial area ratio:   40.61
      Required ratio:  400.00 (Side area) 
      Cumulative area ratio:   11.49
      Required ratio:    0.00 (Cumulative area) 
      Cumulative area ratio:   45.04
      Required ratio:    0.00 (Cumulative side area) 

    Layer: li1
      Partial area ratio:    3.53
      Required ratio:    0.00 (Gate area) 
      Partial area ratio:    4.43
      Required ratio:   75.00 (Side area) 
      Cumulative area ratio:    3.53
      Required ratio:    0.00 (Cumulative area) 
      Cumulative area ratio:    4.43
      Required ratio:    0.00 (Cumulative side area) 

    Via: M1M2_PR
      Partial area ratio:    0.18
      Required ratio:    6.00 (Gate area) 
      Cumulative area ratio:    0.30
      Required ratio:    0.00 (Cumulative area) 

    Via: L1M1_PR
      Partial area ratio:    0.12
      Required ratio:    3.00 (Gate area) 
      Cumulative area ratio:    0.12
      Required ratio:    0.00 (Cumulative area) 

  Pin: _4319_/B (sky130_fd_sc_hd__nor2_1)
    Layer: met2
      Partial area ratio:   13.20
      Required ratio:    0.00 (Gate area) 
      Partial area ratio:   66.36
      Required ratio: 3312.80 (Side area) 
      Cumulative area ratio:   32.60
      Required ratio:    0.00 (Cumulative area) 
      Cumulative area ratio:  151.95
      Required ratio:    0.00 (Cumulative side area) 

    Layer: met1
      Partial area ratio:    3.98
      Required ratio:    0.00 (Gate area) 
      Partial area ratio:   20.31
      Required ratio:  400.00 (Side area) 
      Cumulative area ratio:    7.46
      Required ratio:    0.00 (Cumulative area) 
      Cumulative area ratio:   24.67
      Required ratio:    0.00 (Cumulative side area) 

    Layer: li1
      Partial area ratio:    3.48
      Required ratio:    0.00 (Gate area) 
      Partial area ratio:    4.36
      Required ratio:   75.00 (Side area) 
      Cumulative area ratio:    3.48
      Required ratio:    0.00 (Cumulative area) 
      Cumulative area ratio:    4.36
      Required ratio:    0.00 (Cumulative side area) 

    Via: M1M2_PR
      Partial area ratio:    0.18
      Required ratio:    6.00 (Gate area) 
      Cumulative area ratio:    0.30
      Required ratio:    0.00 (Cumulative area) 

    Via: L1M1_PR
      Partial area ratio:    0.12
      Required ratio:    3.00 (Gate area) 
      Cumulative area ratio:    0.12
      Required ratio:    0.00 (Cumulative area) 

  Pin: _4322_/B (sky130_fd_sc_hd__nor2_1)
    Layer: met2
      Partial area ratio:   13.20
      Required ratio:    0.00 (Gate area) 
      Partial area ratio:   66.36
      Required ratio: 3312.80 (Side area) 
      Cumulative area ratio:   24.86
      Required ratio:    0.00 (Cumulative area) 
      Cumulative area ratio:  111.60
      Required ratio:    0.00 (Cumulative side area) 

    Layer: met1
      Partial area ratio:    0.00
      Required ratio:    0.00 (Gate area) 
      Partial area ratio:    0.00
      Required ratio:  400.00 (Side area) 
      Cumulative area ratio:    3.70
      Required ratio:    0.00 (Cumulative area) 
      Cumulative area ratio:    4.62
      Required ratio:    0.00 (Cumulative side area) 

    Layer: li1
      Partial area ratio:    3.70
      Required ratio:    0.00 (Gate area) 
      Partial area ratio:    4.62
      Required ratio:   75.00 (Side area) 
      Cumulative area ratio:    3.70
      Required ratio:    0.00 (Cumulative area) 
      Cumulative area ratio:    4.62
      Required ratio:    0.00 (Cumulative side area) 

    Via: M1M2_PR
      Partial area ratio:    0.09
      Required ratio:    6.00 (Gate area) 
      Cumulative area ratio:    0.21
      Required ratio:    0.00 (Cumulative area) 

    Via: L1M1_PR
      Partial area ratio:    0.12
      Required ratio:    3.00 (Gate area) 
      Cumulative area ratio:    0.12
      Required ratio:    0.00 (Cumulative area) 

  Pin: _4298_/B (sky130_fd_sc_hd__nor2_1)
    Layer: met2
      Partial area ratio:   13.20
      Required ratio:    0.00 (Gate area) 
      Partial area ratio:   66.36
      Required ratio: 3312.80 (Side area) 
      Cumulative area ratio:   23.49
      Required ratio:    0.00 (Cumulative area) 
      Cumulative area ratio:  109.98
      Required ratio:    0.00 (Cumulative side area) 

    Layer: met1
      Partial area ratio:    7.96
      Required ratio:    0.00 (Gate area) 
      Partial area ratio:   40.61
      Required ratio:  400.00 (Side area) 
      Cumulative area ratio:   10.29
      Required ratio:    0.00 (Cumulative area) 
      Cumulative area ratio:   43.62
      Required ratio:    0.00 (Cumulative side area) 

    Layer: li1
      Partial area ratio:    2.32
      Required ratio:    0.00 (Gate area) 
      Partial area ratio:    3.01
      Required ratio:   75.00 (Side area) 
      Cumulative area ratio:    2.32
      Required ratio:    0.00 (Cumulative area) 
      Cumulative area ratio:    3.01
      Required ratio:    0.00 (Cumulative side area) 

    Via: M1M2_PR
      Partial area ratio:    0.18
      Required ratio:    6.00 (Gate area) 
      Cumulative area ratio:    0.30
      Required ratio:    0.00 (Cumulative area) 

    Via: L1M1_PR
      Partial area ratio:    0.12
      Required ratio:    3.00 (Gate area) 
      Cumulative area ratio:    0.12
      Required ratio:    0.00 (Cumulative area) 


Net: _1463_
  Pin: _4433_/A (sky130_fd_sc_hd__nor2_1)
    Layer: met2
      Partial area ratio:   40.11
      Required ratio:    0.00 (Gate area) 
      Partial area ratio:  201.02
      Required ratio: 3193.60 (Side area) 
      Cumulative area ratio:  262.72
      Required ratio:    0.00 (Cumulative area) 
      Cumulative area ratio: 1301.00
      Required ratio:    0.00 (Cumulative side area) 

    Layer: met1
      Partial area ratio:    3.98
      Required ratio:    0.00 (Gate area) 
      Partial area ratio:   20.31
      Required ratio:  400.00 (Side area) 
      Cumulative area ratio:    7.79
      Required ratio:    0.00 (Cumulative area) 
      Cumulative area ratio:   25.06
      Required ratio:    0.00 (Cumulative side area) 

    Layer: li1
      Partial area ratio:    3.81
      Required ratio:    0.00 (Gate area) 
      Partial area ratio:    4.75
      Required ratio:   75.00 (Side area) 
      Cumulative area ratio:    3.81
      Required ratio:    0.00 (Cumulative area) 
      Cumulative area ratio:    4.75
      Required ratio:    0.00 (Cumulative side area) 

    Via: M1M2_PR
      Partial area ratio:    0.18
      Required ratio:    6.00 (Gate area) 
      Cumulative area ratio:    0.30
      Required ratio:    0.00 (Cumulative area) 

    Via: L1M1_PR
      Partial area ratio:    0.12
      Required ratio:    3.00 (Gate area) 
      Cumulative area ratio:    0.12
      Required ratio:    0.00 (Cumulative area) 

  Pin: _4301_/A (sky130_fd_sc_hd__nor2_1)
    Layer: met2
      Partial area ratio:   40.11
      Required ratio:    0.00 (Gate area) 
      Partial area ratio:  201.02
      Required ratio: 3193.60 (Side area) 
      Cumulative area ratio:  269.85
      Required ratio:    0.00 (Cumulative area) 
      Cumulative area ratio: 1339.93
      Required ratio:    0.00 (Cumulative side area) 

    Layer: met1
      Partial area ratio:    7.89
      Required ratio:    0.00 (Gate area) 
      Partial area ratio:   39.82
      Required ratio:  400.00 (Side area) 
      Cumulative area ratio:   10.93
      Required ratio:    0.00 (Cumulative area) 
      Cumulative area ratio:   43.68
      Required ratio:    0.00 (Cumulative side area) 

    Layer: li1
      Partial area ratio:    3.05
      Required ratio:    0.00 (Gate area) 
      Partial area ratio:    3.86
      Required ratio:   75.00 (Side area) 
      Cumulative area ratio:    3.05
      Required ratio:    0.00 (Cumulative area) 
      Cumulative area ratio:    3.86
      Required ratio:    0.00 (Cumulative side area) 

    Via: M1M2_PR
      Partial area ratio:    0.09
      Required ratio:    6.00 (Gate area) 
      Cumulative area ratio:    0.21
      Required ratio:    0.00 (Cumulative area) 

    Via: L1M1_PR
      Partial area ratio:    0.12
      Required ratio:    3.00 (Gate area) 
      Cumulative area ratio:    0.12
      Required ratio:    0.00 (Cumulative area) 

  Pin: _4397_/A (sky130_fd_sc_hd__nor2_1)
    Layer: met2
      Partial area ratio:   40.11
      Required ratio:    0.00 (Gate area) 
      Partial area ratio:  201.02
      Required ratio: 3193.60 (Side area) 
      Cumulative area ratio:  260.77
      Required ratio:    0.00 (Cumulative area) 
      Cumulative area ratio: 1298.70
      Required ratio:    0.00 (Cumulative side area) 

    Layer: met1
      Partial area ratio:    0.00
      Required ratio:    0.00 (Gate area) 
      Partial area ratio:    0.00
      Required ratio:  400.00 (Side area) 
      Cumulative area ratio:    1.85
      Required ratio:    0.00 (Cumulative area) 
      Cumulative area ratio:    2.46
      Required ratio:    0.00 (Cumulative side area) 

    Layer: li1
      Partial area ratio:    1.85
      Required ratio:    0.00 (Gate area) 
      Partial area ratio:    2.46
      Required ratio:   75.00 (Side area) 
      Cumulative area ratio:    1.85
      Required ratio:    0.00 (Cumulative area) 
      Cumulative area ratio:    2.46
      Required ratio:    0.00 (Cumulative side area) 

    Via: M1M2_PR
      Partial area ratio:    0.09
      Required ratio:    6.00 (Gate area) 
      Cumulative area ratio:    0.21
      Required ratio:    0.00 (Cumulative area) 

    Via: L1M1_PR
      Partial area ratio:    0.12
      Required ratio:    3.00 (Gate area) 
      Cumulative area ratio:    0.12
      Required ratio:    0.00 (Cumulative area) 

  Pin: _4469_/A (sky130_fd_sc_hd__nor2_1)
    Layer: met2
      Partial area ratio:   40.11
      Required ratio:    0.00 (Gate area) 
      Partial area ratio:  201.02
      Required ratio: 3193.60 (Side area) 
      Cumulative area ratio:  257.13
      Required ratio:    0.00 (Cumulative area) 
      Cumulative area ratio: 1278.80
      Required ratio:    0.00 (Cumulative side area) 

    Layer: met1
      Partial area ratio:  214.83
      Required ratio:    0.00 (Gate area) 
      Partial area ratio: 1074.92
      Required ratio:  400.00 (Side area) (VIOLATED)
      Cumulative area ratio:  217.02
      Required ratio:    0.00 (Cumulative area) 
      Cumulative area ratio: 1077.78
      Required ratio:    0.00 (Cumulative side area) 

    Layer: li1
      Partial area ratio:    2.20
      Required ratio:    0.00 (Gate area) 
      Partial area ratio:    2.86
      Required ratio:   75.00 (Side area) 
      Cumulative area ratio:    2.20
      Required ratio:    0.00 (Cumulative area) 
      Cumulative area ratio:    2.86
      Required ratio:    0.00 (Cumulative side area) 

    Via: M1M2_PR
      Partial area ratio:    0.18
      Required ratio:    6.00 (Gate area) 
      Cumulative area ratio:    0.30
      Required ratio:    0.00 (Cumulative area) 

    Via: L1M1_PR
      Partial area ratio:    0.12
      Required ratio:    3.00 (Gate area) 
      Cumulative area ratio:    0.12
      Required ratio:    0.00 (Cumulative area) 


Net: _1465_
  Pin: _4304_/A (sky130_fd_sc_hd__nor2_1)
    Layer: met2
      Partial area ratio:   35.21
      Required ratio:    0.00 (Gate area) 
      Partial area ratio:  176.43
      Required ratio: 3193.60 (Side area) 
      Cumulative area ratio:  357.43
      Required ratio:    0.00 (Cumulative area) 
      Cumulative area ratio: 1781.60
      Required ratio:    0.00 (Cumulative side area) 

    Layer: met1
      Partial area ratio:   15.69
      Required ratio:    0.00 (Gate area) 
      Partial area ratio:   78.85
      Required ratio:  400.00 (Side area) 
      Cumulative area ratio:   17.63
      Required ratio:    0.00 (Cumulative area) 
      Cumulative area ratio:   81.41
      Required ratio:    0.00 (Cumulative side area) 

    Layer: li1
      Partial area ratio:    1.94
      Required ratio:    0.00 (Gate area) 
      Partial area ratio:    2.55
      Required ratio:   75.00 (Side area) 
      Cumulative area ratio:    1.94
      Required ratio:    0.00 (Cumulative area) 
      Cumulative area ratio:    2.55
      Required ratio:    0.00 (Cumulative side area) 

    Via: M1M2_PR
      Partial area ratio:    0.18
      Required ratio:    6.00 (Gate area) 
      Cumulative area ratio:    0.30
      Required ratio:    0.00 (Cumulative area) 

    Via: L1M1_PR
      Partial area ratio:    0.12
      Required ratio:    3.00 (Gate area) 
      Cumulative area ratio:    0.12
      Required ratio:    0.00 (Cumulative area) 

  Pin: _4398_/A (sky130_fd_sc_hd__nor2_1)
    Layer: met2
      Partial area ratio:   35.21
      Required ratio:    0.00 (Gate area) 
      Partial area ratio:  176.43
      Required ratio: 3193.60 (Side area) 
      Cumulative area ratio:  357.90
      Required ratio:    0.00 (Cumulative area) 
      Cumulative area ratio: 1782.15
      Required ratio:    0.00 (Cumulative side area) 

    Layer: met1
      Partial area ratio:    0.00
      Required ratio:    0.00 (Gate area) 
      Partial area ratio:    0.00
      Required ratio:  400.00 (Side area) 
      Cumulative area ratio:    2.40
      Required ratio:    0.00 (Cumulative area) 
      Cumulative area ratio:    3.10
      Required ratio:    0.00 (Cumulative side area) 

    Layer: li1
      Partial area ratio:    2.40
      Required ratio:    0.00 (Gate area) 
      Partial area ratio:    3.10
      Required ratio:   75.00 (Side area) 
      Cumulative area ratio:    2.40
      Required ratio:    0.00 (Cumulative area) 
      Cumulative area ratio:    3.10
      Required ratio:    0.00 (Cumulative side area) 

    Via: M1M2_PR
      Partial area ratio:    0.09
      Required ratio:    6.00 (Gate area) 
      Cumulative area ratio:    0.21
      Required ratio:    0.00 (Cumulative area) 

    Via: L1M1_PR
      Partial area ratio:    0.12
      Required ratio:    3.00 (Gate area) 
      Cumulative area ratio:    0.12
      Required ratio:    0.00 (Cumulative area) 

  Pin: _4434_/A (sky130_fd_sc_hd__nor2_1)
    Layer: met2
      Partial area ratio:   35.21
      Required ratio:    0.00 (Gate area) 
      Partial area ratio:  176.43
      Required ratio: 3193.60 (Side area) 
      Cumulative area ratio:  367.21
      Required ratio:    0.00 (Cumulative area) 
      Cumulative area ratio: 1823.65
      Required ratio:    0.00 (Cumulative side area) 

    Layer: met1
      Partial area ratio:    7.89
      Required ratio:    0.00 (Gate area) 
      Partial area ratio:   39.82
      Required ratio:  400.00 (Side area) 
      Cumulative area ratio:   11.72
      Required ratio:    0.00 (Cumulative area) 
      Cumulative area ratio:   44.61
      Required ratio:    0.00 (Cumulative side area) 

    Layer: li1
      Partial area ratio:    3.83
      Required ratio:    0.00 (Gate area) 
      Partial area ratio:    4.78
      Required ratio:   75.00 (Side area) 
      Cumulative area ratio:    3.83
      Required ratio:    0.00 (Cumulative area) 
      Cumulative area ratio:    4.78
      Required ratio:    0.00 (Cumulative side area) 

    Via: M1M2_PR
      Partial area ratio:    0.09
      Required ratio:    6.00 (Gate area) 
      Cumulative area ratio:    0.21
      Required ratio:    0.00 (Cumulative area) 

    Via: L1M1_PR
      Partial area ratio:    0.12
      Required ratio:    3.00 (Gate area) 
      Cumulative area ratio:    0.12
      Required ratio:    0.00 (Cumulative area) 

  Pin: _4470_/A (sky130_fd_sc_hd__nor2_1)
    Layer: met2
      Partial area ratio:   35.21
      Required ratio:    0.00 (Gate area) 
      Partial area ratio:  176.43
      Required ratio: 3193.60 (Side area) 
      Cumulative area ratio:  342.49
      Required ratio:    0.00 (Cumulative area) 
      Cumulative area ratio: 1703.64
      Required ratio:    0.00 (Cumulative side area) 

    Layer: met1
      Partial area ratio:  304.59
      Required ratio:    0.00 (Gate area) 
      Partial area ratio: 1523.77
      Required ratio:  400.00 (Side area) (VIOLATED)
      Cumulative area ratio:  307.29
      Required ratio:    0.00 (Cumulative area) 
      Cumulative area ratio: 1527.21
      Required ratio:    0.00 (Cumulative side area) 

    Layer: li1
      Partial area ratio:    2.69
      Required ratio:    0.00 (Gate area) 
      Partial area ratio:    3.44
      Required ratio:   75.00 (Side area) 
      Cumulative area ratio:    2.69
      Required ratio:    0.00 (Cumulative area) 
      Cumulative area ratio:    3.44
      Required ratio:    0.00 (Cumulative side area) 

    Via: M1M2_PR
      Partial area ratio:    0.18
      Required ratio:    6.00 (Gate area) 
      Cumulative area ratio:    0.30
      Required ratio:    0.00 (Cumulative area) 

    Via: L1M1_PR
      Partial area ratio:    0.12
      Required ratio:    3.00 (Gate area) 
      Cumulative area ratio:    0.12
      Required ratio:    0.00 (Cumulative area) 


Net: _1469_
  Pin: _4400_/A (sky130_fd_sc_hd__nor2_1)
    Layer: met2
      Partial area ratio:   27.92
      Required ratio:    0.00 (Gate area) 
      Partial area ratio:  139.85
      Required ratio: 3193.60 (Side area) 
      Cumulative area ratio:  225.20
      Required ratio:    0.00 (Cumulative area) 
      Cumulative area ratio: 1119.08
      Required ratio:    0.00 (Cumulative side area) 

    Layer: met1
      Partial area ratio:    0.00
      Required ratio:    0.00 (Gate area) 
      Partial area ratio:    0.00
      Required ratio:  400.00 (Side area) 
      Cumulative area ratio:    2.05
      Required ratio:    0.00 (Cumulative area) 
      Cumulative area ratio:    2.68
      Required ratio:    0.00 (Cumulative side area) 

    Layer: li1
      Partial area ratio:    2.05
      Required ratio:    0.00 (Gate area) 
      Partial area ratio:    2.68
      Required ratio:   75.00 (Side area) 
      Cumulative area ratio:    2.05
      Required ratio:    0.00 (Cumulative area) 
      Cumulative area ratio:    2.68
      Required ratio:    0.00 (Cumulative side area) 

    Via: M1M2_PR
      Partial area ratio:    0.09
      Required ratio:    6.00 (Gate area) 
      Cumulative area ratio:    0.21
      Required ratio:    0.00 (Cumulative area) 

    Via: L1M1_PR
      Partial area ratio:    0.12
      Required ratio:    3.00 (Gate area) 
      Cumulative area ratio:    0.12
      Required ratio:    0.00 (Cumulative area) 

  Pin: _4310_/A (sky130_fd_sc_hd__nor2_1)
    Layer: met2
      Partial area ratio:   27.92
      Required ratio:    0.00 (Gate area) 
      Partial area ratio:  139.85
      Required ratio: 3193.60 (Side area) 
      Cumulative area ratio:  226.04
      Required ratio:    0.00 (Cumulative area) 
      Cumulative area ratio: 1120.06
      Required ratio:    0.00 (Cumulative side area) 

    Layer: met1
      Partial area ratio:    0.00
      Required ratio:    0.00 (Gate area) 
      Partial area ratio:    0.00
      Required ratio:  400.00 (Side area) 
      Cumulative area ratio:    2.88
      Required ratio:    0.00 (Cumulative area) 
      Cumulative area ratio:    3.67
      Required ratio:    0.00 (Cumulative side area) 

    Layer: li1
      Partial area ratio:    2.88
      Required ratio:    0.00 (Gate area) 
      Partial area ratio:    3.67
      Required ratio:   75.00 (Side area) 
      Cumulative area ratio:    2.88
      Required ratio:    0.00 (Cumulative area) 
      Cumulative area ratio:    3.67
      Required ratio:    0.00 (Cumulative side area) 

    Via: M1M2_PR
      Partial area ratio:    0.09
      Required ratio:    6.00 (Gate area) 
      Cumulative area ratio:    0.21
      Required ratio:    0.00 (Cumulative area) 

    Via: L1M1_PR
      Partial area ratio:    0.12
      Required ratio:    3.00 (Gate area) 
      Cumulative area ratio:    0.12
      Required ratio:    0.00 (Cumulative area) 

  Pin: _4472_/A (sky130_fd_sc_hd__nor2_1)
    Layer: met2
      Partial area ratio:   27.92
      Required ratio:    0.00 (Gate area) 
      Partial area ratio:  139.85
      Required ratio: 3193.60 (Side area) 
      Cumulative area ratio:  226.66
      Required ratio:    0.00 (Cumulative area) 
      Cumulative area ratio: 1120.79
      Required ratio:    0.00 (Cumulative side area) 

    Layer: met1
      Partial area ratio:  195.23
      Required ratio:    0.00 (Gate area) 
      Partial area ratio:  976.55
      Required ratio:  400.00 (Side area) (VIOLATED)
      Cumulative area ratio:  198.73
      Required ratio:    0.00 (Cumulative area) 
      Cumulative area ratio:  980.95
      Required ratio:    0.00 (Cumulative side area) 

    Layer: li1
      Partial area ratio:    3.50
      Required ratio:    0.00 (Gate area) 
      Partial area ratio:    4.40
      Required ratio:   75.00 (Side area) 
      Cumulative area ratio:    3.50
      Required ratio:    0.00 (Cumulative area) 
      Cumulative area ratio:    4.40
      Required ratio:    0.00 (Cumulative side area) 

    Via: M1M2_PR
      Partial area ratio:    0.18
      Required ratio:    6.00 (Gate area) 
      Cumulative area ratio:    0.30
      Required ratio:    0.00 (Cumulative area) 

    Via: L1M1_PR
      Partial area ratio:    0.12
      Required ratio:    3.00 (Gate area) 
      Cumulative area ratio:    0.12
      Required ratio:    0.00 (Cumulative area) 

  Pin: _4436_/A (sky130_fd_sc_hd__nor2_4)
    Layer: met2
      Partial area ratio:   27.92
      Required ratio:    0.00 (Gate area) 
      Partial area ratio:  139.85
      Required ratio: 3193.60 (Side area) 
      Cumulative area ratio:   30.85
      Required ratio:    0.00 (Cumulative area) 
      Cumulative area ratio:  150.99
      Required ratio:    0.00 (Cumulative side area) 

    Layer: met1
      Partial area ratio:    1.97
      Required ratio:    0.00 (Gate area) 
      Partial area ratio:    9.96
      Required ratio:  400.00 (Side area) 
      Cumulative area ratio:    2.93
      Required ratio:    0.00 (Cumulative area) 
      Cumulative area ratio:   11.15
      Required ratio:    0.00 (Cumulative side area) 

    Layer: li1
      Partial area ratio:    0.95
      Required ratio:    0.00 (Gate area) 
      Partial area ratio:    1.19
      Required ratio:   75.00 (Side area) 
      Cumulative area ratio:    0.95
      Required ratio:    0.00 (Cumulative area) 
      Cumulative area ratio:    1.19
      Required ratio:    0.00 (Cumulative side area) 

    Via: M1M2_PR
      Partial area ratio:    0.02
      Required ratio:    6.00 (Gate area) 
      Cumulative area ratio:    0.05
      Required ratio:    0.00 (Cumulative area) 

    Via: L1M1_PR
      Partial area ratio:    0.03
      Required ratio:    3.00 (Gate area) 
      Cumulative area ratio:    0.03
      Required ratio:    0.00 (Cumulative area) 


Net: _1475_
  Pin: _4475_/A (sky130_fd_sc_hd__nor2_1)
    Layer: met2
      Partial area ratio:   27.36
      Required ratio:    0.00 (Gate area) 
      Partial area ratio:  136.95
      Required ratio: 3193.60 (Side area) 
      Cumulative area ratio:  244.54
      Required ratio:    0.00 (Cumulative area) 
      Cumulative area ratio: 1214.92
      Required ratio:    0.00 (Cumulative side area) 

    Layer: met1
      Partial area ratio:    3.98
      Required ratio:    0.00 (Gate area) 
      Partial area ratio:   20.31
      Required ratio:  400.00 (Side area) 
      Cumulative area ratio:    6.35
      Required ratio:    0.00 (Cumulative area) 
      Cumulative area ratio:   23.36
      Required ratio:    0.00 (Cumulative side area) 

    Layer: li1
      Partial area ratio:    2.36
      Required ratio:    0.00 (Gate area) 
      Partial area ratio:    3.05
      Required ratio:   75.00 (Side area) 
      Cumulative area ratio:    2.36
      Required ratio:    0.00 (Cumulative area) 
      Cumulative area ratio:    3.05
      Required ratio:    0.00 (Cumulative side area) 

    Via: M1M2_PR
      Partial area ratio:    0.05
      Required ratio:    6.00 (Gate area) 
      Cumulative area ratio:    0.16
      Required ratio:    0.00 (Cumulative area) 

    Via: L1M1_PR
      Partial area ratio:    0.12
      Required ratio:    3.00 (Gate area) 
      Cumulative area ratio:    0.12
      Required ratio:    0.00 (Cumulative area) 

  Pin: _4403_/A (sky130_fd_sc_hd__nor2_1)
    Layer: met2
      Partial area ratio:   27.36
      Required ratio:    0.00 (Gate area) 
      Partial area ratio:  136.95
      Required ratio: 3193.60 (Side area) 
      Cumulative area ratio:  244.50
      Required ratio:    0.00 (Cumulative area) 
      Cumulative area ratio: 1214.87
      Required ratio:    0.00 (Cumulative side area) 

    Layer: met1
      Partial area ratio:    3.98
      Required ratio:    0.00 (Gate area) 
      Partial area ratio:   20.31
      Required ratio:  400.00 (Side area) 
      Cumulative area ratio:    6.30
      Required ratio:    0.00 (Cumulative area) 
      Cumulative area ratio:   23.31
      Required ratio:    0.00 (Cumulative side area) 

    Layer: li1
      Partial area ratio:    2.32
      Required ratio:    0.00 (Gate area) 
      Partial area ratio:    3.01
      Required ratio:   75.00 (Side area) 
      Cumulative area ratio:    2.32
      Required ratio:    0.00 (Cumulative area) 
      Cumulative area ratio:    3.01
      Required ratio:    0.00 (Cumulative side area) 

    Via: M1M2_PR
      Partial area ratio:    0.05
      Required ratio:    6.00 (Gate area) 
      Cumulative area ratio:    0.16
      Required ratio:    0.00 (Cumulative area) 

    Via: L1M1_PR
      Partial area ratio:    0.12
      Required ratio:    3.00 (Gate area) 
      Cumulative area ratio:    0.12
      Required ratio:    0.00 (Cumulative area) 

  Pin: _4319_/A (sky130_fd_sc_hd__nor2_1)
    Layer: met2
      Partial area ratio:   27.36
      Required ratio:    0.00 (Gate area) 
      Partial area ratio:  136.95
      Required ratio: 3193.60 (Side area) 
      Cumulative area ratio:  241.99
      Required ratio:    0.00 (Cumulative area) 
      Cumulative area ratio: 1196.29
      Required ratio:    0.00 (Cumulative side area) 

    Layer: met1
      Partial area ratio:  210.84
      Required ratio:    0.00 (Gate area) 
      Partial area ratio: 1054.61
      Required ratio:  400.00 (Side area) (VIOLATED)
      Cumulative area ratio:  214.63
      Required ratio:    0.00 (Cumulative area) 
      Cumulative area ratio: 1059.35
      Required ratio:    0.00 (Cumulative side area) 

    Layer: li1
      Partial area ratio:    3.79
      Required ratio:    0.00 (Gate area) 
      Partial area ratio:    4.74
      Required ratio:   75.00 (Side area) 
      Cumulative area ratio:    3.79
      Required ratio:    0.00 (Cumulative area) 
      Cumulative area ratio:    4.74
      Required ratio:    0.00 (Cumulative side area) 

    Via: M1M2_PR
      Partial area ratio:    0.18
      Required ratio:    6.00 (Gate area) 
      Cumulative area ratio:    0.30
      Required ratio:    0.00 (Cumulative area) 

    Via: L1M1_PR
      Partial area ratio:    0.12
      Required ratio:    3.00 (Gate area) 
      Cumulative area ratio:    0.12
      Required ratio:    0.00 (Cumulative area) 

  Pin: _4439_/A (sky130_fd_sc_hd__nor2_4)
    Layer: met2
      Partial area ratio:   27.36
      Required ratio:    0.00 (Gate area) 
      Partial area ratio:  136.95
      Required ratio: 3193.60 (Side area) 
      Cumulative area ratio:   28.00
      Required ratio:    0.00 (Cumulative area) 
      Cumulative area ratio:  137.77
      Required ratio:    0.00 (Cumulative side area) 

    Layer: met1
      Partial area ratio:    0.00
      Required ratio:    0.00 (Gate area) 
      Partial area ratio:    0.00
      Required ratio:  400.00 (Side area) 
      Cumulative area ratio:    0.64
      Required ratio:    0.00 (Cumulative area) 
      Cumulative area ratio:    0.82
      Required ratio:    0.00 (Cumulative side area) 

    Layer: li1
      Partial area ratio:    0.64
      Required ratio:    0.00 (Gate area) 
      Partial area ratio:    0.82
      Required ratio:   75.00 (Side area) 
      Cumulative area ratio:    0.64
      Required ratio:    0.00 (Cumulative area) 
      Cumulative area ratio:    0.82
      Required ratio:    0.00 (Cumulative side area) 

    Via: M1M2_PR
      Partial area ratio:    0.02
      Required ratio:    6.00 (Gate area) 
      Cumulative area ratio:    0.05
      Required ratio:    0.00 (Cumulative area) 

    Via: L1M1_PR
      Partial area ratio:    0.03
      Required ratio:    3.00 (Gate area) 
      Cumulative area ratio:    0.03
      Required ratio:    0.00 (Cumulative area) 


Net: _1477_
  Pin: _4404_/A (sky130_fd_sc_hd__nor2_1)
    Layer: met2
      Partial area ratio:   32.07
      Required ratio:    0.00 (Gate area) 
      Partial area ratio:  160.66
      Required ratio: 3193.60 (Side area) 
      Cumulative area ratio:  327.28
      Required ratio:    0.00 (Cumulative area) 
      Cumulative area ratio: 1628.19
      Required ratio:    0.00 (Cumulative side area) 

    Layer: met1
      Partial area ratio:    0.00
      Required ratio:    0.00 (Gate area) 
      Partial area ratio:    0.00
      Required ratio:  400.00 (Side area) 
      Cumulative area ratio:    2.40
      Required ratio:    0.00 (Cumulative area) 
      Cumulative area ratio:    3.10
      Required ratio:    0.00 (Cumulative side area) 

    Layer: li1
      Partial area ratio:    2.40
      Required ratio:    0.00 (Gate area) 
      Partial area ratio:    3.10
      Required ratio:   75.00 (Side area) 
      Cumulative area ratio:    2.40
      Required ratio:    0.00 (Cumulative area) 
      Cumulative area ratio:    3.10
      Required ratio:    0.00 (Cumulative side area) 

    Via: M1M2_PR
      Partial area ratio:    0.09
      Required ratio:    6.00 (Gate area) 
      Cumulative area ratio:    0.21
      Required ratio:    0.00 (Cumulative area) 

    Via: L1M1_PR
      Partial area ratio:    0.12
      Required ratio:    3.00 (Gate area) 
      Cumulative area ratio:    0.12
      Required ratio:    0.00 (Cumulative area) 

  Pin: _4476_/A (sky130_fd_sc_hd__nor2_1)
    Layer: met2
      Partial area ratio:   32.07
      Required ratio:    0.00 (Gate area) 
      Partial area ratio:  160.66
      Required ratio: 3193.60 (Side area) 
      Cumulative area ratio:  328.06
      Required ratio:    0.00 (Cumulative area) 
      Cumulative area ratio: 1629.11
      Required ratio:    0.00 (Cumulative side area) 

    Layer: met1
      Partial area ratio:    0.00
      Required ratio:    0.00 (Gate area) 
      Partial area ratio:    0.00
      Required ratio:  400.00 (Side area) 
      Cumulative area ratio:    3.19
      Required ratio:    0.00 (Cumulative area) 
      Cumulative area ratio:    4.02
      Required ratio:    0.00 (Cumulative side area) 

    Layer: li1
      Partial area ratio:    3.19
      Required ratio:    0.00 (Gate area) 
      Partial area ratio:    4.02
      Required ratio:   75.00 (Side area) 
      Cumulative area ratio:    3.19
      Required ratio:    0.00 (Cumulative area) 
      Cumulative area ratio:    4.02
      Required ratio:    0.00 (Cumulative side area) 

    Via: M1M2_PR
      Partial area ratio:    0.09
      Required ratio:    6.00 (Gate area) 
      Cumulative area ratio:    0.21
      Required ratio:    0.00 (Cumulative area) 

    Via: L1M1_PR
      Partial area ratio:    0.12
      Required ratio:    3.00 (Gate area) 
      Cumulative area ratio:    0.12
      Required ratio:    0.00 (Cumulative area) 

  Pin: _4322_/A (sky130_fd_sc_hd__nor2_1)
    Layer: met2
      Partial area ratio:   32.07
      Required ratio:    0.00 (Gate area) 
      Partial area ratio:  160.66
      Required ratio: 3193.60 (Side area) 
      Cumulative area ratio:  327.98
      Required ratio:    0.00 (Cumulative area) 
      Cumulative area ratio: 1629.01
      Required ratio:    0.00 (Cumulative side area) 

    Layer: met1
      Partial area ratio:  292.81
      Required ratio:    0.00 (Gate area) 
      Partial area ratio: 1464.43
      Required ratio:  400.00 (Side area) (VIOLATED)
      Cumulative area ratio:  295.91
      Required ratio:    0.00 (Cumulative area) 
      Cumulative area ratio: 1468.36
      Required ratio:    0.00 (Cumulative side area) 

    Layer: li1
      Partial area ratio:    3.10
      Required ratio:    0.00 (Gate area) 
      Partial area ratio:    3.93
      Required ratio:   75.00 (Side area) 
      Cumulative area ratio:    3.10
      Required ratio:    0.00 (Cumulative area) 
      Cumulative area ratio:    3.93
      Required ratio:    0.00 (Cumulative side area) 

    Via: M1M2_PR
      Partial area ratio:    0.18
      Required ratio:    6.00 (Gate area) 
      Cumulative area ratio:    0.30
      Required ratio:    0.00 (Cumulative area) 

    Via: L1M1_PR
      Partial area ratio:    0.12
      Required ratio:    3.00 (Gate area) 
      Cumulative area ratio:    0.12
      Required ratio:    0.00 (Cumulative area) 

  Pin: _4440_/A (sky130_fd_sc_hd__nor2_2)
    Layer: met2
      Partial area ratio:   32.07
      Required ratio:    0.00 (Gate area) 
      Partial area ratio:  160.66
      Required ratio: 3193.60 (Side area) 
      Cumulative area ratio:   35.30
      Required ratio:    0.00 (Cumulative area) 
      Cumulative area ratio:  172.41
      Required ratio:    0.00 (Cumulative side area) 

    Layer: met1
      Partial area ratio:    1.99
      Required ratio:    0.00 (Gate area) 
      Partial area ratio:   10.15
      Required ratio:  400.00 (Side area) 
      Cumulative area ratio:    3.23
      Required ratio:    0.00 (Cumulative area) 
      Cumulative area ratio:   11.75
      Required ratio:    0.00 (Cumulative side area) 

    Layer: li1
      Partial area ratio:    1.24
      Required ratio:    0.00 (Gate area) 
      Partial area ratio:    1.59
      Required ratio:   75.00 (Side area) 
      Cumulative area ratio:    1.24
      Required ratio:    0.00 (Cumulative area) 
      Cumulative area ratio:    1.59
      Required ratio:    0.00 (Cumulative side area) 

    Via: M1M2_PR
      Partial area ratio:    0.05
      Required ratio:    6.00 (Gate area) 
      Cumulative area ratio:    0.10
      Required ratio:    0.00 (Cumulative area) 

    Via: L1M1_PR
      Partial area ratio:    0.06
      Required ratio:    3.00 (Gate area) 
      Cumulative area ratio:    0.06
      Required ratio:    0.00 (Cumulative area) 


Net: _1480_
  Pin: _4442_/A (sky130_fd_sc_hd__nor2_1)
    Layer: met2
      Partial area ratio:   13.72
      Required ratio:    0.00 (Gate area) 
      Partial area ratio:   68.90
      Required ratio: 3193.60 (Side area) 
      Cumulative area ratio:  176.13
      Required ratio:    0.00 (Cumulative area) 
      Cumulative area ratio:  872.80
      Required ratio:    0.00 (Cumulative side area) 

    Layer: met1
      Partial area ratio:    0.00
      Required ratio:    0.00 (Gate area) 
      Partial area ratio:    0.00
      Required ratio:  400.00 (Side area) 
      Cumulative area ratio:    2.31
      Required ratio:    0.00 (Cumulative area) 
      Cumulative area ratio:    2.99
      Required ratio:    0.00 (Cumulative side area) 

    Layer: li1
      Partial area ratio:    2.31
      Required ratio:    0.00 (Gate area) 
      Partial area ratio:    2.99
      Required ratio:   75.00 (Side area) 
      Cumulative area ratio:    2.31
      Required ratio:    0.00 (Cumulative area) 
      Cumulative area ratio:    2.99
      Required ratio:    0.00 (Cumulative side area) 

    Via: M1M2_PR
      Partial area ratio:    0.09
      Required ratio:    6.00 (Gate area) 
      Cumulative area ratio:    0.21
      Required ratio:    0.00 (Cumulative area) 

    Via: L1M1_PR
      Partial area ratio:    0.12
      Required ratio:    3.00 (Gate area) 
      Cumulative area ratio:    0.12
      Required ratio:    0.00 (Cumulative area) 

  Pin: _4327_/A (sky130_fd_sc_hd__nor2_1)
    Layer: met2
      Partial area ratio:   13.72
      Required ratio:    0.00 (Gate area) 
      Partial area ratio:   68.90
      Required ratio: 3193.60 (Side area) 
      Cumulative area ratio:  175.12
      Required ratio:    0.00 (Cumulative area) 
      Cumulative area ratio:  871.61
      Required ratio:    0.00 (Cumulative side area) 

    Layer: met1
      Partial area ratio:    0.00
      Required ratio:    0.00 (Gate area) 
      Partial area ratio:    0.00
      Required ratio:  400.00 (Side area) 
      Cumulative area ratio:    1.30
      Required ratio:    0.00 (Cumulative area) 
      Cumulative area ratio:    1.80
      Required ratio:    0.00 (Cumulative side area) 

    Layer: li1
      Partial area ratio:    1.30
      Required ratio:    0.00 (Gate area) 
      Partial area ratio:    1.80
      Required ratio:   75.00 (Side area) 
      Cumulative area ratio:    1.30
      Required ratio:    0.00 (Cumulative area) 
      Cumulative area ratio:    1.80
      Required ratio:    0.00 (Cumulative side area) 

    Via: M1M2_PR
      Partial area ratio:    0.05
      Required ratio:    6.00 (Gate area) 
      Cumulative area ratio:    0.10
      Required ratio:    0.00 (Cumulative area) 

    Via: L1M1_PR
      Partial area ratio:    0.06
      Required ratio:    3.00 (Gate area) 
      Cumulative area ratio:    0.06
      Required ratio:    0.00 (Cumulative area) 

  Pin: _4406_/A (sky130_fd_sc_hd__nor2_1)
    Layer: met2
      Partial area ratio:   13.72
      Required ratio:    0.00 (Gate area) 
      Partial area ratio:   68.90
      Required ratio: 3193.60 (Side area) 
      Cumulative area ratio:  175.12
      Required ratio:    0.00 (Cumulative area) 
      Cumulative area ratio:  871.61
      Required ratio:    0.00 (Cumulative side area) 

    Layer: met1
      Partial area ratio:    0.00
      Required ratio:    0.00 (Gate area) 
      Partial area ratio:    0.00
      Required ratio:  400.00 (Side area) 
      Cumulative area ratio:    1.30
      Required ratio:    0.00 (Cumulative area) 
      Cumulative area ratio:    1.80
      Required ratio:    0.00 (Cumulative side area) 

    Layer: li1
      Partial area ratio:    1.30
      Required ratio:    0.00 (Gate area) 
      Partial area ratio:    1.80
      Required ratio:   75.00 (Side area) 
      Cumulative area ratio:    1.30
      Required ratio:    0.00 (Cumulative area) 
      Cumulative area ratio:    1.80
      Required ratio:    0.00 (Cumulative side area) 

    Via: M1M2_PR
      Partial area ratio:    0.05
      Required ratio:    6.00 (Gate area) 
      Cumulative area ratio:    0.10
      Required ratio:    0.00 (Cumulative area) 

    Via: L1M1_PR
      Partial area ratio:    0.06
      Required ratio:    3.00 (Gate area) 
      Cumulative area ratio:    0.06
      Required ratio:    0.00 (Cumulative area) 

  Pin: _4478_/A (sky130_fd_sc_hd__nor2_1)
    Layer: met2
      Partial area ratio:   13.72
      Required ratio:    0.00 (Gate area) 
      Partial area ratio:   68.90
      Required ratio: 3193.60 (Side area) 
      Cumulative area ratio:  174.77
      Required ratio:    0.00 (Cumulative area) 
      Cumulative area ratio:  871.20
      Required ratio:    0.00 (Cumulative side area) 

    Layer: met1
      Partial area ratio:  160.10
      Required ratio:    0.00 (Gate area) 
      Partial area ratio:  800.91
      Required ratio:  400.00 (Side area) (VIOLATED)
      Cumulative area ratio:  161.05
      Required ratio:    0.00 (Cumulative area) 
      Cumulative area ratio:  802.30
      Required ratio:    0.00 (Cumulative side area) 

    Layer: li1
      Partial area ratio:    0.95
      Required ratio:    0.00 (Gate area) 
      Partial area ratio:    1.39
      Required ratio:   75.00 (Side area) 
      Cumulative area ratio:    0.95
      Required ratio:    0.00 (Cumulative area) 
      Cumulative area ratio:    1.39
      Required ratio:    0.00 (Cumulative side area) 

    Via: M1M2_PR
      Partial area ratio:    0.18
      Required ratio:    6.00 (Gate area) 
      Cumulative area ratio:    0.30
      Required ratio:    0.00 (Cumulative area) 

    Via: L1M1_PR
      Partial area ratio:    0.12
      Required ratio:    3.00 (Gate area) 
      Cumulative area ratio:    0.12
      Required ratio:    0.00 (Cumulative area) 


Net: _1483_
  Pin: _4407_/A (sky130_fd_sc_hd__nor2_1)
    Layer: met4
      Partial area ratio:   14.73
      Required ratio:    0.00 (Gate area) 
      Partial area ratio:   79.03
      Required ratio: 3193.60 (Side area) 
      Cumulative area ratio:   53.04
      Required ratio:    0.00 (Cumulative area) 
      Cumulative area ratio:  270.50
      Required ratio:    0.00 (Cumulative side area) 

    Layer: met3
      Partial area ratio:    0.00
      Required ratio:    0.00 (Gate area) 
      Partial area ratio:    0.00
      Required ratio:  400.00 (Side area) 
      Cumulative area ratio:   38.31
      Required ratio:    0.00 (Cumulative area) 
      Cumulative area ratio:  191.47
      Required ratio:    0.00 (Cumulative side area) 

    Layer: met2
      Partial area ratio:   29.98
      Required ratio:    0.00 (Gate area) 
      Partial area ratio:  150.14
      Required ratio:  400.00 (Side area) 
      Cumulative area ratio:   38.31
      Required ratio:    0.00 (Cumulative area) 
      Cumulative area ratio:  191.47
      Required ratio:    0.00 (Cumulative side area) 

    Layer: met1
      Partial area ratio:    0.00
      Required ratio:    0.00 (Gate area) 
      Partial area ratio:    0.00
      Required ratio:  400.00 (Side area) 
      Cumulative area ratio:    0.37
      Required ratio:    0.00 (Cumulative area) 
      Cumulative area ratio:    0.71
      Required ratio:    0.00 (Cumulative side area) 

    Layer: li1
      Partial area ratio:    0.37
      Required ratio:    0.00 (Gate area) 
      Partial area ratio:    0.71
      Required ratio:   75.00 (Side area) 
      Cumulative area ratio:    0.37
      Required ratio:    0.00 (Cumulative area) 
      Cumulative area ratio:    0.71
      Required ratio:    0.00 (Cumulative side area) 

    Via: M3M4_PR
      Partial area ratio:    0.05
      Required ratio:    6.00 (Gate area) 
      Cumulative area ratio:    0.68
      Required ratio:    0.00 (Cumulative area) 

    Via: M2M3_PR
      Partial area ratio:    0.05
      Required ratio:    6.00 (Gate area) 
      Cumulative area ratio:    0.63
      Required ratio:    0.00 (Cumulative area) 

    Via: M1M2_PR
      Partial area ratio:    0.09
      Required ratio:    6.00 (Gate area) 
      Cumulative area ratio:    0.21
      Required ratio:    0.00 (Cumulative area) 

    Via: L1M1_PR
      Partial area ratio:    0.12
      Required ratio:    3.00 (Gate area) 
      Cumulative area ratio:    0.12
      Required ratio:    0.00 (Cumulative area) 

  Pin: _4479_/A (sky130_fd_sc_hd__nor2_1)
    Layer: met4
      Partial area ratio:   14.73
      Required ratio:    0.00 (Gate area) 
      Partial area ratio:   79.03
      Required ratio: 3193.60 (Side area) 
      Cumulative area ratio:   53.89
      Required ratio:    0.00 (Cumulative area) 
      Cumulative area ratio:  271.50
      Required ratio:    0.00 (Cumulative side area) 

    Layer: met3
      Partial area ratio:    0.00
      Required ratio:    0.00 (Gate area) 
      Partial area ratio:    0.00
      Required ratio:  400.00 (Side area) 
      Cumulative area ratio:   39.16
      Required ratio:    0.00 (Cumulative area) 
      Cumulative area ratio:  192.47
      Required ratio:    0.00 (Cumulative side area) 

    Layer: met2
      Partial area ratio:   29.98
      Required ratio:    0.00 (Gate area) 
      Partial area ratio:  150.14
      Required ratio:  400.00 (Side area) 
      Cumulative area ratio:   39.16
      Required ratio:    0.00 (Cumulative area) 
      Cumulative area ratio:  192.47
      Required ratio:    0.00 (Cumulative side area) 

    Layer: met1
      Partial area ratio:    3.98
      Required ratio:    0.00 (Gate area) 
      Partial area ratio:   20.31
      Required ratio:  400.00 (Side area) 
      Cumulative area ratio:    5.20
      Required ratio:    0.00 (Cumulative area) 
      Cumulative area ratio:   22.02
      Required ratio:    0.00 (Cumulative side area) 

    Layer: li1
      Partial area ratio:    1.22
      Required ratio:    0.00 (Gate area) 
      Partial area ratio:    1.71
      Required ratio:   75.00 (Side area) 
      Cumulative area ratio:    1.22
      Required ratio:    0.00 (Cumulative area) 
      Cumulative area ratio:    1.71
      Required ratio:    0.00 (Cumulative side area) 

    Via: M3M4_PR
      Partial area ratio:    0.05
      Required ratio:    6.00 (Gate area) 
      Cumulative area ratio:    0.59
      Required ratio:    0.00 (Cumulative area) 

    Via: M2M3_PR
      Partial area ratio:    0.05
      Required ratio:    6.00 (Gate area) 
      Cumulative area ratio:    0.53
      Required ratio:    0.00 (Cumulative area) 

    Via: M1M2_PR
      Partial area ratio:    0.18
      Required ratio:    6.00 (Gate area) 
      Cumulative area ratio:    0.30
      Required ratio:    0.00 (Cumulative area) 

    Via: L1M1_PR
      Partial area ratio:    0.12
      Required ratio:    3.00 (Gate area) 
      Cumulative area ratio:    0.12
      Required ratio:    0.00 (Cumulative area) 

  Pin: _4330_/A (sky130_fd_sc_hd__nor2_1)
    Layer: met4
      Partial area ratio:   14.73
      Required ratio:    0.00 (Gate area) 
      Partial area ratio:   79.03
      Required ratio: 3193.60 (Side area) 
      Cumulative area ratio:   49.70
      Required ratio:    0.00 (Cumulative area) 
      Cumulative area ratio:  250.95
      Required ratio:    0.00 (Cumulative side area) 

    Layer: met3
      Partial area ratio:    0.00
      Required ratio:    0.00 (Gate area) 
      Partial area ratio:    0.00
      Required ratio:  400.00 (Side area) 
      Cumulative area ratio:   34.97
      Required ratio:    0.00 (Cumulative area) 
      Cumulative area ratio:  171.92
      Required ratio:    0.00 (Cumulative side area) 

    Layer: met2
      Partial area ratio:   29.98
      Required ratio:    0.00 (Gate area) 
      Partial area ratio:  150.14
      Required ratio:  400.00 (Side area) 
      Cumulative area ratio:   34.97
      Required ratio:    0.00 (Cumulative area) 
      Cumulative area ratio:  171.92
      Required ratio:    0.00 (Cumulative side area) 

    Layer: met1
      Partial area ratio:    3.98
      Required ratio:    0.00 (Gate area) 
      Partial area ratio:   20.31
      Required ratio:  400.00 (Side area) 
      Cumulative area ratio:    5.00
      Required ratio:    0.00 (Cumulative area) 
      Cumulative area ratio:   21.78
      Required ratio:    0.00 (Cumulative side area) 

    Layer: li1
      Partial area ratio:    1.02
      Required ratio:    0.00 (Gate area) 
      Partial area ratio:    1.47
      Required ratio:   75.00 (Side area) 
      Cumulative area ratio:    1.02
      Required ratio:    0.00 (Cumulative area) 
      Cumulative area ratio:    1.47
      Required ratio:    0.00 (Cumulative side area) 

    Via: M3M4_PR
      Partial area ratio:    0.05
      Required ratio:    6.00 (Gate area) 
      Cumulative area ratio:    0.41
      Required ratio:    0.00 (Cumulative area) 

    Via: M2M3_PR
      Partial area ratio:    0.05
      Required ratio:    6.00 (Gate area) 
      Cumulative area ratio:    0.35
      Required ratio:    0.00 (Cumulative area) 

    Via: M1M2_PR
      Partial area ratio:    0.18
      Required ratio:    6.00 (Gate area) 
      Cumulative area ratio:    0.30
      Required ratio:    0.00 (Cumulative area) 

    Via: L1M1_PR
      Partial area ratio:    0.12
      Required ratio:    3.00 (Gate area) 
      Cumulative area ratio:    0.12
      Required ratio:    0.00 (Cumulative area) 

  Pin: _4443_/A (sky130_fd_sc_hd__nor2_1)
    Layer: met2
      Partial area ratio:   39.19
      Required ratio:    0.00 (Gate area) 
      Partial area ratio:  196.74
      Required ratio: 3193.60 (Side area) 
      Cumulative area ratio:  142.78
      Required ratio:    0.00 (Cumulative area) 
      Cumulative area ratio:  707.59
      Required ratio:    0.00 (Cumulative side area) 

    Layer: met1
      Partial area ratio:  101.56
      Required ratio:    0.00 (Gate area) 
      Partial area ratio:  508.19
      Required ratio:  400.00 (Side area) (VIOLATED)
      Cumulative area ratio:  103.59
      Required ratio:    0.00 (Cumulative area) 
      Cumulative area ratio:  510.85
      Required ratio:    0.00 (Cumulative side area) 

    Layer: met3
      Partial area ratio:    0.00
      Required ratio:    0.00 (Gate area) 
      Partial area ratio:    0.00
      Required ratio: 3193.60 (Side area) 
      Cumulative area ratio:  142.78
      Required ratio:    0.00 (Cumulative area) 
      Cumulative area ratio:  707.59
      Required ratio:    0.00 (Cumulative side area) 

    Layer: met4
      Partial area ratio:   14.73
      Required ratio:    0.00 (Gate area) 
      Partial area ratio:   79.03
      Required ratio: 3193.60 (Side area) 
      Cumulative area ratio:  157.51
      Required ratio:    0.00 (Cumulative area) 
      Cumulative area ratio:  786.62
      Required ratio:    0.00 (Cumulative side area) 

    Layer: li1
      Partial area ratio:    2.03
      Required ratio:    0.00 (Gate area) 
      Partial area ratio:    2.67
      Required ratio:   75.00 (Side area) 
      Cumulative area ratio:    2.03
      Required ratio:    0.00 (Cumulative area) 
      Cumulative area ratio:    2.67
      Required ratio:    0.00 (Cumulative side area) 

    Via: M2M3_PR
      Partial area ratio:    0.16
      Required ratio:    6.00 (Gate area) 
      Cumulative area ratio:    0.46
      Required ratio:    0.00 (Cumulative area) 

    Via: M1M2_PR
      Partial area ratio:    0.18
      Required ratio:    6.00 (Gate area) 
      Cumulative area ratio:    0.30
      Required ratio:    0.00 (Cumulative area) 

    Via: M3M4_PR
      Partial area ratio:    0.16
      Required ratio:    6.00 (Gate area) 
      Cumulative area ratio:    0.62
      Required ratio:    0.00 (Cumulative area) 

    Via: L1M1_PR
      Partial area ratio:    0.12
      Required ratio:    3.00 (Gate area) 
      Cumulative area ratio:    0.12
      Required ratio:    0.00 (Cumulative area) 


Net: _1499_
  Pin: _4451_/A (sky130_fd_sc_hd__nor2_4)
    Layer: met2
      Partial area ratio:   25.41
      Required ratio:    0.00 (Gate area) 
      Partial area ratio:  127.24
      Required ratio: 3193.60 (Side area) 
      Cumulative area ratio:   25.75
      Required ratio:    0.00 (Cumulative area) 
      Cumulative area ratio:  127.71
      Required ratio:    0.00 (Cumulative side area) 

    Layer: met1
      Partial area ratio:    0.00
      Required ratio:    0.00 (Gate area) 
      Partial area ratio:    0.00
      Required ratio:  400.00 (Side area) 
      Cumulative area ratio:    0.34
      Required ratio:    0.00 (Cumulative area) 
      Cumulative area ratio:    0.47
      Required ratio:    0.00 (Cumulative side area) 

    Layer: li1
      Partial area ratio:    0.34
      Required ratio:    0.00 (Gate area) 
      Partial area ratio:    0.47
      Required ratio:   75.00 (Side area) 
      Cumulative area ratio:    0.34
      Required ratio:    0.00 (Cumulative area) 
      Cumulative area ratio:    0.47
      Required ratio:    0.00 (Cumulative side area) 

    Layer: met3
      Partial area ratio:    0.00
      Required ratio:    0.00 (Gate area) 
      Partial area ratio:    0.00
      Required ratio: 3193.60 (Side area) 
      Cumulative area ratio:   25.75
      Required ratio:    0.00 (Cumulative area) 
      Cumulative area ratio:  127.71
      Required ratio:    0.00 (Cumulative side area) 

    Layer: met4
      Partial area ratio:    3.64
      Required ratio:    0.00 (Gate area) 
      Partial area ratio:   19.67
      Required ratio: 3193.60 (Side area) 
      Cumulative area ratio:   29.38
      Required ratio:    0.00 (Cumulative area) 
      Cumulative area ratio:  147.38
      Required ratio:    0.00 (Cumulative side area) 

    Via: M2M3_PR
      Partial area ratio:    0.03
      Required ratio:    6.00 (Gate area) 
      Cumulative area ratio:    0.08
      Required ratio:    0.00 (Cumulative area) 

    Via: M1M2_PR
      Partial area ratio:    0.02
      Required ratio:    6.00 (Gate area) 
      Cumulative area ratio:    0.05
      Required ratio:    0.00 (Cumulative area) 

    Via: L1M1_PR
      Partial area ratio:    0.03
      Required ratio:    3.00 (Gate area) 
      Cumulative area ratio:    0.03
      Required ratio:    0.00 (Cumulative area) 

    Via: M3M4_PR
      Partial area ratio:    0.03
      Required ratio:    6.00 (Gate area) 
      Cumulative area ratio:    0.11
      Required ratio:    0.00 (Cumulative area) 

  Pin: _4415_/A (sky130_fd_sc_hd__nor2_1)
    Layer: met4
      Partial area ratio:    3.64
      Required ratio:    0.00 (Gate area) 
      Partial area ratio:   19.67
      Required ratio: 3193.60 (Side area) 
      Cumulative area ratio:    5.50
      Required ratio:    0.00 (Cumulative area) 
      Cumulative area ratio:   22.14
      Required ratio:    0.00 (Cumulative side area) 

    Layer: met3
      Partial area ratio:    0.00
      Required ratio:    0.00 (Gate area) 
      Partial area ratio:    0.00
      Required ratio:  400.00 (Side area) 
      Cumulative area ratio:    1.87
      Required ratio:    0.00 (Cumulative area) 
      Cumulative area ratio:    2.47
      Required ratio:    0.00 (Cumulative side area) 

    Layer: met2
      Partial area ratio:    0.00
      Required ratio:    0.00 (Gate area) 
      Partial area ratio:    0.00
      Required ratio:  400.00 (Side area) 
      Cumulative area ratio:    1.87
      Required ratio:    0.00 (Cumulative area) 
      Cumulative area ratio:    2.47
      Required ratio:    0.00 (Cumulative side area) 

    Layer: met1
      Partial area ratio:    0.00
      Required ratio:    0.00 (Gate area) 
      Partial area ratio:    0.00
      Required ratio:  400.00 (Side area) 
      Cumulative area ratio:    1.87
      Required ratio:    0.00 (Cumulative area) 
      Cumulative area ratio:    2.47
      Required ratio:    0.00 (Cumulative side area) 

    Layer: li1
      Partial area ratio:    1.87
      Required ratio:    0.00 (Gate area) 
      Partial area ratio:    2.47
      Required ratio:   75.00 (Side area) 
      Cumulative area ratio:    1.87
      Required ratio:    0.00 (Cumulative area) 
      Cumulative area ratio:    2.47
      Required ratio:    0.00 (Cumulative side area) 

    Via: M3M4_PR
      Partial area ratio:    0.16
      Required ratio:    6.00 (Gate area) 
      Cumulative area ratio:    0.53
      Required ratio:    0.00 (Cumulative area) 

    Via: M2M3_PR
      Partial area ratio:    0.16
      Required ratio:    6.00 (Gate area) 
      Cumulative area ratio:    0.37
      Required ratio:    0.00 (Cumulative area) 

    Via: M1M2_PR
      Partial area ratio:    0.09
      Required ratio:    6.00 (Gate area) 
      Cumulative area ratio:    0.21
      Required ratio:    0.00 (Cumulative area) 

    Via: L1M1_PR
      Partial area ratio:    0.12
      Required ratio:    3.00 (Gate area) 
      Cumulative area ratio:    0.12
      Required ratio:    0.00 (Cumulative area) 

  Pin: _4487_/A (sky130_fd_sc_hd__nor2_1)
    Layer: met2
      Partial area ratio:   25.41
      Required ratio:    0.00 (Gate area) 
      Partial area ratio:  127.24
      Required ratio: 3193.60 (Side area) 
      Cumulative area ratio:  241.96
      Required ratio:    0.00 (Cumulative area) 
      Cumulative area ratio: 1205.17
      Required ratio:    0.00 (Cumulative side area) 

    Layer: met1
      Partial area ratio:    3.98
      Required ratio:    0.00 (Gate area) 
      Partial area ratio:   20.31
      Required ratio:  400.00 (Side area) 
      Cumulative area ratio:    5.63
      Required ratio:    0.00 (Cumulative area) 
      Cumulative area ratio:   22.52
      Required ratio:    0.00 (Cumulative side area) 

    Layer: met3
      Partial area ratio:    0.00
      Required ratio:    0.00 (Gate area) 
      Partial area ratio:    0.00
      Required ratio: 3193.60 (Side area) 
      Cumulative area ratio:  241.96
      Required ratio:    0.00 (Cumulative area) 
      Cumulative area ratio: 1205.17
      Required ratio:    0.00 (Cumulative side area) 

    Layer: met4
      Partial area ratio:    3.64
      Required ratio:    0.00 (Gate area) 
      Partial area ratio:   19.67
      Required ratio: 3193.60 (Side area) 
      Cumulative area ratio:  245.60
      Required ratio:    0.00 (Cumulative area) 
      Cumulative area ratio: 1224.84
      Required ratio:    0.00 (Cumulative side area) 

    Layer: li1
      Partial area ratio:    1.65
      Required ratio:    0.00 (Gate area) 
      Partial area ratio:    2.21
      Required ratio:   75.00 (Side area) 
      Cumulative area ratio:    1.65
      Required ratio:    0.00 (Cumulative area) 
      Cumulative area ratio:    2.21
      Required ratio:    0.00 (Cumulative side area) 

    Via: M2M3_PR
      Partial area ratio:    0.03
      Required ratio:    6.00 (Gate area) 
      Cumulative area ratio:    0.51
      Required ratio:    0.00 (Cumulative area) 

    Via: M1M2_PR
      Partial area ratio:    0.18
      Required ratio:    6.00 (Gate area) 
      Cumulative area ratio:    0.30
      Required ratio:    0.00 (Cumulative area) 

    Via: M3M4_PR
      Partial area ratio:    0.03
      Required ratio:    6.00 (Gate area) 
      Cumulative area ratio:    0.53
      Required ratio:    0.00 (Cumulative area) 

    Via: L1M1_PR
      Partial area ratio:    0.12
      Required ratio:    3.00 (Gate area) 
      Cumulative area ratio:    0.12
      Required ratio:    0.00 (Cumulative area) 

  Pin: _4354_/A (sky130_fd_sc_hd__nor2_1)
    Layer: met2
      Partial area ratio:   25.41
      Required ratio:    0.00 (Gate area) 
      Partial area ratio:  127.24
      Required ratio: 3193.60 (Side area) 
      Cumulative area ratio:  237.81
      Required ratio:    0.00 (Cumulative area) 
      Cumulative area ratio: 1184.67
      Required ratio:    0.00 (Cumulative side area) 

    Layer: met1
      Partial area ratio:  210.92
      Required ratio:    0.00 (Gate area) 
      Partial area ratio: 1055.40
      Required ratio:  400.00 (Side area) (VIOLATED)
      Cumulative area ratio:  212.41
      Required ratio:    0.00 (Cumulative area) 
      Cumulative area ratio: 1057.42
      Required ratio:    0.00 (Cumulative side area) 

    Layer: met3
      Partial area ratio:    0.00
      Required ratio:    0.00 (Gate area) 
      Partial area ratio:    0.00
      Required ratio: 3193.60 (Side area) 
      Cumulative area ratio:  237.81
      Required ratio:    0.00 (Cumulative area) 
      Cumulative area ratio: 1184.67
      Required ratio:    0.00 (Cumulative side area) 

    Layer: met4
      Partial area ratio:    3.64
      Required ratio:    0.00 (Gate area) 
      Partial area ratio:   19.67
      Required ratio: 3193.60 (Side area) 
      Cumulative area ratio:  241.45
      Required ratio:    0.00 (Cumulative area) 
      Cumulative area ratio: 1204.34
      Required ratio:    0.00 (Cumulative side area) 

    Layer: li1
      Partial area ratio:    1.48
      Required ratio:    0.00 (Gate area) 
      Partial area ratio:    2.02
      Required ratio:   75.00 (Side area) 
      Cumulative area ratio:    1.48
      Required ratio:    0.00 (Cumulative area) 
      Cumulative area ratio:    2.02
      Required ratio:    0.00 (Cumulative side area) 

    Via: M2M3_PR
      Partial area ratio:    0.03
      Required ratio:    6.00 (Gate area) 
      Cumulative area ratio:    0.33
      Required ratio:    0.00 (Cumulative area) 

    Via: M1M2_PR
      Partial area ratio:    0.18
      Required ratio:    6.00 (Gate area) 
      Cumulative area ratio:    0.30
      Required ratio:    0.00 (Cumulative area) 

    Via: M3M4_PR
      Partial area ratio:    0.03
      Required ratio:    6.00 (Gate area) 
      Cumulative area ratio:    0.35
      Required ratio:    0.00 (Cumulative area) 

    Via: L1M1_PR
      Partial area ratio:    0.12
      Required ratio:    3.00 (Gate area) 
      Cumulative area ratio:    0.12
      Required ratio:    0.00 (Cumulative area) 


Net: _1511_
  Pin: _4371_/A (sky130_fd_sc_hd__nor2_2)
    Layer: met4
      Partial area ratio:   55.27
      Required ratio:    0.00 (Gate area) 
      Partial area ratio:  295.18
      Required ratio: 3193.60 (Side area) 
      Cumulative area ratio:   86.96
      Required ratio:    0.00 (Cumulative area) 
      Cumulative area ratio:  448.60
      Required ratio:    0.00 (Cumulative side area) 

    Layer: met3
      Partial area ratio:    0.00
      Required ratio:    0.00 (Gate area) 
      Partial area ratio:    0.00
      Required ratio:  400.00 (Side area) 
      Cumulative area ratio:   31.69
      Required ratio:    0.00 (Cumulative area) 
      Cumulative area ratio:  153.43
      Required ratio:    0.00 (Cumulative side area) 

    Layer: met2
      Partial area ratio:   30.29
      Required ratio:    0.00 (Gate area) 
      Partial area ratio:  151.64
      Required ratio:  400.00 (Side area) 
      Cumulative area ratio:   31.69
      Required ratio:    0.00 (Cumulative area) 
      Cumulative area ratio:  153.43
      Required ratio:    0.00 (Cumulative side area) 

    Layer: met1
      Partial area ratio:    0.00
      Required ratio:    0.00 (Gate area) 
      Partial area ratio:    0.00
      Required ratio:  400.00 (Side area) 
      Cumulative area ratio:    1.40
      Required ratio:    0.00 (Cumulative area) 
      Cumulative area ratio:    1.79
      Required ratio:    0.00 (Cumulative side area) 

    Layer: li1
      Partial area ratio:    1.40
      Required ratio:    0.00 (Gate area) 
      Partial area ratio:    1.79
      Required ratio:   75.00 (Side area) 
      Cumulative area ratio:    1.40
      Required ratio:    0.00 (Cumulative area) 
      Cumulative area ratio:    1.79
      Required ratio:    0.00 (Cumulative side area) 

    Via: M3M4_PR
      Partial area ratio:    0.04
      Required ratio:    6.00 (Gate area) 
      Cumulative area ratio:    0.18
      Required ratio:    0.00 (Cumulative area) 

    Via: M2M3_PR
      Partial area ratio:    0.04
      Required ratio:    6.00 (Gate area) 
      Cumulative area ratio:    0.14
      Required ratio:    0.00 (Cumulative area) 

    Via: M1M2_PR
      Partial area ratio:    0.05
      Required ratio:    6.00 (Gate area) 
      Cumulative area ratio:    0.10
      Required ratio:    0.00 (Cumulative area) 

    Via: L1M1_PR
      Partial area ratio:    0.06
      Required ratio:    3.00 (Gate area) 
      Cumulative area ratio:    0.06
      Required ratio:    0.00 (Cumulative area) 

  Pin: _4421_/A (sky130_fd_sc_hd__nor2_1)
    Layer: met4
      Partial area ratio:   55.27
      Required ratio:    0.00 (Gate area) 
      Partial area ratio:  295.18
      Required ratio: 3193.60 (Side area) 
      Cumulative area ratio:   86.96
      Required ratio:    0.00 (Cumulative area) 
      Cumulative area ratio:  448.74
      Required ratio:    0.00 (Cumulative side area) 

    Layer: met3
      Partial area ratio:    0.00
      Required ratio:    0.00 (Gate area) 
      Partial area ratio:    0.00
      Required ratio:  400.00 (Side area) 
      Cumulative area ratio:   31.69
      Required ratio:    0.00 (Cumulative area) 
      Cumulative area ratio:  153.56
      Required ratio:    0.00 (Cumulative side area) 

    Layer: met2
      Partial area ratio:   30.29
      Required ratio:    0.00 (Gate area) 
      Partial area ratio:  151.64
      Required ratio:  400.00 (Side area) 
      Cumulative area ratio:   31.69
      Required ratio:    0.00 (Cumulative area) 
      Cumulative area ratio:  153.56
      Required ratio:    0.00 (Cumulative side area) 

    Layer: met1
      Partial area ratio:    0.00
      Required ratio:    0.00 (Gate area) 
      Partial area ratio:    0.00
      Required ratio:  400.00 (Side area) 
      Cumulative area ratio:    1.40
      Required ratio:    0.00 (Cumulative area) 
      Cumulative area ratio:    1.92
      Required ratio:    0.00 (Cumulative side area) 

    Layer: li1
      Partial area ratio:    1.40
      Required ratio:    0.00 (Gate area) 
      Partial area ratio:    1.92
      Required ratio:   75.00 (Side area) 
      Cumulative area ratio:    1.40
      Required ratio:    0.00 (Cumulative area) 
      Cumulative area ratio:    1.92
      Required ratio:    0.00 (Cumulative side area) 

    Via: M3M4_PR
      Partial area ratio:    0.04
      Required ratio:    6.00 (Gate area) 
      Cumulative area ratio:    0.29
      Required ratio:    0.00 (Cumulative area) 

    Via: M2M3_PR
      Partial area ratio:    0.04
      Required ratio:    6.00 (Gate area) 
      Cumulative area ratio:    0.25
      Required ratio:    0.00 (Cumulative area) 

    Via: M1M2_PR
      Partial area ratio:    0.09
      Required ratio:    6.00 (Gate area) 
      Cumulative area ratio:    0.21
      Required ratio:    0.00 (Cumulative area) 

    Via: L1M1_PR
      Partial area ratio:    0.12
      Required ratio:    3.00 (Gate area) 
      Cumulative area ratio:    0.12
      Required ratio:    0.00 (Cumulative area) 

  Pin: _4493_/A (sky130_fd_sc_hd__nor2_1)
    Layer: met4
      Partial area ratio:   55.27
      Required ratio:    0.00 (Gate area) 
      Partial area ratio:  295.18
      Required ratio: 3193.60 (Side area) 
      Cumulative area ratio:   93.09
      Required ratio:    0.00 (Cumulative area) 
      Cumulative area ratio:  471.57
      Required ratio:    0.00 (Cumulative side area) 

    Layer: met3
      Partial area ratio:    0.00
      Required ratio:    0.00 (Gate area) 
      Partial area ratio:    0.00
      Required ratio:  400.00 (Side area) 
      Cumulative area ratio:   37.81
      Required ratio:    0.00 (Cumulative area) 
      Cumulative area ratio:  176.39
      Required ratio:    0.00 (Cumulative side area) 

    Layer: met2
      Partial area ratio:   30.29
      Required ratio:    0.00 (Gate area) 
      Partial area ratio:  151.64
      Required ratio:  400.00 (Side area) 
      Cumulative area ratio:   37.81
      Required ratio:    0.00 (Cumulative area) 
      Cumulative area ratio:  176.39
      Required ratio:    0.00 (Cumulative side area) 

    Layer: met1
      Partial area ratio:    3.98
      Required ratio:    0.00 (Gate area) 
      Partial area ratio:   20.31
      Required ratio:  400.00 (Side area) 
      Cumulative area ratio:    7.53
      Required ratio:    0.00 (Cumulative area) 
      Cumulative area ratio:   24.75
      Required ratio:    0.00 (Cumulative side area) 

    Layer: li1
      Partial area ratio:    3.54
      Required ratio:    0.00 (Gate area) 
      Partial area ratio:    4.44
      Required ratio:   75.00 (Side area) 
      Cumulative area ratio:    3.54
      Required ratio:    0.00 (Cumulative area) 
      Cumulative area ratio:    4.44
      Required ratio:    0.00 (Cumulative side area) 

    Via: M3M4_PR
      Partial area ratio:    0.04
      Required ratio:    6.00 (Gate area) 
      Cumulative area ratio:    0.29
      Required ratio:    0.00 (Cumulative area) 

    Via: M2M3_PR
      Partial area ratio:    0.04
      Required ratio:    6.00 (Gate area) 
      Cumulative area ratio:    0.25
      Required ratio:    0.00 (Cumulative area) 

    Via: M1M2_PR
      Partial area ratio:    0.09
      Required ratio:    6.00 (Gate area) 
      Cumulative area ratio:    0.21
      Required ratio:    0.00 (Cumulative area) 

    Via: L1M1_PR
      Partial area ratio:    0.12
      Required ratio:    3.00 (Gate area) 
      Cumulative area ratio:    0.12
      Required ratio:    0.00 (Cumulative area) 

  Pin: _4457_/A (sky130_fd_sc_hd__nor2_1)
    Layer: met2
      Partial area ratio:   82.04
      Required ratio:    0.00 (Gate area) 
      Partial area ratio:  410.61
      Required ratio: 3193.60 (Side area) 
      Cumulative area ratio:  345.66
      Required ratio:    0.00 (Cumulative area) 
      Cumulative area ratio: 1721.58
      Required ratio:    0.00 (Cumulative side area) 

    Layer: met1
      Partial area ratio:  261.58
      Required ratio:    0.00 (Gate area) 
      Partial area ratio: 1308.31
      Required ratio:  400.00 (Side area) (VIOLATED)
      Cumulative area ratio:  263.62
      Required ratio:    0.00 (Cumulative area) 
      Cumulative area ratio: 1310.97
      Required ratio:    0.00 (Cumulative side area) 

    Layer: met3
      Partial area ratio:    0.00
      Required ratio:    0.00 (Gate area) 
      Partial area ratio:    0.00
      Required ratio: 3193.60 (Side area) 
      Cumulative area ratio:  345.66
      Required ratio:    0.00 (Cumulative area) 
      Cumulative area ratio: 1721.58
      Required ratio:    0.00 (Cumulative side area) 

    Layer: met4
      Partial area ratio:   55.27
      Required ratio:    0.00 (Gate area) 
      Partial area ratio:  295.18
      Required ratio: 3193.60 (Side area) 
      Cumulative area ratio:  400.93
      Required ratio:    0.00 (Cumulative area) 
      Cumulative area ratio: 2016.76
      Required ratio:    0.00 (Cumulative side area) 

    Layer: li1
      Partial area ratio:    2.03
      Required ratio:    0.00 (Gate area) 
      Partial area ratio:    2.67
      Required ratio:   75.00 (Side area) 
      Cumulative area ratio:    2.03
      Required ratio:    0.00 (Cumulative area) 
      Cumulative area ratio:    2.67
      Required ratio:    0.00 (Cumulative side area) 

    Via: M2M3_PR
      Partial area ratio:    0.16
      Required ratio:    6.00 (Gate area) 
      Cumulative area ratio:    0.46
      Required ratio:    0.00 (Cumulative area) 

    Via: M1M2_PR
      Partial area ratio:    0.18
      Required ratio:    6.00 (Gate area) 
      Cumulative area ratio:    0.30
      Required ratio:    0.00 (Cumulative area) 

    Via: M3M4_PR
      Partial area ratio:    0.16
      Required ratio:    6.00 (Gate area) 
      Cumulative area ratio:    0.62
      Required ratio:    0.00 (Cumulative area) 

    Via: L1M1_PR
      Partial area ratio:    0.12
      Required ratio:    3.00 (Gate area) 
      Cumulative area ratio:    0.12
      Required ratio:    0.00 (Cumulative area) 


Net: _1513_
  Pin: _4494_/A (sky130_fd_sc_hd__nor2_1)
    Layer: met4
      Partial area ratio:  186.18
      Required ratio:    0.00 (Gate area) 
      Partial area ratio:  993.45
      Required ratio: 3193.60 (Side area) 
      Cumulative area ratio:  203.55
      Required ratio:    0.00 (Cumulative area) 
      Cumulative area ratio: 1074.32
      Required ratio:    0.00 (Cumulative side area) 

    Layer: met3
      Partial area ratio:    0.00
      Required ratio:    0.00 (Gate area) 
      Partial area ratio:    0.00
      Required ratio:  400.00 (Side area) 
      Cumulative area ratio:   17.37
      Required ratio:    0.00 (Cumulative area) 
      Cumulative area ratio:   80.87
      Required ratio:    0.00 (Cumulative side area) 

    Layer: met2
      Partial area ratio:   15.66
      Required ratio:    0.00 (Gate area) 
      Partial area ratio:   78.59
      Required ratio:  400.00 (Side area) 
      Cumulative area ratio:   17.37
      Required ratio:    0.00 (Cumulative area) 
      Cumulative area ratio:   80.87
      Required ratio:    0.00 (Cumulative side area) 

    Layer: met1
      Partial area ratio:    0.00
      Required ratio:    0.00 (Gate area) 
      Partial area ratio:    0.00
      Required ratio:  400.00 (Side area) 
      Cumulative area ratio:    1.70
      Required ratio:    0.00 (Cumulative area) 
      Cumulative area ratio:    2.28
      Required ratio:    0.00 (Cumulative side area) 

    Layer: li1
      Partial area ratio:    1.70
      Required ratio:    0.00 (Gate area) 
      Partial area ratio:    2.28
      Required ratio:   75.00 (Side area) 
      Cumulative area ratio:    1.70
      Required ratio:    0.00 (Cumulative area) 
      Cumulative area ratio:    2.28
      Required ratio:    0.00 (Cumulative side area) 

    Via: M3M4_PR
      Partial area ratio:    0.05
      Required ratio:    6.00 (Gate area) 
      Cumulative area ratio:    0.32
      Required ratio:    0.00 (Cumulative area) 

    Via: M2M3_PR
      Partial area ratio:    0.05
      Required ratio:    6.00 (Gate area) 
      Cumulative area ratio:    0.26
      Required ratio:    0.00 (Cumulative area) 

    Via: M1M2_PR
      Partial area ratio:    0.09
      Required ratio:    6.00 (Gate area) 
      Cumulative area ratio:    0.21
      Required ratio:    0.00 (Cumulative area) 

    Via: L1M1_PR
      Partial area ratio:    0.12
      Required ratio:    3.00 (Gate area) 
      Cumulative area ratio:    0.12
      Required ratio:    0.00 (Cumulative area) 

  Pin: _4422_/A (sky130_fd_sc_hd__nor2_1)
    Layer: met4
      Partial area ratio:  186.18
      Required ratio:    0.00 (Gate area) 
      Partial area ratio:  993.45
      Required ratio: 3193.60 (Side area) 
      Cumulative area ratio:  205.10
      Required ratio:    0.00 (Cumulative area) 
      Cumulative area ratio: 1076.15
      Required ratio:    0.00 (Cumulative side area) 

    Layer: met3
      Partial area ratio:    0.00
      Required ratio:    0.00 (Gate area) 
      Partial area ratio:    0.00
      Required ratio:  400.00 (Side area) 
      Cumulative area ratio:   18.92
      Required ratio:    0.00 (Cumulative area) 
      Cumulative area ratio:   82.69
      Required ratio:    0.00 (Cumulative side area) 

    Layer: met2
      Partial area ratio:   15.66
      Required ratio:    0.00 (Gate area) 
      Partial area ratio:   78.59
      Required ratio:  400.00 (Side area) 
      Cumulative area ratio:   18.92
      Required ratio:    0.00 (Cumulative area) 
      Cumulative area ratio:   82.69
      Required ratio:    0.00 (Cumulative side area) 

    Layer: met1
      Partial area ratio:    0.00
      Required ratio:    0.00 (Gate area) 
      Partial area ratio:    0.00
      Required ratio:  400.00 (Side area) 
      Cumulative area ratio:    3.26
      Required ratio:    0.00 (Cumulative area) 
      Cumulative area ratio:    4.11
      Required ratio:    0.00 (Cumulative side area) 

    Layer: li1
      Partial area ratio:    3.26
      Required ratio:    0.00 (Gate area) 
      Partial area ratio:    4.11
      Required ratio:   75.00 (Side area) 
      Cumulative area ratio:    3.26
      Required ratio:    0.00 (Cumulative area) 
      Cumulative area ratio:    4.11
      Required ratio:    0.00 (Cumulative side area) 

    Via: M3M4_PR
      Partial area ratio:    0.05
      Required ratio:    6.00 (Gate area) 
      Cumulative area ratio:    0.32
      Required ratio:    0.00 (Cumulative area) 

    Via: M2M3_PR
      Partial area ratio:    0.05
      Required ratio:    6.00 (Gate area) 
      Cumulative area ratio:    0.26
      Required ratio:    0.00 (Cumulative area) 

    Via: M1M2_PR
      Partial area ratio:    0.09
      Required ratio:    6.00 (Gate area) 
      Cumulative area ratio:    0.21
      Required ratio:    0.00 (Cumulative area) 

    Via: L1M1_PR
      Partial area ratio:    0.12
      Required ratio:    3.00 (Gate area) 
      Cumulative area ratio:    0.12
      Required ratio:    0.00 (Cumulative area) 

  Pin: _4374_/A (sky130_fd_sc_hd__nor2_1)
    Layer: met4
      Partial area ratio:  186.18
      Required ratio:    0.00 (Gate area) 
      Partial area ratio:  993.45
      Required ratio: 3193.60 (Side area) 
      Cumulative area ratio:  204.00
      Required ratio:    0.00 (Cumulative area) 
      Cumulative area ratio: 1074.86
      Required ratio:    0.00 (Cumulative side area) 

    Layer: met3
      Partial area ratio:    0.00
      Required ratio:    0.00 (Gate area) 
      Partial area ratio:    0.00
      Required ratio:  400.00 (Side area) 
      Cumulative area ratio:   17.82
      Required ratio:    0.00 (Cumulative area) 
      Cumulative area ratio:   81.40
      Required ratio:    0.00 (Cumulative side area) 

    Layer: met2
      Partial area ratio:   15.66
      Required ratio:    0.00 (Gate area) 
      Partial area ratio:   78.59
      Required ratio:  400.00 (Side area) 
      Cumulative area ratio:   17.82
      Required ratio:    0.00 (Cumulative area) 
      Cumulative area ratio:   81.40
      Required ratio:    0.00 (Cumulative side area) 

    Layer: met1
      Partial area ratio:    0.00
      Required ratio:    0.00 (Gate area) 
      Partial area ratio:    0.00
      Required ratio:  400.00 (Side area) 
      Cumulative area ratio:    2.16
      Required ratio:    0.00 (Cumulative area) 
      Cumulative area ratio:    2.81
      Required ratio:    0.00 (Cumulative side area) 

    Layer: li1
      Partial area ratio:    2.16
      Required ratio:    0.00 (Gate area) 
      Partial area ratio:    2.81
      Required ratio:   75.00 (Side area) 
      Cumulative area ratio:    2.16
      Required ratio:    0.00 (Cumulative area) 
      Cumulative area ratio:    2.81
      Required ratio:    0.00 (Cumulative side area) 

    Via: M3M4_PR
      Partial area ratio:    0.05
      Required ratio:    6.00 (Gate area) 
      Cumulative area ratio:    0.32
      Required ratio:    0.00 (Cumulative area) 

    Via: M2M3_PR
      Partial area ratio:    0.05
      Required ratio:    6.00 (Gate area) 
      Cumulative area ratio:    0.26
      Required ratio:    0.00 (Cumulative area) 

    Via: M1M2_PR
      Partial area ratio:    0.09
      Required ratio:    6.00 (Gate area) 
      Cumulative area ratio:    0.21
      Required ratio:    0.00 (Cumulative area) 

    Via: L1M1_PR
      Partial area ratio:    0.12
      Required ratio:    3.00 (Gate area) 
      Cumulative area ratio:    0.12
      Required ratio:    0.00 (Cumulative area) 

  Pin: _4458_/A (sky130_fd_sc_hd__nor2_1)
    Layer: met2
      Partial area ratio:   97.65
      Required ratio:    0.00 (Gate area) 
      Partial area ratio:  488.67
      Required ratio: 3193.60 (Side area) 
      Cumulative area ratio:  310.23
      Required ratio:    0.00 (Cumulative area) 
      Cumulative area ratio: 1545.59
      Required ratio:    0.00 (Cumulative side area) 

    Layer: met1
      Partial area ratio:  210.84
      Required ratio:    0.00 (Gate area) 
      Partial area ratio: 1054.61
      Required ratio:  400.00 (Side area) (VIOLATED)
      Cumulative area ratio:  212.57
      Required ratio:    0.00 (Cumulative area) 
      Cumulative area ratio: 1056.92
      Required ratio:    0.00 (Cumulative side area) 

    Layer: met3
      Partial area ratio:    0.00
      Required ratio:    0.00 (Gate area) 
      Partial area ratio:    0.00
      Required ratio: 3193.60 (Side area) 
      Cumulative area ratio:  310.23
      Required ratio:    0.00 (Cumulative area) 
      Cumulative area ratio: 1545.59
      Required ratio:    0.00 (Cumulative side area) 

    Layer: met4
      Partial area ratio:  186.18
      Required ratio:    0.00 (Gate area) 
      Partial area ratio:  993.45
      Required ratio: 3193.60 (Side area) 
      Cumulative area ratio:  496.41
      Required ratio:    0.00 (Cumulative area) 
      Cumulative area ratio: 2539.05
      Required ratio:    0.00 (Cumulative side area) 

    Layer: li1
      Partial area ratio:    1.73
      Required ratio:    0.00 (Gate area) 
      Partial area ratio:    2.31
      Required ratio:   75.00 (Side area) 
      Cumulative area ratio:    1.73
      Required ratio:    0.00 (Cumulative area) 
      Cumulative area ratio:    2.31
      Required ratio:    0.00 (Cumulative side area) 

    Via: M2M3_PR
      Partial area ratio:    0.16
      Required ratio:    6.00 (Gate area) 
      Cumulative area ratio:    0.46
      Required ratio:    0.00 (Cumulative area) 

    Via: M1M2_PR
      Partial area ratio:    0.18
      Required ratio:    6.00 (Gate area) 
      Cumulative area ratio:    0.30
      Required ratio:    0.00 (Cumulative area) 

    Via: M3M4_PR
      Partial area ratio:    0.16
      Required ratio:    6.00 (Gate area) 
      Cumulative area ratio:    0.62
      Required ratio:    0.00 (Cumulative area) 

    Via: L1M1_PR
      Partial area ratio:    0.12
      Required ratio:    3.00 (Gate area) 
      Cumulative area ratio:    0.12
      Required ratio:    0.00 (Cumulative area) 


Net: _1515_
  Pin: _4423_/A (sky130_fd_sc_hd__nor2_1)
    Layer: met2
      Partial area ratio:   90.84
      Required ratio:    0.00 (Gate area) 
      Partial area ratio:  454.72
      Required ratio: 3193.60 (Side area) 
      Cumulative area ratio:  288.52
      Required ratio:    0.00 (Cumulative area) 
      Cumulative area ratio: 1434.42
      Required ratio:    0.00 (Cumulative side area) 

    Layer: met1
      Partial area ratio:    0.00
      Required ratio:    0.00 (Gate area) 
      Partial area ratio:    0.00
      Required ratio:  400.00 (Side area) 
      Cumulative area ratio:    2.45
      Required ratio:    0.00 (Cumulative area) 
      Cumulative area ratio:    3.15
      Required ratio:    0.00 (Cumulative side area) 

    Layer: li1
      Partial area ratio:    2.45
      Required ratio:    0.00 (Gate area) 
      Partial area ratio:    3.15
      Required ratio:   75.00 (Side area) 
      Cumulative area ratio:    2.45
      Required ratio:    0.00 (Cumulative area) 
      Cumulative area ratio:    3.15
      Required ratio:    0.00 (Cumulative side area) 

    Via: M1M2_PR
      Partial area ratio:    0.09
      Required ratio:    6.00 (Gate area) 
      Cumulative area ratio:    0.21
      Required ratio:    0.00 (Cumulative area) 

    Via: L1M1_PR
      Partial area ratio:    0.12
      Required ratio:    3.00 (Gate area) 
      Cumulative area ratio:    0.12
      Required ratio:    0.00 (Cumulative area) 

  Pin: _4495_/A (sky130_fd_sc_hd__nor2_1)
    Layer: met2
      Partial area ratio:   90.84
      Required ratio:    0.00 (Gate area) 
      Partial area ratio:  454.72
      Required ratio: 3193.60 (Side area) 
      Cumulative area ratio:  289.12
      Required ratio:    0.00 (Cumulative area) 
      Cumulative area ratio: 1435.13
      Required ratio:    0.00 (Cumulative side area) 

    Layer: met1
      Partial area ratio:    0.00
      Required ratio:    0.00 (Gate area) 
      Partial area ratio:    0.00
      Required ratio:  400.00 (Side area) 
      Cumulative area ratio:    3.05
      Required ratio:    0.00 (Cumulative area) 
      Cumulative area ratio:    3.86
      Required ratio:    0.00 (Cumulative side area) 

    Layer: li1
      Partial area ratio:    3.05
      Required ratio:    0.00 (Gate area) 
      Partial area ratio:    3.86
      Required ratio:   75.00 (Side area) 
      Cumulative area ratio:    3.05
      Required ratio:    0.00 (Cumulative area) 
      Cumulative area ratio:    3.86
      Required ratio:    0.00 (Cumulative side area) 

    Via: M1M2_PR
      Partial area ratio:    0.09
      Required ratio:    6.00 (Gate area) 
      Cumulative area ratio:    0.21
      Required ratio:    0.00 (Cumulative area) 

    Via: L1M1_PR
      Partial area ratio:    0.12
      Required ratio:    3.00 (Gate area) 
      Cumulative area ratio:    0.12
      Required ratio:    0.00 (Cumulative area) 

  Pin: _4377_/A (sky130_fd_sc_hd__nor2_1)
    Layer: met2
      Partial area ratio:   90.84
      Required ratio:    0.00 (Gate area) 
      Partial area ratio:  454.72
      Required ratio: 3193.60 (Side area) 
      Cumulative area ratio:  287.22
      Required ratio:    0.00 (Cumulative area) 
      Cumulative area ratio: 1432.88
      Required ratio:    0.00 (Cumulative side area) 

    Layer: met1
      Partial area ratio:    0.00
      Required ratio:    0.00 (Gate area) 
      Partial area ratio:    0.00
      Required ratio:  400.00 (Side area) 
      Cumulative area ratio:    1.14
      Required ratio:    0.00 (Cumulative area) 
      Cumulative area ratio:    1.62
      Required ratio:    0.00 (Cumulative side area) 

    Layer: li1
      Partial area ratio:    1.14
      Required ratio:    0.00 (Gate area) 
      Partial area ratio:    1.62
      Required ratio:   75.00 (Side area) 
      Cumulative area ratio:    1.14
      Required ratio:    0.00 (Cumulative area) 
      Cumulative area ratio:    1.62
      Required ratio:    0.00 (Cumulative side area) 

    Via: M1M2_PR
      Partial area ratio:    0.09
      Required ratio:    6.00 (Gate area) 
      Cumulative area ratio:    0.21
      Required ratio:    0.00 (Cumulative area) 

    Via: L1M1_PR
      Partial area ratio:    0.12
      Required ratio:    3.00 (Gate area) 
      Cumulative area ratio:    0.12
      Required ratio:    0.00 (Cumulative area) 

  Pin: _4459_/A (sky130_fd_sc_hd__nor2_1)
    Layer: met2
      Partial area ratio:   90.84
      Required ratio:    0.00 (Gate area) 
      Partial area ratio:  454.72
      Required ratio: 3193.60 (Side area) 
      Cumulative area ratio:  289.74
      Required ratio:    0.00 (Cumulative area) 
      Cumulative area ratio: 1435.86
      Required ratio:    0.00 (Cumulative side area) 

    Layer: met1
      Partial area ratio:  195.23
      Required ratio:    0.00 (Gate area) 
      Partial area ratio:  976.55
      Required ratio:  400.00 (Side area) (VIOLATED)
      Cumulative area ratio:  198.90
      Required ratio:    0.00 (Cumulative area) 
      Cumulative area ratio:  981.14
      Required ratio:    0.00 (Cumulative side area) 

    Layer: li1
      Partial area ratio:    3.67
      Required ratio:    0.00 (Gate area) 
      Partial area ratio:    4.59
      Required ratio:   75.00 (Side area) 
      Cumulative area ratio:    3.67
      Required ratio:    0.00 (Cumulative area) 
      Cumulative area ratio:    4.59
      Required ratio:    0.00 (Cumulative side area) 

    Via: M1M2_PR
      Partial area ratio:    0.18
      Required ratio:    6.00 (Gate area) 
      Cumulative area ratio:    0.30
      Required ratio:    0.00 (Cumulative area) 

    Via: L1M1_PR
      Partial area ratio:    0.12
      Required ratio:    3.00 (Gate area) 
      Cumulative area ratio:    0.12
      Required ratio:    0.00 (Cumulative area) 


Net: _1517_
  Pin: _4460_/A (sky130_fd_sc_hd__nor2_1)
    Layer: met2
      Partial area ratio:   71.31
      Required ratio:    0.00 (Gate area) 
      Partial area ratio:  356.94
      Required ratio: 3193.60 (Side area) 
      Cumulative area ratio:  350.33
      Required ratio:    0.00 (Cumulative area) 
      Cumulative area ratio: 1745.74
      Required ratio:    0.00 (Cumulative side area) 

    Layer: met1
      Partial area ratio:  277.19
      Required ratio:    0.00 (Gate area) 
      Partial area ratio: 1386.37
      Required ratio:  400.00 (Side area) (VIOLATED)
      Cumulative area ratio:  279.02
      Required ratio:    0.00 (Cumulative area) 
      Cumulative area ratio: 1388.79
      Required ratio:    0.00 (Cumulative side area) 

    Layer: li1
      Partial area ratio:    1.83
      Required ratio:    0.00 (Gate area) 
      Partial area ratio:    2.42
      Required ratio:   75.00 (Side area) 
      Cumulative area ratio:    1.83
      Required ratio:    0.00 (Cumulative area) 
      Cumulative area ratio:    2.42
      Required ratio:    0.00 (Cumulative side area) 

    Via: M1M2_PR
      Partial area ratio:    0.18
      Required ratio:    6.00 (Gate area) 
      Cumulative area ratio:    0.30
      Required ratio:    0.00 (Cumulative area) 

    Via: L1M1_PR
      Partial area ratio:    0.12
      Required ratio:    3.00 (Gate area) 
      Cumulative area ratio:    0.12
      Required ratio:    0.00 (Cumulative area) 

  Pin: _4380_/A (sky130_fd_sc_hd__nor2_1)
    Layer: met2
      Partial area ratio:   71.31
      Required ratio:    0.00 (Gate area) 
      Partial area ratio:  356.94
      Required ratio: 3193.60 (Side area) 
      Cumulative area ratio:  351.46
      Required ratio:    0.00 (Cumulative area) 
      Cumulative area ratio: 1747.06
      Required ratio:    0.00 (Cumulative side area) 

    Layer: met1
      Partial area ratio:    0.00
      Required ratio:    0.00 (Gate area) 
      Partial area ratio:    0.00
      Required ratio:  400.00 (Side area) 
      Cumulative area ratio:    2.95
      Required ratio:    0.00 (Cumulative area) 
      Cumulative area ratio:    3.75
      Required ratio:    0.00 (Cumulative side area) 

    Layer: li1
      Partial area ratio:    2.95
      Required ratio:    0.00 (Gate area) 
      Partial area ratio:    3.75
      Required ratio:   75.00 (Side area) 
      Cumulative area ratio:    2.95
      Required ratio:    0.00 (Cumulative area) 
      Cumulative area ratio:    3.75
      Required ratio:    0.00 (Cumulative side area) 

    Via: M1M2_PR
      Partial area ratio:    0.09
      Required ratio:    6.00 (Gate area) 
      Cumulative area ratio:    0.21
      Required ratio:    0.00 (Cumulative area) 

    Via: L1M1_PR
      Partial area ratio:    0.12
      Required ratio:    3.00 (Gate area) 
      Cumulative area ratio:    0.12
      Required ratio:    0.00 (Cumulative area) 

  Pin: _4496_/A (sky130_fd_sc_hd__nor2_1)
    Layer: met2
      Partial area ratio:   71.31
      Required ratio:    0.00 (Gate area) 
      Partial area ratio:  356.94
      Required ratio: 3193.60 (Side area) 
      Cumulative area ratio:  351.18
      Required ratio:    0.00 (Cumulative area) 
      Cumulative area ratio: 1746.74
      Required ratio:    0.00 (Cumulative side area) 

    Layer: met1
      Partial area ratio:    0.00
      Required ratio:    0.00 (Gate area) 
      Partial area ratio:    0.00
      Required ratio:  400.00 (Side area) 
      Cumulative area ratio:    2.68
      Required ratio:    0.00 (Cumulative area) 
      Cumulative area ratio:    3.43
      Required ratio:    0.00 (Cumulative side area) 

    Layer: li1
      Partial area ratio:    2.68
      Required ratio:    0.00 (Gate area) 
      Partial area ratio:    3.43
      Required ratio:   75.00 (Side area) 
      Cumulative area ratio:    2.68
      Required ratio:    0.00 (Cumulative area) 
      Cumulative area ratio:    3.43
      Required ratio:    0.00 (Cumulative side area) 

    Via: M1M2_PR
      Partial area ratio:    0.09
      Required ratio:    6.00 (Gate area) 
      Cumulative area ratio:    0.21
      Required ratio:    0.00 (Cumulative area) 

    Via: L1M1_PR
      Partial area ratio:    0.12
      Required ratio:    3.00 (Gate area) 
      Cumulative area ratio:    0.12
      Required ratio:    0.00 (Cumulative area) 

  Pin: _4424_/A (sky130_fd_sc_hd__nor2_1)
    Layer: met2
      Partial area ratio:   71.31
      Required ratio:    0.00 (Gate area) 
      Partial area ratio:  356.94
      Required ratio: 3193.60 (Side area) 
      Cumulative area ratio:  350.87
      Required ratio:    0.00 (Cumulative area) 
      Cumulative area ratio: 1746.37
      Required ratio:    0.00 (Cumulative side area) 

    Layer: met1
      Partial area ratio:    0.00
      Required ratio:    0.00 (Gate area) 
      Partial area ratio:    0.00
      Required ratio:  400.00 (Side area) 
      Cumulative area ratio:    2.36
      Required ratio:    0.00 (Cumulative area) 
      Cumulative area ratio:    3.05
      Required ratio:    0.00 (Cumulative side area) 

    Layer: li1
      Partial area ratio:    2.36
      Required ratio:    0.00 (Gate area) 
      Partial area ratio:    3.05
      Required ratio:   75.00 (Side area) 
      Cumulative area ratio:    2.36
      Required ratio:    0.00 (Cumulative area) 
      Cumulative area ratio:    3.05
      Required ratio:    0.00 (Cumulative side area) 

    Via: M1M2_PR
      Partial area ratio:    0.09
      Required ratio:    6.00 (Gate area) 
      Cumulative area ratio:    0.21
      Required ratio:    0.00 (Cumulative area) 

    Via: L1M1_PR
      Partial area ratio:    0.12
      Required ratio:    3.00 (Gate area) 
      Cumulative area ratio:    0.12
      Required ratio:    0.00 (Cumulative area) 


Net: _1525_
  Pin: _4428_/A (sky130_fd_sc_hd__nor2_1)
    Layer: met2
      Partial area ratio:   49.84
      Required ratio:    0.00 (Gate area) 
      Partial area ratio:  249.61
      Required ratio: 3193.60 (Side area) 
      Cumulative area ratio:  344.87
      Required ratio:    0.00 (Cumulative area) 
      Cumulative area ratio: 1716.93
      Required ratio:    0.00 (Cumulative side area) 

    Layer: met1
      Partial area ratio:    0.00
      Required ratio:    0.00 (Gate area) 
      Partial area ratio:    0.00
      Required ratio:  400.00 (Side area) 
      Cumulative area ratio:    2.23
      Required ratio:    0.00 (Cumulative area) 
      Cumulative area ratio:    2.89
      Required ratio:    0.00 (Cumulative side area) 

    Layer: li1
      Partial area ratio:    2.23
      Required ratio:    0.00 (Gate area) 
      Partial area ratio:    2.89
      Required ratio:   75.00 (Side area) 
      Cumulative area ratio:    2.23
      Required ratio:    0.00 (Cumulative area) 
      Cumulative area ratio:    2.89
      Required ratio:    0.00 (Cumulative side area) 

    Via: M1M2_PR
      Partial area ratio:    0.09
      Required ratio:    6.00 (Gate area) 
      Cumulative area ratio:    0.21
      Required ratio:    0.00 (Cumulative area) 

    Via: L1M1_PR
      Partial area ratio:    0.12
      Required ratio:    3.00 (Gate area) 
      Cumulative area ratio:    0.12
      Required ratio:    0.00 (Cumulative area) 

  Pin: _4500_/A (sky130_fd_sc_hd__nor2_1)
    Layer: met2
      Partial area ratio:   49.84
      Required ratio:    0.00 (Gate area) 
      Partial area ratio:  249.61
      Required ratio: 3193.60 (Side area) 
      Cumulative area ratio:  346.55
      Required ratio:    0.00 (Cumulative area) 
      Cumulative area ratio: 1718.90
      Required ratio:    0.00 (Cumulative side area) 

    Layer: met1
      Partial area ratio:    0.00
      Required ratio:    0.00 (Gate area) 
      Partial area ratio:    0.00
      Required ratio:  400.00 (Side area) 
      Cumulative area ratio:    3.90
      Required ratio:    0.00 (Cumulative area) 
      Cumulative area ratio:    4.86
      Required ratio:    0.00 (Cumulative side area) 

    Layer: li1
      Partial area ratio:    3.90
      Required ratio:    0.00 (Gate area) 
      Partial area ratio:    4.86
      Required ratio:   75.00 (Side area) 
      Cumulative area ratio:    3.90
      Required ratio:    0.00 (Cumulative area) 
      Cumulative area ratio:    4.86
      Required ratio:    0.00 (Cumulative side area) 

    Via: M1M2_PR
      Partial area ratio:    0.09
      Required ratio:    6.00 (Gate area) 
      Cumulative area ratio:    0.21
      Required ratio:    0.00 (Cumulative area) 

    Via: L1M1_PR
      Partial area ratio:    0.12
      Required ratio:    3.00 (Gate area) 
      Cumulative area ratio:    0.12
      Required ratio:    0.00 (Cumulative area) 

  Pin: _4392_/A (sky130_fd_sc_hd__nor2_1)
    Layer: met2
      Partial area ratio:   49.84
      Required ratio:    0.00 (Gate area) 
      Partial area ratio:  249.61
      Required ratio: 3193.60 (Side area) 
      Cumulative area ratio:  345.33
      Required ratio:    0.00 (Cumulative area) 
      Cumulative area ratio: 1717.46
      Required ratio:    0.00 (Cumulative side area) 

    Layer: met1
      Partial area ratio:    0.00
      Required ratio:    0.00 (Gate area) 
      Partial area ratio:    0.00
      Required ratio:  400.00 (Side area) 
      Cumulative area ratio:    2.68
      Required ratio:    0.00 (Cumulative area) 
      Cumulative area ratio:    3.43
      Required ratio:    0.00 (Cumulative side area) 

    Layer: li1
      Partial area ratio:    2.68
      Required ratio:    0.00 (Gate area) 
      Partial area ratio:    3.43
      Required ratio:   75.00 (Side area) 
      Cumulative area ratio:    2.68
      Required ratio:    0.00 (Cumulative area) 
      Cumulative area ratio:    3.43
      Required ratio:    0.00 (Cumulative side area) 

    Via: M1M2_PR
      Partial area ratio:    0.09
      Required ratio:    6.00 (Gate area) 
      Cumulative area ratio:    0.21
      Required ratio:    0.00 (Cumulative area) 

    Via: L1M1_PR
      Partial area ratio:    0.12
      Required ratio:    3.00 (Gate area) 
      Cumulative area ratio:    0.12
      Required ratio:    0.00 (Cumulative area) 

  Pin: _4464_/A (sky130_fd_sc_hd__nor2_1)
    Layer: met2
      Partial area ratio:   49.84
      Required ratio:    0.00 (Gate area) 
      Partial area ratio:  249.61
      Required ratio: 3193.60 (Side area) 
      Cumulative area ratio:  345.44
      Required ratio:    0.00 (Cumulative area) 
      Cumulative area ratio: 1717.59
      Required ratio:    0.00 (Cumulative side area) 

    Layer: met1
      Partial area ratio:  292.81
      Required ratio:    0.00 (Gate area) 
      Partial area ratio: 1464.43
      Required ratio:  400.00 (Side area) (VIOLATED)
      Cumulative area ratio:  295.60
      Required ratio:    0.00 (Cumulative area) 
      Cumulative area ratio: 1467.98
      Required ratio:    0.00 (Cumulative side area) 

    Layer: li1
      Partial area ratio:    2.79
      Required ratio:    0.00 (Gate area) 
      Partial area ratio:    3.56
      Required ratio:   75.00 (Side area) 
      Cumulative area ratio:    2.79
      Required ratio:    0.00 (Cumulative area) 
      Cumulative area ratio:    3.56
      Required ratio:    0.00 (Cumulative side area) 

    Via: M1M2_PR
      Partial area ratio:    0.18
      Required ratio:    6.00 (Gate area) 
      Cumulative area ratio:    0.30
      Required ratio:    0.00 (Cumulative area) 

    Via: L1M1_PR
      Partial area ratio:    0.12
      Required ratio:    3.00 (Gate area) 
      Cumulative area ratio:    0.12
      Required ratio:    0.00 (Cumulative area) 


Net: _1864_
  Pin: _4908_/B (sky130_fd_sc_hd__or2_1)
    Layer: met2
      Partial area ratio:   40.41
      Required ratio:    0.00 (Gate area) 
      Partial area ratio:  202.46
      Required ratio: 3134.60 (Side area) 
      Cumulative area ratio:  123.41
      Required ratio:    0.00 (Cumulative area) 
      Cumulative area ratio:  604.47
      Required ratio:    0.00 (Cumulative side area) 

    Layer: met1
      Partial area ratio:    0.00
      Required ratio:    0.00 (Gate area) 
      Partial area ratio:    0.00
      Required ratio:  400.00 (Side area) 
      Cumulative area ratio:    3.67
      Required ratio:    0.00 (Cumulative area) 
      Cumulative area ratio:    4.86
      Required ratio:    0.00 (Cumulative side area) 

    Layer: li1
      Partial area ratio:    3.67
      Required ratio:    0.00 (Gate area) 
      Partial area ratio:    4.86
      Required ratio:   75.00 (Side area) 
      Cumulative area ratio:    3.67
      Required ratio:    0.00 (Cumulative area) 
      Cumulative area ratio:    4.86
      Required ratio:    0.00 (Cumulative side area) 

    Via: M1M2_PR
      Partial area ratio:    0.18
      Required ratio:    6.00 (Gate area) 
      Cumulative area ratio:    0.41
      Required ratio:    0.00 (Cumulative area) 

    Via: L1M1_PR
      Partial area ratio:    0.23
      Required ratio:    3.00 (Gate area) 
      Cumulative area ratio:    0.23
      Required ratio:    0.00 (Cumulative area) 

  Pin: _4899_/B (sky130_fd_sc_hd__or2_1)
    Layer: met2
      Partial area ratio:   40.41
      Required ratio:    0.00 (Gate area) 
      Partial area ratio:  202.46
      Required ratio: 3134.60 (Side area) 
      Cumulative area ratio:  124.87
      Required ratio:    0.00 (Cumulative area) 
      Cumulative area ratio:  606.20
      Required ratio:    0.00 (Cumulative side area) 

    Layer: met1
      Partial area ratio:   79.33
      Required ratio:    0.00 (Gate area) 
      Partial area ratio:  397.15
      Required ratio:  400.00 (Side area) 
      Cumulative area ratio:   84.46
      Required ratio:    0.00 (Cumulative area) 
      Cumulative area ratio:  403.73
      Required ratio:    0.00 (Cumulative side area) 

    Layer: li1
      Partial area ratio:    5.14
      Required ratio:    0.00 (Gate area) 
      Partial area ratio:    6.58
      Required ratio:   75.00 (Side area) 
      Cumulative area ratio:    5.14
      Required ratio:    0.00 (Cumulative area) 
      Cumulative area ratio:    6.58
      Required ratio:    0.00 (Cumulative side area) 

    Via: M1M2_PR
      Partial area ratio:    0.18
      Required ratio:    6.00 (Gate area) 
      Cumulative area ratio:    0.41
      Required ratio:    0.00 (Cumulative area) 

    Via: L1M1_PR
      Partial area ratio:    0.23
      Required ratio:    3.00 (Gate area) 
      Cumulative area ratio:    0.23
      Required ratio:    0.00 (Cumulative area) 

  Pin: _4860_/B (sky130_fd_sc_hd__or2_1)
    Layer: met2
      Partial area ratio:   40.41
      Required ratio:    0.00 (Gate area) 
      Partial area ratio:  202.46
      Required ratio: 3134.60 (Side area) 
      Cumulative area ratio:  125.71
      Required ratio:    0.00 (Cumulative area) 
      Cumulative area ratio:  607.18
      Required ratio:    0.00 (Cumulative side area) 

    Layer: met1
      Partial area ratio:    0.00
      Required ratio:    0.00 (Gate area) 
      Partial area ratio:    0.00
      Required ratio:  400.00 (Side area) 
      Cumulative area ratio:    5.97
      Required ratio:    0.00 (Cumulative area) 
      Cumulative area ratio:    7.57
      Required ratio:    0.00 (Cumulative side area) 

    Layer: li1
      Partial area ratio:    5.97
      Required ratio:    0.00 (Gate area) 
      Partial area ratio:    7.57
      Required ratio:   75.00 (Side area) 
      Cumulative area ratio:    5.97
      Required ratio:    0.00 (Cumulative area) 
      Cumulative area ratio:    7.57
      Required ratio:    0.00 (Cumulative side area) 

    Via: M1M2_PR
      Partial area ratio:    0.18
      Required ratio:    6.00 (Gate area) 
      Cumulative area ratio:    0.41
      Required ratio:    0.00 (Cumulative area) 

    Via: L1M1_PR
      Partial area ratio:    0.23
      Required ratio:    3.00 (Gate area) 
      Cumulative area ratio:    0.23
      Required ratio:    0.00 (Cumulative area) 

  Pin: _5055_/B (sky130_fd_sc_hd__or2_1)
    Layer: met2
      Partial area ratio:   40.41
      Required ratio:    0.00 (Gate area) 
      Partial area ratio:  202.46
      Required ratio: 3134.60 (Side area) 
      Cumulative area ratio:  130.18
      Required ratio:    0.00 (Cumulative area) 
      Cumulative area ratio:  643.13
      Required ratio:    0.00 (Cumulative side area) 

    Layer: met1
      Partial area ratio:    7.82
      Required ratio:    0.00 (Gate area) 
      Partial area ratio:   39.89
      Required ratio:  400.00 (Side area) 
      Cumulative area ratio:   10.45
      Required ratio:    0.00 (Cumulative area) 
      Cumulative area ratio:   43.52
      Required ratio:    0.00 (Cumulative side area) 

    Layer: li1
      Partial area ratio:    2.63
      Required ratio:    0.00 (Gate area) 
      Partial area ratio:    3.63
      Required ratio:   75.00 (Side area) 
      Cumulative area ratio:    2.63
      Required ratio:    0.00 (Cumulative area) 
      Cumulative area ratio:    3.63
      Required ratio:    0.00 (Cumulative side area) 

    Via: M1M2_PR
      Partial area ratio:    0.36
      Required ratio:    6.00 (Gate area) 
      Cumulative area ratio:    0.59
      Required ratio:    0.00 (Cumulative area) 

    Via: L1M1_PR
      Partial area ratio:    0.23
      Required ratio:    3.00 (Gate area) 
      Cumulative area ratio:    0.23
      Required ratio:    0.00 (Cumulative area) 

  Pin: _5049_/B (sky130_fd_sc_hd__or2_1)
    Layer: met2
      Partial area ratio:   40.41
      Required ratio:    0.00 (Gate area) 
      Partial area ratio:  202.46
      Required ratio: 3134.60 (Side area) 
      Cumulative area ratio:  140.60
      Required ratio:    0.00 (Cumulative area) 
      Cumulative area ratio:  686.07
      Required ratio:    0.00 (Cumulative side area) 

    Layer: met1
      Partial area ratio:    7.82
      Required ratio:    0.00 (Gate area) 
      Partial area ratio:   39.89
      Required ratio:  400.00 (Side area) 
      Cumulative area ratio:   13.04
      Required ratio:    0.00 (Cumulative area) 
      Cumulative area ratio:   46.57
      Required ratio:    0.00 (Cumulative side area) 

    Layer: li1
      Partial area ratio:    5.22
      Required ratio:    0.00 (Gate area) 
      Partial area ratio:    6.68
      Required ratio:   75.00 (Side area) 
      Cumulative area ratio:    5.22
      Required ratio:    0.00 (Cumulative area) 
      Cumulative area ratio:    6.68
      Required ratio:    0.00 (Cumulative side area) 

    Via: M1M2_PR
      Partial area ratio:    0.36
      Required ratio:    6.00 (Gate area) 
      Cumulative area ratio:    0.59
      Required ratio:    0.00 (Cumulative area) 

    Via: L1M1_PR
      Partial area ratio:    0.23
      Required ratio:    3.00 (Gate area) 
      Cumulative area ratio:    0.23
      Required ratio:    0.00 (Cumulative area) 

  Pin: _5020_/A (sky130_fd_sc_hd__buf_6)
    Layer: met2
      Partial area ratio:   40.41
      Required ratio:    0.00 (Gate area) 
      Partial area ratio:  202.46
      Required ratio: 3134.60 (Side area) 
      Cumulative area ratio:  140.68
      Required ratio:    0.00 (Cumulative area) 
      Cumulative area ratio:  701.03
      Required ratio:    0.00 (Cumulative side area) 

    Layer: met1
      Partial area ratio:    3.94
      Required ratio:    0.00 (Gate area) 
      Partial area ratio:   19.91
      Required ratio:  400.00 (Side area) 
      Cumulative area ratio:    5.30
      Required ratio:    0.00 (Cumulative area) 
      Cumulative area ratio:   21.65
      Required ratio:    0.00 (Cumulative side area) 

    Layer: li1
      Partial area ratio:    1.36
      Required ratio:    0.00 (Gate area) 
      Partial area ratio:    1.73
      Required ratio:   75.00 (Side area) 
      Cumulative area ratio:    1.36
      Required ratio:    0.00 (Cumulative area) 
      Cumulative area ratio:    1.73
      Required ratio:    0.00 (Cumulative side area) 

    Via: M1M2_PR
      Partial area ratio:    0.05
      Required ratio:    6.00 (Gate area) 
      Cumulative area ratio:    0.10
      Required ratio:    0.00 (Cumulative area) 

    Via: L1M1_PR
      Partial area ratio:    0.06
      Required ratio:    3.00 (Gate area) 
      Cumulative area ratio:    0.06
      Required ratio:    0.00 (Cumulative area) 

  Pin: _5014_/B (sky130_fd_sc_hd__or2_1)
    Layer: met2
      Partial area ratio:   40.41
      Required ratio:    0.00 (Gate area) 
      Partial area ratio:  202.46
      Required ratio: 3134.60 (Side area) 
      Cumulative area ratio:  236.84
      Required ratio:    0.00 (Cumulative area) 
      Cumulative area ratio: 1181.06
      Required ratio:    0.00 (Cumulative side area) 

    Layer: met1
      Partial area ratio:   99.74
      Required ratio:    0.00 (Gate area) 
      Partial area ratio:  499.11
      Required ratio:  400.00 (Side area) (VIOLATED)
      Cumulative area ratio:  101.46
      Required ratio:    0.00 (Cumulative area) 
      Cumulative area ratio:  501.67
      Required ratio:    0.00 (Cumulative side area) 

    Layer: li1
      Partial area ratio:    1.72
      Required ratio:    0.00 (Gate area) 
      Partial area ratio:    2.56
      Required ratio:   75.00 (Side area) 
      Cumulative area ratio:    1.72
      Required ratio:    0.00 (Cumulative area) 
      Cumulative area ratio:    2.56
      Required ratio:    0.00 (Cumulative side area) 

    Via: M1M2_PR
      Partial area ratio:    0.09
      Required ratio:    6.00 (Gate area) 
      Cumulative area ratio:    0.32
      Required ratio:    0.00 (Cumulative area) 

    Via: L1M1_PR
      Partial area ratio:    0.23
      Required ratio:    3.00 (Gate area) 
      Cumulative area ratio:    0.23
      Required ratio:    0.00 (Cumulative area) 

  Pin: _4997_/B (sky130_fd_sc_hd__or2_1)
    Layer: met2
      Partial area ratio:   40.41
      Required ratio:    0.00 (Gate area) 
      Partial area ratio:  202.46
      Required ratio: 3134.60 (Side area) 
      Cumulative area ratio:  242.32
      Required ratio:    0.00 (Cumulative area) 
      Cumulative area ratio: 1187.50
      Required ratio:    0.00 (Cumulative side area) 

    Layer: met1
      Partial area ratio:   99.74
      Required ratio:    0.00 (Gate area) 
      Partial area ratio:  499.11
      Required ratio:  400.00 (Side area) (VIOLATED)
      Cumulative area ratio:  106.94
      Required ratio:    0.00 (Cumulative area) 
      Cumulative area ratio:  508.12
      Required ratio:    0.00 (Cumulative side area) 

    Layer: li1
      Partial area ratio:    7.20
      Required ratio:    0.00 (Gate area) 
      Partial area ratio:    9.00
      Required ratio:   75.00 (Side area) 
      Cumulative area ratio:    7.20
      Required ratio:    0.00 (Cumulative area) 
      Cumulative area ratio:    9.00
      Required ratio:    0.00 (Cumulative side area) 

    Via: M1M2_PR
      Partial area ratio:    0.09
      Required ratio:    6.00 (Gate area) 
      Cumulative area ratio:    0.32
      Required ratio:    0.00 (Cumulative area) 

    Via: L1M1_PR
      Partial area ratio:    0.23
      Required ratio:    3.00 (Gate area) 
      Cumulative area ratio:    0.23
      Required ratio:    0.00 (Cumulative area) 

  Pin: _4944_/B (sky130_fd_sc_hd__or2_1)
    Layer: met2
      Partial area ratio:   40.41
      Required ratio:    0.00 (Gate area) 
      Partial area ratio:  202.46
      Required ratio: 3134.60 (Side area) 
      Cumulative area ratio:  125.75
      Required ratio:    0.00 (Cumulative area) 
      Cumulative area ratio:  607.36
      Required ratio:    0.00 (Cumulative side area) 

    Layer: met1
      Partial area ratio:   79.33
      Required ratio:    0.00 (Gate area) 
      Partial area ratio:  397.15
      Required ratio:  400.00 (Side area) 
      Cumulative area ratio:   85.34
      Required ratio:    0.00 (Cumulative area) 
      Cumulative area ratio:  404.90
      Required ratio:    0.00 (Cumulative side area) 

    Layer: li1
      Partial area ratio:    6.01
      Required ratio:    0.00 (Gate area) 
      Partial area ratio:    7.75
      Required ratio:   75.00 (Side area) 
      Cumulative area ratio:    6.01
      Required ratio:    0.00 (Cumulative area) 
      Cumulative area ratio:    7.75
      Required ratio:    0.00 (Cumulative side area) 

    Via: M1M2_PR
      Partial area ratio:    0.18
      Required ratio:    6.00 (Gate area) 
      Cumulative area ratio:    0.29
      Required ratio:    0.00 (Cumulative area) 

    Via: L1M1_PR
      Partial area ratio:    0.11
      Required ratio:    3.00 (Gate area) 
      Cumulative area ratio:    0.11
      Required ratio:    0.00 (Cumulative area) 

  Pin: _4923_/B (sky130_fd_sc_hd__or2_1)
    Layer: met2
      Partial area ratio:   40.41
      Required ratio:    0.00 (Gate area) 
      Partial area ratio:  202.46
      Required ratio: 3134.60 (Side area) 
      Cumulative area ratio:  125.75
      Required ratio:    0.00 (Cumulative area) 
      Cumulative area ratio:  607.36
      Required ratio:    0.00 (Cumulative side area) 

    Layer: met1
      Partial area ratio:   79.33
      Required ratio:    0.00 (Gate area) 
      Partial area ratio:  397.15
      Required ratio:  400.00 (Side area) 
      Cumulative area ratio:   85.34
      Required ratio:    0.00 (Cumulative area) 
      Cumulative area ratio:  404.90
      Required ratio:    0.00 (Cumulative side area) 

    Layer: li1
      Partial area ratio:    6.01
      Required ratio:    0.00 (Gate area) 
      Partial area ratio:    7.75
      Required ratio:   75.00 (Side area) 
      Cumulative area ratio:    6.01
      Required ratio:    0.00 (Cumulative area) 
      Cumulative area ratio:    7.75
      Required ratio:    0.00 (Cumulative side area) 

    Via: M1M2_PR
      Partial area ratio:    0.18
      Required ratio:    6.00 (Gate area) 
      Cumulative area ratio:    0.29
      Required ratio:    0.00 (Cumulative area) 

    Via: L1M1_PR
      Partial area ratio:    0.11
      Required ratio:    3.00 (Gate area) 
      Cumulative area ratio:    0.11
      Required ratio:    0.00 (Cumulative area) 


Net: _1878_
  Pin: _5135_/B (sky130_fd_sc_hd__or2_1)
    Layer: met1
      Partial area ratio:  138.31
      Required ratio:    0.00 (Gate area) 
      Partial area ratio:  693.11
      Required ratio: 3872.32 (Side area) 
      Cumulative area ratio:  141.94
      Required ratio:    0.00 (Cumulative area) 
      Cumulative area ratio:  697.93
      Required ratio:    0.00 (Cumulative side area) 

    Layer: li1
      Partial area ratio:    3.63
      Required ratio:    0.00 (Gate area) 
      Partial area ratio:    4.81
      Required ratio:   75.00 (Side area) 
      Cumulative area ratio:    3.63
      Required ratio:    0.00 (Cumulative area) 
      Cumulative area ratio:    4.81
      Required ratio:    0.00 (Cumulative side area) 

    Layer: met2
      Partial area ratio:   40.05
      Required ratio:    0.00 (Gate area) 
      Partial area ratio:  200.58
      Required ratio: 3872.32 (Side area) 
      Cumulative area ratio:  182.00
      Required ratio:    0.00 (Cumulative area) 
      Cumulative area ratio:  898.50
      Required ratio:    0.00 (Cumulative side area) 

    Via: M1M2_PR
      Partial area ratio:    0.27
      Required ratio:    6.00 (Gate area) 
      Cumulative area ratio:    0.50
      Required ratio:    0.00 (Cumulative area) 

    Via: L1M1_PR
      Partial area ratio:    0.23
      Required ratio:    3.00 (Gate area) 
      Cumulative area ratio:    0.23
      Required ratio:    0.00 (Cumulative area) 

  Pin: _5099_/B (sky130_fd_sc_hd__or2_1)
    Layer: met2
      Partial area ratio:   40.05
      Required ratio:    0.00 (Gate area) 
      Partial area ratio:  200.58
      Required ratio: 3872.32 (Side area) 
      Cumulative area ratio:   45.51
      Required ratio:    0.00 (Cumulative area) 
      Cumulative area ratio:  207.54
      Required ratio:    0.00 (Cumulative side area) 

    Layer: met1
      Partial area ratio:    0.00
      Required ratio:    0.00 (Gate area) 
      Partial area ratio:    0.00
      Required ratio:  400.00 (Side area) 
      Cumulative area ratio:    5.46
      Required ratio:    0.00 (Cumulative area) 
      Cumulative area ratio:    6.96
      Required ratio:    0.00 (Cumulative side area) 

    Layer: li1
      Partial area ratio:    5.46
      Required ratio:    0.00 (Gate area) 
      Partial area ratio:    6.96
      Required ratio:   75.00 (Side area) 
      Cumulative area ratio:    5.46
      Required ratio:    0.00 (Cumulative area) 
      Cumulative area ratio:    6.96
      Required ratio:    0.00 (Cumulative side area) 

    Via: M1M2_PR
      Partial area ratio:    0.18
      Required ratio:    6.00 (Gate area) 
      Cumulative area ratio:    0.41
      Required ratio:    0.00 (Cumulative area) 

    Via: L1M1_PR
      Partial area ratio:    0.23
      Required ratio:    3.00 (Gate area) 
      Cumulative area ratio:    0.23
      Required ratio:    0.00 (Cumulative area) 

  Pin: _5141_/B (sky130_fd_sc_hd__or2_1)
    Layer: met1
      Partial area ratio:  138.31
      Required ratio:    0.00 (Gate area) 
      Partial area ratio:  693.11
      Required ratio: 3872.32 (Side area) 
      Cumulative area ratio:  139.46
      Required ratio:    0.00 (Cumulative area) 
      Cumulative area ratio:  695.00
      Required ratio:    0.00 (Cumulative side area) 

    Layer: met2
      Partial area ratio:   40.05
      Required ratio:    0.00 (Gate area) 
      Partial area ratio:  200.58
      Required ratio: 3872.32 (Side area) 
      Cumulative area ratio:  179.51
      Required ratio:    0.00 (Cumulative area) 
      Cumulative area ratio:  895.58
      Required ratio:    0.00 (Cumulative side area) 

    Layer: li1
      Partial area ratio:    1.15
      Required ratio:    0.00 (Gate area) 
      Partial area ratio:    1.89
      Required ratio:   75.00 (Side area) 
      Cumulative area ratio:    1.15
      Required ratio:    0.00 (Cumulative area) 
      Cumulative area ratio:    1.89
      Required ratio:    0.00 (Cumulative side area) 

    Via: M1M2_PR
      Partial area ratio:    0.27
      Required ratio:    6.00 (Gate area) 
      Cumulative area ratio:    0.50
      Required ratio:    0.00 (Cumulative area) 

    Via: L1M1_PR
      Partial area ratio:    0.23
      Required ratio:    3.00 (Gate area) 
      Cumulative area ratio:    0.23
      Required ratio:    0.00 (Cumulative area) 

  Pin: _5167_/A (sky130_fd_sc_hd__buf_8)
    Layer: met1
      Partial area ratio:    0.00
      Required ratio:    0.00 (Gate area) 
      Partial area ratio:    0.00
      Required ratio:  400.00 (Side area) 
      Cumulative area ratio:    0.97
      Required ratio:    0.00 (Cumulative area) 
      Cumulative area ratio:    1.23
      Required ratio:    0.00 (Cumulative side area) 

    Layer: li1
      Partial area ratio:    0.97
      Required ratio:    0.00 (Gate area) 
      Partial area ratio:    1.23
      Required ratio:   75.00 (Side area) 
      Cumulative area ratio:    0.97
      Required ratio:    0.00 (Cumulative area) 
      Cumulative area ratio:    1.23
      Required ratio:    0.00 (Cumulative side area) 

    Via: M1M2_PR
      Partial area ratio:    0.03
      Required ratio:    6.00 (Gate area) 
      Cumulative area ratio:    0.07
      Required ratio:    0.00 (Cumulative area) 

    Via: L1M1_PR
      Partial area ratio:    0.04
      Required ratio:    3.00 (Gate area) 
      Cumulative area ratio:    0.04
      Required ratio:    0.00 (Cumulative area) 

  Pin: _5154_/B (sky130_fd_sc_hd__or2_1)
    Layer: met1
      Partial area ratio:  245.64
      Required ratio:    0.00 (Gate area) 
      Partial area ratio: 1229.78
      Required ratio:  400.00 (Side area) (VIOLATED)
      Cumulative area ratio:  254.78
      Required ratio:    0.00 (Cumulative area) 
      Cumulative area ratio: 1241.07
      Required ratio:    0.00 (Cumulative side area) 

    Layer: li1
      Partial area ratio:    9.14
      Required ratio:    0.00 (Gate area) 
      Partial area ratio:   11.29
      Required ratio:   75.00 (Side area) 
      Cumulative area ratio:    9.14
      Required ratio:    0.00 (Cumulative area) 
      Cumulative area ratio:   11.29
      Required ratio:    0.00 (Cumulative side area) 

    Via: M1M2_PR
      Partial area ratio:    0.36
      Required ratio:    6.00 (Gate area) 
      Cumulative area ratio:    0.59
      Required ratio:    0.00 (Cumulative area) 

    Via: L1M1_PR
      Partial area ratio:    0.23
      Required ratio:    3.00 (Gate area) 
      Cumulative area ratio:    0.23
      Required ratio:    0.00 (Cumulative area) 

  Pin: _5067_/A (sky130_fd_sc_hd__buf_6)
    Layer: met1
      Partial area ratio:    3.94
      Required ratio:    0.00 (Gate area) 
      Partial area ratio:   19.91
      Required ratio:  400.00 (Side area) 
      Cumulative area ratio:    5.57
      Required ratio:    0.00 (Cumulative area) 
      Cumulative area ratio:   21.97
      Required ratio:    0.00 (Cumulative side area) 

    Layer: li1
      Partial area ratio:    1.63
      Required ratio:    0.00 (Gate area) 
      Partial area ratio:    2.06
      Required ratio:   75.00 (Side area) 
      Cumulative area ratio:    1.63
      Required ratio:    0.00 (Cumulative area) 
      Cumulative area ratio:    2.06
      Required ratio:    0.00 (Cumulative side area) 

    Via: M1M2_PR
      Partial area ratio:    0.09
      Required ratio:    6.00 (Gate area) 
      Cumulative area ratio:    0.15
      Required ratio:    0.00 (Cumulative area) 

    Via: L1M1_PR
      Partial area ratio:    0.06
      Required ratio:    3.00 (Gate area) 
      Cumulative area ratio:    0.06
      Required ratio:    0.00 (Cumulative area) 

  Pin: _5086_/B (sky130_fd_sc_hd__or2_1)
    Layer: met1
      Partial area ratio:    0.00
      Required ratio:    0.00 (Gate area) 
      Partial area ratio:    0.00
      Required ratio:  400.00 (Side area) 
      Cumulative area ratio:    4.93
      Required ratio:    0.00 (Cumulative area) 
      Cumulative area ratio:    6.34
      Required ratio:    0.00 (Cumulative side area) 

    Layer: li1
      Partial area ratio:    4.93
      Required ratio:    0.00 (Gate area) 
      Partial area ratio:    6.34
      Required ratio:   75.00 (Side area) 
      Cumulative area ratio:    4.93
      Required ratio:    0.00 (Cumulative area) 
      Cumulative area ratio:    6.34
      Required ratio:    0.00 (Cumulative side area) 

    Via: M1M2_PR
      Partial area ratio:    0.18
      Required ratio:    6.00 (Gate area) 
      Cumulative area ratio:    0.41
      Required ratio:    0.00 (Cumulative area) 

    Via: L1M1_PR
      Partial area ratio:    0.23
      Required ratio:    3.00 (Gate area) 
      Cumulative area ratio:    0.23
      Required ratio:    0.00 (Cumulative area) 

  Pin: _4875_/A (sky130_fd_sc_hd__clkbuf_8)
    Layer: met1
      Partial area ratio:    6.85
      Required ratio:    0.00 (Gate area) 
      Partial area ratio:   34.47
      Required ratio:  400.00 (Side area) 
      Cumulative area ratio:    8.60
      Required ratio:    0.00 (Cumulative area) 
      Cumulative area ratio:   36.70
      Required ratio:    0.00 (Cumulative side area) 

    Layer: li1
      Partial area ratio:    1.76
      Required ratio:    0.00 (Gate area) 
      Partial area ratio:    2.22
      Required ratio:   75.00 (Side area) 
      Cumulative area ratio:    1.76
      Required ratio:    0.00 (Cumulative area) 
      Cumulative area ratio:    2.22
      Required ratio:    0.00 (Cumulative side area) 

    Via: M1M2_PR
      Partial area ratio:    0.05
      Required ratio:    6.00 (Gate area) 
      Cumulative area ratio:    0.12
      Required ratio:    0.00 (Cumulative area) 

    Via: L1M1_PR
      Partial area ratio:    0.07
      Required ratio:    3.00 (Gate area) 
      Cumulative area ratio:    0.07
      Required ratio:    0.00 (Cumulative area) 

  Pin: _4963_/A (sky130_fd_sc_hd__clkbuf_4)
    Layer: met1
      Partial area ratio:    0.00
      Required ratio:    0.00 (Gate area) 
      Partial area ratio:    0.00
      Required ratio:  400.00 (Side area) 
      Cumulative area ratio:    3.34
      Required ratio:    0.00 (Cumulative area) 
      Cumulative area ratio:    4.24
      Required ratio:    0.00 (Cumulative side area) 

    Layer: li1
      Partial area ratio:    3.34
      Required ratio:    0.00 (Gate area) 
      Partial area ratio:    4.24
      Required ratio:   75.00 (Side area) 
      Cumulative area ratio:    3.34
      Required ratio:    0.00 (Cumulative area) 
      Cumulative area ratio:    4.24
      Required ratio:    0.00 (Cumulative side area) 

    Via: M1M2_PR
      Partial area ratio:    0.11
      Required ratio:    6.00 (Gate area) 
      Cumulative area ratio:    0.24
      Required ratio:    0.00 (Cumulative area) 

    Via: L1M1_PR
      Partial area ratio:    0.14
      Required ratio:    3.00 (Gate area) 
      Cumulative area ratio:    0.14
      Required ratio:    0.00 (Cumulative area) 

  Pin: _5471_/A (sky130_fd_sc_hd__nand2_1)
    Layer: met1
      Partial area ratio:    0.00
      Required ratio:    0.00 (Gate area) 
      Partial area ratio:    0.00
      Required ratio:  400.00 (Side area) 
      Cumulative area ratio:    1.93
      Required ratio:    0.00 (Cumulative area) 
      Cumulative area ratio:    2.54
      Required ratio:    0.00 (Cumulative side area) 

    Layer: li1
      Partial area ratio:    1.93
      Required ratio:    0.00 (Gate area) 
      Partial area ratio:    2.54
      Required ratio:   75.00 (Side area) 
      Cumulative area ratio:    1.93
      Required ratio:    0.00 (Cumulative area) 
      Cumulative area ratio:    2.54
      Required ratio:    0.00 (Cumulative side area) 

    Via: M1M2_PR
      Partial area ratio:    0.09
      Required ratio:    6.00 (Gate area) 
      Cumulative area ratio:    0.21
      Required ratio:    0.00 (Cumulative area) 

    Via: L1M1_PR
      Partial area ratio:    0.12
      Required ratio:    3.00 (Gate area) 
      Cumulative area ratio:    0.12
      Required ratio:    0.00 (Cumulative area) 


Net: _1882_
  Pin: _5160_/B (sky130_fd_sc_hd__or2_1)
    Layer: met2
      Partial area ratio:   44.59
      Required ratio:    0.00 (Gate area) 
      Partial area ratio:  223.58
      Required ratio: 2956.40 (Side area) 
      Cumulative area ratio:  136.01
      Required ratio:    0.00 (Cumulative area) 
      Cumulative area ratio:  656.87
      Required ratio:    0.00 (Cumulative side area) 

    Layer: met1
      Partial area ratio:    0.00
      Required ratio:    0.00 (Gate area) 
      Partial area ratio:    0.00
      Required ratio:  400.00 (Side area) 
      Cumulative area ratio:    6.78
      Required ratio:    0.00 (Cumulative area) 
      Cumulative area ratio:    8.51
      Required ratio:    0.00 (Cumulative side area) 

    Layer: li1
      Partial area ratio:    6.78
      Required ratio:    0.00 (Gate area) 
      Partial area ratio:    8.51
      Required ratio:   75.00 (Side area) 
      Cumulative area ratio:    6.78
      Required ratio:    0.00 (Cumulative area) 
      Cumulative area ratio:    8.51
      Required ratio:    0.00 (Cumulative side area) 

    Via: M1M2_PR
      Partial area ratio:    0.18
      Required ratio:    6.00 (Gate area) 
      Cumulative area ratio:    0.41
      Required ratio:    0.00 (Cumulative area) 

    Via: L1M1_PR
      Partial area ratio:    0.23
      Required ratio:    3.00 (Gate area) 
      Cumulative area ratio:    0.23
      Required ratio:    0.00 (Cumulative area) 

  Pin: _5147_/B (sky130_fd_sc_hd__or2_1)
    Layer: met2
      Partial area ratio:   44.59
      Required ratio:    0.00 (Gate area) 
      Partial area ratio:  223.58
      Required ratio: 2956.40 (Side area) 
      Cumulative area ratio:  130.21
      Required ratio:    0.00 (Cumulative area) 
      Cumulative area ratio:  650.04
      Required ratio:    0.00 (Cumulative side area) 

    Layer: met1
      Partial area ratio:   84.64
      Required ratio:    0.00 (Gate area) 
      Partial area ratio:  424.78
      Required ratio:  400.00 (Side area) (VIOLATED)
      Cumulative area ratio:   85.62
      Required ratio:    0.00 (Cumulative area) 
      Cumulative area ratio:  426.47
      Required ratio:    0.00 (Cumulative side area) 

    Layer: li1
      Partial area ratio:    0.98
      Required ratio:    0.00 (Gate area) 
      Partial area ratio:    1.69
      Required ratio:   75.00 (Side area) 
      Cumulative area ratio:    0.98
      Required ratio:    0.00 (Cumulative area) 
      Cumulative area ratio:    1.69
      Required ratio:    0.00 (Cumulative side area) 

    Via: M1M2_PR
      Partial area ratio:    0.54
      Required ratio:    6.00 (Gate area) 
      Cumulative area ratio:    0.77
      Required ratio:    0.00 (Cumulative area) 

    Via: L1M1_PR
      Partial area ratio:    0.23
      Required ratio:    3.00 (Gate area) 
      Cumulative area ratio:    0.23
      Required ratio:    0.00 (Cumulative area) 

  Pin: _5114_/B (sky130_fd_sc_hd__or2_1)
    Layer: met2
      Partial area ratio:   44.59
      Required ratio:    0.00 (Gate area) 
      Partial area ratio:  223.58
      Required ratio: 2956.40 (Side area) 
      Cumulative area ratio:  157.62
      Required ratio:    0.00 (Cumulative area) 
      Cumulative area ratio:  772.98
      Required ratio:    0.00 (Cumulative side area) 

    Layer: met1
      Partial area ratio:    7.82
      Required ratio:    0.00 (Gate area) 
      Partial area ratio:   39.89
      Required ratio:  400.00 (Side area) 
      Cumulative area ratio:   12.90
      Required ratio:    0.00 (Cumulative area) 
      Cumulative area ratio:   46.40
      Required ratio:    0.00 (Cumulative side area) 

    Layer: li1
      Partial area ratio:    5.08
      Required ratio:    0.00 (Gate area) 
      Partial area ratio:    6.51
      Required ratio:   75.00 (Side area) 
      Cumulative area ratio:    5.08
      Required ratio:    0.00 (Cumulative area) 
      Cumulative area ratio:    6.51
      Required ratio:    0.00 (Cumulative side area) 

    Via: M1M2_PR
      Partial area ratio:    0.18
      Required ratio:    6.00 (Gate area) 
      Cumulative area ratio:    0.41
      Required ratio:    0.00 (Cumulative area) 

    Via: L1M1_PR
      Partial area ratio:    0.23
      Required ratio:    3.00 (Gate area) 
      Cumulative area ratio:    0.23
      Required ratio:    0.00 (Cumulative area) 

  Pin: _5128_/B (sky130_fd_sc_hd__or2_1)
    Layer: met2
      Partial area ratio:   44.59
      Required ratio:    0.00 (Gate area) 
      Partial area ratio:  223.58
      Required ratio: 2956.40 (Side area) 
      Cumulative area ratio:  147.59
      Required ratio:    0.00 (Cumulative area) 
      Cumulative area ratio:  730.49
      Required ratio:    0.00 (Cumulative side area) 

    Layer: met1
      Partial area ratio:   15.49
      Required ratio:    0.00 (Gate area) 
      Partial area ratio:   78.22
      Required ratio:  400.00 (Side area) 
      Cumulative area ratio:   18.35
      Required ratio:    0.00 (Cumulative area) 
      Cumulative area ratio:   82.13
      Required ratio:    0.00 (Cumulative side area) 

    Layer: li1
      Partial area ratio:    2.86
      Required ratio:    0.00 (Gate area) 
      Partial area ratio:    3.91
      Required ratio:   75.00 (Side area) 
      Cumulative area ratio:    2.86
      Required ratio:    0.00 (Cumulative area) 
      Cumulative area ratio:    3.91
      Required ratio:    0.00 (Cumulative side area) 

    Via: M1M2_PR
      Partial area ratio:    0.18
      Required ratio:    6.00 (Gate area) 
      Cumulative area ratio:    0.41
      Required ratio:    0.00 (Cumulative area) 

    Via: L1M1_PR
      Partial area ratio:    0.23
      Required ratio:    3.00 (Gate area) 
      Cumulative area ratio:    0.23
      Required ratio:    0.00 (Cumulative area) 

  Pin: _5121_/B (sky130_fd_sc_hd__or2_1)
    Layer: met2
      Partial area ratio:   44.59
      Required ratio:    0.00 (Gate area) 
      Partial area ratio:  223.58
      Required ratio: 2956.40 (Side area) 
      Cumulative area ratio:  147.59
      Required ratio:    0.00 (Cumulative area) 
      Cumulative area ratio:  730.49
      Required ratio:    0.00 (Cumulative side area) 

    Layer: met1
      Partial area ratio:   15.49
      Required ratio:    0.00 (Gate area) 
      Partial area ratio:   78.22
      Required ratio:  400.00 (Side area) 
      Cumulative area ratio:   18.35
      Required ratio:    0.00 (Cumulative area) 
      Cumulative area ratio:   82.13
      Required ratio:    0.00 (Cumulative side area) 

    Layer: li1
      Partial area ratio:    2.86
      Required ratio:    0.00 (Gate area) 
      Partial area ratio:    3.91
      Required ratio:   75.00 (Side area) 
      Cumulative area ratio:    2.86
      Required ratio:    0.00 (Cumulative area) 
      Cumulative area ratio:    3.91
      Required ratio:    0.00 (Cumulative side area) 

    Via: M1M2_PR
      Partial area ratio:    0.18
      Required ratio:    6.00 (Gate area) 
      Cumulative area ratio:    0.41
      Required ratio:    0.00 (Cumulative area) 

    Via: L1M1_PR
      Partial area ratio:    0.23
      Required ratio:    3.00 (Gate area) 
      Cumulative area ratio:    0.23
      Required ratio:    0.00 (Cumulative area) 

  Pin: _4934_/B (sky130_fd_sc_hd__or2_1)
    Layer: met2
      Partial area ratio:   44.59
      Required ratio:    0.00 (Gate area) 
      Partial area ratio:  223.58
      Required ratio: 2956.40 (Side area) 
      Cumulative area ratio:   49.73
      Required ratio:    0.00 (Cumulative area) 
      Cumulative area ratio:  230.16
      Required ratio:    0.00 (Cumulative side area) 

    Layer: met1
      Partial area ratio:    0.00
      Required ratio:    0.00 (Gate area) 
      Partial area ratio:    0.00
      Required ratio:  400.00 (Side area) 
      Cumulative area ratio:    5.14
      Required ratio:    0.00 (Cumulative area) 
      Cumulative area ratio:    6.58
      Required ratio:    0.00 (Cumulative side area) 

    Layer: li1
      Partial area ratio:    5.14
      Required ratio:    0.00 (Gate area) 
      Partial area ratio:    6.58
      Required ratio:   75.00 (Side area) 
      Cumulative area ratio:    5.14
      Required ratio:    0.00 (Cumulative area) 
      Cumulative area ratio:    6.58
      Required ratio:    0.00 (Cumulative side area) 

    Via: M1M2_PR
      Partial area ratio:    0.18
      Required ratio:    6.00 (Gate area) 
      Cumulative area ratio:    0.41
      Required ratio:    0.00 (Cumulative area) 

    Via: L1M1_PR
      Partial area ratio:    0.23
      Required ratio:    3.00 (Gate area) 
      Cumulative area ratio:    0.23
      Required ratio:    0.00 (Cumulative area) 

  Pin: _4912_/B (sky130_fd_sc_hd__or2_1)
    Layer: met2
      Partial area ratio:   44.59
      Required ratio:    0.00 (Gate area) 
      Partial area ratio:  223.58
      Required ratio: 2956.40 (Side area) 
      Cumulative area ratio:   49.51
      Required ratio:    0.00 (Cumulative area) 
      Cumulative area ratio:  229.90
      Required ratio:    0.00 (Cumulative side area) 

    Layer: met1
      Partial area ratio:    0.00
      Required ratio:    0.00 (Gate area) 
      Partial area ratio:    0.00
      Required ratio:  400.00 (Side area) 
      Cumulative area ratio:    4.92
      Required ratio:    0.00 (Cumulative area) 
      Cumulative area ratio:    6.32
      Required ratio:    0.00 (Cumulative side area) 

    Layer: li1
      Partial area ratio:    4.92
      Required ratio:    0.00 (Gate area) 
      Partial area ratio:    6.32
      Required ratio:   75.00 (Side area) 
      Cumulative area ratio:    4.92
      Required ratio:    0.00 (Cumulative area) 
      Cumulative area ratio:    6.32
      Required ratio:    0.00 (Cumulative side area) 

    Via: M1M2_PR
      Partial area ratio:    0.18
      Required ratio:    6.00 (Gate area) 
      Cumulative area ratio:    0.41
      Required ratio:    0.00 (Cumulative area) 

    Via: L1M1_PR
      Partial area ratio:    0.23
      Required ratio:    3.00 (Gate area) 
      Cumulative area ratio:    0.23
      Required ratio:    0.00 (Cumulative area) 

  Pin: _4948_/B (sky130_fd_sc_hd__or2_1)
    Layer: met2
      Partial area ratio:   44.59
      Required ratio:    0.00 (Gate area) 
      Partial area ratio:  223.58
      Required ratio: 2956.40 (Side area) 
      Cumulative area ratio:   83.81
      Required ratio:    0.00 (Cumulative area) 
      Cumulative area ratio:  402.86
      Required ratio:    0.00 (Cumulative side area) 

    Layer: met1
      Partial area ratio:   34.58
      Required ratio:    0.00 (Gate area) 
      Partial area ratio:  173.28
      Required ratio:  400.00 (Side area) 
      Cumulative area ratio:   39.22
      Required ratio:    0.00 (Cumulative area) 
      Cumulative area ratio:  179.28
      Required ratio:    0.00 (Cumulative side area) 

    Layer: li1
      Partial area ratio:    4.65
      Required ratio:    0.00 (Gate area) 
      Partial area ratio:    6.00
      Required ratio:   75.00 (Side area) 
      Cumulative area ratio:    4.65
      Required ratio:    0.00 (Cumulative area) 
      Cumulative area ratio:    6.00
      Required ratio:    0.00 (Cumulative side area) 

    Via: M1M2_PR
      Partial area ratio:    0.18
      Required ratio:    6.00 (Gate area) 
      Cumulative area ratio:    0.41
      Required ratio:    0.00 (Cumulative area) 

    Via: L1M1_PR
      Partial area ratio:    0.23
      Required ratio:    3.00 (Gate area) 
      Cumulative area ratio:    0.23
      Required ratio:    0.00 (Cumulative area) 

  Pin: _4879_/B (sky130_fd_sc_hd__or2_1)
    Layer: met2
      Partial area ratio:   44.59
      Required ratio:    0.00 (Gate area) 
      Partial area ratio:  223.58
      Required ratio: 2956.40 (Side area) 
      Cumulative area ratio:  100.02
      Required ratio:    0.00 (Cumulative area) 
      Cumulative area ratio:  481.93
      Required ratio:    0.00 (Cumulative side area) 

    Layer: met1
      Partial area ratio:   15.49
      Required ratio:    0.00 (Gate area) 
      Partial area ratio:   78.22
      Required ratio:  400.00 (Side area) 
      Cumulative area ratio:   20.85
      Required ratio:    0.00 (Cumulative area) 
      Cumulative area ratio:   85.07
      Required ratio:    0.00 (Cumulative side area) 

    Layer: li1
      Partial area ratio:    5.37
      Required ratio:    0.00 (Gate area) 
      Partial area ratio:    6.85
      Required ratio:   75.00 (Side area) 
      Cumulative area ratio:    5.37
      Required ratio:    0.00 (Cumulative area) 
      Cumulative area ratio:    6.85
      Required ratio:    0.00 (Cumulative side area) 

    Via: M1M2_PR
      Partial area ratio:    0.18
      Required ratio:    6.00 (Gate area) 
      Cumulative area ratio:    0.41
      Required ratio:    0.00 (Cumulative area) 

    Via: L1M1_PR
      Partial area ratio:    0.23
      Required ratio:    3.00 (Gate area) 
      Cumulative area ratio:    0.23
      Required ratio:    0.00 (Cumulative area) 

  Pin: _4927_/B (sky130_fd_sc_hd__or2_1)
    Layer: met2
      Partial area ratio:   44.59
      Required ratio:    0.00 (Gate area) 
      Partial area ratio:  223.58
      Required ratio: 2956.40 (Side area) 
      Cumulative area ratio:   85.06
      Required ratio:    0.00 (Cumulative area) 
      Cumulative area ratio:  404.32
      Required ratio:    0.00 (Cumulative side area) 

    Layer: met1
      Partial area ratio:   34.58
      Required ratio:    0.00 (Gate area) 
      Partial area ratio:  173.28
      Required ratio:  400.00 (Side area) 
      Cumulative area ratio:   40.46
      Required ratio:    0.00 (Cumulative area) 
      Cumulative area ratio:  180.74
      Required ratio:    0.00 (Cumulative side area) 

    Layer: li1
      Partial area ratio:    5.89
      Required ratio:    0.00 (Gate area) 
      Partial area ratio:    7.47
      Required ratio:   75.00 (Side area) 
      Cumulative area ratio:    5.89
      Required ratio:    0.00 (Cumulative area) 
      Cumulative area ratio:    7.47
      Required ratio:    0.00 (Cumulative side area) 

    Via: M1M2_PR
      Partial area ratio:    0.18
      Required ratio:    6.00 (Gate area) 
      Cumulative area ratio:    0.41
      Required ratio:    0.00 (Cumulative area) 

    Via: L1M1_PR
      Partial area ratio:    0.23
      Required ratio:    3.00 (Gate area) 
      Cumulative area ratio:    0.23
      Required ratio:    0.00 (Cumulative area) 


Net: _1886_
  Pin: _5153_/A2 (sky130_fd_sc_hd__o211a_2)
    Layer: met2
      Partial area ratio:   21.51
      Required ratio:    0.00 (Gate area) 
      Partial area ratio:  107.81
      Required ratio: 3134.60 (Side area) 
      Cumulative area ratio:   70.70
      Required ratio:    0.00 (Cumulative area) 
      Cumulative area ratio:  346.08
      Required ratio:    0.00 (Cumulative side area) 

    Layer: met1
      Partial area ratio:   46.96
      Required ratio:    0.00 (Gate area) 
      Partial area ratio:  235.37
      Required ratio:  400.00 (Side area) 
      Cumulative area ratio:   49.18
      Required ratio:    0.00 (Cumulative area) 
      Cumulative area ratio:  238.27
      Required ratio:    0.00 (Cumulative side area) 

    Layer: li1
      Partial area ratio:    2.23
      Required ratio:    0.00 (Gate area) 
      Partial area ratio:    2.90
      Required ratio:   75.00 (Side area) 
      Cumulative area ratio:    2.23
      Required ratio:    0.00 (Cumulative area) 
      Cumulative area ratio:    2.90
      Required ratio:    0.00 (Cumulative side area) 

    Via: M1M2_PR
      Partial area ratio:    0.14
      Required ratio:    6.00 (Gate area) 
      Cumulative area ratio:    0.25
      Required ratio:    0.00 (Cumulative area) 

    Via: L1M1_PR
      Partial area ratio:    0.12
      Required ratio:    3.00 (Gate area) 
      Cumulative area ratio:    0.12
      Required ratio:    0.00 (Cumulative area) 

  Pin: _5098_/A2 (sky130_fd_sc_hd__o211a_1)
    Layer: met2
      Partial area ratio:   21.51
      Required ratio:    0.00 (Gate area) 
      Partial area ratio:  107.81
      Required ratio: 3134.60 (Side area) 
      Cumulative area ratio:   73.26
      Required ratio:    0.00 (Cumulative area) 
      Cumulative area ratio:  349.09
      Required ratio:    0.00 (Cumulative side area) 

    Layer: met1
      Partial area ratio:    0.00
      Required ratio:    0.00 (Gate area) 
      Partial area ratio:    0.00
      Required ratio:  400.00 (Side area) 
      Cumulative area ratio:    4.79
      Required ratio:    0.00 (Cumulative area) 
      Cumulative area ratio:    5.92
      Required ratio:    0.00 (Cumulative side area) 

    Layer: li1
      Partial area ratio:    4.79
      Required ratio:    0.00 (Gate area) 
      Partial area ratio:    5.92
      Required ratio:   75.00 (Side area) 
      Cumulative area ratio:    4.79
      Required ratio:    0.00 (Cumulative area) 
      Cumulative area ratio:    5.92
      Required ratio:    0.00 (Cumulative side area) 

    Via: M1M2_PR
      Partial area ratio:    0.09
      Required ratio:    6.00 (Gate area) 
      Cumulative area ratio:    0.21
      Required ratio:    0.00 (Cumulative area) 

    Via: L1M1_PR
      Partial area ratio:    0.12
      Required ratio:    3.00 (Gate area) 
      Cumulative area ratio:    0.12
      Required ratio:    0.00 (Cumulative area) 

  Pin: _5134_/A2 (sky130_fd_sc_hd__o211a_1)
    Layer: met2
      Partial area ratio:   21.51
      Required ratio:    0.00 (Gate area) 
      Partial area ratio:  107.81
      Required ratio: 3134.60 (Side area) 
      Cumulative area ratio:   71.57
      Required ratio:    0.00 (Cumulative area) 
      Cumulative area ratio:  347.11
      Required ratio:    0.00 (Cumulative side area) 

    Layer: met1
      Partial area ratio:    0.00
      Required ratio:    0.00 (Gate area) 
      Partial area ratio:    0.00
      Required ratio:  400.00 (Side area) 
      Cumulative area ratio:    3.10
      Required ratio:    0.00 (Cumulative area) 
      Cumulative area ratio:    3.93
      Required ratio:    0.00 (Cumulative side area) 

    Layer: li1
      Partial area ratio:    3.10
      Required ratio:    0.00 (Gate area) 
      Partial area ratio:    3.93
      Required ratio:   75.00 (Side area) 
      Cumulative area ratio:    3.10
      Required ratio:    0.00 (Cumulative area) 
      Cumulative area ratio:    3.93
      Required ratio:    0.00 (Cumulative side area) 

    Via: M1M2_PR
      Partial area ratio:    0.09
      Required ratio:    6.00 (Gate area) 
      Cumulative area ratio:    0.21
      Required ratio:    0.00 (Cumulative area) 

    Via: L1M1_PR
      Partial area ratio:    0.12
      Required ratio:    3.00 (Gate area) 
      Cumulative area ratio:    0.12
      Required ratio:    0.00 (Cumulative area) 

  Pin: _5140_/A2 (sky130_fd_sc_hd__o211a_1)
    Layer: met2
      Partial area ratio:   21.51
      Required ratio:    0.00 (Gate area) 
      Partial area ratio:  107.81
      Required ratio: 3134.60 (Side area) 
      Cumulative area ratio:   71.33
      Required ratio:    0.00 (Cumulative area) 
      Cumulative area ratio:  346.82
      Required ratio:    0.00 (Cumulative side area) 

    Layer: met1
      Partial area ratio:   46.96
      Required ratio:    0.00 (Gate area) 
      Partial area ratio:  235.37
      Required ratio:  400.00 (Side area) 
      Cumulative area ratio:   49.82
      Required ratio:    0.00 (Cumulative area) 
      Cumulative area ratio:  239.01
      Required ratio:    0.00 (Cumulative side area) 

    Layer: li1
      Partial area ratio:    2.86
      Required ratio:    0.00 (Gate area) 
      Partial area ratio:    3.64
      Required ratio:   75.00 (Side area) 
      Cumulative area ratio:    2.86
      Required ratio:    0.00 (Cumulative area) 
      Cumulative area ratio:    3.64
      Required ratio:    0.00 (Cumulative side area) 

    Via: M1M2_PR
      Partial area ratio:    0.14
      Required ratio:    6.00 (Gate area) 
      Cumulative area ratio:    0.25
      Required ratio:    0.00 (Cumulative area) 

    Via: L1M1_PR
      Partial area ratio:    0.12
      Required ratio:    3.00 (Gate area) 
      Cumulative area ratio:    0.12
      Required ratio:    0.00 (Cumulative area) 

  Pin: _4996_/A2 (sky130_fd_sc_hd__o211a_1)
    Layer: met2
      Partial area ratio:   21.51
      Required ratio:    0.00 (Gate area) 
      Partial area ratio:  107.81
      Required ratio: 3134.60 (Side area) 
      Cumulative area ratio:  106.03
      Required ratio:    0.00 (Cumulative area) 
      Cumulative area ratio:  521.60
      Required ratio:    0.00 (Cumulative side area) 

    Layer: met1
      Partial area ratio:    0.00
      Required ratio:    0.00 (Gate area) 
      Partial area ratio:    0.00
      Required ratio:  400.00 (Side area) 
      Cumulative area ratio:    2.47
      Required ratio:    0.00 (Cumulative area) 
      Cumulative area ratio:    3.18
      Required ratio:    0.00 (Cumulative side area) 

    Layer: li1
      Partial area ratio:    2.47
      Required ratio:    0.00 (Gate area) 
      Partial area ratio:    3.18
      Required ratio:   75.00 (Side area) 
      Cumulative area ratio:    2.47
      Required ratio:    0.00 (Cumulative area) 
      Cumulative area ratio:    3.18
      Required ratio:    0.00 (Cumulative side area) 

    Via: M1M2_PR
      Partial area ratio:    0.09
      Required ratio:    6.00 (Gate area) 
      Cumulative area ratio:    0.21
      Required ratio:    0.00 (Cumulative area) 

    Via: L1M1_PR
      Partial area ratio:    0.12
      Required ratio:    3.00 (Gate area) 
      Cumulative area ratio:    0.12
      Required ratio:    0.00 (Cumulative area) 

  Pin: _5054_/A2 (sky130_fd_sc_hd__o211a_2)
    Layer: met2
      Partial area ratio:   21.51
      Required ratio:    0.00 (Gate area) 
      Partial area ratio:  107.81
      Required ratio: 3134.60 (Side area) 
      Cumulative area ratio:  112.60
      Required ratio:    0.00 (Cumulative area) 
      Cumulative area ratio:  556.04
      Required ratio:    0.00 (Cumulative side area) 

    Layer: met1
      Partial area ratio:    6.89
      Required ratio:    0.00 (Gate area) 
      Partial area ratio:   34.75
      Required ratio:  400.00 (Side area) 
      Cumulative area ratio:    9.04
      Required ratio:    0.00 (Cumulative area) 
      Cumulative area ratio:   37.62
      Required ratio:    0.00 (Cumulative side area) 

    Layer: li1
      Partial area ratio:    2.15
      Required ratio:    0.00 (Gate area) 
      Partial area ratio:    2.87
      Required ratio:   75.00 (Side area) 
      Cumulative area ratio:    2.15
      Required ratio:    0.00 (Cumulative area) 
      Cumulative area ratio:    2.87
      Required ratio:    0.00 (Cumulative side area) 

    Via: M1M2_PR
      Partial area ratio:    0.02
      Required ratio:    6.00 (Gate area) 
      Cumulative area ratio:    0.08
      Required ratio:    0.00 (Cumulative area) 

    Via: L1M1_PR
      Partial area ratio:    0.06
      Required ratio:    3.00 (Gate area) 
      Cumulative area ratio:    0.06
      Required ratio:    0.00 (Cumulative area) 

  Pin: _5048_/A2 (sky130_fd_sc_hd__o211a_2)
    Layer: met2
      Partial area ratio:   21.51
      Required ratio:    0.00 (Gate area) 
      Partial area ratio:  107.81
      Required ratio: 3134.60 (Side area) 
      Cumulative area ratio:  112.60
      Required ratio:    0.00 (Cumulative area) 
      Cumulative area ratio:  556.04
      Required ratio:    0.00 (Cumulative side area) 

    Layer: met1
      Partial area ratio:    6.89
      Required ratio:    0.00 (Gate area) 
      Partial area ratio:   34.75
      Required ratio:  400.00 (Side area) 
      Cumulative area ratio:    9.04
      Required ratio:    0.00 (Cumulative area) 
      Cumulative area ratio:   37.62
      Required ratio:    0.00 (Cumulative side area) 

    Layer: li1
      Partial area ratio:    2.15
      Required ratio:    0.00 (Gate area) 
      Partial area ratio:    2.87
      Required ratio:   75.00 (Side area) 
      Cumulative area ratio:    2.15
      Required ratio:    0.00 (Cumulative area) 
      Cumulative area ratio:    2.87
      Required ratio:    0.00 (Cumulative side area) 

    Via: M1M2_PR
      Partial area ratio:    0.02
      Required ratio:    6.00 (Gate area) 
      Cumulative area ratio:    0.08
      Required ratio:    0.00 (Cumulative area) 

    Via: L1M1_PR
      Partial area ratio:    0.06
      Required ratio:    3.00 (Gate area) 
      Cumulative area ratio:    0.06
      Required ratio:    0.00 (Cumulative area) 

  Pin: _5013_/A2 (sky130_fd_sc_hd__o211a_2)
    Layer: met2
      Partial area ratio:   21.51
      Required ratio:    0.00 (Gate area) 
      Partial area ratio:  107.81
      Required ratio: 3134.60 (Side area) 
      Cumulative area ratio:  112.06
      Required ratio:    0.00 (Cumulative area) 
      Cumulative area ratio:  555.34
      Required ratio:    0.00 (Cumulative side area) 

    Layer: met1
      Partial area ratio:    6.89
      Required ratio:    0.00 (Gate area) 
      Partial area ratio:   34.75
      Required ratio:  400.00 (Side area) 
      Cumulative area ratio:    8.51
      Required ratio:    0.00 (Cumulative area) 
      Cumulative area ratio:   36.92
      Required ratio:    0.00 (Cumulative side area) 

    Layer: li1
      Partial area ratio:    1.62
      Required ratio:    0.00 (Gate area) 
      Partial area ratio:    2.18
      Required ratio:   75.00 (Side area) 
      Cumulative area ratio:    1.62
      Required ratio:    0.00 (Cumulative area) 
      Cumulative area ratio:    2.18
      Required ratio:    0.00 (Cumulative side area) 

    Via: M1M2_PR
      Partial area ratio:    0.02
      Required ratio:    6.00 (Gate area) 
      Cumulative area ratio:    0.14
      Required ratio:    0.00 (Cumulative area) 

    Via: L1M1_PR
      Partial area ratio:    0.12
      Required ratio:    3.00 (Gate area) 
      Cumulative area ratio:    0.12
      Required ratio:    0.00 (Cumulative area) 

  Pin: _5085_/A2 (sky130_fd_sc_hd__o211a_2)
    Layer: met2
      Partial area ratio:   21.51
      Required ratio:    0.00 (Gate area) 
      Partial area ratio:  107.81
      Required ratio: 3134.60 (Side area) 
      Cumulative area ratio:  111.66
      Required ratio:    0.00 (Cumulative area) 
      Cumulative area ratio:  554.87
      Required ratio:    0.00 (Cumulative side area) 

    Layer: met1
      Partial area ratio:    6.89
      Required ratio:    0.00 (Gate area) 
      Partial area ratio:   34.75
      Required ratio:  400.00 (Side area) 
      Cumulative area ratio:    8.10
      Required ratio:    0.00 (Cumulative area) 
      Cumulative area ratio:   36.45
      Required ratio:    0.00 (Cumulative side area) 

    Layer: li1
      Partial area ratio:    1.21
      Required ratio:    0.00 (Gate area) 
      Partial area ratio:    1.70
      Required ratio:   75.00 (Side area) 
      Cumulative area ratio:    1.21
      Required ratio:    0.00 (Cumulative area) 
      Cumulative area ratio:    1.70
      Required ratio:    0.00 (Cumulative side area) 

    Via: M1M2_PR
      Partial area ratio:    0.02
      Required ratio:    6.00 (Gate area) 
      Cumulative area ratio:    0.14
      Required ratio:    0.00 (Cumulative area) 

    Via: L1M1_PR
      Partial area ratio:    0.12
      Required ratio:    3.00 (Gate area) 
      Cumulative area ratio:    0.12
      Required ratio:    0.00 (Cumulative area) 

  Pin: _4885_/A2 (sky130_fd_sc_hd__o211a_1)
    Layer: met2
      Partial area ratio:   21.51
      Required ratio:    0.00 (Gate area) 
      Partial area ratio:  107.81
      Required ratio: 3134.60 (Side area) 
      Cumulative area ratio:  106.18
      Required ratio:    0.00 (Cumulative area) 
      Cumulative area ratio:  521.78
      Required ratio:    0.00 (Cumulative side area) 

    Layer: met1
      Partial area ratio:   82.04
      Required ratio:    0.00 (Gate area) 
      Partial area ratio:  410.61
      Required ratio:  400.00 (Side area) (VIOLATED)
      Cumulative area ratio:   84.67
      Required ratio:    0.00 (Cumulative area) 
      Cumulative area ratio:  413.97
      Required ratio:    0.00 (Cumulative side area) 

    Layer: li1
      Partial area ratio:    2.62
      Required ratio:    0.00 (Gate area) 
      Partial area ratio:    3.36
      Required ratio:   75.00 (Side area) 
      Cumulative area ratio:    2.62
      Required ratio:    0.00 (Cumulative area) 
      Cumulative area ratio:    3.36
      Required ratio:    0.00 (Cumulative side area) 

    Via: M1M2_PR
      Partial area ratio:    0.18
      Required ratio:    6.00 (Gate area) 
      Cumulative area ratio:    0.30
      Required ratio:    0.00 (Cumulative area) 

    Via: L1M1_PR
      Partial area ratio:    0.12
      Required ratio:    3.00 (Gate area) 
      Cumulative area ratio:    0.12
      Required ratio:    0.00 (Cumulative area) 


Net: _1895_
  Pin: _5416_/A (sky130_fd_sc_hd__nand2_1)
    Layer: met2
      Partial area ratio:   44.57
      Required ratio:    0.00 (Gate area) 
      Partial area ratio:  223.26
      Required ratio: 3872.32 (Side area) 
      Cumulative area ratio:   49.91
      Required ratio:    0.00 (Cumulative area) 
      Cumulative area ratio:  237.63
      Required ratio:    0.00 (Cumulative side area) 

    Layer: met1
      Partial area ratio:    1.99
      Required ratio:    0.00 (Gate area) 
      Partial area ratio:   10.15
      Required ratio:  400.00 (Side area) 
      Cumulative area ratio:    5.34
      Required ratio:    0.00 (Cumulative area) 
      Cumulative area ratio:   14.37
      Required ratio:    0.00 (Cumulative side area) 

    Layer: li1
      Partial area ratio:    3.35
      Required ratio:    0.00 (Gate area) 
      Partial area ratio:    4.21
      Required ratio:   75.00 (Side area) 
      Cumulative area ratio:    3.35
      Required ratio:    0.00 (Cumulative area) 
      Cumulative area ratio:    4.21
      Required ratio:    0.00 (Cumulative side area) 

    Via: M1M2_PR
      Partial area ratio:    0.05
      Required ratio:    6.00 (Gate area) 
      Cumulative area ratio:    0.16
      Required ratio:    0.00 (Cumulative area) 

    Via: L1M1_PR
      Partial area ratio:    0.12
      Required ratio:    3.00 (Gate area) 
      Cumulative area ratio:    0.12
      Required ratio:    0.00 (Cumulative area) 

  Pin: _5407_/A (sky130_fd_sc_hd__nand2_1)
    Layer: met2
      Partial area ratio:   44.57
      Required ratio:    0.00 (Gate area) 
      Partial area ratio:  223.26
      Required ratio: 3872.32 (Side area) 
      Cumulative area ratio:   49.85
      Required ratio:    0.00 (Cumulative area) 
      Cumulative area ratio:  237.56
      Required ratio:    0.00 (Cumulative side area) 

    Layer: met1
      Partial area ratio:    1.99
      Required ratio:    0.00 (Gate area) 
      Partial area ratio:   10.15
      Required ratio:  400.00 (Side area) 
      Cumulative area ratio:    5.28
      Required ratio:    0.00 (Cumulative area) 
      Cumulative area ratio:   14.30
      Required ratio:    0.00 (Cumulative side area) 

    Layer: li1
      Partial area ratio:    3.29
      Required ratio:    0.00 (Gate area) 
      Partial area ratio:    4.14
      Required ratio:   75.00 (Side area) 
      Cumulative area ratio:    3.29
      Required ratio:    0.00 (Cumulative area) 
      Cumulative area ratio:    4.14
      Required ratio:    0.00 (Cumulative side area) 

    Via: M1M2_PR
      Partial area ratio:    0.05
      Required ratio:    6.00 (Gate area) 
      Cumulative area ratio:    0.16
      Required ratio:    0.00 (Cumulative area) 

    Via: L1M1_PR
      Partial area ratio:    0.12
      Required ratio:    3.00 (Gate area) 
      Cumulative area ratio:    0.12
      Required ratio:    0.00 (Cumulative area) 

  Pin: _5521_/A (sky130_fd_sc_hd__nand2_1)
    Layer: met2
      Partial area ratio:   44.57
      Required ratio:    0.00 (Gate area) 
      Partial area ratio:  223.26
      Required ratio: 3872.32 (Side area) 
      Cumulative area ratio:  125.01
      Required ratio:    0.00 (Cumulative area) 
      Cumulative area ratio:  617.34
      Required ratio:    0.00 (Cumulative side area) 

    Layer: met1
      Partial area ratio:   78.14
      Required ratio:    0.00 (Gate area) 
      Partial area ratio:  391.09
      Required ratio:  400.00 (Side area) 
      Cumulative area ratio:   80.44
      Required ratio:    0.00 (Cumulative area) 
      Cumulative area ratio:  394.08
      Required ratio:    0.00 (Cumulative side area) 

    Layer: li1
      Partial area ratio:    2.30
      Required ratio:    0.00 (Gate area) 
      Partial area ratio:    2.98
      Required ratio:   75.00 (Side area) 
      Cumulative area ratio:    2.30
      Required ratio:    0.00 (Cumulative area) 
      Cumulative area ratio:    2.98
      Required ratio:    0.00 (Cumulative side area) 

    Via: M1M2_PR
      Partial area ratio:    0.09
      Required ratio:    6.00 (Gate area) 
      Cumulative area ratio:    0.21
      Required ratio:    0.00 (Cumulative area) 

    Via: L1M1_PR
      Partial area ratio:    0.12
      Required ratio:    3.00 (Gate area) 
      Cumulative area ratio:    0.12
      Required ratio:    0.00 (Cumulative area) 

  Pin: _4918_/A (sky130_fd_sc_hd__nand2_1)
    Layer: met2
      Partial area ratio:   44.57
      Required ratio:    0.00 (Gate area) 
      Partial area ratio:  223.26
      Required ratio: 3872.32 (Side area) 
      Cumulative area ratio:  141.38
      Required ratio:    0.00 (Cumulative area) 
      Cumulative area ratio:  696.29
      Required ratio:    0.00 (Cumulative side area) 

    Layer: met1
      Partial area ratio:    0.00
      Required ratio:    0.00 (Gate area) 
      Partial area ratio:    0.00
      Required ratio:  400.00 (Side area) 
      Cumulative area ratio:    3.06
      Required ratio:    0.00 (Cumulative area) 
      Cumulative area ratio:    3.87
      Required ratio:    0.00 (Cumulative side area) 

    Layer: li1
      Partial area ratio:    3.06
      Required ratio:    0.00 (Gate area) 
      Partial area ratio:    3.87
      Required ratio:   75.00 (Side area) 
      Cumulative area ratio:    3.06
      Required ratio:    0.00 (Cumulative area) 
      Cumulative area ratio:    3.87
      Required ratio:    0.00 (Cumulative side area) 

    Via: M1M2_PR
      Partial area ratio:    0.09
      Required ratio:    6.00 (Gate area) 
      Cumulative area ratio:    0.21
      Required ratio:    0.00 (Cumulative area) 

    Via: L1M1_PR
      Partial area ratio:    0.12
      Required ratio:    3.00 (Gate area) 
      Cumulative area ratio:    0.12
      Required ratio:    0.00 (Cumulative area) 

  Pin: _4932_/A (sky130_fd_sc_hd__nand2_1)
    Layer: met2
      Partial area ratio:   44.57
      Required ratio:    0.00 (Gate area) 
      Partial area ratio:  223.26
      Required ratio: 3872.32 (Side area) 
      Cumulative area ratio:  141.00
      Required ratio:    0.00 (Cumulative area) 
      Cumulative area ratio:  695.84
      Required ratio:    0.00 (Cumulative side area) 

    Layer: met1
      Partial area ratio:    0.00
      Required ratio:    0.00 (Gate area) 
      Partial area ratio:    0.00
      Required ratio:  400.00 (Side area) 
      Cumulative area ratio:    2.67
      Required ratio:    0.00 (Cumulative area) 
      Cumulative area ratio:    3.42
      Required ratio:    0.00 (Cumulative side area) 

    Layer: li1
      Partial area ratio:    2.67
      Required ratio:    0.00 (Gate area) 
      Partial area ratio:    3.42
      Required ratio:   75.00 (Side area) 
      Cumulative area ratio:    2.67
      Required ratio:    0.00 (Cumulative area) 
      Cumulative area ratio:    3.42
      Required ratio:    0.00 (Cumulative side area) 

    Via: M1M2_PR
      Partial area ratio:    0.09
      Required ratio:    6.00 (Gate area) 
      Cumulative area ratio:    0.21
      Required ratio:    0.00 (Cumulative area) 

    Via: L1M1_PR
      Partial area ratio:    0.12
      Required ratio:    3.00 (Gate area) 
      Cumulative area ratio:    0.12
      Required ratio:    0.00 (Cumulative area) 

  Pin: _4892_/A (sky130_fd_sc_hd__nand2_1)
    Layer: met2
      Partial area ratio:   44.57
      Required ratio:    0.00 (Gate area) 
      Partial area ratio:  223.26
      Required ratio: 3872.32 (Side area) 
      Cumulative area ratio:  142.92
      Required ratio:    0.00 (Cumulative area) 
      Cumulative area ratio:  698.10
      Required ratio:    0.00 (Cumulative side area) 

    Layer: met1
      Partial area ratio:    0.00
      Required ratio:    0.00 (Gate area) 
      Partial area ratio:    0.00
      Required ratio:  400.00 (Side area) 
      Cumulative area ratio:    4.60
      Required ratio:    0.00 (Cumulative area) 
      Cumulative area ratio:    5.68
      Required ratio:    0.00 (Cumulative side area) 

    Layer: li1
      Partial area ratio:    4.60
      Required ratio:    0.00 (Gate area) 
      Partial area ratio:    5.68
      Required ratio:   75.00 (Side area) 
      Cumulative area ratio:    4.60
      Required ratio:    0.00 (Cumulative area) 
      Cumulative area ratio:    5.68
      Required ratio:    0.00 (Cumulative side area) 

    Via: M1M2_PR
      Partial area ratio:    0.09
      Required ratio:    6.00 (Gate area) 
      Cumulative area ratio:    0.21
      Required ratio:    0.00 (Cumulative area) 

    Via: L1M1_PR
      Partial area ratio:    0.12
      Required ratio:    3.00 (Gate area) 
      Cumulative area ratio:    0.12
      Required ratio:    0.00 (Cumulative area) 

  Pin: _4953_/A (sky130_fd_sc_hd__nand2_1)
    Layer: met2
      Partial area ratio:   44.57
      Required ratio:    0.00 (Gate area) 
      Partial area ratio:  223.26
      Required ratio: 3872.32 (Side area) 
      Cumulative area ratio:  142.19
      Required ratio:    0.00 (Cumulative area) 
      Cumulative area ratio:  697.25
      Required ratio:    0.00 (Cumulative side area) 

    Layer: met1
      Partial area ratio:    0.00
      Required ratio:    0.00 (Gate area) 
      Partial area ratio:    0.00
      Required ratio:  400.00 (Side area) 
      Cumulative area ratio:    3.87
      Required ratio:    0.00 (Cumulative area) 
      Cumulative area ratio:    4.83
      Required ratio:    0.00 (Cumulative side area) 

    Layer: li1
      Partial area ratio:    3.87
      Required ratio:    0.00 (Gate area) 
      Partial area ratio:    4.83
      Required ratio:   75.00 (Side area) 
      Cumulative area ratio:    3.87
      Required ratio:    0.00 (Cumulative area) 
      Cumulative area ratio:    4.83
      Required ratio:    0.00 (Cumulative side area) 

    Via: M1M2_PR
      Partial area ratio:    0.09
      Required ratio:    6.00 (Gate area) 
      Cumulative area ratio:    0.21
      Required ratio:    0.00 (Cumulative area) 

    Via: L1M1_PR
      Partial area ratio:    0.12
      Required ratio:    3.00 (Gate area) 
      Cumulative area ratio:    0.12
      Required ratio:    0.00 (Cumulative area) 

  Pin: _4961_/A (sky130_fd_sc_hd__nand2_1)
    Layer: met2
      Partial area ratio:   44.57
      Required ratio:    0.00 (Gate area) 
      Partial area ratio:  223.26
      Required ratio: 3872.32 (Side area) 
      Cumulative area ratio:  140.08
      Required ratio:    0.00 (Cumulative area) 
      Cumulative area ratio:  694.76
      Required ratio:    0.00 (Cumulative side area) 

    Layer: met1
      Partial area ratio:    0.00
      Required ratio:    0.00 (Gate area) 
      Partial area ratio:    0.00
      Required ratio:  400.00 (Side area) 
      Cumulative area ratio:    1.75
      Required ratio:    0.00 (Cumulative area) 
      Cumulative area ratio:    2.34
      Required ratio:    0.00 (Cumulative side area) 

    Layer: li1
      Partial area ratio:    1.75
      Required ratio:    0.00 (Gate area) 
      Partial area ratio:    2.34
      Required ratio:   75.00 (Side area) 
      Cumulative area ratio:    1.75
      Required ratio:    0.00 (Cumulative area) 
      Cumulative area ratio:    2.34
      Required ratio:    0.00 (Cumulative side area) 

    Via: M1M2_PR
      Partial area ratio:    0.09
      Required ratio:    6.00 (Gate area) 
      Cumulative area ratio:    0.21
      Required ratio:    0.00 (Cumulative area) 

    Via: L1M1_PR
      Partial area ratio:    0.12
      Required ratio:    3.00 (Gate area) 
      Cumulative area ratio:    0.12
      Required ratio:    0.00 (Cumulative area) 

  Pin: _4969_/A (sky130_fd_sc_hd__nand2_1)
    Layer: met2
      Partial area ratio:   44.57
      Required ratio:    0.00 (Gate area) 
      Partial area ratio:  223.26
      Required ratio: 3872.32 (Side area) 
      Cumulative area ratio:  139.79
      Required ratio:    0.00 (Cumulative area) 
      Cumulative area ratio:  694.41
      Required ratio:    0.00 (Cumulative side area) 

    Layer: met1
      Partial area ratio:    0.00
      Required ratio:    0.00 (Gate area) 
      Partial area ratio:    0.00
      Required ratio:  400.00 (Side area) 
      Cumulative area ratio:    1.46
      Required ratio:    0.00 (Cumulative area) 
      Cumulative area ratio:    1.99
      Required ratio:    0.00 (Cumulative side area) 

    Layer: li1
      Partial area ratio:    1.46
      Required ratio:    0.00 (Gate area) 
      Partial area ratio:    1.99
      Required ratio:   75.00 (Side area) 
      Cumulative area ratio:    1.46
      Required ratio:    0.00 (Cumulative area) 
      Cumulative area ratio:    1.99
      Required ratio:    0.00 (Cumulative side area) 

    Via: M1M2_PR
      Partial area ratio:    0.09
      Required ratio:    6.00 (Gate area) 
      Cumulative area ratio:    0.21
      Required ratio:    0.00 (Cumulative area) 

    Via: L1M1_PR
      Partial area ratio:    0.12
      Required ratio:    3.00 (Gate area) 
      Cumulative area ratio:    0.12
      Required ratio:    0.00 (Cumulative area) 

  Pin: _4939_/A (sky130_fd_sc_hd__nand2_1)
    Layer: met2
      Partial area ratio:   44.57
      Required ratio:    0.00 (Gate area) 
      Partial area ratio:  223.26
      Required ratio: 3872.32 (Side area) 
      Cumulative area ratio:  139.08
      Required ratio:    0.00 (Cumulative area) 
      Cumulative area ratio:  693.58
      Required ratio:    0.00 (Cumulative side area) 

    Layer: met1
      Partial area ratio:   93.75
      Required ratio:    0.00 (Gate area) 
      Partial area ratio:  469.16
      Required ratio:  400.00 (Side area) (VIOLATED)
      Cumulative area ratio:   94.50
      Required ratio:    0.00 (Cumulative area) 
      Cumulative area ratio:  470.31
      Required ratio:    0.00 (Cumulative side area) 

    Layer: li1
      Partial area ratio:    0.75
      Required ratio:    0.00 (Gate area) 
      Partial area ratio:    1.16
      Required ratio:   75.00 (Side area) 
      Cumulative area ratio:    0.75
      Required ratio:    0.00 (Cumulative area) 
      Cumulative area ratio:    1.16
      Required ratio:    0.00 (Cumulative side area) 

    Via: M1M2_PR
      Partial area ratio:    0.18
      Required ratio:    6.00 (Gate area) 
      Cumulative area ratio:    0.30
      Required ratio:    0.00 (Cumulative area) 

    Via: L1M1_PR
      Partial area ratio:    0.12
      Required ratio:    3.00 (Gate area) 
      Cumulative area ratio:    0.12
      Required ratio:    0.00 (Cumulative area) 


Net: _2131_
  Pin: _5257_/A2 (sky130_fd_sc_hd__a21o_1)
    Layer: met2
      Partial area ratio:   37.87
      Required ratio:    0.00 (Gate area) 
      Partial area ratio:  190.02
      Required ratio: 3236.16 (Side area) 
      Cumulative area ratio:   41.03
      Required ratio:    0.00 (Cumulative area) 
      Cumulative area ratio:  194.01
      Required ratio:    0.00 (Cumulative side area) 

    Layer: met1
      Partial area ratio:    0.00
      Required ratio:    0.00 (Gate area) 
      Partial area ratio:    0.00
      Required ratio:  400.00 (Side area) 
      Cumulative area ratio:    3.16
      Required ratio:    0.00 (Cumulative area) 
      Cumulative area ratio:    3.99
      Required ratio:    0.00 (Cumulative side area) 

    Layer: li1
      Partial area ratio:    3.16
      Required ratio:    0.00 (Gate area) 
      Partial area ratio:    3.99
      Required ratio:   75.00 (Side area) 
      Cumulative area ratio:    3.16
      Required ratio:    0.00 (Cumulative area) 
      Cumulative area ratio:    3.99
      Required ratio:    0.00 (Cumulative side area) 

    Layer: met3
      Partial area ratio:    6.77
      Required ratio:    0.00 (Gate area) 
      Partial area ratio:   36.72
      Required ratio: 3236.16 (Side area) 
      Cumulative area ratio:   47.80
      Required ratio:    0.00 (Cumulative area) 
      Cumulative area ratio:  230.73
      Required ratio:    0.00 (Cumulative side area) 

    Layer: met3
      Partial area ratio:    6.77
      Required ratio:    0.00 (Gate area) 
      Partial area ratio:   36.72
      Required ratio: 3236.16 (Side area) 
      Cumulative area ratio:   47.80
      Required ratio:    0.00 (Cumulative area) 
      Cumulative area ratio:  230.73
      Required ratio:    0.00 (Cumulative side area) 

    Layer: met4
      Partial area ratio:    6.21
      Required ratio:    0.00 (Gate area) 
      Partial area ratio:   33.40
      Required ratio: 3236.16 (Side area) 
      Cumulative area ratio:   54.01
      Required ratio:    0.00 (Cumulative area) 
      Cumulative area ratio:  264.13
      Required ratio:    0.00 (Cumulative side area) 

    Via: M2M3_PR
      Partial area ratio:    0.07
      Required ratio:    6.00 (Gate area) 
      Cumulative area ratio:    0.28
      Required ratio:    0.00 (Cumulative area) 

    Via: M1M2_PR
      Partial area ratio:    0.09
      Required ratio:    6.00 (Gate area) 
      Cumulative area ratio:    0.21
      Required ratio:    0.00 (Cumulative area) 

    Via: L1M1_PR
      Partial area ratio:    0.12
      Required ratio:    3.00 (Gate area) 
      Cumulative area ratio:    0.12
      Required ratio:    0.00 (Cumulative area) 

    Via: M3M4_PR
      Partial area ratio:    0.03
      Required ratio:    6.00 (Gate area) 
      Cumulative area ratio:    0.30
      Required ratio:    0.00 (Cumulative area) 

  Pin: _5217_/A (sky130_fd_sc_hd__and2_1)
    Layer: met2
      Partial area ratio:   37.87
      Required ratio:    0.00 (Gate area) 
      Partial area ratio:  190.02
      Required ratio: 3236.16 (Side area) 
      Cumulative area ratio:   64.05
      Required ratio:    0.00 (Cumulative area) 
      Cumulative area ratio:  310.67
      Required ratio:    0.00 (Cumulative side area) 

    Layer: met1
      Partial area ratio:   23.16
      Required ratio:    0.00 (Gate area) 
      Partial area ratio:  116.56
      Required ratio:  400.00 (Side area) 
      Cumulative area ratio:   26.18
      Required ratio:    0.00 (Cumulative area) 
      Cumulative area ratio:  120.65
      Required ratio:    0.00 (Cumulative side area) 

    Layer: li1
      Partial area ratio:    3.02
      Required ratio:    0.00 (Gate area) 
      Partial area ratio:    4.10
      Required ratio:   75.00 (Side area) 
      Cumulative area ratio:    3.02
      Required ratio:    0.00 (Cumulative area) 
      Cumulative area ratio:    4.10
      Required ratio:    0.00 (Cumulative side area) 

    Layer: met3
      Partial area ratio:    6.77
      Required ratio:    0.00 (Gate area) 
      Partial area ratio:   36.72
      Required ratio: 3236.16 (Side area) 
      Cumulative area ratio:   70.82
      Required ratio:    0.00 (Cumulative area) 
      Cumulative area ratio:  347.39
      Required ratio:    0.00 (Cumulative side area) 

    Layer: met3
      Partial area ratio:    6.77
      Required ratio:    0.00 (Gate area) 
      Partial area ratio:   36.72
      Required ratio: 3236.16 (Side area) 
      Cumulative area ratio:   70.82
      Required ratio:    0.00 (Cumulative area) 
      Cumulative area ratio:  347.39
      Required ratio:    0.00 (Cumulative side area) 

    Layer: met4
      Partial area ratio:    6.21
      Required ratio:    0.00 (Gate area) 
      Partial area ratio:   33.40
      Required ratio: 3236.16 (Side area) 
      Cumulative area ratio:   77.03
      Required ratio:    0.00 (Cumulative area) 
      Cumulative area ratio:  380.79
      Required ratio:    0.00 (Cumulative side area) 

    Via: M2M3_PR
      Partial area ratio:    0.07
      Required ratio:    6.00 (Gate area) 
      Cumulative area ratio:    0.65
      Required ratio:    0.00 (Cumulative area) 

    Via: M1M2_PR
      Partial area ratio:    0.36
      Required ratio:    6.00 (Gate area) 
      Cumulative area ratio:    0.59
      Required ratio:    0.00 (Cumulative area) 

    Via: L1M1_PR
      Partial area ratio:    0.23
      Required ratio:    3.00 (Gate area) 
      Cumulative area ratio:    0.23
      Required ratio:    0.00 (Cumulative area) 

    Via: M3M4_PR
      Partial area ratio:    0.03
      Required ratio:    6.00 (Gate area) 
      Cumulative area ratio:    0.68
      Required ratio:    0.00 (Cumulative area) 

  Pin: _5245_/A (sky130_fd_sc_hd__and2_1)
    Layer: met3
      Partial area ratio:    6.77
      Required ratio:    0.00 (Gate area) 
      Partial area ratio:   36.72
      Required ratio: 3236.16 (Side area) 
      Cumulative area ratio:   22.90
      Required ratio:    0.00 (Cumulative area) 
      Cumulative area ratio:   86.92
      Required ratio:    0.00 (Cumulative side area) 

    Layer: met2
      Partial area ratio:    7.82
      Required ratio:    0.00 (Gate area) 
      Partial area ratio:   39.89
      Required ratio:  400.00 (Side area) 
      Cumulative area ratio:   16.13
      Required ratio:    0.00 (Cumulative area) 
      Cumulative area ratio:   50.20
      Required ratio:    0.00 (Cumulative side area) 

    Layer: met1
      Partial area ratio:    0.00
      Required ratio:    0.00 (Gate area) 
      Partial area ratio:    0.00
      Required ratio:  400.00 (Side area) 
      Cumulative area ratio:    8.31
      Required ratio:    0.00 (Cumulative area) 
      Cumulative area ratio:   10.31
      Required ratio:    0.00 (Cumulative side area) 

    Layer: li1
      Partial area ratio:    8.31
      Required ratio:    0.00 (Gate area) 
      Partial area ratio:   10.31
      Required ratio:   75.00 (Side area) 
      Cumulative area ratio:    8.31
      Required ratio:    0.00 (Cumulative area) 
      Cumulative area ratio:   10.31
      Required ratio:    0.00 (Cumulative side area) 

    Via: M2M3_PR
      Partial area ratio:    0.16
      Required ratio:    6.00 (Gate area) 
      Cumulative area ratio:    0.57
      Required ratio:    0.00 (Cumulative area) 

    Via: M1M2_PR
      Partial area ratio:    0.18
      Required ratio:    6.00 (Gate area) 
      Cumulative area ratio:    0.41
      Required ratio:    0.00 (Cumulative area) 

    Via: L1M1_PR
      Partial area ratio:    0.23
      Required ratio:    3.00 (Gate area) 
      Cumulative area ratio:    0.23
      Required ratio:    0.00 (Cumulative area) 

  Pin: _5193_/A (sky130_fd_sc_hd__and2_1)
    Layer: met3
      Partial area ratio:    6.77
      Required ratio:    0.00 (Gate area) 
      Partial area ratio:   36.72
      Required ratio: 3236.16 (Side area) 
      Cumulative area ratio:   18.91
      Required ratio:    0.00 (Cumulative area) 
      Cumulative area ratio:   82.23
      Required ratio:    0.00 (Cumulative side area) 

    Layer: met2
      Partial area ratio:    7.82
      Required ratio:    0.00 (Gate area) 
      Partial area ratio:   39.89
      Required ratio:  400.00 (Side area) 
      Cumulative area ratio:   12.14
      Required ratio:    0.00 (Cumulative area) 
      Cumulative area ratio:   45.50
      Required ratio:    0.00 (Cumulative side area) 

    Layer: met1
      Partial area ratio:    0.00
      Required ratio:    0.00 (Gate area) 
      Partial area ratio:    0.00
      Required ratio:  400.00 (Side area) 
      Cumulative area ratio:    4.31
      Required ratio:    0.00 (Cumulative area) 
      Cumulative area ratio:    5.62
      Required ratio:    0.00 (Cumulative side area) 

    Layer: li1
      Partial area ratio:    4.31
      Required ratio:    0.00 (Gate area) 
      Partial area ratio:    5.62
      Required ratio:   75.00 (Side area) 
      Cumulative area ratio:    4.31
      Required ratio:    0.00 (Cumulative area) 
      Cumulative area ratio:    5.62
      Required ratio:    0.00 (Cumulative side area) 

    Via: M2M3_PR
      Partial area ratio:    0.16
      Required ratio:    6.00 (Gate area) 
      Cumulative area ratio:    0.57
      Required ratio:    0.00 (Cumulative area) 

    Via: M1M2_PR
      Partial area ratio:    0.18
      Required ratio:    6.00 (Gate area) 
      Cumulative area ratio:    0.41
      Required ratio:    0.00 (Cumulative area) 

    Via: L1M1_PR
      Partial area ratio:    0.23
      Required ratio:    3.00 (Gate area) 
      Cumulative area ratio:    0.23
      Required ratio:    0.00 (Cumulative area) 

  Pin: _5222_/A (sky130_fd_sc_hd__and2_1)
    Layer: met3
      Partial area ratio:    6.77
      Required ratio:    0.00 (Gate area) 
      Partial area ratio:   36.72
      Required ratio: 3236.16 (Side area) 
      Cumulative area ratio:   15.14
      Required ratio:    0.00 (Cumulative area) 
      Cumulative area ratio:   47.11
      Required ratio:    0.00 (Cumulative side area) 

    Layer: met2
      Partial area ratio:    0.00
      Required ratio:    0.00 (Gate area) 
      Partial area ratio:    0.00
      Required ratio:  400.00 (Side area) 
      Cumulative area ratio:    8.37
      Required ratio:    0.00 (Cumulative area) 
      Cumulative area ratio:   10.38
      Required ratio:    0.00 (Cumulative side area) 

    Layer: met1
      Partial area ratio:    0.00
      Required ratio:    0.00 (Gate area) 
      Partial area ratio:    0.00
      Required ratio:  400.00 (Side area) 
      Cumulative area ratio:    8.37
      Required ratio:    0.00 (Cumulative area) 
      Cumulative area ratio:   10.38
      Required ratio:    0.00 (Cumulative side area) 

    Layer: li1
      Partial area ratio:    8.37
      Required ratio:    0.00 (Gate area) 
      Partial area ratio:   10.38
      Required ratio:   75.00 (Side area) 
      Cumulative area ratio:    8.37
      Required ratio:    0.00 (Cumulative area) 
      Cumulative area ratio:   10.38
      Required ratio:    0.00 (Cumulative side area) 

    Via: M2M3_PR
      Partial area ratio:    0.32
      Required ratio:    6.00 (Gate area) 
      Cumulative area ratio:    0.73
      Required ratio:    0.00 (Cumulative area) 

    Via: M1M2_PR
      Partial area ratio:    0.18
      Required ratio:    6.00 (Gate area) 
      Cumulative area ratio:    0.41
      Required ratio:    0.00 (Cumulative area) 

    Via: L1M1_PR
      Partial area ratio:    0.23
      Required ratio:    3.00 (Gate area) 
      Cumulative area ratio:    0.23
      Required ratio:    0.00 (Cumulative area) 

  Pin: _5166_/A (sky130_fd_sc_hd__clkbuf_8)
    Layer: met2
      Partial area ratio:   37.87
      Required ratio:    0.00 (Gate area) 
      Partial area ratio:  190.02
      Required ratio: 3236.16 (Side area) 
      Cumulative area ratio:   38.71
      Required ratio:    0.00 (Cumulative area) 
      Cumulative area ratio:  191.17
      Required ratio:    0.00 (Cumulative side area) 

    Layer: met3
      Partial area ratio:    6.77
      Required ratio:    0.00 (Gate area) 
      Partial area ratio:   36.72
      Required ratio: 3236.16 (Side area) 
      Cumulative area ratio:   45.48
      Required ratio:    0.00 (Cumulative area) 
      Cumulative area ratio:  227.89
      Required ratio:    0.00 (Cumulative side area) 

    Layer: met1
      Partial area ratio:    0.00
      Required ratio:    0.00 (Gate area) 
      Partial area ratio:    0.00
      Required ratio:  400.00 (Side area) 
      Cumulative area ratio:    0.84
      Required ratio:    0.00 (Cumulative area) 
      Cumulative area ratio:    1.15
      Required ratio:    0.00 (Cumulative side area) 

    Layer: li1
      Partial area ratio:    0.84
      Required ratio:    0.00 (Gate area) 
      Partial area ratio:    1.15
      Required ratio:   75.00 (Side area) 
      Cumulative area ratio:    0.84
      Required ratio:    0.00 (Cumulative area) 
      Cumulative area ratio:    1.15
      Required ratio:    0.00 (Cumulative side area) 

    Layer: met3
      Partial area ratio:    6.77
      Required ratio:    0.00 (Gate area) 
      Partial area ratio:   36.72
      Required ratio: 3236.16 (Side area) 
      Cumulative area ratio:   45.48
      Required ratio:    0.00 (Cumulative area) 
      Cumulative area ratio:  227.89
      Required ratio:    0.00 (Cumulative side area) 

    Layer: met4
      Partial area ratio:    6.21
      Required ratio:    0.00 (Gate area) 
      Partial area ratio:   33.40
      Required ratio: 3236.16 (Side area) 
      Cumulative area ratio:   51.69
      Required ratio:    0.00 (Cumulative area) 
      Cumulative area ratio:  261.29
      Required ratio:    0.00 (Cumulative side area) 

    Via: M2M3_PR
      Partial area ratio:    0.07
      Required ratio:    6.00 (Gate area) 
      Cumulative area ratio:    0.19
      Required ratio:    0.00 (Cumulative area) 

    Via: M1M2_PR
      Partial area ratio:    0.05
      Required ratio:    6.00 (Gate area) 
      Cumulative area ratio:    0.12
      Required ratio:    0.00 (Cumulative area) 

    Via: L1M1_PR
      Partial area ratio:    0.07
      Required ratio:    3.00 (Gate area) 
      Cumulative area ratio:    0.07
      Required ratio:    0.00 (Cumulative area) 

    Via: M3M4_PR
      Partial area ratio:    0.03
      Required ratio:    6.00 (Gate area) 
      Cumulative area ratio:    0.21
      Required ratio:    0.00 (Cumulative area) 

  Pin: _5177_/A (sky130_fd_sc_hd__and2_1)
    Layer: met2
      Partial area ratio:   37.87
      Required ratio:    0.00 (Gate area) 
      Partial area ratio:  190.02
      Required ratio: 3236.16 (Side area) 
      Cumulative area ratio:   50.47
      Required ratio:    0.00 (Cumulative area) 
      Cumulative area ratio:  236.06
      Required ratio:    0.00 (Cumulative side area) 

    Layer: met3
      Partial area ratio:    6.77
      Required ratio:    0.00 (Gate area) 
      Partial area ratio:   36.72
      Required ratio: 3236.16 (Side area) 
      Cumulative area ratio:   57.24
      Required ratio:    0.00 (Cumulative area) 
      Cumulative area ratio:  272.79
      Required ratio:    0.00 (Cumulative side area) 

    Layer: met1
      Partial area ratio:    7.82
      Required ratio:    0.00 (Gate area) 
      Partial area ratio:   39.89
      Required ratio:  400.00 (Side area) 
      Cumulative area ratio:   12.60
      Required ratio:    0.00 (Cumulative area) 
      Cumulative area ratio:   46.04
      Required ratio:    0.00 (Cumulative side area) 

    Layer: li1
      Partial area ratio:    4.77
      Required ratio:    0.00 (Gate area) 
      Partial area ratio:    6.16
      Required ratio:   75.00 (Side area) 
      Cumulative area ratio:    4.77
      Required ratio:    0.00 (Cumulative area) 
      Cumulative area ratio:    6.16
      Required ratio:    0.00 (Cumulative side area) 

    Layer: met3
      Partial area ratio:    6.77
      Required ratio:    0.00 (Gate area) 
      Partial area ratio:   36.72
      Required ratio: 3236.16 (Side area) 
      Cumulative area ratio:   57.24
      Required ratio:    0.00 (Cumulative area) 
      Cumulative area ratio:  272.79
      Required ratio:    0.00 (Cumulative side area) 

    Layer: met4
      Partial area ratio:    6.21
      Required ratio:    0.00 (Gate area) 
      Partial area ratio:   33.40
      Required ratio: 3236.16 (Side area) 
      Cumulative area ratio:   63.44
      Required ratio:    0.00 (Cumulative area) 
      Cumulative area ratio:  306.18
      Required ratio:    0.00 (Cumulative side area) 

    Via: M2M3_PR
      Partial area ratio:    0.07
      Required ratio:    6.00 (Gate area) 
      Cumulative area ratio:    0.65
      Required ratio:    0.00 (Cumulative area) 

    Via: M1M2_PR
      Partial area ratio:    0.36
      Required ratio:    6.00 (Gate area) 
      Cumulative area ratio:    0.59
      Required ratio:    0.00 (Cumulative area) 

    Via: L1M1_PR
      Partial area ratio:    0.23
      Required ratio:    3.00 (Gate area) 
      Cumulative area ratio:    0.23
      Required ratio:    0.00 (Cumulative area) 

    Via: M3M4_PR
      Partial area ratio:    0.03
      Required ratio:    6.00 (Gate area) 
      Cumulative area ratio:    0.68
      Required ratio:    0.00 (Cumulative area) 

  Pin: _5179_/A (sky130_fd_sc_hd__and2_1)
    Layer: met2
      Partial area ratio:   37.87
      Required ratio:    0.00 (Gate area) 
      Partial area ratio:  190.02
      Required ratio: 3236.16 (Side area) 
      Cumulative area ratio:  186.84
      Required ratio:    0.00 (Cumulative area) 
      Cumulative area ratio:  925.52
      Required ratio:    0.00 (Cumulative side area) 

    Layer: met3
      Partial area ratio:    6.77
      Required ratio:    0.00 (Gate area) 
      Partial area ratio:   36.72
      Required ratio: 3236.16 (Side area) 
      Cumulative area ratio:  193.61
      Required ratio:    0.00 (Cumulative area) 
      Cumulative area ratio:  962.24
      Required ratio:    0.00 (Cumulative side area) 

    Layer: met1
      Partial area ratio:  138.16
      Required ratio:    0.00 (Gate area) 
      Partial area ratio:  691.56
      Required ratio:  400.00 (Side area) (VIOLATED)
      Cumulative area ratio:  141.15
      Required ratio:    0.00 (Cumulative area) 
      Cumulative area ratio:  695.61
      Required ratio:    0.00 (Cumulative side area) 

    Layer: li1
      Partial area ratio:    2.99
      Required ratio:    0.00 (Gate area) 
      Partial area ratio:    4.06
      Required ratio:   75.00 (Side area) 
      Cumulative area ratio:    2.99
      Required ratio:    0.00 (Cumulative area) 
      Cumulative area ratio:    4.06
      Required ratio:    0.00 (Cumulative side area) 

    Layer: met3
      Partial area ratio:    6.77
      Required ratio:    0.00 (Gate area) 
      Partial area ratio:   36.72
      Required ratio: 3236.16 (Side area) 
      Cumulative area ratio:  193.61
      Required ratio:    0.00 (Cumulative area) 
      Cumulative area ratio:  962.24
      Required ratio:    0.00 (Cumulative side area) 

    Layer: met4
      Partial area ratio:    6.21
      Required ratio:    0.00 (Gate area) 
      Partial area ratio:   33.40
      Required ratio: 3236.16 (Side area) 
      Cumulative area ratio:  199.82
      Required ratio:    0.00 (Cumulative area) 
      Cumulative area ratio:  995.64
      Required ratio:    0.00 (Cumulative side area) 

    Via: M2M3_PR
      Partial area ratio:    0.07
      Required ratio:    6.00 (Gate area) 
      Cumulative area ratio:    1.01
      Required ratio:    0.00 (Cumulative area) 

    Via: M1M2_PR
      Partial area ratio:    0.36
      Required ratio:    6.00 (Gate area) 
      Cumulative area ratio:    0.59
      Required ratio:    0.00 (Cumulative area) 

    Via: L1M1_PR
      Partial area ratio:    0.23
      Required ratio:    3.00 (Gate area) 
      Cumulative area ratio:    0.23
      Required ratio:    0.00 (Cumulative area) 

    Via: M3M4_PR
      Partial area ratio:    0.03
      Required ratio:    6.00 (Gate area) 
      Cumulative area ratio:    1.04
      Required ratio:    0.00 (Cumulative area) 

  Pin: _5188_/A (sky130_fd_sc_hd__and2_1)
    Layer: met4
      Partial area ratio:    6.21
      Required ratio:    0.00 (Gate area) 
      Partial area ratio:   33.40
      Required ratio: 3236.16 (Side area) 
      Cumulative area ratio:   10.26
      Required ratio:    0.00 (Cumulative area) 
      Cumulative area ratio:   38.71
      Required ratio:    0.00 (Cumulative side area) 

    Layer: met3
      Partial area ratio:    0.00
      Required ratio:    0.00 (Gate area) 
      Partial area ratio:    0.00
      Required ratio:  400.00 (Side area) 
      Cumulative area ratio:    4.05
      Required ratio:    0.00 (Cumulative area) 
      Cumulative area ratio:    5.31
      Required ratio:    0.00 (Cumulative side area) 

    Layer: met2
      Partial area ratio:    0.00
      Required ratio:    0.00 (Gate area) 
      Partial area ratio:    0.00
      Required ratio:  400.00 (Side area) 
      Cumulative area ratio:    4.05
      Required ratio:    0.00 (Cumulative area) 
      Cumulative area ratio:    5.31
      Required ratio:    0.00 (Cumulative side area) 

    Layer: met1
      Partial area ratio:    0.00
      Required ratio:    0.00 (Gate area) 
      Partial area ratio:    0.00
      Required ratio:  400.00 (Side area) 
      Cumulative area ratio:    4.05
      Required ratio:    0.00 (Cumulative area) 
      Cumulative area ratio:    5.31
      Required ratio:    0.00 (Cumulative side area) 

    Layer: li1
      Partial area ratio:    4.05
      Required ratio:    0.00 (Gate area) 
      Partial area ratio:    5.31
      Required ratio:   75.00 (Side area) 
      Cumulative area ratio:    4.05
      Required ratio:    0.00 (Cumulative area) 
      Cumulative area ratio:    5.31
      Required ratio:    0.00 (Cumulative side area) 

    Via: M3M4_PR
      Partial area ratio:    0.32
      Required ratio:    6.00 (Gate area) 
      Cumulative area ratio:    1.04
      Required ratio:    0.00 (Cumulative area) 

    Via: M2M3_PR
      Partial area ratio:    0.32
      Required ratio:    6.00 (Gate area) 
      Cumulative area ratio:    0.73
      Required ratio:    0.00 (Cumulative area) 

    Via: M1M2_PR
      Partial area ratio:    0.18
      Required ratio:    6.00 (Gate area) 
      Cumulative area ratio:    0.41
      Required ratio:    0.00 (Cumulative area) 

    Via: L1M1_PR
      Partial area ratio:    0.23
      Required ratio:    3.00 (Gate area) 
      Cumulative area ratio:    0.23
      Required ratio:    0.00 (Cumulative area) 

  Pin: _5190_/A (sky130_fd_sc_hd__and2_1)
    Layer: met2
      Partial area ratio:   37.87
      Required ratio:    0.00 (Gate area) 
      Partial area ratio:  190.02
      Required ratio: 3236.16 (Side area) 
      Cumulative area ratio:  197.09
      Required ratio:    0.00 (Cumulative area) 
      Cumulative area ratio:  968.27
      Required ratio:    0.00 (Cumulative side area) 

    Layer: met3
      Partial area ratio:    6.77
      Required ratio:    0.00 (Gate area) 
      Partial area ratio:   36.72
      Required ratio: 3236.16 (Side area) 
      Cumulative area ratio:  203.86
      Required ratio:    0.00 (Cumulative area) 
      Cumulative area ratio: 1004.99
      Required ratio:    0.00 (Cumulative side area) 

    Layer: met1
      Partial area ratio:    7.82
      Required ratio:    0.00 (Gate area) 
      Partial area ratio:   39.89
      Required ratio:  400.00 (Side area) 
      Cumulative area ratio:   13.24
      Required ratio:    0.00 (Cumulative area) 
      Cumulative area ratio:   46.80
      Required ratio:    0.00 (Cumulative side area) 

    Layer: met3
      Partial area ratio:    6.77
      Required ratio:    0.00 (Gate area) 
      Partial area ratio:   36.72
      Required ratio: 3236.16 (Side area) 
      Cumulative area ratio:  203.86
      Required ratio:    0.00 (Cumulative area) 
      Cumulative area ratio: 1004.99
      Required ratio:    0.00 (Cumulative side area) 

    Layer: met4
      Partial area ratio:    6.21
      Required ratio:    0.00 (Gate area) 
      Partial area ratio:   33.40
      Required ratio: 3236.16 (Side area) 
      Cumulative area ratio:  210.07
      Required ratio:    0.00 (Cumulative area) 
      Cumulative area ratio: 1038.39
      Required ratio:    0.00 (Cumulative side area) 

    Layer: li1
      Partial area ratio:    5.42
      Required ratio:    0.00 (Gate area) 
      Partial area ratio:    6.92
      Required ratio:   75.00 (Side area) 
      Cumulative area ratio:    5.42
      Required ratio:    0.00 (Cumulative area) 
      Cumulative area ratio:    6.92
      Required ratio:    0.00 (Cumulative side area) 

    Via: M2M3_PR
      Partial area ratio:    0.07
      Required ratio:    6.00 (Gate area) 
      Cumulative area ratio:    1.37
      Required ratio:    0.00 (Cumulative area) 

    Via: M1M2_PR
      Partial area ratio:    0.36
      Required ratio:    6.00 (Gate area) 
      Cumulative area ratio:    0.59
      Required ratio:    0.00 (Cumulative area) 

    Via: M3M4_PR
      Partial area ratio:    0.03
      Required ratio:    6.00 (Gate area) 
      Cumulative area ratio:    1.39
      Required ratio:    0.00 (Cumulative area) 

    Via: L1M1_PR
      Partial area ratio:    0.23
      Required ratio:    3.00 (Gate area) 
      Cumulative area ratio:    0.23
      Required ratio:    0.00 (Cumulative area) 


Net: _2643_
  Pin: _5849_/S (sky130_fd_sc_hd__mux2_1)
    Layer: met2
      Partial area ratio:   43.93
      Required ratio:    0.00 (Gate area) 
      Partial area ratio:  219.96
      Required ratio: 3872.32 (Side area) 
      Cumulative area ratio:  142.56
      Required ratio:    0.00 (Cumulative area) 
      Cumulative area ratio:  703.37
      Required ratio:    0.00 (Cumulative side area) 

    Layer: met1
      Partial area ratio:    0.00
      Required ratio:    0.00 (Gate area) 
      Partial area ratio:    0.00
      Required ratio:  400.00 (Side area) 
      Cumulative area ratio:    2.72
      Required ratio:    0.00 (Cumulative area) 
      Cumulative area ratio:    3.47
      Required ratio:    0.00 (Cumulative side area) 

    Layer: li1
      Partial area ratio:    2.72
      Required ratio:    0.00 (Gate area) 
      Partial area ratio:    3.47
      Required ratio:   75.00 (Side area) 
      Cumulative area ratio:    2.72
      Required ratio:    0.00 (Cumulative area) 
      Cumulative area ratio:    3.47
      Required ratio:    0.00 (Cumulative side area) 

    Layer: met3
      Partial area ratio:    2.50
      Required ratio:    0.00 (Gate area) 
      Partial area ratio:   13.52
      Required ratio: 3872.32 (Side area) 
      Cumulative area ratio:  145.06
      Required ratio:    0.00 (Cumulative area) 
      Cumulative area ratio:  716.90
      Required ratio:    0.00 (Cumulative side area) 

    Via: M2M3_PR
      Partial area ratio:    0.02
      Required ratio:    6.00 (Gate area) 
      Cumulative area ratio:    0.40
      Required ratio:    0.00 (Cumulative area) 

    Via: M1M2_PR
      Partial area ratio:    0.09
      Required ratio:    6.00 (Gate area) 
      Cumulative area ratio:    0.20
      Required ratio:    0.00 (Cumulative area) 

    Via: L1M1_PR
      Partial area ratio:    0.11
      Required ratio:    3.00 (Gate area) 
      Cumulative area ratio:    0.11
      Required ratio:    0.00 (Cumulative area) 

  Pin: _5859_/S (sky130_fd_sc_hd__mux2_1)
    Layer: met2
      Partial area ratio:   43.93
      Required ratio:    0.00 (Gate area) 
      Partial area ratio:  219.96
      Required ratio: 3872.32 (Side area) 
      Cumulative area ratio:  142.44
      Required ratio:    0.00 (Cumulative area) 
      Cumulative area ratio:  703.23
      Required ratio:    0.00 (Cumulative side area) 

    Layer: met1
      Partial area ratio:   95.91
      Required ratio:    0.00 (Gate area) 
      Partial area ratio:  479.94
      Required ratio:  400.00 (Side area) (VIOLATED)
      Cumulative area ratio:   98.51
      Required ratio:    0.00 (Cumulative area) 
      Cumulative area ratio:  483.27
      Required ratio:    0.00 (Cumulative side area) 

    Layer: li1
      Partial area ratio:    2.60
      Required ratio:    0.00 (Gate area) 
      Partial area ratio:    3.33
      Required ratio:   75.00 (Side area) 
      Cumulative area ratio:    2.60
      Required ratio:    0.00 (Cumulative area) 
      Cumulative area ratio:    3.33
      Required ratio:    0.00 (Cumulative side area) 

    Layer: met3
      Partial area ratio:    2.50
      Required ratio:    0.00 (Gate area) 
      Partial area ratio:   13.52
      Required ratio: 3872.32 (Side area) 
      Cumulative area ratio:  144.94
      Required ratio:    0.00 (Cumulative area) 
      Cumulative area ratio:  716.75
      Required ratio:    0.00 (Cumulative side area) 

    Via: M2M3_PR
      Partial area ratio:    0.02
      Required ratio:    6.00 (Gate area) 
      Cumulative area ratio:    0.31
      Required ratio:    0.00 (Cumulative area) 

    Via: M1M2_PR
      Partial area ratio:    0.18
      Required ratio:    6.00 (Gate area) 
      Cumulative area ratio:    0.29
      Required ratio:    0.00 (Cumulative area) 

    Via: L1M1_PR
      Partial area ratio:    0.11
      Required ratio:    3.00 (Gate area) 
      Cumulative area ratio:    0.11
      Required ratio:    0.00 (Cumulative area) 

  Pin: _5863_/S (sky130_fd_sc_hd__mux2_1)
    Layer: met2
      Partial area ratio:   43.93
      Required ratio:    0.00 (Gate area) 
      Partial area ratio:  219.96
      Required ratio: 3872.32 (Side area) 
      Cumulative area ratio:   54.45
      Required ratio:    0.00 (Cumulative area) 
      Cumulative area ratio:  262.60
      Required ratio:    0.00 (Cumulative side area) 

    Layer: met1
      Partial area ratio:    7.74
      Required ratio:    0.00 (Gate area) 
      Partial area ratio:   39.11
      Required ratio:  400.00 (Side area) 
      Cumulative area ratio:   10.52
      Required ratio:    0.00 (Cumulative area) 
      Cumulative area ratio:   42.64
      Required ratio:    0.00 (Cumulative side area) 

    Layer: li1
      Partial area ratio:    2.77
      Required ratio:    0.00 (Gate area) 
      Partial area ratio:    3.53
      Required ratio:   75.00 (Side area) 
      Cumulative area ratio:    2.77
      Required ratio:    0.00 (Cumulative area) 
      Cumulative area ratio:    3.53
      Required ratio:    0.00 (Cumulative side area) 

    Layer: met3
      Partial area ratio:    2.50
      Required ratio:    0.00 (Gate area) 
      Partial area ratio:   13.52
      Required ratio: 3872.32 (Side area) 
      Cumulative area ratio:   56.95
      Required ratio:    0.00 (Cumulative area) 
      Cumulative area ratio:  276.12
      Required ratio:    0.00 (Cumulative side area) 

    Via: M2M3_PR
      Partial area ratio:    0.02
      Required ratio:    6.00 (Gate area) 
      Cumulative area ratio:    0.22
      Required ratio:    0.00 (Cumulative area) 

    Via: M1M2_PR
      Partial area ratio:    0.09
      Required ratio:    6.00 (Gate area) 
      Cumulative area ratio:    0.20
      Required ratio:    0.00 (Cumulative area) 

    Via: L1M1_PR
      Partial area ratio:    0.11
      Required ratio:    3.00 (Gate area) 
      Cumulative area ratio:    0.11
      Required ratio:    0.00 (Cumulative area) 

  Pin: _5855_/S (sky130_fd_sc_hd__mux2_1)
    Layer: met2
      Partial area ratio:   43.93
      Required ratio:    0.00 (Gate area) 
      Partial area ratio:  219.96
      Required ratio: 3872.32 (Side area) 
      Cumulative area ratio:   48.73
      Required ratio:    0.00 (Cumulative area) 
      Cumulative area ratio:  225.87
      Required ratio:    0.00 (Cumulative side area) 

    Layer: met1
      Partial area ratio:    0.00
      Required ratio:    0.00 (Gate area) 
      Partial area ratio:    0.00
      Required ratio:  400.00 (Side area) 
      Cumulative area ratio:    4.80
      Required ratio:    0.00 (Cumulative area) 
      Cumulative area ratio:    5.92
      Required ratio:    0.00 (Cumulative side area) 

    Layer: li1
      Partial area ratio:    4.80
      Required ratio:    0.00 (Gate area) 
      Partial area ratio:    5.92
      Required ratio:   75.00 (Side area) 
      Cumulative area ratio:    4.80
      Required ratio:    0.00 (Cumulative area) 
      Cumulative area ratio:    5.92
      Required ratio:    0.00 (Cumulative side area) 

    Layer: met3
      Partial area ratio:    2.50
      Required ratio:    0.00 (Gate area) 
      Partial area ratio:   13.52
      Required ratio: 3872.32 (Side area) 
      Cumulative area ratio:   51.23
      Required ratio:    0.00 (Cumulative area) 
      Cumulative area ratio:  239.40
      Required ratio:    0.00 (Cumulative side area) 

    Via: M2M3_PR
      Partial area ratio:    0.02
      Required ratio:    6.00 (Gate area) 
      Cumulative area ratio:    0.22
      Required ratio:    0.00 (Cumulative area) 

    Via: M1M2_PR
      Partial area ratio:    0.09
      Required ratio:    6.00 (Gate area) 
      Cumulative area ratio:    0.20
      Required ratio:    0.00 (Cumulative area) 

    Via: L1M1_PR
      Partial area ratio:    0.11
      Required ratio:    3.00 (Gate area) 
      Cumulative area ratio:    0.11
      Required ratio:    0.00 (Cumulative area) 

  Pin: _5865_/S (sky130_fd_sc_hd__mux2_1)
    Layer: met2
      Partial area ratio:   43.93
      Required ratio:    0.00 (Gate area) 
      Partial area ratio:  219.96
      Required ratio: 3872.32 (Side area) 
      Cumulative area ratio:   84.86
      Required ratio:    0.00 (Cumulative area) 
      Cumulative area ratio:  423.30
      Required ratio:    0.00 (Cumulative side area) 

    Layer: met1
      Partial area ratio:   40.37
      Required ratio:    0.00 (Gate area) 
      Partial area ratio:  202.42
      Required ratio:  400.00 (Side area) 
      Cumulative area ratio:   40.92
      Required ratio:    0.00 (Cumulative area) 
      Cumulative area ratio:  203.34
      Required ratio:    0.00 (Cumulative side area) 

    Layer: li1
      Partial area ratio:    0.56
      Required ratio:    0.00 (Gate area) 
      Partial area ratio:    0.93
      Required ratio:   75.00 (Side area) 
      Cumulative area ratio:    0.56
      Required ratio:    0.00 (Cumulative area) 
      Cumulative area ratio:    0.93
      Required ratio:    0.00 (Cumulative side area) 

    Layer: met3
      Partial area ratio:    2.50
      Required ratio:    0.00 (Gate area) 
      Partial area ratio:   13.52
      Required ratio: 3872.32 (Side area) 
      Cumulative area ratio:   87.36
      Required ratio:    0.00 (Cumulative area) 
      Cumulative area ratio:  436.82
      Required ratio:    0.00 (Cumulative side area) 

    Via: M2M3_PR
      Partial area ratio:    0.02
      Required ratio:    6.00 (Gate area) 
      Cumulative area ratio:    0.22
      Required ratio:    0.00 (Cumulative area) 

    Via: M1M2_PR
      Partial area ratio:    0.09
      Required ratio:    6.00 (Gate area) 
      Cumulative area ratio:    0.20
      Required ratio:    0.00 (Cumulative area) 

    Via: L1M1_PR
      Partial area ratio:    0.11
      Required ratio:    3.00 (Gate area) 
      Cumulative area ratio:    0.11
      Required ratio:    0.00 (Cumulative area) 

  Pin: _5857_/S (sky130_fd_sc_hd__mux2_1)
    Layer: met2
      Partial area ratio:   43.93
      Required ratio:    0.00 (Gate area) 
      Partial area ratio:  219.96
      Required ratio: 3872.32 (Side area) 
      Cumulative area ratio:   87.53
      Required ratio:    0.00 (Cumulative area) 
      Cumulative area ratio:  426.45
      Required ratio:    0.00 (Cumulative side area) 

    Layer: met1
      Partial area ratio:   40.37
      Required ratio:    0.00 (Gate area) 
      Partial area ratio:  202.42
      Required ratio:  400.00 (Side area) 
      Cumulative area ratio:   43.60
      Required ratio:    0.00 (Cumulative area) 
      Cumulative area ratio:  206.49
      Required ratio:    0.00 (Cumulative side area) 

    Layer: li1
      Partial area ratio:    3.23
      Required ratio:    0.00 (Gate area) 
      Partial area ratio:    4.07
      Required ratio:   75.00 (Side area) 
      Cumulative area ratio:    3.23
      Required ratio:    0.00 (Cumulative area) 
      Cumulative area ratio:    4.07
      Required ratio:    0.00 (Cumulative side area) 

    Layer: met3
      Partial area ratio:    2.50
      Required ratio:    0.00 (Gate area) 
      Partial area ratio:   13.52
      Required ratio: 3872.32 (Side area) 
      Cumulative area ratio:   90.03
      Required ratio:    0.00 (Cumulative area) 
      Cumulative area ratio:  439.97
      Required ratio:    0.00 (Cumulative side area) 

    Via: M2M3_PR
      Partial area ratio:    0.02
      Required ratio:    6.00 (Gate area) 
      Cumulative area ratio:    0.22
      Required ratio:    0.00 (Cumulative area) 

    Via: M1M2_PR
      Partial area ratio:    0.09
      Required ratio:    6.00 (Gate area) 
      Cumulative area ratio:    0.20
      Required ratio:    0.00 (Cumulative area) 

    Via: L1M1_PR
      Partial area ratio:    0.11
      Required ratio:    3.00 (Gate area) 
      Cumulative area ratio:    0.11
      Required ratio:    0.00 (Cumulative area) 

  Pin: _5851_/S (sky130_fd_sc_hd__mux2_1)
    Layer: met2
      Partial area ratio:   43.93
      Required ratio:    0.00 (Gate area) 
      Partial area ratio:  219.96
      Required ratio: 3872.32 (Side area) 
      Cumulative area ratio:   90.16
      Required ratio:    0.00 (Cumulative area) 
      Cumulative area ratio:  437.21
      Required ratio:    0.00 (Cumulative side area) 

    Layer: met1
      Partial area ratio:    1.96
      Required ratio:    0.00 (Gate area) 
      Partial area ratio:    9.97
      Required ratio:  400.00 (Side area) 
      Cumulative area ratio:    5.86
      Required ratio:    0.00 (Cumulative area) 
      Cumulative area ratio:   14.84
      Required ratio:    0.00 (Cumulative side area) 

    Layer: li1
      Partial area ratio:    3.91
      Required ratio:    0.00 (Gate area) 
      Partial area ratio:    4.87
      Required ratio:   75.00 (Side area) 
      Cumulative area ratio:    3.91
      Required ratio:    0.00 (Cumulative area) 
      Cumulative area ratio:    4.87
      Required ratio:    0.00 (Cumulative side area) 

    Layer: met3
      Partial area ratio:    2.50
      Required ratio:    0.00 (Gate area) 
      Partial area ratio:   13.52
      Required ratio: 3872.32 (Side area) 
      Cumulative area ratio:   92.66
      Required ratio:    0.00 (Cumulative area) 
      Cumulative area ratio:  450.74
      Required ratio:    0.00 (Cumulative side area) 

    Via: M2M3_PR
      Partial area ratio:    0.02
      Required ratio:    6.00 (Gate area) 
      Cumulative area ratio:    0.27
      Required ratio:    0.00 (Cumulative area) 

    Via: M1M2_PR
      Partial area ratio:    0.04
      Required ratio:    6.00 (Gate area) 
      Cumulative area ratio:    0.16
      Required ratio:    0.00 (Cumulative area) 

    Via: L1M1_PR
      Partial area ratio:    0.11
      Required ratio:    3.00 (Gate area) 
      Cumulative area ratio:    0.11
      Required ratio:    0.00 (Cumulative area) 

  Pin: _5853_/S (sky130_fd_sc_hd__mux2_1)
    Layer: met2
      Partial area ratio:   43.93
      Required ratio:    0.00 (Gate area) 
      Partial area ratio:  219.96
      Required ratio: 3872.32 (Side area) 
      Cumulative area ratio:   88.29
      Required ratio:    0.00 (Cumulative area) 
      Cumulative area ratio:  435.01
      Required ratio:    0.00 (Cumulative side area) 

    Layer: met1
      Partial area ratio:    1.96
      Required ratio:    0.00 (Gate area) 
      Partial area ratio:    9.97
      Required ratio:  400.00 (Side area) 
      Cumulative area ratio:    3.99
      Required ratio:    0.00 (Cumulative area) 
      Cumulative area ratio:   12.63
      Required ratio:    0.00 (Cumulative side area) 

    Layer: li1
      Partial area ratio:    2.03
      Required ratio:    0.00 (Gate area) 
      Partial area ratio:    2.66
      Required ratio:   75.00 (Side area) 
      Cumulative area ratio:    2.03
      Required ratio:    0.00 (Cumulative area) 
      Cumulative area ratio:    2.66
      Required ratio:    0.00 (Cumulative side area) 

    Layer: met3
      Partial area ratio:    2.50
      Required ratio:    0.00 (Gate area) 
      Partial area ratio:   13.52
      Required ratio: 3872.32 (Side area) 
      Cumulative area ratio:   90.79
      Required ratio:    0.00 (Cumulative area) 
      Cumulative area ratio:  448.53
      Required ratio:    0.00 (Cumulative side area) 

    Via: M2M3_PR
      Partial area ratio:    0.02
      Required ratio:    6.00 (Gate area) 
      Cumulative area ratio:    0.27
      Required ratio:    0.00 (Cumulative area) 

    Via: M1M2_PR
      Partial area ratio:    0.04
      Required ratio:    6.00 (Gate area) 
      Cumulative area ratio:    0.16
      Required ratio:    0.00 (Cumulative area) 

    Via: L1M1_PR
      Partial area ratio:    0.11
      Required ratio:    3.00 (Gate area) 
      Cumulative area ratio:    0.11
      Required ratio:    0.00 (Cumulative area) 

  Pin: _5861_/S (sky130_fd_sc_hd__mux2_1)
    Layer: met3
      Partial area ratio:    2.50
      Required ratio:    0.00 (Gate area) 
      Partial area ratio:   13.52
      Required ratio: 3872.32 (Side area) 
      Cumulative area ratio:    4.28
      Required ratio:    0.00 (Cumulative area) 
      Cumulative area ratio:   15.88
      Required ratio:    0.00 (Cumulative side area) 

    Layer: met2
      Partial area ratio:    0.00
      Required ratio:    0.00 (Gate area) 
      Partial area ratio:    0.00
      Required ratio:  400.00 (Side area) 
      Cumulative area ratio:    1.78
      Required ratio:    0.00 (Cumulative area) 
      Cumulative area ratio:    2.36
      Required ratio:    0.00 (Cumulative side area) 

    Layer: met1
      Partial area ratio:    0.00
      Required ratio:    0.00 (Gate area) 
      Partial area ratio:    0.00
      Required ratio:  400.00 (Side area) 
      Cumulative area ratio:    1.78
      Required ratio:    0.00 (Cumulative area) 
      Cumulative area ratio:    2.36
      Required ratio:    0.00 (Cumulative side area) 

    Layer: li1
      Partial area ratio:    1.78
      Required ratio:    0.00 (Gate area) 
      Partial area ratio:    2.36
      Required ratio:   75.00 (Side area) 
      Cumulative area ratio:    1.78
      Required ratio:    0.00 (Cumulative area) 
      Cumulative area ratio:    2.36
      Required ratio:    0.00 (Cumulative side area) 

    Via: M2M3_PR
      Partial area ratio:    0.16
      Required ratio:    6.00 (Gate area) 
      Cumulative area ratio:    0.36
      Required ratio:    0.00 (Cumulative area) 

    Via: M1M2_PR
      Partial area ratio:    0.09
      Required ratio:    6.00 (Gate area) 
      Cumulative area ratio:    0.20
      Required ratio:    0.00 (Cumulative area) 

    Via: L1M1_PR
      Partial area ratio:    0.11
      Required ratio:    3.00 (Gate area) 
      Cumulative area ratio:    0.11
      Required ratio:    0.00 (Cumulative area) 

  Pin: _5847_/S (sky130_fd_sc_hd__mux2_1)
    Layer: met1
      Partial area ratio:   95.91
      Required ratio:    0.00 (Gate area) 
      Partial area ratio:  479.94
      Required ratio: 3872.32 (Side area) 
      Cumulative area ratio:   97.77
      Required ratio:    0.00 (Cumulative area) 
      Cumulative area ratio:  482.40
      Required ratio:    0.00 (Cumulative side area) 

    Layer: met2
      Partial area ratio:   43.93
      Required ratio:    0.00 (Gate area) 
      Partial area ratio:  219.96
      Required ratio: 3872.32 (Side area) 
      Cumulative area ratio:  141.70
      Required ratio:    0.00 (Cumulative area) 
      Cumulative area ratio:  702.36
      Required ratio:    0.00 (Cumulative side area) 

    Layer: met3
      Partial area ratio:    2.50
      Required ratio:    0.00 (Gate area) 
      Partial area ratio:   13.52
      Required ratio: 3872.32 (Side area) 
      Cumulative area ratio:  144.20
      Required ratio:    0.00 (Cumulative area) 
      Cumulative area ratio:  715.88
      Required ratio:    0.00 (Cumulative side area) 

    Layer: li1
      Partial area ratio:    1.86
      Required ratio:    0.00 (Gate area) 
      Partial area ratio:    2.45
      Required ratio:   75.00 (Side area) 
      Cumulative area ratio:    1.86
      Required ratio:    0.00 (Cumulative area) 
      Cumulative area ratio:    2.45
      Required ratio:    0.00 (Cumulative side area) 

    Via: M1M2_PR
      Partial area ratio:    0.09
      Required ratio:    6.00 (Gate area) 
      Cumulative area ratio:    0.20
      Required ratio:    0.00 (Cumulative area) 

    Via: M2M3_PR
      Partial area ratio:    0.02
      Required ratio:    6.00 (Gate area) 
      Cumulative area ratio:    0.22
      Required ratio:    0.00 (Cumulative area) 

    Via: L1M1_PR
      Partial area ratio:    0.11
      Required ratio:    3.00 (Gate area) 
      Cumulative area ratio:    0.11
      Required ratio:    0.00 (Cumulative area) 


Net: aclk
  Pin: clkbuf_0_aclk/A (sky130_fd_sc_hd__clkbuf_16)
    Layer: met3
      Partial area ratio:   85.62
      Required ratio:    0.00 (Gate area) 
      Partial area ratio:  458.33
      Required ratio:  400.00 (Side area) (VIOLATED)
      Cumulative area ratio:  158.70
      Required ratio:    0.00 (Cumulative area) 
      Cumulative area ratio:  822.24
      Required ratio:    0.00 (Cumulative side area) 

    Layer: met2
      Partial area ratio:   72.61
      Required ratio:    0.00 (Gate area) 
      Partial area ratio:  363.28
      Required ratio:  400.00 (Side area) 
      Cumulative area ratio:   73.08
      Required ratio:    0.00 (Cumulative area) 
      Cumulative area ratio:  363.91
      Required ratio:    0.00 (Cumulative side area) 

    Layer: met1
      Partial area ratio:    0.00
      Required ratio:    0.00 (Gate area) 
      Partial area ratio:    0.00
      Required ratio:  400.00 (Side area) 
      Cumulative area ratio:    0.47
      Required ratio:    0.00 (Cumulative area) 
      Cumulative area ratio:    0.63
      Required ratio:    0.00 (Cumulative side area) 

    Layer: li1
      Partial area ratio:    0.47
      Required ratio:    0.00 (Gate area) 
      Partial area ratio:    0.63
      Required ratio:   75.00 (Side area) 
      Cumulative area ratio:    0.47
      Required ratio:    0.00 (Cumulative area) 
      Cumulative area ratio:    0.63
      Required ratio:    0.00 (Cumulative side area) 

    Via: M2M3_PR
      Partial area ratio:    0.05
      Required ratio:    6.00 (Gate area) 
      Cumulative area ratio:    0.11
      Required ratio:    0.00 (Cumulative area) 

    Via: M1M2_PR
      Partial area ratio:    0.03
      Required ratio:    6.00 (Gate area) 
      Cumulative area ratio:    0.06
      Required ratio:    0.00 (Cumulative area) 

    Via: L1M1_PR
      Partial area ratio:    0.03
      Required ratio:    3.00 (Gate area) 
      Cumulative area ratio:    0.03
      Required ratio:    0.00 (Cumulative area) 


Net: u_read_arbiter.r_target_slave\[1\]
  Pin: _6664_/B (sky130_fd_sc_hd__nand2_1)
    Layer: met2
      Partial area ratio:    4.60
      Required ratio:    0.00 (Gate area) 
      Partial area ratio:   23.05
      Required ratio: 2956.40 (Side area) 
      Cumulative area ratio:    7.55
      Required ratio:    0.00 (Cumulative area) 
      Cumulative area ratio:   26.80
      Required ratio:    0.00 (Cumulative side area) 

    Layer: met1
      Partial area ratio:    0.00
      Required ratio:    0.00 (Gate area) 
      Partial area ratio:    0.00
      Required ratio:  400.00 (Side area) 
      Cumulative area ratio:    2.96
      Required ratio:    0.00 (Cumulative area) 
      Cumulative area ratio:    3.76
      Required ratio:    0.00 (Cumulative side area) 

    Layer: li1
      Partial area ratio:    2.96
      Required ratio:    0.00 (Gate area) 
      Partial area ratio:    3.76
      Required ratio:   75.00 (Side area) 
      Cumulative area ratio:    2.96
      Required ratio:    0.00 (Cumulative area) 
      Cumulative area ratio:    3.76
      Required ratio:    0.00 (Cumulative side area) 

    Via: M1M2_PR
      Partial area ratio:    0.09
      Required ratio:    6.00 (Gate area) 
      Cumulative area ratio:    0.21
      Required ratio:    0.00 (Cumulative area) 

    Via: L1M1_PR
      Partial area ratio:    0.12
      Required ratio:    3.00 (Gate area) 
      Cumulative area ratio:    0.12
      Required ratio:    0.00 (Cumulative area) 

  Pin: _4533_/A1 (sky130_fd_sc_hd__a21o_1)
    Layer: met2
      Partial area ratio:    4.60
      Required ratio:    0.00 (Gate area) 
      Partial area ratio:   23.05
      Required ratio: 2956.40 (Side area) 
      Cumulative area ratio:    6.70
      Required ratio:    0.00 (Cumulative area) 
      Cumulative area ratio:   25.80
      Required ratio:    0.00 (Cumulative side area) 

    Layer: met1
      Partial area ratio:    0.00
      Required ratio:    0.00 (Gate area) 
      Partial area ratio:    0.00
      Required ratio:  400.00 (Side area) 
      Cumulative area ratio:    2.11
      Required ratio:    0.00 (Cumulative area) 
      Cumulative area ratio:    2.75
      Required ratio:    0.00 (Cumulative side area) 

    Layer: li1
      Partial area ratio:    2.11
      Required ratio:    0.00 (Gate area) 
      Partial area ratio:    2.75
      Required ratio:   75.00 (Side area) 
      Cumulative area ratio:    2.11
      Required ratio:    0.00 (Cumulative area) 
      Cumulative area ratio:    2.75
      Required ratio:    0.00 (Cumulative side area) 

    Via: M1M2_PR
      Partial area ratio:    0.02
      Required ratio:    6.00 (Gate area) 
      Cumulative area ratio:    0.05
      Required ratio:    0.00 (Cumulative area) 

    Via: L1M1_PR
      Partial area ratio:    0.03
      Required ratio:    3.00 (Gate area) 
      Cumulative area ratio:    0.03
      Required ratio:    0.00 (Cumulative area) 

  Pin: _4507_/A1 (sky130_fd_sc_hd__a21o_1)
    Layer: met2
      Partial area ratio:    4.60
      Required ratio:    0.00 (Gate area) 
      Partial area ratio:   23.05
      Required ratio: 2956.40 (Side area) 
      Cumulative area ratio:    6.70
      Required ratio:    0.00 (Cumulative area) 
      Cumulative area ratio:   25.80
      Required ratio:    0.00 (Cumulative side area) 

    Layer: met1
      Partial area ratio:    0.00
      Required ratio:    0.00 (Gate area) 
      Partial area ratio:    0.00
      Required ratio:  400.00 (Side area) 
      Cumulative area ratio:    2.11
      Required ratio:    0.00 (Cumulative area) 
      Cumulative area ratio:    2.75
      Required ratio:    0.00 (Cumulative side area) 

    Layer: li1
      Partial area ratio:    2.11
      Required ratio:    0.00 (Gate area) 
      Partial area ratio:    2.75
      Required ratio:   75.00 (Side area) 
      Cumulative area ratio:    2.11
      Required ratio:    0.00 (Cumulative area) 
      Cumulative area ratio:    2.75
      Required ratio:    0.00 (Cumulative side area) 

    Via: M1M2_PR
      Partial area ratio:    0.02
      Required ratio:    6.00 (Gate area) 
      Cumulative area ratio:    0.05
      Required ratio:    0.00 (Cumulative area) 

    Via: L1M1_PR
      Partial area ratio:    0.03
      Required ratio:    3.00 (Gate area) 
      Cumulative area ratio:    0.03
      Required ratio:    0.00 (Cumulative area) 

  Pin: _4501_/A1 (sky130_fd_sc_hd__a21o_1)
    Layer: met2
      Partial area ratio:    4.60
      Required ratio:    0.00 (Gate area) 
      Partial area ratio:   23.05
      Required ratio: 2956.40 (Side area) 
      Cumulative area ratio:    6.70
      Required ratio:    0.00 (Cumulative area) 
      Cumulative area ratio:   25.80
      Required ratio:    0.00 (Cumulative side area) 

    Layer: met1
      Partial area ratio:    0.00
      Required ratio:    0.00 (Gate area) 
      Partial area ratio:    0.00
      Required ratio:  400.00 (Side area) 
      Cumulative area ratio:    2.11
      Required ratio:    0.00 (Cumulative area) 
      Cumulative area ratio:    2.75
      Required ratio:    0.00 (Cumulative side area) 

    Layer: li1
      Partial area ratio:    2.11
      Required ratio:    0.00 (Gate area) 
      Partial area ratio:    2.75
      Required ratio:   75.00 (Side area) 
      Cumulative area ratio:    2.11
      Required ratio:    0.00 (Cumulative area) 
      Cumulative area ratio:    2.75
      Required ratio:    0.00 (Cumulative side area) 

    Via: M1M2_PR
      Partial area ratio:    0.02
      Required ratio:    6.00 (Gate area) 
      Cumulative area ratio:    0.05
      Required ratio:    0.00 (Cumulative area) 

    Via: L1M1_PR
      Partial area ratio:    0.03
      Required ratio:    3.00 (Gate area) 
      Cumulative area ratio:    0.03
      Required ratio:    0.00 (Cumulative area) 

  Pin: _4533_/A1 (sky130_fd_sc_hd__a21o_1)
    Layer: met2
      Partial area ratio:    4.60
      Required ratio:    0.00 (Gate area) 
      Partial area ratio:   23.05
      Required ratio: 2956.40 (Side area) 
      Cumulative area ratio:    6.70
      Required ratio:    0.00 (Cumulative area) 
      Cumulative area ratio:   25.80
      Required ratio:    0.00 (Cumulative side area) 

    Layer: met1
      Partial area ratio:    0.00
      Required ratio:    0.00 (Gate area) 
      Partial area ratio:    0.00
      Required ratio:  400.00 (Side area) 
      Cumulative area ratio:    2.11
      Required ratio:    0.00 (Cumulative area) 
      Cumulative area ratio:    2.75
      Required ratio:    0.00 (Cumulative side area) 

    Layer: li1
      Partial area ratio:    2.11
      Required ratio:    0.00 (Gate area) 
      Partial area ratio:    2.75
      Required ratio:   75.00 (Side area) 
      Cumulative area ratio:    2.11
      Required ratio:    0.00 (Cumulative area) 
      Cumulative area ratio:    2.75
      Required ratio:    0.00 (Cumulative side area) 

    Via: M1M2_PR
      Partial area ratio:    0.02
      Required ratio:    6.00 (Gate area) 
      Cumulative area ratio:    0.05
      Required ratio:    0.00 (Cumulative area) 

    Via: L1M1_PR
      Partial area ratio:    0.03
      Required ratio:    3.00 (Gate area) 
      Cumulative area ratio:    0.03
      Required ratio:    0.00 (Cumulative area) 

  Pin: _4324_/A1 (sky130_fd_sc_hd__a21o_1)
    Layer: met2
      Partial area ratio:    4.60
      Required ratio:    0.00 (Gate area) 
      Partial area ratio:   23.05
      Required ratio: 2956.40 (Side area) 
      Cumulative area ratio:  122.62
      Required ratio:    0.00 (Cumulative area) 
      Cumulative area ratio:  601.23
      Required ratio:    0.00 (Cumulative side area) 

    Layer: met1
      Partial area ratio:    4.74
      Required ratio:    0.00 (Gate area) 
      Partial area ratio:   24.01
      Required ratio:  400.00 (Side area) 
      Cumulative area ratio:    8.08
      Required ratio:    0.00 (Cumulative area) 
      Cumulative area ratio:   28.22
      Required ratio:    0.00 (Cumulative side area) 

    Layer: li1
      Partial area ratio:    3.34
      Required ratio:    0.00 (Gate area) 
      Partial area ratio:    4.21
      Required ratio:   75.00 (Side area) 
      Cumulative area ratio:    3.34
      Required ratio:    0.00 (Cumulative area) 
      Cumulative area ratio:    4.21
      Required ratio:    0.00 (Cumulative side area) 

    Via: M1M2_PR
      Partial area ratio:    0.01
      Required ratio:    6.00 (Gate area) 
      Cumulative area ratio:    0.13
      Required ratio:    0.00 (Cumulative area) 

    Via: L1M1_PR
      Partial area ratio:    0.12
      Required ratio:    3.00 (Gate area) 
      Cumulative area ratio:    0.12
      Required ratio:    0.00 (Cumulative area) 

  Pin: _4343_/A1 (sky130_fd_sc_hd__a21o_1)
    Layer: met2
      Partial area ratio:    4.60
      Required ratio:    0.00 (Gate area) 
      Partial area ratio:   23.05
      Required ratio: 2956.40 (Side area) 
      Cumulative area ratio:  120.57
      Required ratio:    0.00 (Cumulative area) 
      Cumulative area ratio:  598.82
      Required ratio:    0.00 (Cumulative side area) 

    Layer: met1
      Partial area ratio:    0.00
      Required ratio:    0.00 (Gate area) 
      Partial area ratio:    0.00
      Required ratio:  400.00 (Side area) 
      Cumulative area ratio:    1.29
      Required ratio:    0.00 (Cumulative area) 
      Cumulative area ratio:    1.80
      Required ratio:    0.00 (Cumulative side area) 

    Layer: li1
      Partial area ratio:    1.29
      Required ratio:    0.00 (Gate area) 
      Partial area ratio:    1.80
      Required ratio:   75.00 (Side area) 
      Cumulative area ratio:    1.29
      Required ratio:    0.00 (Cumulative area) 
      Cumulative area ratio:    1.80
      Required ratio:    0.00 (Cumulative side area) 

    Via: M1M2_PR
      Partial area ratio:    0.05
      Required ratio:    6.00 (Gate area) 
      Cumulative area ratio:    0.10
      Required ratio:    0.00 (Cumulative area) 

    Via: L1M1_PR
      Partial area ratio:    0.06
      Required ratio:    3.00 (Gate area) 
      Cumulative area ratio:    0.06
      Required ratio:    0.00 (Cumulative area) 

  Pin: _4299_/A1 (sky130_fd_sc_hd__a21o_1)
    Layer: met2
      Partial area ratio:    4.60
      Required ratio:    0.00 (Gate area) 
      Partial area ratio:   23.05
      Required ratio: 2956.40 (Side area) 
      Cumulative area ratio:  120.57
      Required ratio:    0.00 (Cumulative area) 
      Cumulative area ratio:  598.82
      Required ratio:    0.00 (Cumulative side area) 

    Layer: met1
      Partial area ratio:    0.00
      Required ratio:    0.00 (Gate area) 
      Partial area ratio:    0.00
      Required ratio:  400.00 (Side area) 
      Cumulative area ratio:    1.29
      Required ratio:    0.00 (Cumulative area) 
      Cumulative area ratio:    1.80
      Required ratio:    0.00 (Cumulative side area) 

    Layer: li1
      Partial area ratio:    1.29
      Required ratio:    0.00 (Gate area) 
      Partial area ratio:    1.80
      Required ratio:   75.00 (Side area) 
      Cumulative area ratio:    1.29
      Required ratio:    0.00 (Cumulative area) 
      Cumulative area ratio:    1.80
      Required ratio:    0.00 (Cumulative side area) 

    Via: M1M2_PR
      Partial area ratio:    0.05
      Required ratio:    6.00 (Gate area) 
      Cumulative area ratio:    0.10
      Required ratio:    0.00 (Cumulative area) 

    Via: L1M1_PR
      Partial area ratio:    0.06
      Required ratio:    3.00 (Gate area) 
      Cumulative area ratio:    0.06
      Required ratio:    0.00 (Cumulative area) 

  Pin: _4314_/A1 (sky130_fd_sc_hd__a21o_1)
    Layer: met2
      Partial area ratio:    4.60
      Required ratio:    0.00 (Gate area) 
      Partial area ratio:   23.05
      Required ratio: 2956.40 (Side area) 
      Cumulative area ratio:  121.67
      Required ratio:    0.00 (Cumulative area) 
      Cumulative area ratio:  600.12
      Required ratio:    0.00 (Cumulative side area) 

    Layer: met1
      Partial area ratio:    4.74
      Required ratio:    0.00 (Gate area) 
      Partial area ratio:   24.01
      Required ratio:  400.00 (Side area) 
      Cumulative area ratio:    7.14
      Required ratio:    0.00 (Cumulative area) 
      Cumulative area ratio:   27.11
      Required ratio:    0.00 (Cumulative side area) 

    Layer: li1
      Partial area ratio:    2.39
      Required ratio:    0.00 (Gate area) 
      Partial area ratio:    3.09
      Required ratio:   75.00 (Side area) 
      Cumulative area ratio:    2.39
      Required ratio:    0.00 (Cumulative area) 
      Cumulative area ratio:    3.09
      Required ratio:    0.00 (Cumulative side area) 

    Via: M1M2_PR
      Partial area ratio:    0.01
      Required ratio:    6.00 (Gate area) 
      Cumulative area ratio:    0.13
      Required ratio:    0.00 (Cumulative area) 

    Via: L1M1_PR
      Partial area ratio:    0.12
      Required ratio:    3.00 (Gate area) 
      Cumulative area ratio:    0.12
      Required ratio:    0.00 (Cumulative area) 

  Pin: _4390_/A1 (sky130_fd_sc_hd__a21o_1)
    Layer: met2
      Partial area ratio:    4.60
      Required ratio:    0.00 (Gate area) 
      Partial area ratio:   23.05
      Required ratio: 2956.40 (Side area) 
      Cumulative area ratio:  122.94
      Required ratio:    0.00 (Cumulative area) 
      Cumulative area ratio:  601.60
      Required ratio:    0.00 (Cumulative side area) 

    Layer: met1
      Partial area ratio:    4.74
      Required ratio:    0.00 (Gate area) 
      Partial area ratio:   24.01
      Required ratio:  400.00 (Side area) 
      Cumulative area ratio:    8.40
      Required ratio:    0.00 (Cumulative area) 
      Cumulative area ratio:   28.59
      Required ratio:    0.00 (Cumulative side area) 

    Layer: li1
      Partial area ratio:    3.66
      Required ratio:    0.00 (Gate area) 
      Partial area ratio:    4.58
      Required ratio:   75.00 (Side area) 
      Cumulative area ratio:    3.66
      Required ratio:    0.00 (Cumulative area) 
      Cumulative area ratio:    4.58
      Required ratio:    0.00 (Cumulative side area) 

    Via: M1M2_PR
      Partial area ratio:    0.01
      Required ratio:    6.00 (Gate area) 
      Cumulative area ratio:    0.13
      Required ratio:    0.00 (Cumulative area) 

    Via: L1M1_PR
      Partial area ratio:    0.12
      Required ratio:    3.00 (Gate area) 
      Cumulative area ratio:    0.12
      Required ratio:    0.00 (Cumulative area) 

  Pin: _4302_/A1 (sky130_fd_sc_hd__a21o_1)
    Layer: met2
      Partial area ratio:    4.60
      Required ratio:    0.00 (Gate area) 
      Partial area ratio:   23.05
      Required ratio: 2956.40 (Side area) 
      Cumulative area ratio:  122.36
      Required ratio:    0.00 (Cumulative area) 
      Cumulative area ratio:  601.00
      Required ratio:    0.00 (Cumulative side area) 

    Layer: met1
      Partial area ratio:    4.74
      Required ratio:    0.00 (Gate area) 
      Partial area ratio:   24.01
      Required ratio:  400.00 (Side area) 
      Cumulative area ratio:    7.83
      Required ratio:    0.00 (Cumulative area) 
      Cumulative area ratio:   27.99
      Required ratio:    0.00 (Cumulative side area) 

    Layer: li1
      Partial area ratio:    3.08
      Required ratio:    0.00 (Gate area) 
      Partial area ratio:    3.97
      Required ratio:   75.00 (Side area) 
      Cumulative area ratio:    3.08
      Required ratio:    0.00 (Cumulative area) 
      Cumulative area ratio:    3.97
      Required ratio:    0.00 (Cumulative side area) 

    Via: M1M2_PR
      Partial area ratio:    0.01
      Required ratio:    6.00 (Gate area) 
      Cumulative area ratio:    0.07
      Required ratio:    0.00 (Cumulative area) 

    Via: L1M1_PR
      Partial area ratio:    0.06
      Required ratio:    3.00 (Gate area) 
      Cumulative area ratio:    0.06
      Required ratio:    0.00 (Cumulative area) 

  Pin: _4311_/A1 (sky130_fd_sc_hd__a21o_1)
    Layer: met2
      Partial area ratio:    4.60
      Required ratio:    0.00 (Gate area) 
      Partial area ratio:   23.05
      Required ratio: 2956.40 (Side area) 
      Cumulative area ratio:  122.36
      Required ratio:    0.00 (Cumulative area) 
      Cumulative area ratio:  601.00
      Required ratio:    0.00 (Cumulative side area) 

    Layer: met1
      Partial area ratio:    4.74
      Required ratio:    0.00 (Gate area) 
      Partial area ratio:   24.01
      Required ratio:  400.00 (Side area) 
      Cumulative area ratio:    7.83
      Required ratio:    0.00 (Cumulative area) 
      Cumulative area ratio:   27.99
      Required ratio:    0.00 (Cumulative side area) 

    Layer: li1
      Partial area ratio:    3.08
      Required ratio:    0.00 (Gate area) 
      Partial area ratio:    3.97
      Required ratio:   75.00 (Side area) 
      Cumulative area ratio:    3.08
      Required ratio:    0.00 (Cumulative area) 
      Cumulative area ratio:    3.97
      Required ratio:    0.00 (Cumulative side area) 

    Via: M1M2_PR
      Partial area ratio:    0.01
      Required ratio:    6.00 (Gate area) 
      Cumulative area ratio:    0.07
      Required ratio:    0.00 (Cumulative area) 

    Via: L1M1_PR
      Partial area ratio:    0.06
      Required ratio:    3.00 (Gate area) 
      Cumulative area ratio:    0.06
      Required ratio:    0.00 (Cumulative area) 

  Pin: _4337_/A1 (sky130_fd_sc_hd__a21o_1)
    Layer: met2
      Partial area ratio:    4.60
      Required ratio:    0.00 (Gate area) 
      Partial area ratio:   23.05
      Required ratio: 2956.40 (Side area) 
      Cumulative area ratio:  121.04
      Required ratio:    0.00 (Cumulative area) 
      Cumulative area ratio:  599.37
      Required ratio:    0.00 (Cumulative side area) 

    Layer: met1
      Partial area ratio:    4.74
      Required ratio:    0.00 (Gate area) 
      Partial area ratio:   24.01
      Required ratio:  400.00 (Side area) 
      Cumulative area ratio:    6.50
      Required ratio:    0.00 (Cumulative area) 
      Cumulative area ratio:   26.36
      Required ratio:    0.00 (Cumulative side area) 

    Layer: li1
      Partial area ratio:    1.76
      Required ratio:    0.00 (Gate area) 
      Partial area ratio:    2.35
      Required ratio:   75.00 (Side area) 
      Cumulative area ratio:    1.76
      Required ratio:    0.00 (Cumulative area) 
      Cumulative area ratio:    2.35
      Required ratio:    0.00 (Cumulative side area) 

    Via: M1M2_PR
      Partial area ratio:    0.01
      Required ratio:    6.00 (Gate area) 
      Cumulative area ratio:    0.13
      Required ratio:    0.00 (Cumulative area) 

    Via: L1M1_PR
      Partial area ratio:    0.12
      Required ratio:    3.00 (Gate area) 
      Cumulative area ratio:    0.12
      Required ratio:    0.00 (Cumulative area) 

  Pin: _4381_/A1 (sky130_fd_sc_hd__a21o_1)
    Layer: met2
      Partial area ratio:    4.60
      Required ratio:    0.00 (Gate area) 
      Partial area ratio:   23.05
      Required ratio: 2956.40 (Side area) 
      Cumulative area ratio:  120.93
      Required ratio:    0.00 (Cumulative area) 
      Cumulative area ratio:  599.32
      Required ratio:    0.00 (Cumulative side area) 

    Layer: met1
      Partial area ratio:    4.74
      Required ratio:    0.00 (Gate area) 
      Partial area ratio:   24.01
      Required ratio:  400.00 (Side area) 
      Cumulative area ratio:    6.40
      Required ratio:    0.00 (Cumulative area) 
      Cumulative area ratio:   26.31
      Required ratio:    0.00 (Cumulative side area) 

    Layer: li1
      Partial area ratio:    1.66
      Required ratio:    0.00 (Gate area) 
      Partial area ratio:    2.29
      Required ratio:   75.00 (Side area) 
      Cumulative area ratio:    1.66
      Required ratio:    0.00 (Cumulative area) 
      Cumulative area ratio:    2.29
      Required ratio:    0.00 (Cumulative side area) 

    Via: M1M2_PR
      Partial area ratio:    0.01
      Required ratio:    6.00 (Gate area) 
      Cumulative area ratio:    0.07
      Required ratio:    0.00 (Cumulative area) 

    Via: L1M1_PR
      Partial area ratio:    0.06
      Required ratio:    3.00 (Gate area) 
      Cumulative area ratio:    0.06
      Required ratio:    0.00 (Cumulative area) 

  Pin: _4346_/A1 (sky130_fd_sc_hd__a21o_1)
    Layer: met2
      Partial area ratio:    4.60
      Required ratio:    0.00 (Gate area) 
      Partial area ratio:   23.05
      Required ratio: 2956.40 (Side area) 
      Cumulative area ratio:  120.93
      Required ratio:    0.00 (Cumulative area) 
      Cumulative area ratio:  599.32
      Required ratio:    0.00 (Cumulative side area) 

    Layer: met1
      Partial area ratio:    4.74
      Required ratio:    0.00 (Gate area) 
      Partial area ratio:   24.01
      Required ratio:  400.00 (Side area) 
      Cumulative area ratio:    6.40
      Required ratio:    0.00 (Cumulative area) 
      Cumulative area ratio:   26.31
      Required ratio:    0.00 (Cumulative side area) 

    Layer: li1
      Partial area ratio:    1.66
      Required ratio:    0.00 (Gate area) 
      Partial area ratio:    2.29
      Required ratio:   75.00 (Side area) 
      Cumulative area ratio:    1.66
      Required ratio:    0.00 (Cumulative area) 
      Cumulative area ratio:    2.29
      Required ratio:    0.00 (Cumulative side area) 

    Via: M1M2_PR
      Partial area ratio:    0.01
      Required ratio:    6.00 (Gate area) 
      Cumulative area ratio:    0.07
      Required ratio:    0.00 (Cumulative area) 

    Via: L1M1_PR
      Partial area ratio:    0.06
      Required ratio:    3.00 (Gate area) 
      Cumulative area ratio:    0.06
      Required ratio:    0.00 (Cumulative area) 

  Pin: _4387_/A1 (sky130_fd_sc_hd__a21o_1)
    Layer: met2
      Partial area ratio:    4.60
      Required ratio:    0.00 (Gate area) 
      Partial area ratio:   23.05
      Required ratio: 2956.40 (Side area) 
      Cumulative area ratio:  122.67
      Required ratio:    0.00 (Cumulative area) 
      Cumulative area ratio:  601.29
      Required ratio:    0.00 (Cumulative side area) 

    Layer: met1
      Partial area ratio:    4.74
      Required ratio:    0.00 (Gate area) 
      Partial area ratio:   24.01
      Required ratio:  400.00 (Side area) 
      Cumulative area ratio:    8.13
      Required ratio:    0.00 (Cumulative area) 
      Cumulative area ratio:   28.28
      Required ratio:    0.00 (Cumulative side area) 

    Layer: li1
      Partial area ratio:    3.39
      Required ratio:    0.00 (Gate area) 
      Partial area ratio:    4.26
      Required ratio:   75.00 (Side area) 
      Cumulative area ratio:    3.39
      Required ratio:    0.00 (Cumulative area) 
      Cumulative area ratio:    4.26
      Required ratio:    0.00 (Cumulative side area) 

    Via: M1M2_PR
      Partial area ratio:    0.01
      Required ratio:    6.00 (Gate area) 
      Cumulative area ratio:    0.13
      Required ratio:    0.00 (Cumulative area) 

    Via: L1M1_PR
      Partial area ratio:    0.12
      Required ratio:    3.00 (Gate area) 
      Cumulative area ratio:    0.12
      Required ratio:    0.00 (Cumulative area) 

  Pin: _4320_/A1 (sky130_fd_sc_hd__a21o_1)
    Layer: met2
      Partial area ratio:    4.60
      Required ratio:    0.00 (Gate area) 
      Partial area ratio:   23.05
      Required ratio: 2956.40 (Side area) 
      Cumulative area ratio:  120.89
      Required ratio:    0.00 (Cumulative area) 
      Cumulative area ratio:  599.20
      Required ratio:    0.00 (Cumulative side area) 

    Layer: met1
      Partial area ratio:    0.00
      Required ratio:    0.00 (Gate area) 
      Partial area ratio:    0.00
      Required ratio:  400.00 (Side area) 
      Cumulative area ratio:    1.61
      Required ratio:    0.00 (Cumulative area) 
      Cumulative area ratio:    2.17
      Required ratio:    0.00 (Cumulative side area) 

    Layer: li1
      Partial area ratio:    1.61
      Required ratio:    0.00 (Gate area) 
      Partial area ratio:    2.17
      Required ratio:   75.00 (Side area) 
      Cumulative area ratio:    1.61
      Required ratio:    0.00 (Cumulative area) 
      Cumulative area ratio:    2.17
      Required ratio:    0.00 (Cumulative side area) 

    Via: M1M2_PR
      Partial area ratio:    0.09
      Required ratio:    6.00 (Gate area) 
      Cumulative area ratio:    0.21
      Required ratio:    0.00 (Cumulative area) 

    Via: L1M1_PR
      Partial area ratio:    0.12
      Required ratio:    3.00 (Gate area) 
      Cumulative area ratio:    0.12
      Required ratio:    0.00 (Cumulative area) 

  Pin: _4352_/A1 (sky130_fd_sc_hd__a21o_1)
    Layer: met2
      Partial area ratio:    4.60
      Required ratio:    0.00 (Gate area) 
      Partial area ratio:   23.05
      Required ratio: 2956.40 (Side area) 
      Cumulative area ratio:  121.99
      Required ratio:    0.00 (Cumulative area) 
      Cumulative area ratio:  600.49
      Required ratio:    0.00 (Cumulative side area) 

    Layer: met1
      Partial area ratio:    4.74
      Required ratio:    0.00 (Gate area) 
      Partial area ratio:   24.01
      Required ratio:  400.00 (Side area) 
      Cumulative area ratio:    7.45
      Required ratio:    0.00 (Cumulative area) 
      Cumulative area ratio:   27.48
      Required ratio:    0.00 (Cumulative side area) 

    Layer: li1
      Partial area ratio:    2.71
      Required ratio:    0.00 (Gate area) 
      Partial area ratio:    3.46
      Required ratio:   75.00 (Side area) 
      Cumulative area ratio:    2.71
      Required ratio:    0.00 (Cumulative area) 
      Cumulative area ratio:    3.46
      Required ratio:    0.00 (Cumulative side area) 

    Via: M1M2_PR
      Partial area ratio:    0.01
      Required ratio:    6.00 (Gate area) 
      Cumulative area ratio:    0.13
      Required ratio:    0.00 (Cumulative area) 

    Via: L1M1_PR
      Partial area ratio:    0.12
      Required ratio:    3.00 (Gate area) 
      Cumulative area ratio:    0.12
      Required ratio:    0.00 (Cumulative area) 

  Pin: _4334_/A1 (sky130_fd_sc_hd__a21o_1)
    Layer: met2
      Partial area ratio:    4.60
      Required ratio:    0.00 (Gate area) 
      Partial area ratio:   23.05
      Required ratio: 2956.40 (Side area) 
      Cumulative area ratio:  120.40
      Required ratio:    0.00 (Cumulative area) 
      Cumulative area ratio:  598.62
      Required ratio:    0.00 (Cumulative side area) 

    Layer: met1
      Partial area ratio:    4.74
      Required ratio:    0.00 (Gate area) 
      Partial area ratio:   24.01
      Required ratio:  400.00 (Side area) 
      Cumulative area ratio:    5.87
      Required ratio:    0.00 (Cumulative area) 
      Cumulative area ratio:   25.61
      Required ratio:    0.00 (Cumulative side area) 

    Layer: li1
      Partial area ratio:    1.12
      Required ratio:    0.00 (Gate area) 
      Partial area ratio:    1.60
      Required ratio:   75.00 (Side area) 
      Cumulative area ratio:    1.12
      Required ratio:    0.00 (Cumulative area) 
      Cumulative area ratio:    1.60
      Required ratio:    0.00 (Cumulative side area) 

    Via: M1M2_PR
      Partial area ratio:    0.01
      Required ratio:    6.00 (Gate area) 
      Cumulative area ratio:    0.13
      Required ratio:    0.00 (Cumulative area) 

    Via: L1M1_PR
      Partial area ratio:    0.12
      Required ratio:    3.00 (Gate area) 
      Cumulative area ratio:    0.12
      Required ratio:    0.00 (Cumulative area) 

  Pin: _4378_/A1 (sky130_fd_sc_hd__a21o_1)
    Layer: met2
      Partial area ratio:    4.60
      Required ratio:    0.00 (Gate area) 
      Partial area ratio:   23.05
      Required ratio: 2956.40 (Side area) 
      Cumulative area ratio:  121.36
      Required ratio:    0.00 (Cumulative area) 
      Cumulative area ratio:  599.75
      Required ratio:    0.00 (Cumulative side area) 

    Layer: met1
      Partial area ratio:    4.74
      Required ratio:    0.00 (Gate area) 
      Partial area ratio:   24.01
      Required ratio:  400.00 (Side area) 
      Cumulative area ratio:    6.82
      Required ratio:    0.00 (Cumulative area) 
      Cumulative area ratio:   26.73
      Required ratio:    0.00 (Cumulative side area) 

    Layer: li1
      Partial area ratio:    2.08
      Required ratio:    0.00 (Gate area) 
      Partial area ratio:    2.72
      Required ratio:   75.00 (Side area) 
      Cumulative area ratio:    2.08
      Required ratio:    0.00 (Cumulative area) 
      Cumulative area ratio:    2.72
      Required ratio:    0.00 (Cumulative side area) 

    Via: M1M2_PR
      Partial area ratio:    0.01
      Required ratio:    6.00 (Gate area) 
      Cumulative area ratio:    0.13
      Required ratio:    0.00 (Cumulative area) 

    Via: L1M1_PR
      Partial area ratio:    0.12
      Required ratio:    3.00 (Gate area) 
      Cumulative area ratio:    0.12
      Required ratio:    0.00 (Cumulative area) 

  Pin: _4363_/A1 (sky130_fd_sc_hd__a21o_1)
    Layer: met2
      Partial area ratio:    4.60
      Required ratio:    0.00 (Gate area) 
      Partial area ratio:   23.05
      Required ratio: 2956.40 (Side area) 
      Cumulative area ratio:  121.20
      Required ratio:    0.00 (Cumulative area) 
      Cumulative area ratio:  599.56
      Required ratio:    0.00 (Cumulative side area) 

    Layer: met1
      Partial area ratio:    4.74
      Required ratio:    0.00 (Gate area) 
      Partial area ratio:   24.01
      Required ratio:  400.00 (Side area) 
      Cumulative area ratio:    6.66
      Required ratio:    0.00 (Cumulative area) 
      Cumulative area ratio:   26.54
      Required ratio:    0.00 (Cumulative side area) 

    Layer: li1
      Partial area ratio:    1.92
      Required ratio:    0.00 (Gate area) 
      Partial area ratio:    2.53
      Required ratio:   75.00 (Side area) 
      Cumulative area ratio:    1.92
      Required ratio:    0.00 (Cumulative area) 
      Cumulative area ratio:    2.53
      Required ratio:    0.00 (Cumulative side area) 

    Via: M1M2_PR
      Partial area ratio:    0.01
      Required ratio:    6.00 (Gate area) 
      Cumulative area ratio:    0.07
      Required ratio:    0.00 (Cumulative area) 

    Via: L1M1_PR
      Partial area ratio:    0.06
      Required ratio:    3.00 (Gate area) 
      Cumulative area ratio:    0.06
      Required ratio:    0.00 (Cumulative area) 

  Pin: _4369_/A1 (sky130_fd_sc_hd__a21o_1)
    Layer: met2
      Partial area ratio:    4.60
      Required ratio:    0.00 (Gate area) 
      Partial area ratio:   23.05
      Required ratio: 2956.40 (Side area) 
      Cumulative area ratio:  121.20
      Required ratio:    0.00 (Cumulative area) 
      Cumulative area ratio:  599.56
      Required ratio:    0.00 (Cumulative side area) 

    Layer: met1
      Partial area ratio:    4.74
      Required ratio:    0.00 (Gate area) 
      Partial area ratio:   24.01
      Required ratio:  400.00 (Side area) 
      Cumulative area ratio:    6.66
      Required ratio:    0.00 (Cumulative area) 
      Cumulative area ratio:   26.54
      Required ratio:    0.00 (Cumulative side area) 

    Layer: li1
      Partial area ratio:    1.92
      Required ratio:    0.00 (Gate area) 
      Partial area ratio:    2.53
      Required ratio:   75.00 (Side area) 
      Cumulative area ratio:    1.92
      Required ratio:    0.00 (Cumulative area) 
      Cumulative area ratio:    2.53
      Required ratio:    0.00 (Cumulative side area) 

    Via: M1M2_PR
      Partial area ratio:    0.01
      Required ratio:    6.00 (Gate area) 
      Cumulative area ratio:    0.07
      Required ratio:    0.00 (Cumulative area) 

    Via: L1M1_PR
      Partial area ratio:    0.06
      Required ratio:    3.00 (Gate area) 
      Cumulative area ratio:    0.06
      Required ratio:    0.00 (Cumulative area) 

  Pin: _4291_/A1 (sky130_fd_sc_hd__a21o_1)
    Layer: met2
      Partial area ratio:    4.60
      Required ratio:    0.00 (Gate area) 
      Partial area ratio:   23.05
      Required ratio: 2956.40 (Side area) 
      Cumulative area ratio:  121.35
      Required ratio:    0.00 (Cumulative area) 
      Cumulative area ratio:  599.74
      Required ratio:    0.00 (Cumulative side area) 

    Layer: met1
      Partial area ratio:    4.74
      Required ratio:    0.00 (Gate area) 
      Partial area ratio:   24.01
      Required ratio:  400.00 (Side area) 
      Cumulative area ratio:    6.81
      Required ratio:    0.00 (Cumulative area) 
      Cumulative area ratio:   26.73
      Required ratio:    0.00 (Cumulative side area) 

    Layer: li1
      Partial area ratio:    2.07
      Required ratio:    0.00 (Gate area) 
      Partial area ratio:    2.71
      Required ratio:   75.00 (Side area) 
      Cumulative area ratio:    2.07
      Required ratio:    0.00 (Cumulative area) 
      Cumulative area ratio:    2.71
      Required ratio:    0.00 (Cumulative side area) 

    Via: M1M2_PR
      Partial area ratio:    0.01
      Required ratio:    6.00 (Gate area) 
      Cumulative area ratio:    0.13
      Required ratio:    0.00 (Cumulative area) 

    Via: L1M1_PR
      Partial area ratio:    0.12
      Required ratio:    3.00 (Gate area) 
      Cumulative area ratio:    0.12
      Required ratio:    0.00 (Cumulative area) 

  Pin: _4328_/A1 (sky130_fd_sc_hd__a21o_1)
    Layer: met2
      Partial area ratio:    4.60
      Required ratio:    0.00 (Gate area) 
      Partial area ratio:   23.05
      Required ratio: 2956.40 (Side area) 
      Cumulative area ratio:  121.98
      Required ratio:    0.00 (Cumulative area) 
      Cumulative area ratio:  600.48
      Required ratio:    0.00 (Cumulative side area) 

    Layer: met1
      Partial area ratio:    4.74
      Required ratio:    0.00 (Gate area) 
      Partial area ratio:   24.01
      Required ratio:  400.00 (Side area) 
      Cumulative area ratio:    7.45
      Required ratio:    0.00 (Cumulative area) 
      Cumulative area ratio:   27.47
      Required ratio:    0.00 (Cumulative side area) 

    Layer: li1
      Partial area ratio:    2.70
      Required ratio:    0.00 (Gate area) 
      Partial area ratio:    3.45
      Required ratio:   75.00 (Side area) 
      Cumulative area ratio:    2.70
      Required ratio:    0.00 (Cumulative area) 
      Cumulative area ratio:    3.45
      Required ratio:    0.00 (Cumulative side area) 

    Via: M1M2_PR
      Partial area ratio:    0.01
      Required ratio:    6.00 (Gate area) 
      Cumulative area ratio:    0.13
      Required ratio:    0.00 (Cumulative area) 

    Via: L1M1_PR
      Partial area ratio:    0.12
      Required ratio:    3.00 (Gate area) 
      Cumulative area ratio:    0.12
      Required ratio:    0.00 (Cumulative area) 

  Pin: _4349_/A1 (sky130_fd_sc_hd__a21o_1)
    Layer: met2
      Partial area ratio:    4.60
      Required ratio:    0.00 (Gate area) 
      Partial area ratio:   23.05
      Required ratio: 2956.40 (Side area) 
      Cumulative area ratio:  121.99
      Required ratio:    0.00 (Cumulative area) 
      Cumulative area ratio:  600.49
      Required ratio:    0.00 (Cumulative side area) 

    Layer: met1
      Partial area ratio:    4.74
      Required ratio:    0.00 (Gate area) 
      Partial area ratio:   24.01
      Required ratio:  400.00 (Side area) 
      Cumulative area ratio:    7.45
      Required ratio:    0.00 (Cumulative area) 
      Cumulative area ratio:   27.48
      Required ratio:    0.00 (Cumulative side area) 

    Layer: li1
      Partial area ratio:    2.71
      Required ratio:    0.00 (Gate area) 
      Partial area ratio:    3.46
      Required ratio:   75.00 (Side area) 
      Cumulative area ratio:    2.71
      Required ratio:    0.00 (Cumulative area) 
      Cumulative area ratio:    3.46
      Required ratio:    0.00 (Cumulative side area) 

    Via: M1M2_PR
      Partial area ratio:    0.01
      Required ratio:    6.00 (Gate area) 
      Cumulative area ratio:    0.13
      Required ratio:    0.00 (Cumulative area) 

    Via: L1M1_PR
      Partial area ratio:    0.12
      Required ratio:    3.00 (Gate area) 
      Cumulative area ratio:    0.12
      Required ratio:    0.00 (Cumulative area) 

  Pin: _4331_/A1 (sky130_fd_sc_hd__a21o_1)
    Layer: met2
      Partial area ratio:    4.60
      Required ratio:    0.00 (Gate area) 
      Partial area ratio:   23.05
      Required ratio: 2956.40 (Side area) 
      Cumulative area ratio:  121.04
      Required ratio:    0.00 (Cumulative area) 
      Cumulative area ratio:  599.37
      Required ratio:    0.00 (Cumulative side area) 

    Layer: met1
      Partial area ratio:    4.74
      Required ratio:    0.00 (Gate area) 
      Partial area ratio:   24.01
      Required ratio:  400.00 (Side area) 
      Cumulative area ratio:    6.50
      Required ratio:    0.00 (Cumulative area) 
      Cumulative area ratio:   26.36
      Required ratio:    0.00 (Cumulative side area) 

    Layer: li1
      Partial area ratio:    1.76
      Required ratio:    0.00 (Gate area) 
      Partial area ratio:    2.35
      Required ratio:   75.00 (Side area) 
      Cumulative area ratio:    1.76
      Required ratio:    0.00 (Cumulative area) 
      Cumulative area ratio:    2.35
      Required ratio:    0.00 (Cumulative side area) 

    Via: M1M2_PR
      Partial area ratio:    0.01
      Required ratio:    6.00 (Gate area) 
      Cumulative area ratio:    0.13
      Required ratio:    0.00 (Cumulative area) 

    Via: L1M1_PR
      Partial area ratio:    0.12
      Required ratio:    3.00 (Gate area) 
      Cumulative area ratio:    0.12
      Required ratio:    0.00 (Cumulative area) 

  Pin: _4384_/A1 (sky130_fd_sc_hd__a21o_1)
    Layer: met2
      Partial area ratio:    4.60
      Required ratio:    0.00 (Gate area) 
      Partial area ratio:   23.05
      Required ratio: 2956.40 (Side area) 
      Cumulative area ratio:  121.99
      Required ratio:    0.00 (Cumulative area) 
      Cumulative area ratio:  600.49
      Required ratio:    0.00 (Cumulative side area) 

    Layer: met1
      Partial area ratio:    4.74
      Required ratio:    0.00 (Gate area) 
      Partial area ratio:   24.01
      Required ratio:  400.00 (Side area) 
      Cumulative area ratio:    7.45
      Required ratio:    0.00 (Cumulative area) 
      Cumulative area ratio:   27.48
      Required ratio:    0.00 (Cumulative side area) 

    Layer: li1
      Partial area ratio:    2.71
      Required ratio:    0.00 (Gate area) 
      Partial area ratio:    3.46
      Required ratio:   75.00 (Side area) 
      Cumulative area ratio:    2.71
      Required ratio:    0.00 (Cumulative area) 
      Cumulative area ratio:    3.46
      Required ratio:    0.00 (Cumulative side area) 

    Via: M1M2_PR
      Partial area ratio:    0.01
      Required ratio:    6.00 (Gate area) 
      Cumulative area ratio:    0.13
      Required ratio:    0.00 (Cumulative area) 

    Via: L1M1_PR
      Partial area ratio:    0.12
      Required ratio:    3.00 (Gate area) 
      Cumulative area ratio:    0.12
      Required ratio:    0.00 (Cumulative area) 

  Pin: _4271_/A (sky130_fd_sc_hd__nand2_1)
    Layer: met2
      Partial area ratio:    4.60
      Required ratio:    0.00 (Gate area) 
      Partial area ratio:   23.05
      Required ratio: 2956.40 (Side area) 
      Cumulative area ratio:  121.92
      Required ratio:    0.00 (Cumulative area) 
      Cumulative area ratio:  600.48
      Required ratio:    0.00 (Cumulative side area) 

    Layer: met1
      Partial area ratio:    4.74
      Required ratio:    0.00 (Gate area) 
      Partial area ratio:   24.01
      Required ratio:  400.00 (Side area) 
      Cumulative area ratio:    7.38
      Required ratio:    0.00 (Cumulative area) 
      Cumulative area ratio:   27.46
      Required ratio:    0.00 (Cumulative side area) 

    Layer: li1
      Partial area ratio:    2.64
      Required ratio:    0.00 (Gate area) 
      Partial area ratio:    3.45
      Required ratio:   75.00 (Side area) 
      Cumulative area ratio:    2.64
      Required ratio:    0.00 (Cumulative area) 
      Cumulative area ratio:    3.45
      Required ratio:    0.00 (Cumulative side area) 

    Via: M1M2_PR
      Partial area ratio:    0.01
      Required ratio:    6.00 (Gate area) 
      Cumulative area ratio:    0.07
      Required ratio:    0.00 (Cumulative area) 

    Via: L1M1_PR
      Partial area ratio:    0.06
      Required ratio:    3.00 (Gate area) 
      Cumulative area ratio:    0.06
      Required ratio:    0.00 (Cumulative area) 

  Pin: _4356_/A1 (sky130_fd_sc_hd__a21o_1)
    Layer: met2
      Partial area ratio:    4.60
      Required ratio:    0.00 (Gate area) 
      Partial area ratio:   23.05
      Required ratio: 2956.40 (Side area) 
      Cumulative area ratio:  121.92
      Required ratio:    0.00 (Cumulative area) 
      Cumulative area ratio:  600.48
      Required ratio:    0.00 (Cumulative side area) 

    Layer: met1
      Partial area ratio:    4.74
      Required ratio:    0.00 (Gate area) 
      Partial area ratio:   24.01
      Required ratio:  400.00 (Side area) 
      Cumulative area ratio:    7.38
      Required ratio:    0.00 (Cumulative area) 
      Cumulative area ratio:   27.46
      Required ratio:    0.00 (Cumulative side area) 

    Layer: li1
      Partial area ratio:    2.64
      Required ratio:    0.00 (Gate area) 
      Partial area ratio:    3.45
      Required ratio:   75.00 (Side area) 
      Cumulative area ratio:    2.64
      Required ratio:    0.00 (Cumulative area) 
      Cumulative area ratio:    3.45
      Required ratio:    0.00 (Cumulative side area) 

    Via: M1M2_PR
      Partial area ratio:    0.01
      Required ratio:    6.00 (Gate area) 
      Cumulative area ratio:    0.07
      Required ratio:    0.00 (Cumulative area) 

    Via: L1M1_PR
      Partial area ratio:    0.06
      Required ratio:    3.00 (Gate area) 
      Cumulative area ratio:    0.06
      Required ratio:    0.00 (Cumulative area) 

  Pin: _4317_/A1 (sky130_fd_sc_hd__a21o_1)
    Layer: met2
      Partial area ratio:    4.60
      Required ratio:    0.00 (Gate area) 
      Partial area ratio:   23.05
      Required ratio: 2956.40 (Side area) 
      Cumulative area ratio:  122.68
      Required ratio:    0.00 (Cumulative area) 
      Cumulative area ratio:  601.37
      Required ratio:    0.00 (Cumulative side area) 

    Layer: met1
      Partial area ratio:    4.74
      Required ratio:    0.00 (Gate area) 
      Partial area ratio:   24.01
      Required ratio:  400.00 (Side area) 
      Cumulative area ratio:    8.14
      Required ratio:    0.00 (Cumulative area) 
      Cumulative area ratio:   28.35
      Required ratio:    0.00 (Cumulative side area) 

    Layer: li1
      Partial area ratio:    3.40
      Required ratio:    0.00 (Gate area) 
      Partial area ratio:    4.34
      Required ratio:   75.00 (Side area) 
      Cumulative area ratio:    3.40
      Required ratio:    0.00 (Cumulative area) 
      Cumulative area ratio:    4.34
      Required ratio:    0.00 (Cumulative side area) 

    Via: M1M2_PR
      Partial area ratio:    0.01
      Required ratio:    6.00 (Gate area) 
      Cumulative area ratio:    0.07
      Required ratio:    0.00 (Cumulative area) 

    Via: L1M1_PR
      Partial area ratio:    0.06
      Required ratio:    3.00 (Gate area) 
      Cumulative area ratio:    0.06
      Required ratio:    0.00 (Cumulative area) 

  Pin: _4372_/A1 (sky130_fd_sc_hd__a21o_1)
    Layer: met2
      Partial area ratio:    4.60
      Required ratio:    0.00 (Gate area) 
      Partial area ratio:   23.05
      Required ratio: 2956.40 (Side area) 
      Cumulative area ratio:  122.68
      Required ratio:    0.00 (Cumulative area) 
      Cumulative area ratio:  601.37
      Required ratio:    0.00 (Cumulative side area) 

    Layer: met1
      Partial area ratio:    4.74
      Required ratio:    0.00 (Gate area) 
      Partial area ratio:   24.01
      Required ratio:  400.00 (Side area) 
      Cumulative area ratio:    8.14
      Required ratio:    0.00 (Cumulative area) 
      Cumulative area ratio:   28.35
      Required ratio:    0.00 (Cumulative side area) 

    Layer: li1
      Partial area ratio:    3.40
      Required ratio:    0.00 (Gate area) 
      Partial area ratio:    4.34
      Required ratio:   75.00 (Side area) 
      Cumulative area ratio:    3.40
      Required ratio:    0.00 (Cumulative area) 
      Cumulative area ratio:    4.34
      Required ratio:    0.00 (Cumulative side area) 

    Via: M1M2_PR
      Partial area ratio:    0.01
      Required ratio:    6.00 (Gate area) 
      Cumulative area ratio:    0.07
      Required ratio:    0.00 (Cumulative area) 

    Via: L1M1_PR
      Partial area ratio:    0.06
      Required ratio:    3.00 (Gate area) 
      Cumulative area ratio:    0.06
      Required ratio:    0.00 (Cumulative area) 

  Pin: _4375_/A1 (sky130_fd_sc_hd__a21o_1)
    Layer: met2
      Partial area ratio:    4.60
      Required ratio:    0.00 (Gate area) 
      Partial area ratio:   23.05
      Required ratio: 2956.40 (Side area) 
      Cumulative area ratio:  122.67
      Required ratio:    0.00 (Cumulative area) 
      Cumulative area ratio:  601.29
      Required ratio:    0.00 (Cumulative side area) 

    Layer: met1
      Partial area ratio:    4.74
      Required ratio:    0.00 (Gate area) 
      Partial area ratio:   24.01
      Required ratio:  400.00 (Side area) 
      Cumulative area ratio:    8.13
      Required ratio:    0.00 (Cumulative area) 
      Cumulative area ratio:   28.28
      Required ratio:    0.00 (Cumulative side area) 

    Layer: li1
      Partial area ratio:    3.39
      Required ratio:    0.00 (Gate area) 
      Partial area ratio:    4.26
      Required ratio:   75.00 (Side area) 
      Cumulative area ratio:    3.39
      Required ratio:    0.00 (Cumulative area) 
      Cumulative area ratio:    4.26
      Required ratio:    0.00 (Cumulative side area) 

    Via: M1M2_PR
      Partial area ratio:    0.01
      Required ratio:    6.00 (Gate area) 
      Cumulative area ratio:    0.13
      Required ratio:    0.00 (Cumulative area) 

    Via: L1M1_PR
      Partial area ratio:    0.12
      Required ratio:    3.00 (Gate area) 
      Cumulative area ratio:    0.12
      Required ratio:    0.00 (Cumulative area) 

  Pin: _4340_/A1 (sky130_fd_sc_hd__a21o_1)
    Layer: met2
      Partial area ratio:    4.60
      Required ratio:    0.00 (Gate area) 
      Partial area ratio:   23.05
      Required ratio: 2956.40 (Side area) 
      Cumulative area ratio:  126.15
      Required ratio:    0.00 (Cumulative area) 
      Cumulative area ratio:  625.74
      Required ratio:    0.00 (Cumulative side area) 

    Layer: met1
      Partial area ratio:    5.26
      Required ratio:    0.00 (Gate area) 
      Partial area ratio:   26.55
      Required ratio:  400.00 (Side area) 
      Cumulative area ratio:    6.87
      Required ratio:    0.00 (Cumulative area) 
      Cumulative area ratio:   28.72
      Required ratio:    0.00 (Cumulative side area) 

    Layer: li1
      Partial area ratio:    1.61
      Required ratio:    0.00 (Gate area) 
      Partial area ratio:    2.17
      Required ratio:   75.00 (Side area) 
      Cumulative area ratio:    1.61
      Required ratio:    0.00 (Cumulative area) 
      Cumulative area ratio:    2.17
      Required ratio:    0.00 (Cumulative side area) 

    Via: M1M2_PR
      Partial area ratio:    0.03
      Required ratio:    6.00 (Gate area) 
      Cumulative area ratio:    0.15
      Required ratio:    0.00 (Cumulative area) 

    Via: L1M1_PR
      Partial area ratio:    0.12
      Required ratio:    3.00 (Gate area) 
      Cumulative area ratio:    0.12
      Required ratio:    0.00 (Cumulative area) 

  Pin: _4366_/A1 (sky130_fd_sc_hd__a21o_1)
    Layer: met2
      Partial area ratio:    4.60
      Required ratio:    0.00 (Gate area) 
      Partial area ratio:   23.05
      Required ratio: 2956.40 (Side area) 
      Cumulative area ratio:  127.09
      Required ratio:    0.00 (Cumulative area) 
      Cumulative area ratio:  626.86
      Required ratio:    0.00 (Cumulative side area) 

    Layer: met1
      Partial area ratio:    5.26
      Required ratio:    0.00 (Gate area) 
      Partial area ratio:   26.55
      Required ratio:  400.00 (Side area) 
      Cumulative area ratio:    7.82
      Required ratio:    0.00 (Cumulative area) 
      Cumulative area ratio:   29.83
      Required ratio:    0.00 (Cumulative side area) 

    Layer: li1
      Partial area ratio:    2.56
      Required ratio:    0.00 (Gate area) 
      Partial area ratio:    3.28
      Required ratio:   75.00 (Side area) 
      Cumulative area ratio:    2.56
      Required ratio:    0.00 (Cumulative area) 
      Cumulative area ratio:    3.28
      Required ratio:    0.00 (Cumulative side area) 

    Via: M1M2_PR
      Partial area ratio:    0.03
      Required ratio:    6.00 (Gate area) 
      Cumulative area ratio:    0.15
      Required ratio:    0.00 (Cumulative area) 

    Via: L1M1_PR
      Partial area ratio:    0.12
      Required ratio:    3.00 (Gate area) 
      Cumulative area ratio:    0.12
      Required ratio:    0.00 (Cumulative area) 

  Pin: _4360_/A1 (sky130_fd_sc_hd__a21o_1)
    Layer: met2
      Partial area ratio:    4.60
      Required ratio:    0.00 (Gate area) 
      Partial area ratio:   23.05
      Required ratio: 2956.40 (Side area) 
      Cumulative area ratio:  127.41
      Required ratio:    0.00 (Cumulative area) 
      Cumulative area ratio:  627.23
      Required ratio:    0.00 (Cumulative side area) 

    Layer: met1
      Partial area ratio:    5.26
      Required ratio:    0.00 (Gate area) 
      Partial area ratio:   26.55
      Required ratio:  400.00 (Side area) 
      Cumulative area ratio:    8.13
      Required ratio:    0.00 (Cumulative area) 
      Cumulative area ratio:   30.20
      Required ratio:    0.00 (Cumulative side area) 

    Layer: li1
      Partial area ratio:    2.87
      Required ratio:    0.00 (Gate area) 
      Partial area ratio:    3.66
      Required ratio:   75.00 (Side area) 
      Cumulative area ratio:    2.87
      Required ratio:    0.00 (Cumulative area) 
      Cumulative area ratio:    3.66
      Required ratio:    0.00 (Cumulative side area) 

    Via: M1M2_PR
      Partial area ratio:    0.03
      Required ratio:    6.00 (Gate area) 
      Cumulative area ratio:    0.15
      Required ratio:    0.00 (Cumulative area) 

    Via: L1M1_PR
      Partial area ratio:    0.12
      Required ratio:    3.00 (Gate area) 
      Cumulative area ratio:    0.12
      Required ratio:    0.00 (Cumulative area) 

  Pin: _4296_/A1 (sky130_fd_sc_hd__a21o_1)
    Layer: met2
      Partial area ratio:    4.60
      Required ratio:    0.00 (Gate area) 
      Partial area ratio:   23.05
      Required ratio: 2956.40 (Side area) 
      Cumulative area ratio:  123.25
      Required ratio:    0.00 (Cumulative area) 
      Cumulative area ratio:  601.98
      Required ratio:    0.00 (Cumulative side area) 

    Layer: met1
      Partial area ratio:    4.74
      Required ratio:    0.00 (Gate area) 
      Partial area ratio:   24.01
      Required ratio:  400.00 (Side area) 
      Cumulative area ratio:    8.72
      Required ratio:    0.00 (Cumulative area) 
      Cumulative area ratio:   28.96
      Required ratio:    0.00 (Cumulative side area) 

    Layer: li1
      Partial area ratio:    3.97
      Required ratio:    0.00 (Gate area) 
      Partial area ratio:    4.95
      Required ratio:   75.00 (Side area) 
      Cumulative area ratio:    3.97
      Required ratio:    0.00 (Cumulative area) 
      Cumulative area ratio:    4.95
      Required ratio:    0.00 (Cumulative side area) 

    Via: M1M2_PR
      Partial area ratio:    0.01
      Required ratio:    6.00 (Gate area) 
      Cumulative area ratio:    0.13
      Required ratio:    0.00 (Cumulative area) 

    Via: L1M1_PR
      Partial area ratio:    0.12
      Required ratio:    3.00 (Gate area) 
      Cumulative area ratio:    0.12
      Required ratio:    0.00 (Cumulative area) 

  Pin: _4308_/A1 (sky130_fd_sc_hd__a21o_1)
    Layer: met2
      Partial area ratio:    4.60
      Required ratio:    0.00 (Gate area) 
      Partial area ratio:   23.05
      Required ratio: 2956.40 (Side area) 
      Cumulative area ratio:  121.99
      Required ratio:    0.00 (Cumulative area) 
      Cumulative area ratio:  600.49
      Required ratio:    0.00 (Cumulative side area) 

    Layer: met1
      Partial area ratio:    4.74
      Required ratio:    0.00 (Gate area) 
      Partial area ratio:   24.01
      Required ratio:  400.00 (Side area) 
      Cumulative area ratio:    7.45
      Required ratio:    0.00 (Cumulative area) 
      Cumulative area ratio:   27.48
      Required ratio:    0.00 (Cumulative side area) 

    Layer: li1
      Partial area ratio:    2.71
      Required ratio:    0.00 (Gate area) 
      Partial area ratio:    3.46
      Required ratio:   75.00 (Side area) 
      Cumulative area ratio:    2.71
      Required ratio:    0.00 (Cumulative area) 
      Cumulative area ratio:    3.46
      Required ratio:    0.00 (Cumulative side area) 

    Via: M1M2_PR
      Partial area ratio:    0.01
      Required ratio:    6.00 (Gate area) 
      Cumulative area ratio:    0.13
      Required ratio:    0.00 (Cumulative area) 

    Via: L1M1_PR
      Partial area ratio:    0.12
      Required ratio:    3.00 (Gate area) 
      Cumulative area ratio:    0.12
      Required ratio:    0.00 (Cumulative area) 

  Pin: _4603_/C (sky130_fd_sc_hd__and3_1)
    Layer: met2
      Partial area ratio:    4.60
      Required ratio:    0.00 (Gate area) 
      Partial area ratio:   23.05
      Required ratio: 2956.40 (Side area) 
      Cumulative area ratio:  123.42
      Required ratio:    0.00 (Cumulative area) 
      Cumulative area ratio:  602.35
      Required ratio:    0.00 (Cumulative side area) 

    Layer: met1
      Partial area ratio:    4.74
      Required ratio:    0.00 (Gate area) 
      Partial area ratio:   24.01
      Required ratio:  400.00 (Side area) 
      Cumulative area ratio:    8.88
      Required ratio:    0.00 (Cumulative area) 
      Cumulative area ratio:   29.34
      Required ratio:    0.00 (Cumulative side area) 

    Layer: li1
      Partial area ratio:    4.14
      Required ratio:    0.00 (Gate area) 
      Partial area ratio:    5.32
      Required ratio:   75.00 (Side area) 
      Cumulative area ratio:    4.14
      Required ratio:    0.00 (Cumulative area) 
      Cumulative area ratio:    5.32
      Required ratio:    0.00 (Cumulative side area) 

    Via: M1M2_PR
      Partial area ratio:    0.01
      Required ratio:    6.00 (Gate area) 
      Cumulative area ratio:    0.09
      Required ratio:    0.00 (Cumulative area) 

    Via: L1M1_PR
      Partial area ratio:    0.08
      Required ratio:    3.00 (Gate area) 
      Cumulative area ratio:    0.08
      Required ratio:    0.00 (Cumulative area) 

  Pin: _4305_/A1 (sky130_fd_sc_hd__a21o_1)
    Layer: met2
      Partial area ratio:    4.60
      Required ratio:    0.00 (Gate area) 
      Partial area ratio:   23.05
      Required ratio: 2956.40 (Side area) 
      Cumulative area ratio:  123.42
      Required ratio:    0.00 (Cumulative area) 
      Cumulative area ratio:  602.35
      Required ratio:    0.00 (Cumulative side area) 

    Layer: met1
      Partial area ratio:    4.74
      Required ratio:    0.00 (Gate area) 
      Partial area ratio:   24.01
      Required ratio:  400.00 (Side area) 
      Cumulative area ratio:    8.88
      Required ratio:    0.00 (Cumulative area) 
      Cumulative area ratio:   29.34
      Required ratio:    0.00 (Cumulative side area) 

    Layer: li1
      Partial area ratio:    4.14
      Required ratio:    0.00 (Gate area) 
      Partial area ratio:    5.32
      Required ratio:   75.00 (Side area) 
      Cumulative area ratio:    4.14
      Required ratio:    0.00 (Cumulative area) 
      Cumulative area ratio:    5.32
      Required ratio:    0.00 (Cumulative side area) 

    Via: M1M2_PR
      Partial area ratio:    0.01
      Required ratio:    6.00 (Gate area) 
      Cumulative area ratio:    0.09
      Required ratio:    0.00 (Cumulative area) 

    Via: L1M1_PR
      Partial area ratio:    0.08
      Required ratio:    3.00 (Gate area) 
      Cumulative area ratio:    0.08
      Required ratio:    0.00 (Cumulative area) 

  Pin: _3379_/B (sky130_fd_sc_hd__and3_1)
    Layer: met2
      Partial area ratio:    4.60
      Required ratio:    0.00 (Gate area) 
      Partial area ratio:   23.05
      Required ratio: 2956.40 (Side area) 
      Cumulative area ratio:  114.69
      Required ratio:    0.00 (Cumulative area) 
      Cumulative area ratio:  573.37
      Required ratio:    0.00 (Cumulative side area) 

    Layer: met1
      Partial area ratio:  109.94
      Required ratio:    0.00 (Gate area) 
      Partial area ratio:  549.96
      Required ratio:  400.00 (Side area) (VIOLATED)
      Cumulative area ratio:  110.09
      Required ratio:    0.00 (Cumulative area) 
      Cumulative area ratio:  550.32
      Required ratio:    0.00 (Cumulative side area) 

    Layer: li1
      Partial area ratio:    0.15
      Required ratio:    0.00 (Gate area) 
      Partial area ratio:    0.36
      Required ratio:   75.00 (Side area) 
      Cumulative area ratio:    0.15
      Required ratio:    0.00 (Cumulative area) 
      Cumulative area ratio:    0.36
      Required ratio:    0.00 (Cumulative side area) 

    Via: M1M2_PR
      Partial area ratio:    0.12
      Required ratio:    6.00 (Gate area) 
      Cumulative area ratio:    0.20
      Required ratio:    0.00 (Cumulative area) 

    Via: L1M1_PR
      Partial area ratio:    0.08
      Required ratio:    3.00 (Gate area) 
      Cumulative area ratio:    0.08
      Required ratio:    0.00 (Cumulative area) 

  Pin: _3379_/B (sky130_fd_sc_hd__and3_1)
    Layer: met2
      Partial area ratio:    4.60
      Required ratio:    0.00 (Gate area) 
      Partial area ratio:   23.05
      Required ratio: 2956.40 (Side area) 
      Cumulative area ratio:  114.69
      Required ratio:    0.00 (Cumulative area) 
      Cumulative area ratio:  573.37
      Required ratio:    0.00 (Cumulative side area) 

    Layer: met1
      Partial area ratio:  109.94
      Required ratio:    0.00 (Gate area) 
      Partial area ratio:  549.96
      Required ratio:  400.00 (Side area) (VIOLATED)
      Cumulative area ratio:  110.09
      Required ratio:    0.00 (Cumulative area) 
      Cumulative area ratio:  550.32
      Required ratio:    0.00 (Cumulative side area) 

    Layer: li1
      Partial area ratio:    0.15
      Required ratio:    0.00 (Gate area) 
      Partial area ratio:    0.36
      Required ratio:   75.00 (Side area) 
      Cumulative area ratio:    0.15
      Required ratio:    0.00 (Cumulative area) 
      Cumulative area ratio:    0.36
      Required ratio:    0.00 (Cumulative side area) 

    Via: M1M2_PR
      Partial area ratio:    0.12
      Required ratio:    6.00 (Gate area) 
      Cumulative area ratio:    0.20
      Required ratio:    0.00 (Cumulative area) 

    Via: L1M1_PR
      Partial area ratio:    0.08
      Required ratio:    3.00 (Gate area) 
      Cumulative area ratio:    0.08
      Required ratio:    0.00 (Cumulative area) 

  Pin: _3379_/B (sky130_fd_sc_hd__and3_1)
    Layer: met2
      Partial area ratio:    4.60
      Required ratio:    0.00 (Gate area) 
      Partial area ratio:   23.05
      Required ratio: 2956.40 (Side area) 
      Cumulative area ratio:  114.69
      Required ratio:    0.00 (Cumulative area) 
      Cumulative area ratio:  573.37
      Required ratio:    0.00 (Cumulative side area) 

    Layer: met1
      Partial area ratio:  109.94
      Required ratio:    0.00 (Gate area) 
      Partial area ratio:  549.96
      Required ratio:  400.00 (Side area) (VIOLATED)
      Cumulative area ratio:  110.09
      Required ratio:    0.00 (Cumulative area) 
      Cumulative area ratio:  550.32
      Required ratio:    0.00 (Cumulative side area) 

    Layer: li1
      Partial area ratio:    0.15
      Required ratio:    0.00 (Gate area) 
      Partial area ratio:    0.36
      Required ratio:   75.00 (Side area) 
      Cumulative area ratio:    0.15
      Required ratio:    0.00 (Cumulative area) 
      Cumulative area ratio:    0.36
      Required ratio:    0.00 (Cumulative side area) 

    Via: M1M2_PR
      Partial area ratio:    0.12
      Required ratio:    6.00 (Gate area) 
      Cumulative area ratio:    0.20
      Required ratio:    0.00 (Cumulative area) 

    Via: L1M1_PR
      Partial area ratio:    0.08
      Required ratio:    3.00 (Gate area) 
      Cumulative area ratio:    0.08
      Required ratio:    0.00 (Cumulative area) 


Net: net107
  Pin: _4501_/A2 (sky130_fd_sc_hd__a21o_1)
    Layer: met2
      Partial area ratio:   46.92
      Required ratio:    0.00 (Gate area) 
      Partial area ratio:  234.97
      Required ratio: 2778.20 (Side area) 
      Cumulative area ratio:  223.25
      Required ratio:    0.00 (Cumulative area) 
      Cumulative area ratio: 1100.03
      Required ratio:    0.00 (Cumulative side area) 

    Layer: met1
      Partial area ratio:  171.81
      Required ratio:    0.00 (Gate area) 
      Partial area ratio:  859.46
      Required ratio:  400.00 (Side area) (VIOLATED)
      Cumulative area ratio:  176.34
      Required ratio:    0.00 (Cumulative area) 
      Cumulative area ratio:  865.05
      Required ratio:    0.00 (Cumulative side area) 

    Layer: li1
      Partial area ratio:    4.52
      Required ratio:    0.00 (Gate area) 
      Partial area ratio:    5.60
      Required ratio:   75.00 (Side area) 
      Cumulative area ratio:    4.52
      Required ratio:    0.00 (Cumulative area) 
      Cumulative area ratio:    5.60
      Required ratio:    0.00 (Cumulative side area) 

    Via: M1M2_PR
      Partial area ratio:    0.09
      Required ratio:    6.00 (Gate area) 
      Cumulative area ratio:    0.21
      Required ratio:    0.00 (Cumulative area) 

    Via: L1M1_PR
      Partial area ratio:    0.12
      Required ratio:    3.00 (Gate area) 
      Cumulative area ratio:    0.12
      Required ratio:    0.00 (Cumulative area) 


Net: net108
  Pin: _4507_/A2 (sky130_fd_sc_hd__a21o_1)
    Layer: met2
      Partial area ratio:   46.92
      Required ratio:    0.00 (Gate area) 
      Partial area ratio:  234.97
      Required ratio: 2918.08 (Side area) 
      Cumulative area ratio:  240.77
      Required ratio:    0.00 (Cumulative area) 
      Cumulative area ratio: 1195.26
      Required ratio:    0.00 (Cumulative side area) 

    Layer: met1
      Partial area ratio:  191.33
      Required ratio:    0.00 (Gate area) 
      Partial area ratio:  957.03
      Required ratio:  400.00 (Side area) (VIOLATED)
      Cumulative area ratio:  193.86
      Required ratio:    0.00 (Cumulative area) 
      Cumulative area ratio:  960.29
      Required ratio:    0.00 (Cumulative side area) 

    Layer: li1
      Partial area ratio:    2.53
      Required ratio:    0.00 (Gate area) 
      Partial area ratio:    3.25
      Required ratio:   75.00 (Side area) 
      Cumulative area ratio:    2.53
      Required ratio:    0.00 (Cumulative area) 
      Cumulative area ratio:    3.25
      Required ratio:    0.00 (Cumulative side area) 

    Via: M1M2_PR
      Partial area ratio:    0.09
      Required ratio:    6.00 (Gate area) 
      Cumulative area ratio:    0.21
      Required ratio:    0.00 (Cumulative area) 

    Via: L1M1_PR
      Partial area ratio:    0.12
      Required ratio:    3.00 (Gate area) 
      Cumulative area ratio:    0.12
      Required ratio:    0.00 (Cumulative area) 


Net: net162
  Pin: _6381_/A_N (sky130_fd_sc_hd__nand3b_1)
    Layer: met3
      Partial area ratio:  592.14
      Required ratio:    0.00 (Gate area) 
      Partial area ratio: 3161.90
      Required ratio: 2753.36 (Side area) (VIOLATED)
      Cumulative area ratio:  597.67
      Required ratio:    0.00 (Cumulative area) 
      Cumulative area ratio: 3168.95
      Required ratio:    0.00 (Cumulative side area) 

    Layer: met2
      Partial area ratio:    0.00
      Required ratio:    0.00 (Gate area) 
      Partial area ratio:    0.00
      Required ratio:  400.00 (Side area) 
      Cumulative area ratio:    5.53
      Required ratio:    0.00 (Cumulative area) 
      Cumulative area ratio:    7.05
      Required ratio:    0.00 (Cumulative side area) 

    Layer: met1
      Partial area ratio:    0.00
      Required ratio:    0.00 (Gate area) 
      Partial area ratio:    0.00
      Required ratio:  400.00 (Side area) 
      Cumulative area ratio:    5.53
      Required ratio:    0.00 (Cumulative area) 
      Cumulative area ratio:    7.05
      Required ratio:    0.00 (Cumulative side area) 

    Layer: li1
      Partial area ratio:    5.53
      Required ratio:    0.00 (Gate area) 
      Partial area ratio:    7.05
      Required ratio:   75.00 (Side area) 
      Cumulative area ratio:    5.53
      Required ratio:    0.00 (Cumulative area) 
      Cumulative area ratio:    7.05
      Required ratio:    0.00 (Cumulative side area) 

    Via: M2M3_PR
      Partial area ratio:    0.32
      Required ratio:    6.00 (Gate area) 
      Cumulative area ratio:    0.73
      Required ratio:    0.00 (Cumulative area) 

    Via: M1M2_PR
      Partial area ratio:    0.18
      Required ratio:    6.00 (Gate area) 
      Cumulative area ratio:    0.41
      Required ratio:    0.00 (Cumulative area) 

    Via: L1M1_PR
      Partial area ratio:    0.23
      Required ratio:    3.00 (Gate area) 
      Cumulative area ratio:    0.23
      Required ratio:    0.00 (Cumulative area) 


Net: net187
  Pin: _6373_/A_N (sky130_fd_sc_hd__nand3b_1)
    Layer: met3
      Partial area ratio:  789.29
      Required ratio:    0.00 (Gate area) 
      Partial area ratio: 4213.33
      Required ratio: 2778.20 (Side area) (VIOLATED)
      Cumulative area ratio:  811.93
      Required ratio:    0.00 (Cumulative area) 
      Cumulative area ratio: 4300.51
      Required ratio:    0.00 (Cumulative side area) 

    Layer: met2
      Partial area ratio:   15.49
      Required ratio:    0.00 (Gate area) 
      Partial area ratio:   78.22
      Required ratio:  400.00 (Side area) 
      Cumulative area ratio:   22.64
      Required ratio:    0.00 (Cumulative area) 
      Cumulative area ratio:   87.17
      Required ratio:    0.00 (Cumulative side area) 

    Layer: met1
      Partial area ratio:    0.00
      Required ratio:    0.00 (Gate area) 
      Partial area ratio:    0.00
      Required ratio:  400.00 (Side area) 
      Cumulative area ratio:    7.15
      Required ratio:    0.00 (Cumulative area) 
      Cumulative area ratio:    8.95
      Required ratio:    0.00 (Cumulative side area) 

    Layer: li1
      Partial area ratio:    7.15
      Required ratio:    0.00 (Gate area) 
      Partial area ratio:    8.95
      Required ratio:   75.00 (Side area) 
      Cumulative area ratio:    7.15
      Required ratio:    0.00 (Cumulative area) 
      Cumulative area ratio:    8.95
      Required ratio:    0.00 (Cumulative side area) 

    Via: M2M3_PR
      Partial area ratio:    0.32
      Required ratio:    6.00 (Gate area) 
      Cumulative area ratio:    0.73
      Required ratio:    0.00 (Cumulative area) 

    Via: M1M2_PR
      Partial area ratio:    0.18
      Required ratio:    6.00 (Gate area) 
      Cumulative area ratio:    0.41
      Required ratio:    0.00 (Cumulative area) 

    Via: L1M1_PR
      Partial area ratio:    0.23
      Required ratio:    3.00 (Gate area) 
      Cumulative area ratio:    0.23
      Required ratio:    0.00 (Cumulative area) 


Net: net242
  Pin: _6264_/A1 (sky130_fd_sc_hd__o21ai_1)
    Layer: met2
      Partial area ratio:  124.98
      Required ratio:    0.00 (Gate area) 
      Partial area ratio:  625.28
      Required ratio: 2918.08 (Side area) 
      Cumulative area ratio:  264.33
      Required ratio:    0.00 (Cumulative area) 
      Cumulative area ratio: 1312.51
      Required ratio:    0.00 (Cumulative side area) 

    Layer: met1
      Partial area ratio:  136.69
      Required ratio:    0.00 (Gate area) 
      Partial area ratio:  683.82
      Required ratio:  400.00 (Side area) (VIOLATED)
      Cumulative area ratio:  139.35
      Required ratio:    0.00 (Cumulative area) 
      Cumulative area ratio:  687.23
      Required ratio:    0.00 (Cumulative side area) 

    Layer: li1
      Partial area ratio:    2.67
      Required ratio:    0.00 (Gate area) 
      Partial area ratio:    3.41
      Required ratio:   75.00 (Side area) 
      Cumulative area ratio:    2.67
      Required ratio:    0.00 (Cumulative area) 
      Cumulative area ratio:    3.41
      Required ratio:    0.00 (Cumulative side area) 

    Via: M1M2_PR
      Partial area ratio:    0.09
      Required ratio:    6.00 (Gate area) 
      Cumulative area ratio:    0.21
      Required ratio:    0.00 (Cumulative area) 

    Via: L1M1_PR
      Partial area ratio:    0.12
      Required ratio:    3.00 (Gate area) 
      Cumulative area ratio:    0.12
      Required ratio:    0.00 (Cumulative area) 


Net: net264
  Pin: _5643_/A0 (sky130_fd_sc_hd__mux2_1)
    Layer: met2
      Partial area ratio:  153.64
      Required ratio:    0.00 (Gate area) 
      Partial area ratio:  769.78
      Required ratio: 2753.36 (Side area) 
      Cumulative area ratio:  254.71
      Required ratio:    0.00 (Cumulative area) 
      Cumulative area ratio: 1242.36
      Required ratio:    0.00 (Cumulative side area) 

    Layer: met1
      Partial area ratio:   92.16
      Required ratio:    0.00 (Gate area) 
      Partial area ratio:  461.56
      Required ratio:  400.00 (Side area) (VIOLATED)
      Cumulative area ratio:  101.07
      Required ratio:    0.00 (Cumulative area) 
      Cumulative area ratio:  472.58
      Required ratio:    0.00 (Cumulative side area) 

    Layer: li1
      Partial area ratio:    8.91
      Required ratio:    0.00 (Gate area) 
      Partial area ratio:   11.03
      Required ratio:   75.00 (Side area) 
      Cumulative area ratio:    8.91
      Required ratio:    0.00 (Cumulative area) 
      Cumulative area ratio:   11.03
      Required ratio:    0.00 (Cumulative side area) 

    Via: M1M2_PR
      Partial area ratio:    0.18
      Required ratio:    6.00 (Gate area) 
      Cumulative area ratio:    0.41
      Required ratio:    0.00 (Cumulative area) 

    Via: L1M1_PR
      Partial area ratio:    0.23
      Required ratio:    3.00 (Gate area) 
      Cumulative area ratio:    0.23
      Required ratio:    0.00 (Cumulative area) 


Net: net295
  Pin: _6158_/A0 (sky130_fd_sc_hd__mux2_1)
    Layer: met2
      Partial area ratio:   23.31
      Required ratio:    0.00 (Gate area) 
      Partial area ratio:  118.11
      Required ratio: 2736.24 (Side area) 
      Cumulative area ratio:  112.40
      Required ratio:    0.00 (Cumulative area) 
      Cumulative area ratio:  547.29
      Required ratio:    0.00 (Cumulative side area) 

    Layer: met1
      Partial area ratio:   84.49
      Required ratio:    0.00 (Gate area) 
      Partial area ratio:  423.22
      Required ratio:  400.00 (Side area) (VIOLATED)
      Cumulative area ratio:   89.09
      Required ratio:    0.00 (Cumulative area) 
      Cumulative area ratio:  429.18
      Required ratio:    0.00 (Cumulative side area) 

    Layer: li1
      Partial area ratio:    4.60
      Required ratio:    0.00 (Gate area) 
      Partial area ratio:    5.96
      Required ratio:   75.00 (Side area) 
      Cumulative area ratio:    4.60
      Required ratio:    0.00 (Cumulative area) 
      Cumulative area ratio:    5.96
      Required ratio:    0.00 (Cumulative side area) 

    Via: M1M2_PR
      Partial area ratio:    0.18
      Required ratio:    6.00 (Gate area) 
      Cumulative area ratio:    0.41
      Required ratio:    0.00 (Cumulative area) 

    Via: L1M1_PR
      Partial area ratio:    0.23
      Required ratio:    3.00 (Gate area) 
      Cumulative area ratio:    0.23
      Required ratio:    0.00 (Cumulative area) 


Net: net301
  Pin: _6168_/A0 (sky130_fd_sc_hd__mux2_1)
    Layer: met2
      Partial area ratio:   23.16
      Required ratio:    0.00 (Gate area) 
      Partial area ratio:  116.56
      Required ratio: 2753.36 (Side area) 
      Cumulative area ratio:  289.81
      Required ratio:    0.00 (Cumulative area) 
      Cumulative area ratio: 1428.84
      Required ratio:    0.00 (Cumulative side area) 

    Layer: met1
      Partial area ratio:  260.82
      Required ratio:    0.00 (Gate area) 
      Partial area ratio: 1304.89
      Required ratio:  400.00 (Side area) (VIOLATED)
      Cumulative area ratio:  266.65
      Required ratio:    0.00 (Cumulative area) 
      Cumulative area ratio: 1312.29
      Required ratio:    0.00 (Cumulative side area) 

    Layer: li1
      Partial area ratio:    5.83
      Required ratio:    0.00 (Gate area) 
      Partial area ratio:    7.40
      Required ratio:   75.00 (Side area) 
      Cumulative area ratio:    5.83
      Required ratio:    0.00 (Cumulative area) 
      Cumulative area ratio:    7.40
      Required ratio:    0.00 (Cumulative side area) 

    Via: M1M2_PR
      Partial area ratio:    0.18
      Required ratio:    6.00 (Gate area) 
      Cumulative area ratio:    0.41
      Required ratio:    0.00 (Cumulative area) 

    Via: L1M1_PR
      Partial area ratio:    0.23
      Required ratio:    3.00 (Gate area) 
      Cumulative area ratio:    0.23
      Required ratio:    0.00 (Cumulative area) 


Net: net314
  Pin: _6060_/A0 (sky130_fd_sc_hd__mux2_1)
    Layer: met3
      Partial area ratio:  723.57
      Required ratio:    0.00 (Gate area) 
      Partial area ratio: 3862.86
      Required ratio: 2778.20 (Side area) (VIOLATED)
      Cumulative area ratio:  726.21
      Required ratio:    0.00 (Cumulative area) 
      Cumulative area ratio: 3866.50
      Required ratio:    0.00 (Cumulative side area) 

    Layer: met2
      Partial area ratio:    0.00
      Required ratio:    0.00 (Gate area) 
      Partial area ratio:    0.00
      Required ratio:  400.00 (Side area) 
      Cumulative area ratio:    2.63
      Required ratio:    0.00 (Cumulative area) 
      Cumulative area ratio:    3.64
      Required ratio:    0.00 (Cumulative side area) 

    Layer: met1
      Partial area ratio:    0.00
      Required ratio:    0.00 (Gate area) 
      Partial area ratio:    0.00
      Required ratio:  400.00 (Side area) 
      Cumulative area ratio:    2.63
      Required ratio:    0.00 (Cumulative area) 
      Cumulative area ratio:    3.64
      Required ratio:    0.00 (Cumulative side area) 

    Layer: li1
      Partial area ratio:    2.63
      Required ratio:    0.00 (Gate area) 
      Partial area ratio:    3.64
      Required ratio:   75.00 (Side area) 
      Cumulative area ratio:    2.63
      Required ratio:    0.00 (Cumulative area) 
      Cumulative area ratio:    3.64
      Required ratio:    0.00 (Cumulative side area) 

    Via: M2M3_PR
      Partial area ratio:    0.32
      Required ratio:    6.00 (Gate area) 
      Cumulative area ratio:    0.73
      Required ratio:    0.00 (Cumulative area) 

    Via: M1M2_PR
      Partial area ratio:    0.18
      Required ratio:    6.00 (Gate area) 
      Cumulative area ratio:    0.41
      Required ratio:    0.00 (Cumulative area) 

    Via: L1M1_PR
      Partial area ratio:    0.23
      Required ratio:    3.00 (Gate area) 
      Cumulative area ratio:    0.23
      Required ratio:    0.00 (Cumulative area) 


Net: net319
  Pin: _6069_/A0 (sky130_fd_sc_hd__mux2_1)
    Layer: met2
      Partial area ratio:    7.82
      Required ratio:    0.00 (Gate area) 
      Partial area ratio:   39.89
      Required ratio: 2736.24 (Side area) 
      Cumulative area ratio:  187.16
      Required ratio:    0.00 (Cumulative area) 
      Cumulative area ratio:  927.00
      Required ratio:    0.00 (Cumulative side area) 

    Layer: met1
      Partial area ratio:  176.49
      Required ratio:    0.00 (Gate area) 
      Partial area ratio:  883.22
      Required ratio:  400.00 (Side area) (VIOLATED)
      Cumulative area ratio:  179.33
      Required ratio:    0.00 (Cumulative area) 
      Cumulative area ratio:  887.11
      Required ratio:    0.00 (Cumulative side area) 

    Layer: li1
      Partial area ratio:    2.84
      Required ratio:    0.00 (Gate area) 
      Partial area ratio:    3.89
      Required ratio:   75.00 (Side area) 
      Cumulative area ratio:    2.84
      Required ratio:    0.00 (Cumulative area) 
      Cumulative area ratio:    3.89
      Required ratio:    0.00 (Cumulative side area) 

    Via: M1M2_PR
      Partial area ratio:    0.18
      Required ratio:    6.00 (Gate area) 
      Cumulative area ratio:    0.41
      Required ratio:    0.00 (Cumulative area) 

    Via: L1M1_PR
      Partial area ratio:    0.23
      Required ratio:    3.00 (Gate area) 
      Cumulative area ratio:    0.23
      Required ratio:    0.00 (Cumulative area) 


Net: net411
  Pin: _5561_/A0 (sky130_fd_sc_hd__mux2_1)
    Layer: met2
      Partial area ratio:  682.64
      Required ratio:    0.00 (Gate area) 
      Partial area ratio: 3414.78
      Required ratio: 3236.16 (Side area) (VIOLATED)
      Cumulative area ratio:  688.19
      Required ratio:    0.00 (Cumulative area) 
      Cumulative area ratio: 3421.84
      Required ratio:    0.00 (Cumulative side area) 

    Layer: met1
      Partial area ratio:    0.00
      Required ratio:    0.00 (Gate area) 
      Partial area ratio:    0.00
      Required ratio:  400.00 (Side area) 
      Cumulative area ratio:    5.54
      Required ratio:    0.00 (Cumulative area) 
      Cumulative area ratio:    7.06
      Required ratio:    0.00 (Cumulative side area) 

    Layer: li1
      Partial area ratio:    5.54
      Required ratio:    0.00 (Gate area) 
      Partial area ratio:    7.06
      Required ratio:   75.00 (Side area) 
      Cumulative area ratio:    5.54
      Required ratio:    0.00 (Cumulative area) 
      Cumulative area ratio:    7.06
      Required ratio:    0.00 (Cumulative side area) 

    Via: M1M2_PR
      Partial area ratio:    0.18
      Required ratio:    6.00 (Gate area) 
      Cumulative area ratio:    0.41
      Required ratio:    0.00 (Cumulative area) 

    Via: L1M1_PR
      Partial area ratio:    0.23
      Required ratio:    3.00 (Gate area) 
      Cumulative area ratio:    0.23
      Required ratio:    0.00 (Cumulative area) 


Net: net412
  Pin: _5563_/A0 (sky130_fd_sc_hd__mux2_1)
    Layer: met2
      Partial area ratio:  713.31
      Required ratio:    0.00 (Gate area) 
      Partial area ratio: 3568.11
      Required ratio: 3236.16 (Side area) (VIOLATED)
      Cumulative area ratio:  764.47
      Required ratio:    0.00 (Cumulative area) 
      Cumulative area ratio: 3806.09
      Required ratio:    0.00 (Cumulative side area) 

    Layer: met1
      Partial area ratio:   46.16
      Required ratio:    0.00 (Gate area) 
      Partial area ratio:  231.56
      Required ratio:  400.00 (Side area) 
      Cumulative area ratio:   51.16
      Required ratio:    0.00 (Cumulative area) 
      Cumulative area ratio:  237.98
      Required ratio:    0.00 (Cumulative side area) 

    Layer: li1
      Partial area ratio:    5.00
      Required ratio:    0.00 (Gate area) 
      Partial area ratio:    6.43
      Required ratio:   75.00 (Side area) 
      Cumulative area ratio:    5.00
      Required ratio:    0.00 (Cumulative area) 
      Cumulative area ratio:    6.43
      Required ratio:    0.00 (Cumulative side area) 

    Via: M1M2_PR
      Partial area ratio:    0.18
      Required ratio:    6.00 (Gate area) 
      Cumulative area ratio:    0.41
      Required ratio:    0.00 (Cumulative area) 

    Via: L1M1_PR
      Partial area ratio:    0.23
      Required ratio:    3.00 (Gate area) 
      Cumulative area ratio:    0.23
      Required ratio:    0.00 (Cumulative area) 


Net: net413
  Pin: _5565_/A0 (sky130_fd_sc_hd__mux2_1)
    Layer: met2
      Partial area ratio:   30.82
      Required ratio:    0.00 (Gate area) 
      Partial area ratio:  154.89
      Required ratio: 2736.24 (Side area) 
      Cumulative area ratio:  134.79
      Required ratio:    0.00 (Cumulative area) 
      Cumulative area ratio:  660.19
      Required ratio:    0.00 (Cumulative side area) 

    Layer: met1
      Partial area ratio:   99.82
      Required ratio:    0.00 (Gate area) 
      Partial area ratio:  499.89
      Required ratio:  400.00 (Side area) (VIOLATED)
      Cumulative area ratio:  103.97
      Required ratio:    0.00 (Cumulative area) 
      Cumulative area ratio:  505.30
      Required ratio:    0.00 (Cumulative side area) 

    Layer: li1
      Partial area ratio:    4.14
      Required ratio:    0.00 (Gate area) 
      Partial area ratio:    5.42
      Required ratio:   75.00 (Side area) 
      Cumulative area ratio:    4.14
      Required ratio:    0.00 (Cumulative area) 
      Cumulative area ratio:    5.42
      Required ratio:    0.00 (Cumulative side area) 

    Via: M1M2_PR
      Partial area ratio:    0.18
      Required ratio:    6.00 (Gate area) 
      Cumulative area ratio:    0.41
      Required ratio:    0.00 (Cumulative area) 

    Via: L1M1_PR
      Partial area ratio:    0.23
      Required ratio:    3.00 (Gate area) 
      Cumulative area ratio:    0.23
      Required ratio:    0.00 (Cumulative area) 


Net: net417
  Pin: _5573_/A0 (sky130_fd_sc_hd__mux2_1)
    Layer: met4
      Partial area ratio: 1150.71
      Required ratio:    0.00 (Gate area) 
      Partial area ratio: 6140.95
      Required ratio: 2956.40 (Side area) (VIOLATED)
      Cumulative area ratio: 1156.98
      Required ratio:    0.00 (Cumulative area) 
      Cumulative area ratio: 6148.87
      Required ratio:    0.00 (Cumulative side area) 

    Layer: met3
      Partial area ratio:    0.00
      Required ratio:    0.00 (Gate area) 
      Partial area ratio:    0.00
      Required ratio:  400.00 (Side area) 
      Cumulative area ratio:    6.27
      Required ratio:    0.00 (Cumulative area) 
      Cumulative area ratio:    7.92
      Required ratio:    0.00 (Cumulative side area) 

    Layer: met2
      Partial area ratio:    0.00
      Required ratio:    0.00 (Gate area) 
      Partial area ratio:    0.00
      Required ratio:  400.00 (Side area) 
      Cumulative area ratio:    6.27
      Required ratio:    0.00 (Cumulative area) 
      Cumulative area ratio:    7.92
      Required ratio:    0.00 (Cumulative side area) 

    Layer: met1
      Partial area ratio:    0.00
      Required ratio:    0.00 (Gate area) 
      Partial area ratio:    0.00
      Required ratio:  400.00 (Side area) 
      Cumulative area ratio:    6.27
      Required ratio:    0.00 (Cumulative area) 
      Cumulative area ratio:    7.92
      Required ratio:    0.00 (Cumulative side area) 

    Layer: li1
      Partial area ratio:    6.27
      Required ratio:    0.00 (Gate area) 
      Partial area ratio:    7.92
      Required ratio:   75.00 (Side area) 
      Cumulative area ratio:    6.27
      Required ratio:    0.00 (Cumulative area) 
      Cumulative area ratio:    7.92
      Required ratio:    0.00 (Cumulative side area) 

    Via: M3M4_PR
      Partial area ratio:    0.32
      Required ratio:    6.00 (Gate area) 
      Cumulative area ratio:    1.04
      Required ratio:    0.00 (Cumulative area) 

    Via: M2M3_PR
      Partial area ratio:    0.32
      Required ratio:    6.00 (Gate area) 
      Cumulative area ratio:    0.73
      Required ratio:    0.00 (Cumulative area) 

    Via: M1M2_PR
      Partial area ratio:    0.18
      Required ratio:    6.00 (Gate area) 
      Cumulative area ratio:    0.41
      Required ratio:    0.00 (Cumulative area) 

    Via: L1M1_PR
      Partial area ratio:    0.23
      Required ratio:    3.00 (Gate area) 
      Cumulative area ratio:    0.23
      Required ratio:    0.00 (Cumulative area) 


Net: net447
  Pin: _5942_/A0 (sky130_fd_sc_hd__mux2_1)
    Layer: met4
      Partial area ratio:  608.57
      Required ratio:    0.00 (Gate area) 
      Partial area ratio: 3249.52
      Required ratio: 2753.36 (Side area) (VIOLATED)
      Cumulative area ratio:  612.93
      Required ratio:    0.00 (Cumulative area) 
      Cumulative area ratio: 3255.19
      Required ratio:    0.00 (Cumulative side area) 

    Layer: met3
      Partial area ratio:    0.00
      Required ratio:    0.00 (Gate area) 
      Partial area ratio:    0.00
      Required ratio:  400.00 (Side area) 
      Cumulative area ratio:    4.36
      Required ratio:    0.00 (Cumulative area) 
      Cumulative area ratio:    5.67
      Required ratio:    0.00 (Cumulative side area) 

    Layer: met2
      Partial area ratio:    0.00
      Required ratio:    0.00 (Gate area) 
      Partial area ratio:    0.00
      Required ratio:  400.00 (Side area) 
      Cumulative area ratio:    4.36
      Required ratio:    0.00 (Cumulative area) 
      Cumulative area ratio:    5.67
      Required ratio:    0.00 (Cumulative side area) 

    Layer: met1
      Partial area ratio:    0.00
      Required ratio:    0.00 (Gate area) 
      Partial area ratio:    0.00
      Required ratio:  400.00 (Side area) 
      Cumulative area ratio:    4.36
      Required ratio:    0.00 (Cumulative area) 
      Cumulative area ratio:    5.67
      Required ratio:    0.00 (Cumulative side area) 

    Layer: li1
      Partial area ratio:    4.36
      Required ratio:    0.00 (Gate area) 
      Partial area ratio:    5.67
      Required ratio:   75.00 (Side area) 
      Cumulative area ratio:    4.36
      Required ratio:    0.00 (Cumulative area) 
      Cumulative area ratio:    5.67
      Required ratio:    0.00 (Cumulative side area) 

    Via: M3M4_PR
      Partial area ratio:    0.32
      Required ratio:    6.00 (Gate area) 
      Cumulative area ratio:    1.04
      Required ratio:    0.00 (Cumulative area) 

    Via: M2M3_PR
      Partial area ratio:    0.32
      Required ratio:    6.00 (Gate area) 
      Cumulative area ratio:    0.73
      Required ratio:    0.00 (Cumulative area) 

    Via: M1M2_PR
      Partial area ratio:    0.18
      Required ratio:    6.00 (Gate area) 
      Cumulative area ratio:    0.41
      Required ratio:    0.00 (Cumulative area) 

    Via: L1M1_PR
      Partial area ratio:    0.23
      Required ratio:    3.00 (Gate area) 
      Cumulative area ratio:    0.23
      Required ratio:    0.00 (Cumulative area) 


Net: net468
  Pin: _5849_/A0 (sky130_fd_sc_hd__mux2_1)
    Layer: met2
      Partial area ratio:  797.64
      Required ratio:    0.00 (Gate area) 
      Partial area ratio: 3989.78
      Required ratio: 3236.16 (Side area) (VIOLATED)
      Cumulative area ratio:  923.96
      Required ratio:    0.00 (Cumulative area) 
      Cumulative area ratio: 4609.31
      Required ratio:    0.00 (Cumulative side area) 

    Layer: met1
      Partial area ratio:  122.82
      Required ratio:    0.00 (Gate area) 
      Partial area ratio:  614.89
      Required ratio:  400.00 (Side area) (VIOLATED)
      Cumulative area ratio:  126.31
      Required ratio:    0.00 (Cumulative area) 
      Cumulative area ratio:  619.54
      Required ratio:    0.00 (Cumulative side area) 

    Layer: li1
      Partial area ratio:    3.49
      Required ratio:    0.00 (Gate area) 
      Partial area ratio:    4.65
      Required ratio:   75.00 (Side area) 
      Cumulative area ratio:    3.49
      Required ratio:    0.00 (Cumulative area) 
      Cumulative area ratio:    4.65
      Required ratio:    0.00 (Cumulative side area) 

    Via: M1M2_PR
      Partial area ratio:    0.18
      Required ratio:    6.00 (Gate area) 
      Cumulative area ratio:    0.41
      Required ratio:    0.00 (Cumulative area) 

    Via: L1M1_PR
      Partial area ratio:    0.23
      Required ratio:    3.00 (Gate area) 
      Cumulative area ratio:    0.23
      Required ratio:    0.00 (Cumulative area) 


Net: net470
  Pin: _5908_/A0 (sky130_fd_sc_hd__mux2_1)
    Layer: met2
      Partial area ratio:  191.98
      Required ratio:    0.00 (Gate area) 
      Partial area ratio:  961.44
      Required ratio: 2778.20 (Side area) 
      Cumulative area ratio:  466.73
      Required ratio:    0.00 (Cumulative area) 
      Cumulative area ratio: 2312.57
      Required ratio:    0.00 (Cumulative side area) 

    Layer: met1
      Partial area ratio:  268.49
      Required ratio:    0.00 (Gate area) 
      Partial area ratio: 1343.22
      Required ratio:  400.00 (Side area) (VIOLATED)
      Cumulative area ratio:  274.75
      Required ratio:    0.00 (Cumulative area) 
      Cumulative area ratio: 1351.13
      Required ratio:    0.00 (Cumulative side area) 

    Layer: li1
      Partial area ratio:    6.26
      Required ratio:    0.00 (Gate area) 
      Partial area ratio:    7.91
      Required ratio:   75.00 (Side area) 
      Cumulative area ratio:    6.26
      Required ratio:    0.00 (Cumulative area) 
      Cumulative area ratio:    7.91
      Required ratio:    0.00 (Cumulative side area) 

    Via: M1M2_PR
      Partial area ratio:    0.18
      Required ratio:    6.00 (Gate area) 
      Cumulative area ratio:    0.41
      Required ratio:    0.00 (Cumulative area) 

    Via: L1M1_PR
      Partial area ratio:    0.23
      Required ratio:    3.00 (Gate area) 
      Cumulative area ratio:    0.23
      Required ratio:    0.00 (Cumulative area) 


Net: net474
  Pin: _5859_/A0 (sky130_fd_sc_hd__mux2_1)
    Layer: met2
      Partial area ratio:  659.49
      Required ratio:    0.00 (Gate area) 
      Partial area ratio: 3298.22
      Required ratio: 2956.40 (Side area) (VIOLATED)
      Cumulative area ratio:  826.17
      Required ratio:    0.00 (Cumulative area) 
      Cumulative area ratio: 4111.81
      Required ratio:    0.00 (Cumulative side area) 

    Layer: met1
      Partial area ratio:  161.16
      Required ratio:    0.00 (Gate area) 
      Partial area ratio:  806.56
      Required ratio:  400.00 (Side area) (VIOLATED)
      Cumulative area ratio:  166.68
      Required ratio:    0.00 (Cumulative area) 
      Cumulative area ratio:  813.59
      Required ratio:    0.00 (Cumulative side area) 

    Layer: li1
      Partial area ratio:    5.52
      Required ratio:    0.00 (Gate area) 
      Partial area ratio:    7.03
      Required ratio:   75.00 (Side area) 
      Cumulative area ratio:    5.52
      Required ratio:    0.00 (Cumulative area) 
      Cumulative area ratio:    7.03
      Required ratio:    0.00 (Cumulative side area) 

    Via: M1M2_PR
      Partial area ratio:    0.18
      Required ratio:    6.00 (Gate area) 
      Cumulative area ratio:    0.41
      Required ratio:    0.00 (Cumulative area) 

    Via: L1M1_PR
      Partial area ratio:    0.23
      Required ratio:    3.00 (Gate area) 
      Cumulative area ratio:    0.23
      Required ratio:    0.00 (Cumulative area) 


Net: net487
  Pin: _5884_/A0 (sky130_fd_sc_hd__mux2_1)
    Layer: met2
      Partial area ratio:  659.49
      Required ratio:    0.00 (Gate area) 
      Partial area ratio: 3298.22
      Required ratio: 2956.40 (Side area) (VIOLATED)
      Cumulative area ratio:  663.85
      Required ratio:    0.00 (Cumulative area) 
      Cumulative area ratio: 3303.89
      Required ratio:    0.00 (Cumulative side area) 

    Layer: met1
      Partial area ratio:    0.00
      Required ratio:    0.00 (Gate area) 
      Partial area ratio:    0.00
      Required ratio:  400.00 (Side area) 
      Cumulative area ratio:    4.36
      Required ratio:    0.00 (Cumulative area) 
      Cumulative area ratio:    5.67
      Required ratio:    0.00 (Cumulative side area) 

    Layer: li1
      Partial area ratio:    4.36
      Required ratio:    0.00 (Gate area) 
      Partial area ratio:    5.67
      Required ratio:   75.00 (Side area) 
      Cumulative area ratio:    4.36
      Required ratio:    0.00 (Cumulative area) 
      Cumulative area ratio:    5.67
      Required ratio:    0.00 (Cumulative side area) 

    Via: M1M2_PR
      Partial area ratio:    0.18
      Required ratio:    6.00 (Gate area) 
      Cumulative area ratio:    0.41
      Required ratio:    0.00 (Cumulative area) 

    Via: L1M1_PR
      Partial area ratio:    0.23
      Required ratio:    3.00 (Gate area) 
      Cumulative area ratio:    0.23
      Required ratio:    0.00 (Cumulative area) 


Net: net505
  Pin: _5785_/A0 (sky130_fd_sc_hd__mux2_1)
    Layer: met2
      Partial area ratio:   30.82
      Required ratio:    0.00 (Gate area) 
      Partial area ratio:  154.89
      Required ratio: 2736.24 (Side area) 
      Cumulative area ratio:  158.14
      Required ratio:    0.00 (Cumulative area) 
      Cumulative area ratio:  775.61
      Required ratio:    0.00 (Cumulative side area) 

    Layer: met1
      Partial area ratio:  122.82
      Required ratio:    0.00 (Gate area) 
      Partial area ratio:  614.89
      Required ratio:  400.00 (Side area) (VIOLATED)
      Cumulative area ratio:  127.32
      Required ratio:    0.00 (Cumulative area) 
      Cumulative area ratio:  620.72
      Required ratio:    0.00 (Cumulative side area) 

    Layer: li1
      Partial area ratio:    4.50
      Required ratio:    0.00 (Gate area) 
      Partial area ratio:    5.83
      Required ratio:   75.00 (Side area) 
      Cumulative area ratio:    4.50
      Required ratio:    0.00 (Cumulative area) 
      Cumulative area ratio:    5.83
      Required ratio:    0.00 (Cumulative side area) 

    Via: M1M2_PR
      Partial area ratio:    0.18
      Required ratio:    6.00 (Gate area) 
      Cumulative area ratio:    0.41
      Required ratio:    0.00 (Cumulative area) 

    Via: L1M1_PR
      Partial area ratio:    0.23
      Required ratio:    3.00 (Gate area) 
      Cumulative area ratio:    0.23
      Required ratio:    0.00 (Cumulative area) 


Net: net533
  Pin: _5552_/A0 (sky130_fd_sc_hd__mux2_1)
    Layer: met2
      Partial area ratio:  598.31
      Required ratio:    0.00 (Gate area) 
      Partial area ratio: 2993.11
      Required ratio: 2956.40 (Side area) (VIOLATED)
      Cumulative area ratio:  603.88
      Required ratio:    0.00 (Cumulative area) 
      Cumulative area ratio: 3000.20
      Required ratio:    0.00 (Cumulative side area) 

    Layer: met1
      Partial area ratio:    0.00
      Required ratio:    0.00 (Gate area) 
      Partial area ratio:    0.00
      Required ratio:  400.00 (Side area) 
      Cumulative area ratio:    5.57
      Required ratio:    0.00 (Cumulative area) 
      Cumulative area ratio:    7.09
      Required ratio:    0.00 (Cumulative side area) 

    Layer: li1
      Partial area ratio:    5.57
      Required ratio:    0.00 (Gate area) 
      Partial area ratio:    7.09
      Required ratio:   75.00 (Side area) 
      Cumulative area ratio:    5.57
      Required ratio:    0.00 (Cumulative area) 
      Cumulative area ratio:    7.09
      Required ratio:    0.00 (Cumulative side area) 

    Via: M1M2_PR
      Partial area ratio:    0.18
      Required ratio:    6.00 (Gate area) 
      Cumulative area ratio:    0.41
      Required ratio:    0.00 (Cumulative area) 

    Via: L1M1_PR
      Partial area ratio:    0.23
      Required ratio:    3.00 (Gate area) 
      Cumulative area ratio:    0.23
      Required ratio:    0.00 (Cumulative area) 


Net: net544
  Pin: _5764_/A0 (sky130_fd_sc_hd__mux2_1)
    Layer: met2
      Partial area ratio:  107.64
      Required ratio:    0.00 (Gate area) 
      Partial area ratio:  539.78
      Required ratio: 2956.40 (Side area) 
      Cumulative area ratio:  797.36
      Required ratio:    0.00 (Cumulative area) 
      Cumulative area ratio: 3962.04
      Required ratio:    0.00 (Cumulative side area) 

    Layer: met1
      Partial area ratio:  682.49
      Required ratio:    0.00 (Gate area) 
      Partial area ratio: 3413.22
      Required ratio:  400.00 (Side area) (VIOLATED)
      Cumulative area ratio:  689.72
      Required ratio:    0.00 (Cumulative area) 
      Cumulative area ratio: 3422.27
      Required ratio:    0.00 (Cumulative side area) 

    Layer: li1
      Partial area ratio:    7.23
      Required ratio:    0.00 (Gate area) 
      Partial area ratio:    9.04
      Required ratio:   75.00 (Side area) 
      Cumulative area ratio:    7.23
      Required ratio:    0.00 (Cumulative area) 
      Cumulative area ratio:    9.04
      Required ratio:    0.00 (Cumulative side area) 

    Via: M1M2_PR
      Partial area ratio:    0.18
      Required ratio:    6.00 (Gate area) 
      Cumulative area ratio:    0.41
      Required ratio:    0.00 (Cumulative area) 

    Via: L1M1_PR
      Partial area ratio:    0.23
      Required ratio:    3.00 (Gate area) 
      Cumulative area ratio:    0.23
      Required ratio:    0.00 (Cumulative area) 


Net: net552
  Pin: _5756_/A0 (sky130_fd_sc_hd__mux2_1)
    Layer: met4
      Partial area ratio:  772.86
      Required ratio:    0.00 (Gate area) 
      Partial area ratio: 4125.71
      Required ratio: 2778.20 (Side area) (VIOLATED)
      Cumulative area ratio:  795.97
      Required ratio:    0.00 (Cumulative area) 
      Cumulative area ratio: 4228.52
      Required ratio:    0.00 (Cumulative side area) 

    Layer: met3
      Partial area ratio:   17.14
      Required ratio:    0.00 (Gate area) 
      Partial area ratio:   95.24
      Required ratio:  400.00 (Side area) 
      Cumulative area ratio:   23.12
      Required ratio:    0.00 (Cumulative area) 
      Cumulative area ratio:  102.81
      Required ratio:    0.00 (Cumulative side area) 

    Layer: met2
      Partial area ratio:    0.00
      Required ratio:    0.00 (Gate area) 
      Partial area ratio:    0.00
      Required ratio:  400.00 (Side area) 
      Cumulative area ratio:    5.97
      Required ratio:    0.00 (Cumulative area) 
      Cumulative area ratio:    7.57
      Required ratio:    0.00 (Cumulative side area) 

    Layer: met1
      Partial area ratio:    0.00
      Required ratio:    0.00 (Gate area) 
      Partial area ratio:    0.00
      Required ratio:  400.00 (Side area) 
      Cumulative area ratio:    5.97
      Required ratio:    0.00 (Cumulative area) 
      Cumulative area ratio:    7.57
      Required ratio:    0.00 (Cumulative side area) 

    Layer: li1
      Partial area ratio:    5.97
      Required ratio:    0.00 (Gate area) 
      Partial area ratio:    7.57
      Required ratio:   75.00 (Side area) 
      Cumulative area ratio:    5.97
      Required ratio:    0.00 (Cumulative area) 
      Cumulative area ratio:    7.57
      Required ratio:    0.00 (Cumulative side area) 

    Via: M3M4_PR
      Partial area ratio:    0.32
      Required ratio:    6.00 (Gate area) 
      Cumulative area ratio:    1.04
      Required ratio:    0.00 (Cumulative area) 

    Via: M2M3_PR
      Partial area ratio:    0.32
      Required ratio:    6.00 (Gate area) 
      Cumulative area ratio:    0.73
      Required ratio:    0.00 (Cumulative area) 

    Via: M1M2_PR
      Partial area ratio:    0.18
      Required ratio:    6.00 (Gate area) 
      Cumulative area ratio:    0.41
      Required ratio:    0.00 (Cumulative area) 

    Via: L1M1_PR
      Partial area ratio:    0.23
      Required ratio:    3.00 (Gate area) 
      Cumulative area ratio:    0.23
      Required ratio:    0.00 (Cumulative area) 


Net: net584
  Pin: output584/A (sky130_fd_sc_hd__buf_1)
    Layer: li1
      Partial area ratio:    3.67
      Required ratio:    0.00 (Gate area) 
      Partial area ratio:    4.67
      Required ratio:   75.00 (Side area) 
      Cumulative area ratio:    3.67
      Required ratio:    0.00 (Cumulative area) 
      Cumulative area ratio:    4.67
      Required ratio:    0.00 (Cumulative side area) 

    Layer: met1
      Partial area ratio:  127.92
      Required ratio:    0.00 (Gate area) 
      Partial area ratio:  640.08
      Required ratio:  400.00 (Side area) (VIOLATED)
      Cumulative area ratio:  131.59
      Required ratio:    0.00 (Cumulative area) 
      Cumulative area ratio:  644.75
      Required ratio:    0.00 (Cumulative side area) 

    Layer: met2
      Partial area ratio:    2.51
      Required ratio:    0.00 (Gate area) 
      Partial area ratio:   12.79
      Required ratio:  400.00 (Side area) 
      Cumulative area ratio:  134.10
      Required ratio:    0.00 (Cumulative area) 
      Cumulative area ratio:  657.54
      Required ratio:    0.00 (Cumulative side area) 

    Layer: met3
      Partial area ratio:  110.02
      Required ratio:    0.00 (Gate area) 
      Partial area ratio:  587.54
      Required ratio:  400.00 (Side area) (VIOLATED)
      Cumulative area ratio:  244.12
      Required ratio:    0.00 (Cumulative area) 
      Cumulative area ratio: 1245.08
      Required ratio:    0.00 (Cumulative side area) 

    Via: L1M1_PR
      Partial area ratio:    0.15
      Required ratio:    3.00 (Gate area) 
      Cumulative area ratio:    0.15
      Required ratio:    0.00 (Cumulative area) 

    Via: M1M2_PR
      Partial area ratio:    0.11
      Required ratio:    6.00 (Gate area) 
      Cumulative area ratio:    0.26
      Required ratio:    0.00 (Cumulative area) 

    Via: M2M3_PR
      Partial area ratio:    0.10
      Required ratio:    6.00 (Gate area) 
      Cumulative area ratio:    0.36
      Required ratio:    0.00 (Cumulative area) 

  Pin: _6484_/B (sky130_fd_sc_hd__nand2_1)
    Layer: met3
      Partial area ratio:  110.02
      Required ratio:    0.00 (Gate area) 
      Partial area ratio:  587.54
      Required ratio:  400.00 (Side area) (VIOLATED)
      Cumulative area ratio:  116.45
      Required ratio:    0.00 (Cumulative area) 
      Cumulative area ratio:  610.99
      Required ratio:    0.00 (Cumulative side area) 

    Layer: met2
      Partial area ratio:    3.98
      Required ratio:    0.00 (Gate area) 
      Partial area ratio:   20.31
      Required ratio:  400.00 (Side area) 
      Cumulative area ratio:    6.42
      Required ratio:    0.00 (Cumulative area) 
      Cumulative area ratio:   23.45
      Required ratio:    0.00 (Cumulative side area) 

    Layer: met1
      Partial area ratio:    0.00
      Required ratio:    0.00 (Gate area) 
      Partial area ratio:    0.00
      Required ratio:  400.00 (Side area) 
      Cumulative area ratio:    2.44
      Required ratio:    0.00 (Cumulative area) 
      Cumulative area ratio:    3.15
      Required ratio:    0.00 (Cumulative side area) 

    Layer: li1
      Partial area ratio:    2.44
      Required ratio:    0.00 (Gate area) 
      Partial area ratio:    3.15
      Required ratio:   75.00 (Side area) 
      Cumulative area ratio:    2.44
      Required ratio:    0.00 (Cumulative area) 
      Cumulative area ratio:    3.15
      Required ratio:    0.00 (Cumulative side area) 

    Via: M2M3_PR
      Partial area ratio:    0.16
      Required ratio:    6.00 (Gate area) 
      Cumulative area ratio:    0.37
      Required ratio:    0.00 (Cumulative area) 

    Via: M1M2_PR
      Partial area ratio:    0.09
      Required ratio:    6.00 (Gate area) 
      Cumulative area ratio:    0.21
      Required ratio:    0.00 (Cumulative area) 

    Via: L1M1_PR
      Partial area ratio:    0.12
      Required ratio:    3.00 (Gate area) 
      Cumulative area ratio:    0.12
      Required ratio:    0.00 (Cumulative area) 

  Pin: _7187_/A (sky130_fd_sc_hd__clkbuf_1)
    Layer: met2
      Partial area ratio:    2.51
      Required ratio:    0.00 (Gate area) 
      Partial area ratio:   12.79
      Required ratio:  400.00 (Side area) 
      Cumulative area ratio:    4.34
      Required ratio:    0.00 (Cumulative area) 
      Cumulative area ratio:   15.29
      Required ratio:    0.00 (Cumulative side area) 

    Layer: met3
      Partial area ratio:  110.02
      Required ratio:    0.00 (Gate area) 
      Partial area ratio:  587.54
      Required ratio:  400.00 (Side area) (VIOLATED)
      Cumulative area ratio:  114.37
      Required ratio:    0.00 (Cumulative area) 
      Cumulative area ratio:  602.83
      Required ratio:    0.00 (Cumulative side area) 

    Layer: met1
      Partial area ratio:    0.00
      Required ratio:    0.00 (Gate area) 
      Partial area ratio:    0.00
      Required ratio:  400.00 (Side area) 
      Cumulative area ratio:    1.83
      Required ratio:    0.00 (Cumulative area) 
      Cumulative area ratio:    2.50
      Required ratio:    0.00 (Cumulative side area) 

    Layer: li1
      Partial area ratio:    1.83
      Required ratio:    0.00 (Gate area) 
      Partial area ratio:    2.50
      Required ratio:   75.00 (Side area) 
      Cumulative area ratio:    1.83
      Required ratio:    0.00 (Cumulative area) 
      Cumulative area ratio:    2.50
      Required ratio:    0.00 (Cumulative side area) 

    Via: M2M3_PR
      Partial area ratio:    0.10
      Required ratio:    6.00 (Gate area) 
      Cumulative area ratio:    0.36
      Required ratio:    0.00 (Cumulative area) 

    Via: M1M2_PR
      Partial area ratio:    0.11
      Required ratio:    6.00 (Gate area) 
      Cumulative area ratio:    0.26
      Required ratio:    0.00 (Cumulative area) 

    Via: L1M1_PR
      Partial area ratio:    0.15
      Required ratio:    3.00 (Gate area) 
      Cumulative area ratio:    0.15
      Required ratio:    0.00 (Cumulative area) 


Net: net587
  Pin: _6506_/B (sky130_fd_sc_hd__nand2_1)
    Layer: met2
      Partial area ratio:    6.12
      Required ratio:    0.00 (Gate area) 
      Partial area ratio:   31.08
      Required ratio: 2778.20 (Side area) 
      Cumulative area ratio:   12.50
      Required ratio:    0.00 (Cumulative area) 
      Cumulative area ratio:   54.48
      Required ratio:    0.00 (Cumulative side area) 

    Layer: met1
      Partial area ratio:    3.98
      Required ratio:    0.00 (Gate area) 
      Partial area ratio:   20.31
      Required ratio:  400.00 (Side area) 
      Cumulative area ratio:    6.38
      Required ratio:    0.00 (Cumulative area) 
      Cumulative area ratio:   23.40
      Required ratio:    0.00 (Cumulative side area) 

    Layer: li1
      Partial area ratio:    2.40
      Required ratio:    0.00 (Gate area) 
      Partial area ratio:    3.09
      Required ratio:   75.00 (Side area) 
      Cumulative area ratio:    2.40
      Required ratio:    0.00 (Cumulative area) 
      Cumulative area ratio:    3.09
      Required ratio:    0.00 (Cumulative side area) 

    Via: M1M2_PR
      Partial area ratio:    0.09
      Required ratio:    6.00 (Gate area) 
      Cumulative area ratio:    0.21
      Required ratio:    0.00 (Cumulative area) 

    Via: L1M1_PR
      Partial area ratio:    0.12
      Required ratio:    3.00 (Gate area) 
      Cumulative area ratio:    0.12
      Required ratio:    0.00 (Cumulative area) 

  Pin: _7190_/A (sky130_fd_sc_hd__clkbuf_1)
    Layer: met2
      Partial area ratio:    6.12
      Required ratio:    0.00 (Gate area) 
      Partial area ratio:   31.08
      Required ratio: 2778.20 (Side area) 
      Cumulative area ratio:  114.94
      Required ratio:    0.00 (Cumulative area) 
      Cumulative area ratio:  555.94
      Required ratio:    0.00 (Cumulative side area) 

    Layer: met1
      Partial area ratio:    0.00
      Required ratio:    0.00 (Gate area) 
      Partial area ratio:    0.00
      Required ratio:  400.00 (Side area) 
      Cumulative area ratio:    5.38
      Required ratio:    0.00 (Cumulative area) 
      Cumulative area ratio:    6.68
      Required ratio:    0.00 (Cumulative side area) 

    Layer: li1
      Partial area ratio:    5.38
      Required ratio:    0.00 (Gate area) 
      Partial area ratio:    6.68
      Required ratio:   75.00 (Side area) 
      Cumulative area ratio:    5.38
      Required ratio:    0.00 (Cumulative area) 
      Cumulative area ratio:    6.68
      Required ratio:    0.00 (Cumulative side area) 

    Via: M1M2_PR
      Partial area ratio:    0.11
      Required ratio:    6.00 (Gate area) 
      Cumulative area ratio:    0.26
      Required ratio:    0.00 (Cumulative area) 

    Via: L1M1_PR
      Partial area ratio:    0.15
      Required ratio:    3.00 (Gate area) 
      Cumulative area ratio:    0.15
      Required ratio:    0.00 (Cumulative area) 

  Pin: output587/A (sky130_fd_sc_hd__buf_1)
    Layer: met2
      Partial area ratio:    6.12
      Required ratio:    0.00 (Gate area) 
      Partial area ratio:   31.08
      Required ratio: 2778.20 (Side area) 
      Cumulative area ratio:  112.36
      Required ratio:    0.00 (Cumulative area) 
      Cumulative area ratio:  552.90
      Required ratio:    0.00 (Cumulative side area) 

    Layer: met1
      Partial area ratio:  103.44
      Required ratio:    0.00 (Gate area) 
      Partial area ratio:  518.18
      Required ratio:  400.00 (Side area) (VIOLATED)
      Cumulative area ratio:  106.23
      Required ratio:    0.00 (Cumulative area) 
      Cumulative area ratio:  521.82
      Required ratio:    0.00 (Cumulative side area) 

    Layer: li1
      Partial area ratio:    2.80
      Required ratio:    0.00 (Gate area) 
      Partial area ratio:    3.64
      Required ratio:   75.00 (Side area) 
      Cumulative area ratio:    2.80
      Required ratio:    0.00 (Cumulative area) 
      Cumulative area ratio:    3.64
      Required ratio:    0.00 (Cumulative side area) 

    Via: M1M2_PR
      Partial area ratio:    0.23
      Required ratio:    6.00 (Gate area) 
      Cumulative area ratio:    0.38
      Required ratio:    0.00 (Cumulative area) 

    Via: L1M1_PR
      Partial area ratio:    0.15
      Required ratio:    3.00 (Gate area) 
      Cumulative area ratio:    0.15
      Required ratio:    0.00 (Cumulative area) 


Net: net641
  Pin: output641/A (sky130_fd_sc_hd__buf_1)
    Layer: met2
      Partial area ratio:    5.02
      Required ratio:    0.00 (Gate area) 
      Partial area ratio:   25.58
      Required ratio: 2753.36 (Side area) 
      Cumulative area ratio:  149.48
      Required ratio:    0.00 (Cumulative area) 
      Cumulative area ratio:  741.87
      Required ratio:    0.00 (Cumulative side area) 

    Layer: met1
      Partial area ratio:  142.66
      Required ratio:    0.00 (Gate area) 
      Partial area ratio:  713.82
      Required ratio:  400.00 (Side area) (VIOLATED)
      Cumulative area ratio:  144.47
      Required ratio:    0.00 (Cumulative area) 
      Cumulative area ratio:  716.29
      Required ratio:    0.00 (Cumulative side area) 

    Layer: li1
      Partial area ratio:    1.80
      Required ratio:    0.00 (Gate area) 
      Partial area ratio:    2.47
      Required ratio:   75.00 (Side area) 
      Cumulative area ratio:    1.80
      Required ratio:    0.00 (Cumulative area) 
      Cumulative area ratio:    2.47
      Required ratio:    0.00 (Cumulative side area) 

    Via: M1M2_PR
      Partial area ratio:    0.11
      Required ratio:    6.00 (Gate area) 
      Cumulative area ratio:    0.26
      Required ratio:    0.00 (Cumulative area) 

    Via: L1M1_PR
      Partial area ratio:    0.15
      Required ratio:    3.00 (Gate area) 
      Cumulative area ratio:    0.15
      Required ratio:    0.00 (Cumulative area) 


Net: net647
  Pin: output647/A (sky130_fd_sc_hd__buf_1)
    Layer: met2
      Partial area ratio:   44.34
      Required ratio:    0.00 (Gate area) 
      Partial area ratio:  222.22
      Required ratio: 2778.20 (Side area) 
      Cumulative area ratio:  287.26
      Required ratio:    0.00 (Cumulative area) 
      Cumulative area ratio: 1430.26
      Required ratio:    0.00 (Cumulative side area) 

    Layer: met1
      Partial area ratio:  240.99
      Required ratio:    0.00 (Gate area) 
      Partial area ratio: 1205.42
      Required ratio:  400.00 (Side area) (VIOLATED)
      Cumulative area ratio:  242.92
      Required ratio:    0.00 (Cumulative area) 
      Cumulative area ratio: 1208.05
      Required ratio:    0.00 (Cumulative side area) 

    Layer: li1
      Partial area ratio:    1.93
      Required ratio:    0.00 (Gate area) 
      Partial area ratio:    2.62
      Required ratio:   75.00 (Side area) 
      Cumulative area ratio:    1.93
      Required ratio:    0.00 (Cumulative area) 
      Cumulative area ratio:    2.62
      Required ratio:    0.00 (Cumulative side area) 

    Via: M1M2_PR
      Partial area ratio:    0.11
      Required ratio:    6.00 (Gate area) 
      Cumulative area ratio:    0.26
      Required ratio:    0.00 (Cumulative area) 

    Via: L1M1_PR
      Partial area ratio:    0.15
      Required ratio:    3.00 (Gate area) 
      Cumulative area ratio:    0.15
      Required ratio:    0.00 (Cumulative area) 


Net: net674
  Pin: _5302_/A1 (sky130_fd_sc_hd__mux2_1)
    Layer: met1
      Partial area ratio:    7.82
      Required ratio:    0.00 (Gate area) 
      Partial area ratio:   39.89
      Required ratio: 2956.40 (Side area) 
      Cumulative area ratio:   11.05
      Required ratio:    0.00 (Cumulative area) 
      Cumulative area ratio:   44.23
      Required ratio:    0.00 (Cumulative side area) 

    Layer: li1
      Partial area ratio:    3.23
      Required ratio:    0.00 (Gate area) 
      Partial area ratio:    4.34
      Required ratio:   75.00 (Side area) 
      Cumulative area ratio:    3.23
      Required ratio:    0.00 (Cumulative area) 
      Cumulative area ratio:    4.34
      Required ratio:    0.00 (Cumulative side area) 

    Layer: met2
      Partial area ratio:    1.84
      Required ratio:    0.00 (Gate area) 
      Partial area ratio:    9.39
      Required ratio: 2956.40 (Side area) 
      Cumulative area ratio:   12.89
      Required ratio:    0.00 (Cumulative area) 
      Cumulative area ratio:   53.62
      Required ratio:    0.00 (Cumulative side area) 

    Via: M1M2_PR
      Partial area ratio:    0.18
      Required ratio:    6.00 (Gate area) 
      Cumulative area ratio:    0.41
      Required ratio:    0.00 (Cumulative area) 

    Via: L1M1_PR
      Partial area ratio:    0.23
      Required ratio:    3.00 (Gate area) 
      Cumulative area ratio:    0.23
      Required ratio:    0.00 (Cumulative area) 

  Pin: _7238_/A (sky130_fd_sc_hd__clkbuf_2)
    Layer: met2
      Partial area ratio:    1.84
      Required ratio:    0.00 (Gate area) 
      Partial area ratio:    9.39
      Required ratio: 2956.40 (Side area) 
      Cumulative area ratio:  126.99
      Required ratio:    0.00 (Cumulative area) 
      Cumulative area ratio:  626.80
      Required ratio:    0.00 (Cumulative side area) 

    Layer: met1
      Partial area ratio:  122.76
      Required ratio:    0.00 (Gate area) 
      Partial area ratio:  614.29
      Required ratio:  400.00 (Side area) (VIOLATED)
      Cumulative area ratio:  125.15
      Required ratio:    0.00 (Cumulative area) 
      Cumulative area ratio:  617.42
      Required ratio:    0.00 (Cumulative side area) 

    Layer: li1
      Partial area ratio:    2.39
      Required ratio:    0.00 (Gate area) 
      Partial area ratio:    3.13
      Required ratio:   75.00 (Side area) 
      Cumulative area ratio:    2.39
      Required ratio:    0.00 (Cumulative area) 
      Cumulative area ratio:    3.13
      Required ratio:    0.00 (Cumulative side area) 

    Via: M1M2_PR
      Partial area ratio:    0.05
      Required ratio:    6.00 (Gate area) 
      Cumulative area ratio:    0.19
      Required ratio:    0.00 (Cumulative area) 

    Via: L1M1_PR
      Partial area ratio:    0.14
      Required ratio:    3.00 (Gate area) 
      Cumulative area ratio:    0.14
      Required ratio:    0.00 (Cumulative area) 

  Pin: output674/A (sky130_fd_sc_hd__buf_1)
    Layer: met2
      Partial area ratio:    1.84
      Required ratio:    0.00 (Gate area) 
      Partial area ratio:    9.39
      Required ratio: 2956.40 (Side area) 
      Cumulative area ratio:  128.73
      Required ratio:    0.00 (Cumulative area) 
      Cumulative area ratio:  628.88
      Required ratio:    0.00 (Cumulative side area) 

    Layer: met1
      Partial area ratio:  122.76
      Required ratio:    0.00 (Gate area) 
      Partial area ratio:  614.29
      Required ratio:  400.00 (Side area) (VIOLATED)
      Cumulative area ratio:  126.89
      Required ratio:    0.00 (Cumulative area) 
      Cumulative area ratio:  619.50
      Required ratio:    0.00 (Cumulative side area) 

    Layer: li1
      Partial area ratio:    4.13
      Required ratio:    0.00 (Gate area) 
      Partial area ratio:    5.21
      Required ratio:   75.00 (Side area) 
      Cumulative area ratio:    4.13
      Required ratio:    0.00 (Cumulative area) 
      Cumulative area ratio:    5.21
      Required ratio:    0.00 (Cumulative side area) 

    Via: M1M2_PR
      Partial area ratio:    0.05
      Required ratio:    6.00 (Gate area) 
      Cumulative area ratio:    0.20
      Required ratio:    0.00 (Cumulative area) 

    Via: L1M1_PR
      Partial area ratio:    0.15
      Required ratio:    3.00 (Gate area) 
      Cumulative area ratio:    0.15
      Required ratio:    0.00 (Cumulative area) 


Net: net704
  Pin: output704/A (sky130_fd_sc_hd__buf_1)
    Layer: met3
      Partial area ratio:  537.71
      Required ratio:    0.00 (Gate area) 
      Partial area ratio: 2870.23
      Required ratio: 2778.20 (Side area) (VIOLATED)
      Cumulative area ratio:  539.71
      Required ratio:    0.00 (Cumulative area) 
      Cumulative area ratio: 2872.93
      Required ratio:    0.00 (Cumulative side area) 

    Layer: met2
      Partial area ratio:    0.00
      Required ratio:    0.00 (Gate area) 
      Partial area ratio:    0.00
      Required ratio:  400.00 (Side area) 
      Cumulative area ratio:    2.00
      Required ratio:    0.00 (Cumulative area) 
      Cumulative area ratio:    2.70
      Required ratio:    0.00 (Cumulative side area) 

    Layer: met1
      Partial area ratio:    0.00
      Required ratio:    0.00 (Gate area) 
      Partial area ratio:    0.00
      Required ratio:  400.00 (Side area) 
      Cumulative area ratio:    2.00
      Required ratio:    0.00 (Cumulative area) 
      Cumulative area ratio:    2.70
      Required ratio:    0.00 (Cumulative side area) 

    Layer: li1
      Partial area ratio:    2.00
      Required ratio:    0.00 (Gate area) 
      Partial area ratio:    2.70
      Required ratio:   75.00 (Side area) 
      Cumulative area ratio:    2.00
      Required ratio:    0.00 (Cumulative area) 
      Cumulative area ratio:    2.70
      Required ratio:    0.00 (Cumulative side area) 

    Via: M2M3_PR
      Partial area ratio:    0.20
      Required ratio:    6.00 (Gate area) 
      Cumulative area ratio:    0.47
      Required ratio:    0.00 (Cumulative area) 

    Via: M1M2_PR
      Partial area ratio:    0.11
      Required ratio:    6.00 (Gate area) 
      Cumulative area ratio:    0.26
      Required ratio:    0.00 (Cumulative area) 

    Via: L1M1_PR
      Partial area ratio:    0.15
      Required ratio:    3.00 (Gate area) 
      Cumulative area ratio:    0.15
      Required ratio:    0.00 (Cumulative area) 


Net: net734
  Pin: _7259_/A (sky130_fd_sc_hd__clkbuf_1)
    Layer: met1
      Partial area ratio:    9.93
      Required ratio:    0.00 (Gate area) 
      Partial area ratio:   50.16
      Required ratio:  400.00 (Side area) 
      Cumulative area ratio:   13.10
      Required ratio:    0.00 (Cumulative area) 
      Cumulative area ratio:   54.23
      Required ratio:    0.00 (Cumulative side area) 

    Layer: li1
      Partial area ratio:    3.17
      Required ratio:    0.00 (Gate area) 
      Partial area ratio:    4.07
      Required ratio:   75.00 (Side area) 
      Cumulative area ratio:    3.17
      Required ratio:    0.00 (Cumulative area) 
      Cumulative area ratio:    4.07
      Required ratio:    0.00 (Cumulative side area) 

    Layer: met2
      Partial area ratio:   84.58
      Required ratio:    0.00 (Gate area) 
      Partial area ratio:  423.52
      Required ratio:  400.00 (Side area) (VIOLATED)
      Cumulative area ratio:   97.68
      Required ratio:    0.00 (Cumulative area) 
      Cumulative area ratio:  477.75
      Required ratio:    0.00 (Cumulative side area) 

    Via: M1M2_PR
      Partial area ratio:    0.11
      Required ratio:    6.00 (Gate area) 
      Cumulative area ratio:    0.26
      Required ratio:    0.00 (Cumulative area) 

    Via: L1M1_PR
      Partial area ratio:    0.15
      Required ratio:    3.00 (Gate area) 
      Cumulative area ratio:    0.15
      Required ratio:    0.00 (Cumulative area) 

  Pin: _4947_/A1 (sky130_fd_sc_hd__o22a_1)
    Layer: met2
      Partial area ratio:   84.58
      Required ratio:    0.00 (Gate area) 
      Partial area ratio:  423.52
      Required ratio:  400.00 (Side area) (VIOLATED)
      Cumulative area ratio:   87.45
      Required ratio:    0.00 (Cumulative area) 
      Cumulative area ratio:  427.17
      Required ratio:    0.00 (Cumulative side area) 

    Layer: met1
      Partial area ratio:    0.00
      Required ratio:    0.00 (Gate area) 
      Partial area ratio:    0.00
      Required ratio:  400.00 (Side area) 
      Cumulative area ratio:    2.87
      Required ratio:    0.00 (Cumulative area) 
      Cumulative area ratio:    3.65
      Required ratio:    0.00 (Cumulative side area) 

    Layer: li1
      Partial area ratio:    2.87
      Required ratio:    0.00 (Gate area) 
      Partial area ratio:    3.65
      Required ratio:   75.00 (Side area) 
      Cumulative area ratio:    2.87
      Required ratio:    0.00 (Cumulative area) 
      Cumulative area ratio:    3.65
      Required ratio:    0.00 (Cumulative side area) 

    Via: M1M2_PR
      Partial area ratio:    0.09
      Required ratio:    6.00 (Gate area) 
      Cumulative area ratio:    0.21
      Required ratio:    0.00 (Cumulative area) 

    Via: L1M1_PR
      Partial area ratio:    0.12
      Required ratio:    3.00 (Gate area) 
      Cumulative area ratio:    0.12
      Required ratio:    0.00 (Cumulative area) 

  Pin: output734/A (sky130_fd_sc_hd__buf_1)
    Layer: met2
      Partial area ratio:   84.58
      Required ratio:    0.00 (Gate area) 
      Partial area ratio:  423.52
      Required ratio:  400.00 (Side area) (VIOLATED)
      Cumulative area ratio:   97.96
      Required ratio:    0.00 (Cumulative area) 
      Cumulative area ratio:  478.08
      Required ratio:    0.00 (Cumulative side area) 

    Layer: met1
      Partial area ratio:    9.93
      Required ratio:    0.00 (Gate area) 
      Partial area ratio:   50.16
      Required ratio:  400.00 (Side area) 
      Cumulative area ratio:   13.38
      Required ratio:    0.00 (Cumulative area) 
      Cumulative area ratio:   54.56
      Required ratio:    0.00 (Cumulative side area) 

    Layer: li1
      Partial area ratio:    3.45
      Required ratio:    0.00 (Gate area) 
      Partial area ratio:    4.40
      Required ratio:   75.00 (Side area) 
      Cumulative area ratio:    3.45
      Required ratio:    0.00 (Cumulative area) 
      Cumulative area ratio:    4.40
      Required ratio:    0.00 (Cumulative side area) 

    Via: M1M2_PR
      Partial area ratio:    0.11
      Required ratio:    6.00 (Gate area) 
      Cumulative area ratio:    0.26
      Required ratio:    0.00 (Cumulative area) 

    Via: L1M1_PR
      Partial area ratio:    0.15
      Required ratio:    3.00 (Gate area) 
      Cumulative area ratio:    0.15
      Required ratio:    0.00 (Cumulative area) 


Net: net775
  Pin: _7289_/A (sky130_fd_sc_hd__clkbuf_1)
    Layer: met4
      Partial area ratio:  116.63
      Required ratio:    0.00 (Gate area) 
      Partial area ratio:  623.51
      Required ratio: 2956.40 (Side area) 
      Cumulative area ratio:  385.04
      Required ratio:    0.00 (Cumulative area) 
      Cumulative area ratio: 1967.84
      Required ratio:    0.00 (Cumulative side area) 

    Layer: met3
      Partial area ratio:    0.00
      Required ratio:    0.00 (Gate area) 
      Partial area ratio:    0.00
      Required ratio:  400.00 (Side area) 
      Cumulative area ratio:   16.34
      Required ratio:    0.00 (Cumulative area) 
      Cumulative area ratio:   76.83
      Required ratio:    0.00 (Cumulative side area) 

    Layer: met2
      Partial area ratio:   14.85
      Required ratio:    0.00 (Gate area) 
      Partial area ratio:   74.74
      Required ratio:  400.00 (Side area) 
      Cumulative area ratio:   16.34
      Required ratio:    0.00 (Cumulative area) 
      Cumulative area ratio:   76.83
      Required ratio:    0.00 (Cumulative side area) 

    Layer: met1
      Partial area ratio:    0.00
      Required ratio:    0.00 (Gate area) 
      Partial area ratio:    0.00
      Required ratio:  400.00 (Side area) 
      Cumulative area ratio:    1.49
      Required ratio:    0.00 (Cumulative area) 
      Cumulative area ratio:    2.10
      Required ratio:    0.00 (Cumulative side area) 

    Layer: li1
      Partial area ratio:    1.49
      Required ratio:    0.00 (Gate area) 
      Partial area ratio:    2.10
      Required ratio:   75.00 (Side area) 
      Cumulative area ratio:    1.49
      Required ratio:    0.00 (Cumulative area) 
      Cumulative area ratio:    2.10
      Required ratio:    0.00 (Cumulative side area) 

    Via: M3M4_PR
      Partial area ratio:    0.20
      Required ratio:    6.00 (Gate area) 
      Cumulative area ratio:    0.67
      Required ratio:    0.00 (Cumulative area) 

    Via: M2M3_PR
      Partial area ratio:    0.20
      Required ratio:    6.00 (Gate area) 
      Cumulative area ratio:    0.47
      Required ratio:    0.00 (Cumulative area) 

    Via: M1M2_PR
      Partial area ratio:    0.11
      Required ratio:    6.00 (Gate area) 
      Cumulative area ratio:    0.26
      Required ratio:    0.00 (Cumulative area) 

    Via: L1M1_PR
      Partial area ratio:    0.15
      Required ratio:    3.00 (Gate area) 
      Cumulative area ratio:    0.15
      Required ratio:    0.00 (Cumulative area) 

  Pin: output775/A (sky130_fd_sc_hd__buf_1)
    Layer: met4
      Partial area ratio:  116.63
      Required ratio:    0.00 (Gate area) 
      Partial area ratio:  623.51
      Required ratio: 2956.40 (Side area) 
      Cumulative area ratio:  372.91
      Required ratio:    0.00 (Cumulative area) 
      Cumulative area ratio: 1896.30
      Required ratio:    0.00 (Cumulative side area) 

    Layer: met3
      Partial area ratio:   10.99
      Required ratio:    0.00 (Gate area) 
      Partial area ratio:   61.07
      Required ratio:  400.00 (Side area) 
      Cumulative area ratio:  256.29
      Required ratio:    0.00 (Cumulative area) 
      Cumulative area ratio: 1272.79
      Required ratio:    0.00 (Cumulative side area) 

    Layer: met2
      Partial area ratio:  236.07
      Required ratio:    0.00 (Gate area) 
      Partial area ratio: 1180.84
      Required ratio:  400.00 (Side area) (VIOLATED)
      Cumulative area ratio:  245.29
      Required ratio:    0.00 (Cumulative area) 
      Cumulative area ratio: 1211.72
      Required ratio:    0.00 (Cumulative side area) 

    Layer: met1
      Partial area ratio:    5.02
      Required ratio:    0.00 (Gate area) 
      Partial area ratio:   25.58
      Required ratio:  400.00 (Side area) 
      Cumulative area ratio:    9.22
      Required ratio:    0.00 (Cumulative area) 
      Cumulative area ratio:   30.88
      Required ratio:    0.00 (Cumulative side area) 

    Layer: li1
      Partial area ratio:    4.21
      Required ratio:    0.00 (Gate area) 
      Partial area ratio:    5.30
      Required ratio:   75.00 (Side area) 
      Cumulative area ratio:    4.21
      Required ratio:    0.00 (Cumulative area) 
      Cumulative area ratio:    5.30
      Required ratio:    0.00 (Cumulative side area) 

    Via: M3M4_PR
      Partial area ratio:    0.41
      Required ratio:    6.00 (Gate area) 
      Cumulative area ratio:    1.19
      Required ratio:    0.00 (Cumulative area) 

    Via: M2M3_PR
      Partial area ratio:    0.41
      Required ratio:    6.00 (Gate area) 
      Cumulative area ratio:    0.78
      Required ratio:    0.00 (Cumulative area) 

    Via: M1M2_PR
      Partial area ratio:    0.23
      Required ratio:    6.00 (Gate area) 
      Cumulative area ratio:    0.38
      Required ratio:    0.00 (Cumulative area) 

    Via: L1M1_PR
      Partial area ratio:    0.15
      Required ratio:    3.00 (Gate area) 
      Cumulative area ratio:    0.15
      Required ratio:    0.00 (Cumulative area) 

  Pin: _4905_/A1 (sky130_fd_sc_hd__o22a_1)
    Layer: met1
      Partial area ratio:    3.98
      Required ratio:    0.00 (Gate area) 
      Partial area ratio:   20.31
      Required ratio: 2956.40 (Side area) 
      Cumulative area ratio:    5.55
      Required ratio:    0.00 (Cumulative area) 
      Cumulative area ratio:   22.43
      Required ratio:    0.00 (Cumulative side area) 

    Layer: met2
      Partial area ratio:    0.00
      Required ratio:    0.00 (Gate area) 
      Partial area ratio:    0.00
      Required ratio: 2956.40 (Side area) 
      Cumulative area ratio:    5.55
      Required ratio:    0.00 (Cumulative area) 
      Cumulative area ratio:   22.43
      Required ratio:    0.00 (Cumulative side area) 

    Layer: met3
      Partial area ratio:    0.00
      Required ratio:    0.00 (Gate area) 
      Partial area ratio:    0.00
      Required ratio: 2956.40 (Side area) 
      Cumulative area ratio:    5.55
      Required ratio:    0.00 (Cumulative area) 
      Cumulative area ratio:   22.43
      Required ratio:    0.00 (Cumulative side area) 

    Layer: met4
      Partial area ratio:  116.63
      Required ratio:    0.00 (Gate area) 
      Partial area ratio:  623.51
      Required ratio: 2956.40 (Side area) 
      Cumulative area ratio:  122.18
      Required ratio:    0.00 (Cumulative area) 
      Cumulative area ratio:  645.94
      Required ratio:    0.00 (Cumulative side area) 

    Layer: li1
      Partial area ratio:    1.57
      Required ratio:    0.00 (Gate area) 
      Partial area ratio:    2.12
      Required ratio:   75.00 (Side area) 
      Cumulative area ratio:    1.57
      Required ratio:    0.00 (Cumulative area) 
      Cumulative area ratio:    2.12
      Required ratio:    0.00 (Cumulative side area) 

    Via: M1M2_PR
      Partial area ratio:    0.09
      Required ratio:    6.00 (Gate area) 
      Cumulative area ratio:    0.21
      Required ratio:    0.00 (Cumulative area) 

    Via: M2M3_PR
      Partial area ratio:    0.16
      Required ratio:    6.00 (Gate area) 
      Cumulative area ratio:    0.37
      Required ratio:    0.00 (Cumulative area) 

    Via: M3M4_PR
      Partial area ratio:    0.16
      Required ratio:    6.00 (Gate area) 
      Cumulative area ratio:    0.53
      Required ratio:    0.00 (Cumulative area) 

    Via: L1M1_PR
      Partial area ratio:    0.12
      Required ratio:    3.00 (Gate area) 
      Cumulative area ratio:    0.12
      Required ratio:    0.00 (Cumulative area) 


Net: net892
  Pin: output892/A (sky130_fd_sc_hd__buf_1)
    Layer: met3
      Partial area ratio:  780.00
      Required ratio:    0.00 (Gate area) 
      Partial area ratio: 4162.44
      Required ratio: 3096.80 (Side area) (VIOLATED)
      Cumulative area ratio:  783.90
      Required ratio:    0.00 (Cumulative area) 
      Cumulative area ratio: 4167.37
      Required ratio:    0.00 (Cumulative side area) 

    Layer: met2
      Partial area ratio:    0.00
      Required ratio:    0.00 (Gate area) 
      Partial area ratio:    0.00
      Required ratio:  400.00 (Side area) 
      Cumulative area ratio:    3.90
      Required ratio:    0.00 (Cumulative area) 
      Cumulative area ratio:    4.93
      Required ratio:    0.00 (Cumulative side area) 

    Layer: met1
      Partial area ratio:    0.00
      Required ratio:    0.00 (Gate area) 
      Partial area ratio:    0.00
      Required ratio:  400.00 (Side area) 
      Cumulative area ratio:    3.90
      Required ratio:    0.00 (Cumulative area) 
      Cumulative area ratio:    4.93
      Required ratio:    0.00 (Cumulative side area) 

    Layer: li1
      Partial area ratio:    3.90
      Required ratio:    0.00 (Gate area) 
      Partial area ratio:    4.93
      Required ratio:   75.00 (Side area) 
      Cumulative area ratio:    3.90
      Required ratio:    0.00 (Cumulative area) 
      Cumulative area ratio:    4.93
      Required ratio:    0.00 (Cumulative side area) 

    Via: M2M3_PR
      Partial area ratio:    0.20
      Required ratio:    6.00 (Gate area) 
      Cumulative area ratio:    0.47
      Required ratio:    0.00 (Cumulative area) 

    Via: M1M2_PR
      Partial area ratio:    0.11
      Required ratio:    6.00 (Gate area) 
      Cumulative area ratio:    0.26
      Required ratio:    0.00 (Cumulative area) 

    Via: L1M1_PR
      Partial area ratio:    0.15
      Required ratio:    3.00 (Gate area) 
      Cumulative area ratio:    0.15
      Required ratio:    0.00 (Cumulative area) 


Net: net894
  Pin: output894/A (sky130_fd_sc_hd__buf_1)
    Layer: met2
      Partial area ratio:    5.02
      Required ratio:    0.00 (Gate area) 
      Partial area ratio:   25.58
      Required ratio: 2848.40 (Side area) 
      Cumulative area ratio:  115.50
      Required ratio:    0.00 (Cumulative area) 
      Cumulative area ratio:  570.31
      Required ratio:    0.00 (Cumulative side area) 

    Layer: met1
      Partial area ratio:  108.25
      Required ratio:    0.00 (Gate area) 
      Partial area ratio:  541.76
      Required ratio:  400.00 (Side area) (VIOLATED)
      Cumulative area ratio:  110.48
      Required ratio:    0.00 (Cumulative area) 
      Cumulative area ratio:  544.73
      Required ratio:    0.00 (Cumulative side area) 

    Layer: li1
      Partial area ratio:    2.23
      Required ratio:    0.00 (Gate area) 
      Partial area ratio:    2.97
      Required ratio:   75.00 (Side area) 
      Cumulative area ratio:    2.23
      Required ratio:    0.00 (Cumulative area) 
      Cumulative area ratio:    2.97
      Required ratio:    0.00 (Cumulative side area) 

    Via: M1M2_PR
      Partial area ratio:    0.11
      Required ratio:    6.00 (Gate area) 
      Cumulative area ratio:    0.26
      Required ratio:    0.00 (Cumulative area) 

    Via: L1M1_PR
      Partial area ratio:    0.15
      Required ratio:    3.00 (Gate area) 
      Cumulative area ratio:    0.15
      Required ratio:    0.00 (Cumulative area) 


Net: net896
  Pin: output896/A (sky130_fd_sc_hd__buf_1)
    Layer: met3
      Partial area ratio:  748.40
      Required ratio:    0.00 (Gate area) 
      Partial area ratio: 3993.89
      Required ratio: 3096.80 (Side area) (VIOLATED)
      Cumulative area ratio:  753.09
      Required ratio:    0.00 (Cumulative area) 
      Cumulative area ratio: 3999.76
      Required ratio:    0.00 (Cumulative side area) 

    Layer: met2
      Partial area ratio:    0.00
      Required ratio:    0.00 (Gate area) 
      Partial area ratio:    0.00
      Required ratio:  400.00 (Side area) 
      Cumulative area ratio:    4.69
      Required ratio:    0.00 (Cumulative area) 
      Cumulative area ratio:    5.87
      Required ratio:    0.00 (Cumulative side area) 

    Layer: met1
      Partial area ratio:    0.00
      Required ratio:    0.00 (Gate area) 
      Partial area ratio:    0.00
      Required ratio:  400.00 (Side area) 
      Cumulative area ratio:    4.69
      Required ratio:    0.00 (Cumulative area) 
      Cumulative area ratio:    5.87
      Required ratio:    0.00 (Cumulative side area) 

    Layer: li1
      Partial area ratio:    4.69
      Required ratio:    0.00 (Gate area) 
      Partial area ratio:    5.87
      Required ratio:   75.00 (Side area) 
      Cumulative area ratio:    4.69
      Required ratio:    0.00 (Cumulative area) 
      Cumulative area ratio:    5.87
      Required ratio:    0.00 (Cumulative side area) 

    Via: M2M3_PR
      Partial area ratio:    0.20
      Required ratio:    6.00 (Gate area) 
      Cumulative area ratio:    0.47
      Required ratio:    0.00 (Cumulative area) 

    Via: M1M2_PR
      Partial area ratio:    0.11
      Required ratio:    6.00 (Gate area) 
      Cumulative area ratio:    0.26
      Required ratio:    0.00 (Cumulative area) 

    Via: L1M1_PR
      Partial area ratio:    0.15
      Required ratio:    3.00 (Gate area) 
      Cumulative area ratio:    0.15
      Required ratio:    0.00 (Cumulative area) 


Net: net903
  Pin: output903/A (sky130_fd_sc_hd__buf_1)
    Layer: met2
      Partial area ratio:    5.02
      Required ratio:    0.00 (Gate area) 
      Partial area ratio:   25.58
      Required ratio: 3096.80 (Side area) 
      Cumulative area ratio:  343.00
      Required ratio:    0.00 (Cumulative area) 
      Cumulative area ratio: 1702.60
      Required ratio:    0.00 (Cumulative side area) 

    Layer: met1
      Partial area ratio:  334.39
      Required ratio:    0.00 (Gate area) 
      Partial area ratio: 1672.45
      Required ratio:  400.00 (Side area) (VIOLATED)
      Cumulative area ratio:  337.98
      Required ratio:    0.00 (Cumulative area) 
      Cumulative area ratio: 1677.02
      Required ratio:    0.00 (Cumulative side area) 

    Layer: li1
      Partial area ratio:    3.59
      Required ratio:    0.00 (Gate area) 
      Partial area ratio:    4.58
      Required ratio:   75.00 (Side area) 
      Cumulative area ratio:    3.59
      Required ratio:    0.00 (Cumulative area) 
      Cumulative area ratio:    4.58
      Required ratio:    0.00 (Cumulative side area) 

    Via: M1M2_PR
      Partial area ratio:    0.11
      Required ratio:    6.00 (Gate area) 
      Cumulative area ratio:    0.26
      Required ratio:    0.00 (Cumulative area) 

    Via: L1M1_PR
      Partial area ratio:    0.15
      Required ratio:    3.00 (Gate area) 
      Cumulative area ratio:    0.15
      Required ratio:    0.00 (Cumulative area) 


Net: net905
  Pin: output905/A (sky130_fd_sc_hd__buf_1)
    Layer: met2
      Partial area ratio:    9.93
      Required ratio:    0.00 (Gate area) 
      Partial area ratio:   50.16
      Required ratio: 3096.80 (Side area) 
      Cumulative area ratio:  416.55
      Required ratio:    0.00 (Cumulative area) 
      Cumulative area ratio: 2071.08
      Required ratio:    0.00 (Cumulative side area) 

    Layer: met1
      Partial area ratio:  403.21
      Required ratio:    0.00 (Gate area) 
      Partial area ratio: 2016.57
      Required ratio:  400.00 (Side area) (VIOLATED)
      Cumulative area ratio:  406.62
      Required ratio:    0.00 (Cumulative area) 
      Cumulative area ratio: 2020.92
      Required ratio:    0.00 (Cumulative side area) 

    Layer: li1
      Partial area ratio:    3.40
      Required ratio:    0.00 (Gate area) 
      Partial area ratio:    4.35
      Required ratio:   75.00 (Side area) 
      Cumulative area ratio:    3.40
      Required ratio:    0.00 (Cumulative area) 
      Cumulative area ratio:    4.35
      Required ratio:    0.00 (Cumulative side area) 

    Via: M1M2_PR
      Partial area ratio:    0.11
      Required ratio:    6.00 (Gate area) 
      Cumulative area ratio:    0.26
      Required ratio:    0.00 (Cumulative area) 

    Via: L1M1_PR
      Partial area ratio:    0.15
      Required ratio:    3.00 (Gate area) 
      Cumulative area ratio:    0.15
      Required ratio:    0.00 (Cumulative area) 


Net: net906
  Pin: output906/A (sky130_fd_sc_hd__buf_1)
    Layer: met2
      Partial area ratio:   49.26
      Required ratio:    0.00 (Gate area) 
      Partial area ratio:  246.80
      Required ratio: 3096.80 (Side area) 
      Cumulative area ratio:  430.02
      Required ratio:    0.00 (Cumulative area) 
      Cumulative area ratio: 2143.31
      Required ratio:    0.00 (Cumulative side area) 

    Layer: met1
      Partial area ratio:  378.63
      Required ratio:    0.00 (Gate area) 
      Partial area ratio: 1893.67
      Required ratio:  400.00 (Side area) (VIOLATED)
      Cumulative area ratio:  380.76
      Required ratio:    0.00 (Cumulative area) 
      Cumulative area ratio: 1896.51
      Required ratio:    0.00 (Cumulative side area) 

    Layer: li1
      Partial area ratio:    2.12
      Required ratio:    0.00 (Gate area) 
      Partial area ratio:    2.84
      Required ratio:   75.00 (Side area) 
      Cumulative area ratio:    2.12
      Required ratio:    0.00 (Cumulative area) 
      Cumulative area ratio:    2.84
      Required ratio:    0.00 (Cumulative side area) 

    Via: M1M2_PR
      Partial area ratio:    0.11
      Required ratio:    6.00 (Gate area) 
      Cumulative area ratio:    0.26
      Required ratio:    0.00 (Cumulative area) 

    Via: L1M1_PR
      Partial area ratio:    0.15
      Required ratio:    3.00 (Gate area) 
      Cumulative area ratio:    0.15
      Required ratio:    0.00 (Cumulative area) 


Net: net908
  Pin: output908/A (sky130_fd_sc_hd__buf_1)
    Layer: met2
      Partial area ratio:    5.02
      Required ratio:    0.00 (Gate area) 
      Partial area ratio:   25.58
      Required ratio: 3096.80 (Side area) 
      Cumulative area ratio:  378.10
      Required ratio:    0.00 (Cumulative area) 
      Cumulative area ratio: 1875.48
      Required ratio:    0.00 (Cumulative side area) 

    Layer: met1
      Partial area ratio:  368.80
      Required ratio:    0.00 (Gate area) 
      Partial area ratio: 1844.51
      Required ratio:  400.00 (Side area) (VIOLATED)
      Cumulative area ratio:  373.09
      Required ratio:    0.00 (Cumulative area) 
      Cumulative area ratio: 1849.90
      Required ratio:    0.00 (Cumulative side area) 

    Layer: li1
      Partial area ratio:    4.29
      Required ratio:    0.00 (Gate area) 
      Partial area ratio:    5.39
      Required ratio:   75.00 (Side area) 
      Cumulative area ratio:    4.29
      Required ratio:    0.00 (Cumulative area) 
      Cumulative area ratio:    5.39
      Required ratio:    0.00 (Cumulative side area) 

    Via: M1M2_PR
      Partial area ratio:    0.11
      Required ratio:    6.00 (Gate area) 
      Cumulative area ratio:    0.26
      Required ratio:    0.00 (Cumulative area) 

    Via: L1M1_PR
      Partial area ratio:    0.15
      Required ratio:    3.00 (Gate area) 
      Cumulative area ratio:    0.15
      Required ratio:    0.00 (Cumulative area) 


Net: net944
  Pin: _4383_/A (sky130_fd_sc_hd__nor2_1)
    Layer: met4
      Partial area ratio:  213.36
      Required ratio:    0.00 (Gate area) 
      Partial area ratio: 1138.42
      Required ratio: 3312.80 (Side area) 
      Cumulative area ratio:  224.86
      Required ratio:    0.00 (Cumulative area) 
      Cumulative area ratio: 1187.51
      Required ratio:    0.00 (Cumulative side area) 

    Layer: met3
      Partial area ratio:    0.00
      Required ratio:    0.00 (Gate area) 
      Partial area ratio:    0.00
      Required ratio:  400.00 (Side area) 
      Cumulative area ratio:   11.50
      Required ratio:    0.00 (Cumulative area) 
      Cumulative area ratio:   49.09
      Required ratio:    0.00 (Cumulative side area) 

    Layer: met2
      Partial area ratio:    9.16
      Required ratio:    0.00 (Gate area) 
      Partial area ratio:   46.06
      Required ratio:  400.00 (Side area) 
      Cumulative area ratio:   11.50
      Required ratio:    0.00 (Cumulative area) 
      Cumulative area ratio:   49.09
      Required ratio:    0.00 (Cumulative side area) 

    Layer: met1
      Partial area ratio:    0.00
      Required ratio:    0.00 (Gate area) 
      Partial area ratio:    0.00
      Required ratio:  400.00 (Side area) 
      Cumulative area ratio:    2.34
      Required ratio:    0.00 (Cumulative area) 
      Cumulative area ratio:    3.02
      Required ratio:    0.00 (Cumulative side area) 

    Layer: li1
      Partial area ratio:    2.34
      Required ratio:    0.00 (Gate area) 
      Partial area ratio:    3.02
      Required ratio:   75.00 (Side area) 
      Cumulative area ratio:    2.34
      Required ratio:    0.00 (Cumulative area) 
      Cumulative area ratio:    3.02
      Required ratio:    0.00 (Cumulative side area) 

    Via: M3M4_PR
      Partial area ratio:    0.05
      Required ratio:    6.00 (Gate area) 
      Cumulative area ratio:    0.32
      Required ratio:    0.00 (Cumulative area) 

    Via: M2M3_PR
      Partial area ratio:    0.05
      Required ratio:    6.00 (Gate area) 
      Cumulative area ratio:    0.26
      Required ratio:    0.00 (Cumulative area) 

    Via: M1M2_PR
      Partial area ratio:    0.09
      Required ratio:    6.00 (Gate area) 
      Cumulative area ratio:    0.21
      Required ratio:    0.00 (Cumulative area) 

    Via: L1M1_PR
      Partial area ratio:    0.12
      Required ratio:    3.00 (Gate area) 
      Cumulative area ratio:    0.12
      Required ratio:    0.00 (Cumulative area) 

  Pin: _4425_/A (sky130_fd_sc_hd__nor2_1)
    Layer: met4
      Partial area ratio:  213.36
      Required ratio:    0.00 (Gate area) 
      Partial area ratio: 1138.42
      Required ratio: 3312.80 (Side area) 
      Cumulative area ratio:  224.05
      Required ratio:    0.00 (Cumulative area) 
      Cumulative area ratio: 1186.56
      Required ratio:    0.00 (Cumulative side area) 

    Layer: met3
      Partial area ratio:    0.00
      Required ratio:    0.00 (Gate area) 
      Partial area ratio:    0.00
      Required ratio:  400.00 (Side area) 
      Cumulative area ratio:   10.68
      Required ratio:    0.00 (Cumulative area) 
      Cumulative area ratio:   48.13
      Required ratio:    0.00 (Cumulative side area) 

    Layer: met2
      Partial area ratio:    9.16
      Required ratio:    0.00 (Gate area) 
      Partial area ratio:   46.06
      Required ratio:  400.00 (Side area) 
      Cumulative area ratio:   10.68
      Required ratio:    0.00 (Cumulative area) 
      Cumulative area ratio:   48.13
      Required ratio:    0.00 (Cumulative side area) 

    Layer: met1
      Partial area ratio:    0.00
      Required ratio:    0.00 (Gate area) 
      Partial area ratio:    0.00
      Required ratio:  400.00 (Side area) 
      Cumulative area ratio:    1.52
      Required ratio:    0.00 (Cumulative area) 
      Cumulative area ratio:    2.07
      Required ratio:    0.00 (Cumulative side area) 

    Layer: li1
      Partial area ratio:    1.52
      Required ratio:    0.00 (Gate area) 
      Partial area ratio:    2.07
      Required ratio:   75.00 (Side area) 
      Cumulative area ratio:    1.52
      Required ratio:    0.00 (Cumulative area) 
      Cumulative area ratio:    2.07
      Required ratio:    0.00 (Cumulative side area) 

    Via: M3M4_PR
      Partial area ratio:    0.05
      Required ratio:    6.00 (Gate area) 
      Cumulative area ratio:    0.32
      Required ratio:    0.00 (Cumulative area) 

    Via: M2M3_PR
      Partial area ratio:    0.05
      Required ratio:    6.00 (Gate area) 
      Cumulative area ratio:    0.26
      Required ratio:    0.00 (Cumulative area) 

    Via: M1M2_PR
      Partial area ratio:    0.09
      Required ratio:    6.00 (Gate area) 
      Cumulative area ratio:    0.21
      Required ratio:    0.00 (Cumulative area) 

    Via: L1M1_PR
      Partial area ratio:    0.12
      Required ratio:    3.00 (Gate area) 
      Cumulative area ratio:    0.12
      Required ratio:    0.00 (Cumulative area) 

  Pin: _4497_/A (sky130_fd_sc_hd__nor2_1)
    Layer: met4
      Partial area ratio:  213.36
      Required ratio:    0.00 (Gate area) 
      Partial area ratio: 1138.42
      Required ratio: 3312.80 (Side area) 
      Cumulative area ratio:  224.41
      Required ratio:    0.00 (Cumulative area) 
      Cumulative area ratio: 1186.98
      Required ratio:    0.00 (Cumulative side area) 

    Layer: met3
      Partial area ratio:    0.00
      Required ratio:    0.00 (Gate area) 
      Partial area ratio:    0.00
      Required ratio:  400.00 (Side area) 
      Cumulative area ratio:   11.04
      Required ratio:    0.00 (Cumulative area) 
      Cumulative area ratio:   48.55
      Required ratio:    0.00 (Cumulative side area) 

    Layer: met2
      Partial area ratio:    9.16
      Required ratio:    0.00 (Gate area) 
      Partial area ratio:   46.06
      Required ratio:  400.00 (Side area) 
      Cumulative area ratio:   11.04
      Required ratio:    0.00 (Cumulative area) 
      Cumulative area ratio:   48.55
      Required ratio:    0.00 (Cumulative side area) 

    Layer: met1
      Partial area ratio:    0.00
      Required ratio:    0.00 (Gate area) 
      Partial area ratio:    0.00
      Required ratio:  400.00 (Side area) 
      Cumulative area ratio:    1.88
      Required ratio:    0.00 (Cumulative area) 
      Cumulative area ratio:    2.49
      Required ratio:    0.00 (Cumulative side area) 

    Layer: li1
      Partial area ratio:    1.88
      Required ratio:    0.00 (Gate area) 
      Partial area ratio:    2.49
      Required ratio:   75.00 (Side area) 
      Cumulative area ratio:    1.88
      Required ratio:    0.00 (Cumulative area) 
      Cumulative area ratio:    2.49
      Required ratio:    0.00 (Cumulative side area) 

    Via: M3M4_PR
      Partial area ratio:    0.05
      Required ratio:    6.00 (Gate area) 
      Cumulative area ratio:    0.32
      Required ratio:    0.00 (Cumulative area) 

    Via: M2M3_PR
      Partial area ratio:    0.05
      Required ratio:    6.00 (Gate area) 
      Cumulative area ratio:    0.26
      Required ratio:    0.00 (Cumulative area) 

    Via: M1M2_PR
      Partial area ratio:    0.09
      Required ratio:    6.00 (Gate area) 
      Cumulative area ratio:    0.21
      Required ratio:    0.00 (Cumulative area) 

    Via: L1M1_PR
      Partial area ratio:    0.12
      Required ratio:    3.00 (Gate area) 
      Cumulative area ratio:    0.12
      Required ratio:    0.00 (Cumulative area) 

  Pin: _4461_/A (sky130_fd_sc_hd__nor2_1)
    Layer: met2
      Partial area ratio:   50.90
      Required ratio:    0.00 (Gate area) 
      Partial area ratio:  255.28
      Required ratio: 3312.80 (Side area) 
      Cumulative area ratio:  275.29
      Required ratio:    0.00 (Cumulative area) 
      Cumulative area ratio: 1370.88
      Required ratio:    0.00 (Cumulative side area) 

    Layer: met1
      Partial area ratio:  222.55
      Required ratio:    0.00 (Gate area) 
      Partial area ratio: 1113.16
      Required ratio:  400.00 (Side area) (VIOLATED)
      Cumulative area ratio:  224.39
      Required ratio:    0.00 (Cumulative area) 
      Cumulative area ratio: 1115.60
      Required ratio:    0.00 (Cumulative side area) 

    Layer: met3
      Partial area ratio:    0.00
      Required ratio:    0.00 (Gate area) 
      Partial area ratio:    0.00
      Required ratio: 3312.80 (Side area) 
      Cumulative area ratio:  275.29
      Required ratio:    0.00 (Cumulative area) 
      Cumulative area ratio: 1370.88
      Required ratio:    0.00 (Cumulative side area) 

    Layer: met4
      Partial area ratio:  213.36
      Required ratio:    0.00 (Gate area) 
      Partial area ratio: 1138.42
      Required ratio: 3312.80 (Side area) 
      Cumulative area ratio:  488.65
      Required ratio:    0.00 (Cumulative area) 
      Cumulative area ratio: 2509.30
      Required ratio:    0.00 (Cumulative side area) 

    Layer: li1
      Partial area ratio:    1.84
      Required ratio:    0.00 (Gate area) 
      Partial area ratio:    2.44
      Required ratio:   75.00 (Side area) 
      Cumulative area ratio:    1.84
      Required ratio:    0.00 (Cumulative area) 
      Cumulative area ratio:    2.44
      Required ratio:    0.00 (Cumulative side area) 

    Via: M2M3_PR
      Partial area ratio:    0.16
      Required ratio:    6.00 (Gate area) 
      Cumulative area ratio:    0.46
      Required ratio:    0.00 (Cumulative area) 

    Via: M1M2_PR
      Partial area ratio:    0.18
      Required ratio:    6.00 (Gate area) 
      Cumulative area ratio:    0.30
      Required ratio:    0.00 (Cumulative area) 

    Via: M3M4_PR
      Partial area ratio:    0.16
      Required ratio:    6.00 (Gate area) 
      Cumulative area ratio:    0.62
      Required ratio:    0.00 (Cumulative area) 

    Via: L1M1_PR
      Partial area ratio:    0.12
      Required ratio:    3.00 (Gate area) 
      Cumulative area ratio:    0.12
      Required ratio:    0.00 (Cumulative area) 


Net: net945
  Pin: _4365_/A (sky130_fd_sc_hd__nor2_1)
    Layer: met4
      Partial area ratio:  215.45
      Required ratio:    0.00 (Gate area) 
      Partial area ratio: 1149.58
      Required ratio: 3312.80 (Side area) 
      Cumulative area ratio:  219.76
      Required ratio:    0.00 (Cumulative area) 
      Cumulative area ratio: 1160.13
      Required ratio:    0.00 (Cumulative side area) 

    Layer: met3
      Partial area ratio:    0.00
      Required ratio:    0.00 (Gate area) 
      Partial area ratio:    0.00
      Required ratio:  400.00 (Side area) 
      Cumulative area ratio:    4.31
      Required ratio:    0.00 (Cumulative area) 
      Cumulative area ratio:   10.55
      Required ratio:    0.00 (Cumulative side area) 

    Layer: met2
      Partial area ratio:    0.00
      Required ratio:    0.00 (Gate area) 
      Partial area ratio:    0.00
      Required ratio:  400.00 (Side area) 
      Cumulative area ratio:    4.31
      Required ratio:    0.00 (Cumulative area) 
      Cumulative area ratio:   10.55
      Required ratio:    0.00 (Cumulative side area) 

    Layer: met1
      Partial area ratio:    1.33
      Required ratio:    0.00 (Gate area) 
      Partial area ratio:    6.77
      Required ratio:  400.00 (Side area) 
      Cumulative area ratio:    4.31
      Required ratio:    0.00 (Cumulative area) 
      Cumulative area ratio:   10.55
      Required ratio:    0.00 (Cumulative side area) 

    Layer: li1
      Partial area ratio:    2.98
      Required ratio:    0.00 (Gate area) 
      Partial area ratio:    3.78
      Required ratio:   75.00 (Side area) 
      Cumulative area ratio:    2.98
      Required ratio:    0.00 (Cumulative area) 
      Cumulative area ratio:    3.78
      Required ratio:    0.00 (Cumulative side area) 

    Via: M3M4_PR
      Partial area ratio:    0.05
      Required ratio:    6.00 (Gate area) 
      Cumulative area ratio:    0.25
      Required ratio:    0.00 (Cumulative area) 

    Via: M2M3_PR
      Partial area ratio:    0.05
      Required ratio:    6.00 (Gate area) 
      Cumulative area ratio:    0.20
      Required ratio:    0.00 (Cumulative area) 

    Via: M1M2_PR
      Partial area ratio:    0.03
      Required ratio:    6.00 (Gate area) 
      Cumulative area ratio:    0.15
      Required ratio:    0.00 (Cumulative area) 

    Via: L1M1_PR
      Partial area ratio:    0.12
      Required ratio:    3.00 (Gate area) 
      Cumulative area ratio:    0.12
      Required ratio:    0.00 (Cumulative area) 

  Pin: _4419_/A (sky130_fd_sc_hd__nor2_1)
    Layer: met4
      Partial area ratio:  215.45
      Required ratio:    0.00 (Gate area) 
      Partial area ratio: 1149.58
      Required ratio: 3312.80 (Side area) 
      Cumulative area ratio:  220.27
      Required ratio:    0.00 (Cumulative area) 
      Cumulative area ratio: 1160.80
      Required ratio:    0.00 (Cumulative side area) 

    Layer: met3
      Partial area ratio:    0.00
      Required ratio:    0.00 (Gate area) 
      Partial area ratio:    0.00
      Required ratio:  400.00 (Side area) 
      Cumulative area ratio:    4.82
      Required ratio:    0.00 (Cumulative area) 
      Cumulative area ratio:   11.22
      Required ratio:    0.00 (Cumulative side area) 

    Layer: met2
      Partial area ratio:    0.00
      Required ratio:    0.00 (Gate area) 
      Partial area ratio:    0.00
      Required ratio:  400.00 (Side area) 
      Cumulative area ratio:    4.82
      Required ratio:    0.00 (Cumulative area) 
      Cumulative area ratio:   11.22
      Required ratio:    0.00 (Cumulative side area) 

    Layer: met1
      Partial area ratio:    1.33
      Required ratio:    0.00 (Gate area) 
      Partial area ratio:    6.77
      Required ratio:  400.00 (Side area) 
      Cumulative area ratio:    4.82
      Required ratio:    0.00 (Cumulative area) 
      Cumulative area ratio:   11.22
      Required ratio:    0.00 (Cumulative side area) 

    Layer: li1
      Partial area ratio:    3.49
      Required ratio:    0.00 (Gate area) 
      Partial area ratio:    4.45
      Required ratio:   75.00 (Side area) 
      Cumulative area ratio:    3.49
      Required ratio:    0.00 (Cumulative area) 
      Cumulative area ratio:    4.45
      Required ratio:    0.00 (Cumulative side area) 

    Via: M3M4_PR
      Partial area ratio:    0.05
      Required ratio:    6.00 (Gate area) 
      Cumulative area ratio:    0.20
      Required ratio:    0.00 (Cumulative area) 

    Via: M2M3_PR
      Partial area ratio:    0.05
      Required ratio:    6.00 (Gate area) 
      Cumulative area ratio:    0.14
      Required ratio:    0.00 (Cumulative area) 

    Via: M1M2_PR
      Partial area ratio:    0.03
      Required ratio:    6.00 (Gate area) 
      Cumulative area ratio:    0.09
      Required ratio:    0.00 (Cumulative area) 

    Via: L1M1_PR
      Partial area ratio:    0.06
      Required ratio:    3.00 (Gate area) 
      Cumulative area ratio:    0.06
      Required ratio:    0.00 (Cumulative area) 

  Pin: _4491_/A (sky130_fd_sc_hd__nor2_1)
    Layer: met4
      Partial area ratio:  215.45
      Required ratio:    0.00 (Gate area) 
      Partial area ratio: 1149.58
      Required ratio: 3312.80 (Side area) 
      Cumulative area ratio:  220.27
      Required ratio:    0.00 (Cumulative area) 
      Cumulative area ratio: 1160.80
      Required ratio:    0.00 (Cumulative side area) 

    Layer: met3
      Partial area ratio:    0.00
      Required ratio:    0.00 (Gate area) 
      Partial area ratio:    0.00
      Required ratio:  400.00 (Side area) 
      Cumulative area ratio:    4.82
      Required ratio:    0.00 (Cumulative area) 
      Cumulative area ratio:   11.22
      Required ratio:    0.00 (Cumulative side area) 

    Layer: met2
      Partial area ratio:    0.00
      Required ratio:    0.00 (Gate area) 
      Partial area ratio:    0.00
      Required ratio:  400.00 (Side area) 
      Cumulative area ratio:    4.82
      Required ratio:    0.00 (Cumulative area) 
      Cumulative area ratio:   11.22
      Required ratio:    0.00 (Cumulative side area) 

    Layer: met1
      Partial area ratio:    1.33
      Required ratio:    0.00 (Gate area) 
      Partial area ratio:    6.77
      Required ratio:  400.00 (Side area) 
      Cumulative area ratio:    4.82
      Required ratio:    0.00 (Cumulative area) 
      Cumulative area ratio:   11.22
      Required ratio:    0.00 (Cumulative side area) 

    Layer: li1
      Partial area ratio:    3.49
      Required ratio:    0.00 (Gate area) 
      Partial area ratio:    4.45
      Required ratio:   75.00 (Side area) 
      Cumulative area ratio:    3.49
      Required ratio:    0.00 (Cumulative area) 
      Cumulative area ratio:    4.45
      Required ratio:    0.00 (Cumulative side area) 

    Via: M3M4_PR
      Partial area ratio:    0.05
      Required ratio:    6.00 (Gate area) 
      Cumulative area ratio:    0.20
      Required ratio:    0.00 (Cumulative area) 

    Via: M2M3_PR
      Partial area ratio:    0.05
      Required ratio:    6.00 (Gate area) 
      Cumulative area ratio:    0.14
      Required ratio:    0.00 (Cumulative area) 

    Via: M1M2_PR
      Partial area ratio:    0.03
      Required ratio:    6.00 (Gate area) 
      Cumulative area ratio:    0.09
      Required ratio:    0.00 (Cumulative area) 

    Via: L1M1_PR
      Partial area ratio:    0.06
      Required ratio:    3.00 (Gate area) 
      Cumulative area ratio:    0.06
      Required ratio:    0.00 (Cumulative area) 

  Pin: _4455_/A (sky130_fd_sc_hd__nor2_1)
    Layer: met2
      Partial area ratio:   74.24
      Required ratio:    0.00 (Gate area) 
      Partial area ratio:  371.58
      Required ratio: 3312.80 (Side area) 
      Cumulative area ratio:  299.82
      Required ratio:    0.00 (Cumulative area) 
      Cumulative area ratio: 1488.58
      Required ratio:    0.00 (Cumulative side area) 

    Layer: met1
      Partial area ratio:  222.55
      Required ratio:    0.00 (Gate area) 
      Partial area ratio: 1113.16
      Required ratio:  400.00 (Side area) (VIOLATED)
      Cumulative area ratio:  225.59
      Required ratio:    0.00 (Cumulative area) 
      Cumulative area ratio: 1117.00
      Required ratio:    0.00 (Cumulative side area) 

    Layer: met3
      Partial area ratio:    0.00
      Required ratio:    0.00 (Gate area) 
      Partial area ratio:    0.00
      Required ratio: 3312.80 (Side area) 
      Cumulative area ratio:  299.82
      Required ratio:    0.00 (Cumulative area) 
      Cumulative area ratio: 1488.58
      Required ratio:    0.00 (Cumulative side area) 

    Layer: met4
      Partial area ratio:  215.45
      Required ratio:    0.00 (Gate area) 
      Partial area ratio: 1149.58
      Required ratio: 3312.80 (Side area) 
      Cumulative area ratio:  515.28
      Required ratio:    0.00 (Cumulative area) 
      Cumulative area ratio: 2638.16
      Required ratio:    0.00 (Cumulative side area) 

    Layer: li1
      Partial area ratio:    3.04
      Required ratio:    0.00 (Gate area) 
      Partial area ratio:    3.85
      Required ratio:   75.00 (Side area) 
      Cumulative area ratio:    3.04
      Required ratio:    0.00 (Cumulative area) 
      Cumulative area ratio:    3.85
      Required ratio:    0.00 (Cumulative side area) 

    Via: M2M3_PR
      Partial area ratio:    0.16
      Required ratio:    6.00 (Gate area) 
      Cumulative area ratio:    0.46
      Required ratio:    0.00 (Cumulative area) 

    Via: M1M2_PR
      Partial area ratio:    0.18
      Required ratio:    6.00 (Gate area) 
      Cumulative area ratio:    0.30
      Required ratio:    0.00 (Cumulative area) 

    Via: M3M4_PR
      Partial area ratio:    0.16
      Required ratio:    6.00 (Gate area) 
      Cumulative area ratio:    0.62
      Required ratio:    0.00 (Cumulative area) 

    Via: L1M1_PR
      Partial area ratio:    0.12
      Required ratio:    3.00 (Gate area) 
      Cumulative area ratio:    0.12
      Required ratio:    0.00 (Cumulative area) 


[INFO ANT-0002] Found 67 net violations.
[INFO ANT-0001] Found 76 pin violations.
%OL_END_REPORT
