net,length_um
net1,1.56183mm
net948,1.54472mm
_1894_,1.50895mm
_1989_,1.5016mm
net949,1.48954mm
_1827_,1.45945mm
_1895_,1.32104mm
_1828_,1.30742mm
_2677_,1.30328mm
_1878_,1.30238mm
net950,1.2999mm
_2643_,1.29291mm
_1502_,1.25712mm
_1505_,1.25356mm
net945,1.24496mm
net944,1.24406mm
_1513_,1.24155mm
_1536_,1.23985mm
_1509_,1.23698mm
_1481_,1.22312mm
_1528_,1.21319mm
_1532_,1.16702mm
net947,1.15239mm
net946,1.14559mm
net941,1.13966mm
_1990_,1.13114mm
_1880_,1.12014mm
_1511_,1.06229mm
_1893_,1.048985mm
_1521_,1.0464mm
net497,1.02974mm
_1515_,1.01456mm
_1282_,1.00225mm
_1517_,993.64µm
net541,976.38µm
net412,962.86µm
_1866_,962.75µm
_2133_,940.28µm
net411,935.2µm
net18,934.32µm
clknet_3_6__leaf_aclk,932.21µm
u_read_arbiter.r_target_slave\[0\],929.39µm
_1531_,928.08µm
_1265_,923.38µm
net468,921.24µm
_1855_,919.12µm
net11,918.26µm
u_read_arbiter.r_target_slave\[1\],917.38µm
_1864_,909.55µm
net25,902.16µm
aclk,900.59µm
_1523_,894.32µm
_1915_,890.54µm
_1291_,889.64µm
clknet_3_7__leaf_aclk,887.38µm
_1525_,876.52µm
_1294_,876.47µm
clknet_3_3__leaf_aclk,876.42µm
clknet_0_aclk,872.73µm
_1463_,870.94µm
_1473_,868.12µm
net15,866.93µm
net595,865.76µm
_1471_,857.055µm
_1459_,838.42µm
net13,833.56µm
_1465_,830.22µm
_1489_,828.8µm
_1286_,822.67µm
_1899_,821.01µm
_1300_,816.74µm
_2688_,814.16µm
net548,811.26µm
_1477_,808.92µm
net17,802.74µm
net23,802.22µm
net24,800.16µm
_1280_,794.08µm
clknet_3_0__leaf_aclk,789.52µm
_1457_,774.94µm
net544,774.34µm
net474,772.6µm
_2654_,770.55µm
net555,761.86µm
_1886_,751.05µm
net12,749.76µm
net26,746.32µm
net10,745.4µm
_1031_,744.11µm
_1994_,731.78µm
net536,731.56µm
_1475_,730.48µm
_1297_,723.9µm
_2054_,722.515µm
_2007_,720.38µm
_2131_,719.57µm
_1483_,717.54µm
_1887_,716.96µm
net784,713.52µm
_1461_,705.06µm
_1469_,704.16µm
_2249_,702.59µm
_1890_,699.29µm
net16,694.56µm
_2047_,692.66µm
net671,688.61µm
net943,680.18µm
u_write_arbiter.arb_tx_done,677.12µm
_1467_,673.9µm
_1104_,673.1µm
net417,666.82µm
_1499_,666.1µm
_1374_,663.17µm
_1258_,663.12µm
net14,662.6µm
_3138_,654.7µm
clknet_3_1__leaf_aclk,654.56µm
_1607_,653.48µm
_2549_,651.815µm
_1445_,651.68µm
_3128_,649.78µm
_1491_,646.28µm
net533,643.39µm
net597,642.68µm
net775,640.63µm
_1898_,639.6µm
_1612_,631.3µm
_1301_,630.64µm
_2929_,629.48µm
_1825_,628.41µm
net298,620.92µm
net487,610.38µm
net677,607.44µm
_2040_,605.56µm
_1885_,604.65µm
_2930_,603.21µm
_3106_,603.08µm
_3009_,600.12µm
_2441_,598.66µm
net906,598.58µm
_1871_,593.88µm
net907,589.68µm
_3119_,587.31µm
_1862_,585.39µm
_2138_,581.74µm
_3132_,579.52µm
net905,577.76µm
_1882_,577.195µm
_1905_,576.92µm
_2871_,576.84µm
_0983_,575.72µm
_2132_,567.82µm
_1897_,564.46µm
_0633_,556.8µm
_1861_,554.88µm
_1610_,553.66µm
_1537_,551.36µm
_1879_,545.82µm
_2226_,545.58µm
_1872_,540.595µm
_2545_,540.54µm
_1493_,539.24µm
_2134_,538.28µm
_1891_,538.2µm
_1017_,534.97µm
_2077_,534.02µm
_1929_,531.26µm
_1503_,530.82µm
_2875_,527.66µm
_1266_,524.62µm
net467,522.04µm
net892,520.915µm
net908,517.44µm
_2137_,517.085µm
net434,516.66µm
_2864_,516.55µm
_1485_,512.265µm
_2156_,511.68µm
_1917_,511.64µm
net438,506.68µm
net896,501.58µm
_1935_,500.94µm
_1904_,500.34µm
net433,498.52µm
net626,492.68µm
_3020_,492.28µm
net435,491.52µm
_1947_,487.7µm
net439,487.36µm
net501,486.8µm
_1873_,486.44µm
_2866_,483.63µm
_1938_,482.1µm
net492,477.64µm
_1997_,471.27µm
net734,471.1µm
net437,467.36µm
net903,466.86µm
net242,464.04µm
_1950_,463.86µm
_2867_,462.87µm
net110,462.8µm
_0609_,461.82µm
_2459_,461.42µm
net731,461.2µm
_1881_,460.06µm
_3001_,458.68µm
_1279_,456.09µm
net500,455.84µm
net776,454.5µm
_1611_,448.62µm
_2108_,446.905µm
net28,446.78µm
net625,444.84µm
_1495_,442.86µm
net654,440.59µm
net594,439.2µm
_2113_,438.72µm
net7,438.35µm
_1290_,437.38µm
net584,436.01µm
_1443_,435.98µm
net535,435.77µm
_1028_,435.74µm
clknet_3_2__leaf_aclk,435.48µm
_2870_,434.71µm
_1487_,433.32µm
net552,431.99µm
net624,431.9µm
_2079_,430.88µm
_1906_,430.78µm
net5,430.54µm
net256,430.16µm
net532,427.56µm
net599,426.4µm
_1920_,426.14µm
_1529_,424.86µm
net108,424.66µm
_1856_,424.19µm
_2998_,422.94µm
net302,420.88µm
net470,419.7µm
_1497_,418.24µm
_2217_,418.18µm
net797,417.56µm
net390,417.52µm
_2516_,416.61µm
_1293_,416.24µm
net253,416.14µm
net436,415.98µm
_2478_,415.42µm
_2938_,414.13µm
_0640_,412.04µm
_2882_,411.66µm
_2876_,408.5µm
_2878_,407.74µm
_1852_,406.38µm
net465,403.32µm
clknet_3_5__leaf_aclk,402.76µm
_0638_,402.44µm
_2972_,400.6µm
u_response_router.w_target_slave\[0\],397.92µm
_2721_,396.29µm
net135,394.64µm
net647,393.24µm
net583,392.75µm
net107,389.54µm
net782,388.82µm
net660,387.49µm
net464,381.74µm
net106,381.6µm
net409,380.42µm
net655,379.16µm
_2071_,378.56µm
net187,378.52µm
net27,378.4µm
net679,378.4µm
_2766_,378.27µm
_1452_,376.49µm
net109,374.66µm
net674,372.36µm
_1296_,371.64µm
_1480_,370.54µm
net534,369.28µm
clknet_3_4__leaf_aclk,367.96µm
net462,365.6µm
net459,364.38µm
_2527_,364.01µm
net704,363.86µm
_2076_,363.62µm
net29,361.08µm
net6,359.96µm
_2453_,359.94µm
_2059_,358.64µm
net897,357.6µm
net683,352.2µm
u_read_arbiter.r_target_invalid,351.6µm
_1863_,350.72µm
net105,347.38µm
_2800_,340.98µm
net598,340.95µm
net4,340.6µm
net392,339.74µm
net217,338.78µm
net530,336.88µm
_0626_,335.34µm
net615,332.87µm
_0630_,331.08µm
net410,330.9µm
_1287_,329.52µm
net399,327.58µm
_1535_,326.66µm
net499,325.48µm
net894,325.08µm
net893,324.6µm
net528,323.92µm
net591,322.56µm
net895,321.635µm
net703,320.82µm
_2732_,320.21µm
net448,319.3µm
net314,319.28µm
u_read_arbiter.u_read_qos.f_first_cycle,315.95µm
_0629_,315.09µm
net258,313.86µm
net2,311.68µm
_3187_,311.5µm
_1943_,310.56µm
net393,309.54µm
net733,309.34µm
net466,308.86µm
net675,306.64µm
net735,306.18µm
net481,304.4µm
net216,301µm
_3232_,300.62µm
net785,299.18µm
_2896_,299.1µm
_2031_,297.64µm
_3011_,295.84µm
_1256_,295.42µm
_1925_,294.98µm
net463,293.96µm
net255,293.52µm
_2894_,292.48µm
_2904_,292.48µm
net150,292.42µm
_2907_,291.28µm
net9,291.15µm
net752,290.14µm
_2039_,289.02µm
net753,288.06µm
net402,287.76µm
net356,286.76µm
net742,285.38µm
net8,285.1µm
clknet_2_0_0_aclk,283.46µm
net162,282.175µm
_2036_,282.12µm
net265,281.06µm
net254,281.04µm
net85,281.02µm
net744,280.8µm
_1283_,280.3µm
net476,278.58µm
net198,278.51µm
net151,278.18µm
net748,277.1µm
net264,277.04µm
net311,275.88µm
net483,273.16µm
net741,272.28µm
_2898_,271.02µm
_1261_,270.5µm
net441,270.14µm
net301,268.24µm
_2196_,266.76µm
net3,265.76µm
_1314_,265.24µm
net607,264.96µm
_2034_,264.51µm
net491,263.94µm
net743,263.24µm
net447,262.72µm
net490,262.6µm
net773,262.52µm
_1455_,261.57µm
net446,259.8µm
net155,259.5µm
net431,259.38µm
net616,258.96µm
_2191_,258.48µm
net456,258.22µm
net493,257.64µm
net190,257.56µm
_2252_,257.44µm
net457,256µm
_2900_,255.44µm
net266,254.88µm
clknet_2_3_0_aclk,254.66µm
net796,254.25µm
net452,253.44µm
net494,253.02µm
net610,252.44µm
_2909_,250.88µm
net389,250.48µm
_0628_,250.21µm
_2159_,250.06µm
net22,249.74µm
net458,249.56µm
u_write_arbiter.w_buf_data\[70\],249.12µm
net482,248.92µm
_1854_,248.8µm
_2984_,246.92µm
net357,246.66µm
net740,245.68µm
_3015_,245.46µm
_2974_,244.96µm
net125,244.9µm
_2863_,243.52µm
net680,243.4µm
_2186_,242.38µm
net529,242µm
u_write_arbiter.w_buf_data\[69\],241.66µm
net527,241.48µm
net455,240.98µm
_2060_,240.86µm
_0723_,240.485µm
_2083_,238.38µm
net573,238.12µm
net143,238µm
clknet_2_1_0_aclk,237.88µm
net614,236.58µm
net352,236.08µm
_2219_,236.045µm
net91,235.94µm
clknet_2_2_0_aclk,235.48µm
_2229_,235.22µm
net96,234.98µm
_3195_,234.28µm
net524,232.3µm
_2489_,231.38µm
_2121_,231.24µm
_3192_,230.92µm
_0719_,230.17µm
_2063_,229.76µm
_2221_,228.07µm
net691,227.8µm
net843,226.92µm
net747,225.62µm
net358,225.18µm
net159,222.06µm
net745,222.02µm
net798,221.92µm
_1136_,221.82µm
_1939_,220.1µm
net939,219.64µm
_0725_,218.735µm
net526,218.3µm
_2874_,216.97µm
net751,215.74µm
_3025_,215.44µm
net222,215.28µm
net641,215.16µm
net730,213.94µm
_2001_,213.66µm
_3172_,213.58µm
_1985_,212.28µm
net59,211.68µm
net531,209.56µm
_0736_,207.79µm
net567,206.24µm
net509,205.46µm
_2092_,204.12µm
net371,202µm
net696,201.68µm
net940,201.16µm
net746,200.98µm
u_write_arbiter.w_buf_data\[95\],200.68µm
net401,199.88µm
_2225_,199.43µm
_0618_,198.12µm
net241,197.26µm
_0714_,196.24µm
net153,195.98µm
net590,195.24µm
_2101_,195.16µm
_2559_,195.135µm
_2089_,193.58µm
net166,193.54µm
net354,192.29µm
net663,191.1µm
_3005_,190.22µm
_2228_,190.08µm
net167,189.76µm
_2789_,189.74µm
_1412_,188.19µm
u_read_arbiter.arb_tx_done,187.91µm
_0621_,187.12µm
_2166_,186µm
_3190_,184.78µm
_2402_,183.96µm
net592,183.84µm
_0753_,182.45µm
_2098_,182.06µm
net686,182µm
net638,181.98µm
net637,181.52µm
net34,180.94µm
net729,179.26µm
net699,179.17µm
_1478_,178.75µm
_3012_,178.6µm
_0734_,177.88µm
net587,177.42µm
u_write_arbiter.w_buf_data\[94\],177.27µm
_0053_,176.92µm
_2620_,176.65µm
net164,174.02µm
_1874_,172.5µm
net498,171.36µm
_2546_,170.42µm
net783,170.23µm
_0578_,170.01µm
_0586_,169.54µm
net781,169.04µm
_0612_,168.88µm
_2245_,168.37µm
net234,168.12µm
_2861_,167.64µm
net739,167.38µm
_2086_,166.5µm
_2073_,165.74µm
net319,165.74µm
_1991_,165.2µm
_2224_,164.46µm
_2095_,164.04µm
_2227_,162.04µm
_3241_,160.88µm
net142,159.82µm
net21,159.36µm
net737,158.88µm
net503,158.3µm
_1496_,158.26µm
_1544_,158.12µm
net66,158.04µm
net884,157.58µm
_1527_,157.52µm
_1526_,157.16µm
_2387_,156.48µm
net30,155.1µm
_1101_,154.88µm
_2755_,154.02µm
net178,152.34µm
u_write_arbiter.aw_buf_addr\[68\],152.26µm
_2949_,152.02µm
_2122_,151.3µm
net872,150.42µm
_0601_,150.1µm
net791,149.14µm
_0704_,148.67µm
_3068_,147.92µm
_1105_,147.89µm
_1500_,147.1µm
net168,147.06µm
net262,146.9µm
_2609_,146.87µm
_1921_,146.86µm
net779,146.4µm
net260,145.76µm
_2240_,145.52µm
u_write_arbiter.w_buf_data\[90\],145.36µm
net208,145.24µm
_1974_,144.58µm
_1575_,144.56µm
u_response_router.w_target_invalid,143.96µm
_1980_,143.48µm
_0534_,143.475µm
_2230_,143.46µm
_1070_,143.06µm
_2239_,142.78µm
net163,142.52µm
_1533_,142.32µm
_1957_,141.94µm
_1968_,141.3µm
net246,140.94µm
_1021_,140.84µm
net19,140.68µm
net518,139.78µm
net505,139.72µm
_2424_,139.66µm
_0807_,139.32µm
_2862_,138.24µm
net942,137.94µm
net337,137.76µm
_1964_,136.385µm
net665,135.2µm
net618,135.18µm
net415,135.06µm
net656,135.02µm
net111,134.98µm
_3017_,134.6µm
_0820_,133.91µm
net280,133.84µm
_1954_,133.74µm
net414,133.44µm
_1100_,132.64µm
_3062_,132.44µm
net98,132.24µm
_1875_,132.12µm
net793,131.93µm
_1315_,131.67µm
_3036_,130.76µm
net593,130.64µm
_1067_,130.33µm
_1563_,130.04µm
_0979_,129.56µm
net161,129.22µm
net328,129.14µm
net770,127.32µm
_1961_,126.94µm
_0632_,126.86µm
net88,126.8µm
net831,126.76µm
clknet_leaf_38_aclk,125.51µm
net118,124.88µm
net185,124.86µm
_3096_,124.78µm
net585,124.76µm
_3228_,124.64µm
_2918_,124.52µm
_2563_,124.36µm
_1889_,124.24µm
net413,122.68µm
u_write_arbiter.aw_buf_addr\[121\],122.26µm
net205,122.26µm
_1267_,122.165µm
u_write_arbiter.aw_buf_addr\[63\],121.79µm
_2212_,121.68µm
_2222_,120.46µm
_0549_,119.79µm
net868,119.5µm
_2550_,118.9µm
_0590_,116.21µm
_1539_,115.56µm
net102,115.28µm
net239,115.24µm
_2247_,114.72µm
_2142_,114.6µm
_0984_,114.24µm
net20,114.16µm
_2927_,113.76µm
_1826_,113.42µm
net223,113.3µm
net115,113.16µm
net880,112.92µm
_1143_,112.58µm
clknet_leaf_34_aclk,111.94µm
_1687_,111.2µm
net93,111.14µm
net596,111.06µm
net898,111µm
_1519_,110.82µm
_3080_,110.66µm
net681,110.14µm
_2016_,109.92µm
net764,109.78µm
_1024_,109.68µm
net295,109.52µm
net432,109.24µm
net472,109.02µm
net123,108.74µm
net416,108.64µm
_1507_,107.96µm
_2022_,107.5µm
net204,107.38µm
clknet_leaf_91_aclk,107.34µm
u_write_arbiter.aw_buf_addr\[53\],107.15µm
_2220_,106.845µm
net688,106.54µm
_1052_,106.24µm
_2045_,105.84µm
net786,105.32µm
clknet_leaf_63_aclk,105.31µm
net103,104.36µm
_0563_,104.32µm
net180,104.12µm
net147,104.1µm
_3175_,104.06µm
net184,103.84µm
net369,103.46µm
net429,101.94µm
net121,101.56µm
net373,101.54µm
_1543_,101.26µm
clknet_leaf_103_aclk,101.14µm
net215,100.56µm
_3031_,100.4µm
clknet_leaf_93_aclk,100.2µm
u_write_arbiter.aw_buf_addr\[60\],100.12µm
clknet_leaf_97_aclk,99.6µm
net763,99.58µm
net171,99.24µm
net329,99.2µm
_1548_,99.16µm
clknet_leaf_32_aclk,98.84µm
_1983_,98.58µm
u_response_router.w_target_slave\[1\],98.32µm
u_write_arbiter.aw_buf_addr\[123\],96.86µm
net757,96.8µm
net297,96.7µm
net732,96.48µm
u_write_arbiter.aw_buf_addr\[91\],95.5µm
net250,95.36µm
_0576_,95.3µm
net225,95.02µm
net761,94.76µm
_1065_,94.15µm
net736,93.7µm
_3074_,93.64µm
net406,93.64µm
_0824_,93.54µm
net84,93.46µm
net340,93.215µm
_0535_,92.37µm
clknet_leaf_79_aclk,92.32µm
net774,92.3µm
clknet_leaf_19_aclk,92.3µm
clknet_leaf_98_aclk,92.28µm
clknet_leaf_54_aclk,92.24µm
net685,92.08µm
net488,91.6µm
clknet_leaf_25_aclk,91.34µm
u_write_arbiter.w_buf_data\[46\],90.25µm
net122,90.16µm
_3163_,90.1µm
clknet_leaf_6_aclk,90.02µm
_1530_,89.14µm
clknet_leaf_50_aclk,88.84µm
_2951_,88.7µm
net175,88.445µm
net72,88.28µm
net788,88.24µm
u_write_arbiter.aw_buf_addr\[64\],88.16µm
clknet_leaf_56_aclk,88.02µm
net678,87.64µm
_2895_,87.12µm
clknet_leaf_53_aclk,87.04µm
net348,86.98µm
net114,86.9µm
u_write_arbiter.aw_buf_addr\[95\],86.78µm
u_write_arbiter.aw_buf_addr\[59\],86.67µm
clknet_leaf_2_aclk,86.56µm
_1479_,86.46µm
_2051_,86.46µm
clknet_leaf_80_aclk,86.24µm
u_write_arbiter.u_write_qos.is_active,86.16µm
_1304_,86.12µm
_2547_,85.81µm
net176,85.72µm
_1952_,85.52µm
net49,85.26µm
net720,85.04µm
_1458_,84.96µm
u_write_arbiter.aw_buf_addr\[18\],84.94µm
_1969_,84.86µm
_2102_,84.32µm
u_read_arbiter.u_read_qos.is_active,84.03µm
_0610_,83.5µm
_1029_,82.99µm
_0953_,82.6µm
_1592_,82.6µm
_0966_,81.86µm
net132,81.58µm
u_write_arbiter.aw_buf_addr\[81\],81.48µm
_1490_,81.12µm
_0637_,81.06µm
_1580_,80.61µm
_2924_,80.52µm
clknet_leaf_35_aclk,80.26µm
net170,80.08µm
net271,80.02µm
_1313_,79.82µm
_0819_,79.7µm
_2910_,79.68µm
_0599_,79.51µm
_1032_,79.24µm
_3129_,78.76µm
u_response_router.w_owner_id\[0\],78.68µm
_3052_,78.52µm
net698,77.9µm
_2943_,77.78µm
_1562_,77.72µm
_0627_,77.24µm
u_write_arbiter.aw_buf_addr\[92\],76.96µm
net755,76.58µm
u_write_arbiter.aw_buf_addr\[16\],76.3µm
u_write_arbiter.aw_buf_addr\[127\],75.92µm
u_write_arbiter.aw_buf_addr\[96\],75.26µm
net282,75.12µm
_2027_,74.82µm
_2569_,74.8µm
net276,74.8µm
net38,74.64µm
_1998_,74.6µm
_1488_,74.38µm
_2052_,74.38µm
clknet_leaf_62_aclk,74.2µm
net243,74.16µm
_2143_,73.68µm
net521,73.6µm
clknet_leaf_96_aclk,73.27µm
u_write_arbiter.aw_buf_addr\[31\],73.26µm
_2090_,72.94µm
u_write_arbiter.w_buf_data\[82\],72.94µm
_1376_,72.9µm
_3046_,72.84µm
clknet_leaf_3_aclk,72.8µm
_0575_,72.47µm
net802,72.46µm
net669,72.41µm
clknet_leaf_71_aclk,72.38µm
clknet_leaf_36_aclk,72.26µm
_1336_,72.135µm
clknet_leaf_26_aclk,72.08µm
_1883_,71.92µm
clknet_leaf_92_aclk,71.7µm
net652,71.6µm
net64,71.28µm
_1970_,70.8µm
_3103_,70.56µm
net489,70.48µm
_2976_,70.46µm
net232,70.42µm
_1558_,70.08µm
clknet_leaf_24_aclk,69.94µm
_1442_,69.86µm
_3041_,69.34µm
_2978_,69.32µm
net368,69.18µm
net160,69.16µm
_2359_,68.94µm
clknet_leaf_77_aclk,68.7µm
_1316_,68.56µm
_2028_,68.28µm
net240,68.14µm
_0539_,68.1µm
_1348_,68.08µm
clknet_leaf_16_aclk,68.02µm
clknet_leaf_4_aclk,67.96µm
_1976_,67.94µm
net407,67.86µm
_1305_,67.52µm
_1819_,67.42µm
_1534_,67.28µm
_1012_,67.26µm
net375,67.24µm
_0898_,66.88µm
_0547_,66.62µm
u_write_arbiter.w_buf_data\[42\],66.59µm
net426,66.44µm
_1982_,66.4µm
_2881_,66.18µm
_2544_,66.16µm
net60,66µm
net36,65.98µm
clknet_leaf_64_aclk,65.96µm
net604,65.72µm
clknet_leaf_81_aclk,65.72µm
_1981_,65.64µm
_2317_,65.52µm
_1703_,65.06µm
net69,65.03µm
net382,64.92µm
net341,64.9µm
clknet_leaf_33_aclk,64.88µm
_3076_,64.18µm
_2096_,64.14µm
clknet_leaf_88_aclk,63.72µm
clknet_leaf_55_aclk,63.49µm
net727,63.12µm
_1375_,63.04µm
clknet_leaf_59_aclk,62.8µm
u_write_arbiter.aw_buf_addr\[29\],62.63µm
_1582_,62.42µm
u_write_arbiter.w_buf_data\[99\],62.34µm
_1586_,62.3µm
_1387_,62.12µm
_2349_,62.06µm
net588,61.99µm
net684,61.92µm
_1072_,61.81µm
u_write_arbiter.aw_buf_addr\[17\],61.64µm
net569,61.46µm
net661,61.44µm
net55,61.34µm
net427,61.32µm
u_write_arbiter.u_write_qos.current_master\[1\],61.24µm
clknet_leaf_78_aclk,61.08µm
_2236_,60.92µm
_1602_,60.78µm
_1585_,60.68µm
_0616_,60.62µm
_1541_,60.62µm
net303,60.6µm
u_read_arbiter.u_read_qos.current_master\[1\],60.5µm
net174,59.5µm
_2992_,59.48µm
_1944_,59.32µm
net425,59.24µm
_1538_,58.96µm
net245,58.92µm
net657,58.9µm
_1071_,58.195µm
net252,57.84µm
clknet_leaf_39_aclk,57.84µm
net611,57.7µm
clknet_leaf_11_aclk,57.48µm
net682,57.32µm
clknet_leaf_70_aclk,57.02µm
_0588_,56.94µm
net619,56.84µm
_1235_,56.78µm
_1609_,56.74µm
clknet_leaf_48_aclk,56.54µm
_3216_,56.44µm
u_write_arbiter.u_write_qos.age_m2\[0\],56.42µm
u_write_arbiter.aw_buf_addr\[24\],56.34µm
net379,56.28µm
_1995_,56.18µm
u_write_arbiter.w_buf_data\[113\],56.06µm
clknet_leaf_27_aclk,55.68µm
net672,55.52µm
_0830_,55.22µm
_2065_,55.14µm
clknet_leaf_69_aclk,55.12µm
_1106_,54.48µm
_0620_,54.42µm
_1540_,54.24µm
net750,54.21µm
net299,54.18µm
_1650_,54.14µm
net310,54.08µm
_0941_,53.78µm
net353,53.78µm
_0912_,53.7µm
_0705_,53.6µm
_1727_,53.42µm
_2327_,53.34µm
net586,53.28µm
u_write_arbiter.u_write_qos.m0_burst_count\[4\],52.96µm
clknet_leaf_68_aclk,52.82µm
net517,52.78µm
net385,52.62µm
clknet_leaf_100_aclk,52.62µm
net52,52.58µm
_1566_,52.5µm
net104,52.4µm
u_write_arbiter.u_write_qos.budget_3\[0\],52.33µm
_1117_,52.14µm
_2010_,52.06µm
net120,51.5µm
_1554_,51.12µm
net765,51.02µm
net430,50.5µm
u_write_arbiter.u_write_qos.m0_burst_count\[3\],50.46µm
clknet_leaf_57_aclk,50.42µm
u_write_arbiter.aw_buf_addr\[89\],50.41µm
_3186_,50.32µm
_0846_,50.3µm
u_write_arbiter.aw_buf_addr\[116\],50.22µm
net48,50.2µm
net507,49.96µm
_1385_,49.92µm
_1180_,49.84µm
clknet_leaf_72_aclk,49.8µm
_0902_,49.66µm
_3032_,49.66µm
u_write_arbiter.w_buf_data\[74\],49.52µm
clknet_leaf_5_aclk,49.22µm
_1142_,49.05µm
clknet_leaf_47_aclk,49µm
net212,48.88µm
clknet_leaf_20_aclk,48.74µm
u_read_arbiter.u_read_qos.current_master\[0\],48.64µm
clknet_leaf_9_aclk,48.56µm
net496,48.52µm
_2916_,48.5µm
clknet_leaf_10_aclk,48.5µm
_1349_,48.42µm
_1451_,48.42µm
u_write_arbiter.u_write_qos.current_master\[0\],48.4µm
clknet_leaf_95_aclk,48.4µm
_0523_,48µm
u_write_arbiter.aw_buf_addr\[54\],48µm
_1599_,47.935µm
_0564_,47.7µm
net113,47.66µm
_2337_,47.4µm
clknet_leaf_43_aclk,47.04µm
net469,46.86µm
_3098_,46.6µm
net292,46.56µm
u_write_arbiter.w_buf_data\[80\],46.52µm
net418,46.34µm
net540,46.24µm
_1446_,46.22µm
net211,46.18µm
_0592_,46.08µm
_0598_,46.06µm
_2248_,46.06µm
net697,45.98µm
_0600_,45.955µm
net172,45.74µm
_3027_,45.6µm
clknet_leaf_105_aclk,45.54µm
_1046_,45.42µm
_0584_,45.36µm
_2959_,45.3µm
_3211_,45.22µm
_2084_,44.94µm
_2146_,44.92µm
net119,44.78µm
_2163_,44.72µm
_2873_,44.62µm
_2455_,44.58µm
net54,44.56µm
_2259_,44.54µm
net376,44.48µm
net478,44.3µm
_1347_,44.12µm
_0857_,43.92µm
net207,43.92µm
_2945_,43.78µm
net519,43.74µm
clknet_leaf_22_aclk,43.72µm
clknet_leaf_67_aclk,43.42µm
u_read_arbiter.u_read_qos.age_m3\[4\],43.3µm
u_write_arbiter.aw_buf_addr\[57\],43.22µm
_1702_,43.2µm
net218,43.2µm
net35,43.12µm
clknet_leaf_51_aclk,43.04µm
_2456_,42.86µm
net152,42.86µm
u_write_arbiter.aw_buf_addr\[117\],42.84µm
net504,42.8µm
u_write_arbiter.u_write_qos.age_m2\[4\],42.735µm
_2267_,42.72µm
_1338_,42.54µm
_1019_,42.52µm
_2314_,42.42µm
clknet_leaf_58_aclk,42.34µm
_1613_,42.18µm
u_write_arbiter.u_write_qos.age_m3\[4\],42.18µm
clknet_leaf_0_aclk,42.16µm
_2298_,42.02µm
net233,41.94µm
net557,41.58µm
u_write_arbiter.aw_buf_addr\[30\],41.48µm
net327,41.44µm
_0767_,41.1µm
_2241_,41µm
_1212_,40.9µm
net428,40.86µm
u_write_arbiter.aw_buf_addr\[55\],40.62µm
_2309_,40.46µm
u_write_arbiter.aw_buf_addr\[84\],40.46µm
u_write_arbiter.aw_buf_addr\[56\],40.34µm
_0566_,40.28µm
_2154_,40.28µm
_3127_,40.1µm
_1073_,40.09µm
net244,39.64µm
u_write_arbiter.aw_buf_addr\[45\],39.62µm
net304,39.6µm
net606,39.54µm
clknet_leaf_86_aclk,39.52µm
_2820_,39.25µm
_0617_,39.16µm
net214,39.12µm
clknet_leaf_37_aclk,39.1µm
net272,38.92µm
net248,38.78µm
_2341_,38.72µm
_0525_,38.6µm
net219,38.6µm
u_read_arbiter.u_read_qos.budget_2\[3\],38.54µm
u_write_arbiter.u_write_qos.age_m3\[1\],38.435µm
_1370_,38.4µm
net383,38.14µm
u_write_arbiter.aw_buf_addr\[6\],38.12µm
_0818_,38.08µm
_2827_,38.04µm
_3078_,38.02µm
_3054_,38µm
_0545_,37.96µm
u_write_arbiter.aw_buf_addr\[26\],37.96µm
_1219_,37.94µm
clknet_leaf_85_aclk,37.86µm
net124,37.78µm
u_write_arbiter.aw_buf_addr\[7\],37.7µm
u_write_arbiter.w_buf_data\[14\],37.66µm
_0738_,37.64µm
net313,37.58µm
_3234_,37.54µm
net522,37.4µm
net762,37.32µm
_2837_,37.28µm
net237,36.98µm
u_write_arbiter.u_write_qos.budget_1\[3\],36.92µm
_2184_,36.86µm
net419,36.86µm
_2335_,36.76µm
clknet_leaf_87_aclk,36.72µm
u_write_arbiter.w_buf_data\[76\],36.7µm
u_read_arbiter.u_read_qos.age_m1\[0\],36.67µm
net502,36.66µm
u_write_arbiter.u_write_qos.age_m2\[1\],36.62µm
u_read_arbiter.u_read_qos.age_m2\[7\],36.58µm
net511,36.5µm
net251,36.32µm
_2963_,36.22µm
_3037_,36.22µm
net461,36.18µm
u_read_arbiter.u_read_qos.age_m2\[2\],36.14µm
_1761_,36.02µm
net293,35.96µm
net495,35.94µm
u_write_arbiter.aw_buf_addr\[86\],35.9µm
_1912_,35.6µm
u_write_arbiter.u_write_qos.age_m1\[0\],35.6µm
_0553_,35.58µm
net523,35.52µm
_1015_,35.46µm
_0593_,35.44µm
_0587_,35.38µm
net325,35.34µm
net308,35.32µm
_1118_,35.14µm
net687,35.1µm
_0710_,34.88µm
_1178_,34.84µm
u_write_arbiter.u_write_qos.age_m1\[4\],34.8µm
_0656_,34.78µm
_0768_,34.665µm
u_read_arbiter.u_read_qos.age_m2\[6\],34.64µm
u_write_arbiter.w_buf_data\[26\],34.54µm
u_write_arbiter.w_state\[0\],34.52µm
net676,34.47µm
_2947_,34.44µm
_0645_,34.42µm
_1597_,34.38µm
net391,34.34µm
_2343_,34.14µm
u_write_arbiter.aw_buf_addr\[85\],33.94µm
_1524_,33.9µm
net68,33.9µm
_0977_,33.83µm
_1628_,33.82µm
net666,33.74µm
u_write_arbiter.aw_buf_addr\[69\],33.64µm
net364,33.64µm
clknet_leaf_73_aclk,33.6µm
_1016_,33.58µm
u_write_arbiter.u_write_qos.budget_2\[2\],33.48µm
_1075_,33.42µm
_2841_,33.42µm
_2901_,33.32µm
_1022_,33.26µm
net514,33.14µm
_0756_,33.04µm
net300,32.92µm
net247,32.88µm
_1583_,32.84µm
u_read_arbiter.u_read_qos.m0_burst_count\[0\],32.84µm
u_write_arbiter.aw_buf_addr\[52\],32.84µm
net181,32.84µm
_1034_,32.82µm
_1172_,32.8µm
clknet_leaf_44_aclk,32.78µm
_1553_,32.62µm
clknet_leaf_12_aclk,32.6µm
u_write_arbiter.aw_buf_addr\[124\],32.59µm
u_read_arbiter.u_read_qos.m0_burst_count\[7\],32.54µm
u_write_arbiter.w_buf_data\[54\],32.52µm
_1709_,32.5µm
net249,32.4µm
net460,32.4µm
net261,32.22µm
net450,32.22µm
_0689_,32.16µm
_1259_,32.14µm
_3049_,32.08µm
_1372_,32µm
u_read_arbiter.u_read_qos.m0_burst_count\[5\],31.97µm
net381,31.96µm
_2957_,31.88µm
net515,31.84µm
net63,31.78µm
net179,31.7µm
clknet_leaf_7_aclk,31.69µm
_1186_,31.66µm
_2961_,31.66µm
u_write_arbiter.aw_buf_addr\[3\],31.58µm
_1245_,31.54µm
net277,31.5µm
net189,31.48µm
u_write_arbiter.aw_buf_addr\[14\],31.46µm
u_write_arbiter.u_write_qos.age_m2\[2\],31.42µm
_1771_,31.34µm
net659,31.34µm
net421,31.32µm
net236,31µm
net378,31µm
_0585_,30.96µm
_1701_,30.96µm
_2561_,30.92µm
_0594_,30.9µm
_1722_,30.84µm
u_read_arbiter.u_read_qos.age_m2\[4\],30.82µm
_1903_,30.74µm
net520,30.74µm
_2099_,30.7µm
u_write_arbiter.aw_buf_addr\[38\],30.7µm
clknet_leaf_15_aclk,30.7µm
_2817_,30.655µm
net556,30.62µm
_2825_,30.59µm
_1581_,30.48µm
_1647_,30.44µm
_0533_,30.42µm
_2832_,30.32µm
clknet_leaf_82_aclk,30.28µm
net270,30.24µm
_1272_,30.18µm
_1177_,30.08µm
net141,30.04µm
m_axi_awaddr[24],30.02µm
u_write_arbiter.w_buf_data\[12\],30.02µm
_3142_,29.9µm
_2117_,29.82µm
_0646_,29.54µm
_3044_,29.52µm
net44,29.52µm
net508,29.44µm
u_write_arbiter.aw_buf_addr\[82\],29.34µm
u_write_arbiter.u_write_qos.age_m3\[0\],29.32µm
_1589_,29.22µm
net471,29.22µm
net613,29.12µm
_1084_,29.08µm
u_read_arbiter.u_read_qos.rr_ptr\[2\],29.08µm
_1253_,29.06µm
net350,29.06µm
clknet_leaf_75_aclk,29.06µm
_0686_,29.04µm
_0571_,28.94µm
_1594_,28.94µm
_1927_,28.94µm
net658,28.9µm
u_read_arbiter.u_read_qos.m0_burst_count\[3\],28.78µm
u_write_arbiter.aw_buf_addr\[88\],28.76µm
net344,28.74µm
s_axi_rdata[71],28.73µm
_0727_,28.7µm
_0527_,28.52µm
s_axi_wdata[80],28.52µm
_2301_,28.34µm
_1276_,28.31µm
m_axi_awaddr[20],28.26µm
_3033_,28.18µm
_2203_,28.16µm
u_write_arbiter.aw_buf_addr\[37\],28.16µm
net386,28.16µm
_1217_,28.1µm
_2058_,28.1µm
net758,28.06µm
_2973_,27.8µm
_2847_,27.78µm
_1851_,27.7µm
_1518_,27.58µm
net296,27.58µm
clknet_leaf_21_aclk,27.56µm
net349,27.5µm
_1565_,27.4µm
_0580_,27.36µm
net420,27.26µm
net525,27.18µm
u_read_arbiter.u_read_qos.m0_burst_count\[6\],27.17µm
u_write_arbiter.u_write_qos.m0_burst_count\[5\],27.17µm
_3218_,27.1µm
u_write_arbiter.w_buf_data\[120\],26.96µm
u_write_arbiter.w_buf_data\[79\],26.94µm
clknet_leaf_17_aclk,26.82µm
clknet_leaf_65_aclk,26.82µm
net756,26.8µm
net227,26.74µm
_2140_,26.68µm
_2257_,26.62µm
_3160_,26.54µm
u_write_arbiter.aw_buf_addr\[23\],26.54µm
u_write_arbiter.aw_buf_addr\[99\],26.46µm
u_write_arbiter.w_buf_strb\[2\],26.46µm
net609,26.44µm
net454,26.42µm
clknet_leaf_74_aclk,26.4µm
_0665_,26.39µm
s_axi_rdata[12],26.27µm
u_write_arbiter.w_buf_data\[2\],26.2µm
clknet_leaf_18_aclk,26.18µm
s_axi_awaddr[89],26.16µm
u_write_arbiter.w_buf_data\[118\],26.14µm
_1082_,26.11µm
_0546_,26.09µm
_1035_,26.04µm
net442,26µm
_2893_,25.98µm
_2921_,25.98µm
net363,25.98µm
net202,25.94µm
u_write_arbiter.aw_buf_addr\[46\],25.92µm
_0652_,25.9µm
_1606_,25.88µm
_0550_,25.82µm
_2351_,25.77µm
s_axi_awaddr[85],25.74µm
u_write_arbiter.u_write_qos.age_m2\[7\],25.74µm
net778,25.64µm
u_write_arbiter.u_write_qos.budget_1\[0\],25.63µm
_0762_,25.62µm
net193,25.62µm
u_write_arbiter.u_write_qos.age_m1\[6\],25.61µm
_0958_,25.58µm
_2566_,25.58µm
_1605_,25.52µm
net51,25.5µm
u_write_arbiter.u_write_qos.age_m2\[6\],25.49µm
u_read_arbiter.u_read_qos.age_m3\[6\],25.44µm
_2070_,25.4µm
net667,25.36µm
_0947_,25.34µm
u_read_arbiter.u_read_qos.age_m1\[7\],25.3µm
_0797_,25.24µm
_2044_,25.18µm
u_write_arbiter.aw_buf_addr\[28\],25.18µm
net485,25.18µm
_1085_,25.12µm
_0641_,25.1µm
u_write_arbiter.u_write_qos.m0_burst_count\[0\],25.06µm
_3065_,25µm
_1229_,24.88µm
_2838_,24.88µm
net116,24.86µm
u_read_arbiter.u_read_qos.age_m2\[0\],24.78µm
_1275_,24.76µm
clknet_leaf_52_aclk,24.76µm
_1151_,24.72µm
_1584_,24.72µm
u_write_arbiter.w_state\[1\],24.68µm
_2557_,24.66µm
_0962_,24.64µm
_1036_,24.64µm
_2554_,24.54µm
_2460_,24.4µm
_3072_,24.36µm
net380,24.3µm
net670,24.28µm
u_write_arbiter.u_write_qos.budget_3\[3\],24.275µm
u_write_arbiter.aw_buf_addr\[19\],24.26µm
_0826_,24.18µm
u_read_arbiter.u_read_qos.age_m1\[6\],24.17µm
_1383_,24.15µm
_1038_,24.14µm
_1382_,24.12µm
u_write_arbiter.w_buf_data\[0\],24.1µm
_0565_,24.06µm
_1204_,24.06µm
u_write_arbiter.u_write_qos.budget_1\[1\],24.06µm
u_write_arbiter.aw_buf_addr\[39\],24.04µm
u_write_arbiter.u_write_qos.budget_2\[3\],24.04µm
_2548_,24.02µm
_1037_,23.995µm
_0529_,23.98µm
u_write_arbiter.aw_buf_addr\[122\],23.94µm
_0916_,23.9µm
net664,23.86µm
_2986_,23.84µm
_2888_,23.8µm
net360,23.74µm
u_write_arbiter.w_buf_strb\[3\],23.6µm
u_write_arbiter.aw_buf_addr\[21\],23.58µm
_0839_,23.56µm
u_write_arbiter.w_buf_data\[59\],23.56µm
_1962_,23.54µm
_1211_,23.52µm
net33,23.5µm
net284,23.5µm
u_write_arbiter.u_write_qos.age_m2\[5\],23.44µm
_1113_,23.4µm
m_axi_rdata[62],23.4µm
u_read_arbiter.u_read_qos.age_m3\[0\],23.38µm
_0583_,23.34µm
_3039_,23.34µm
_1908_,23.3µm
_0908_,23.2µm
_2956_,23.2µm
u_write_arbiter.w_buf_data\[110\],23.19µm
_1632_,23.18µm
u_write_arbiter.u_write_qos.budget_3\[2\],23.16µm
_1344_,23.14µm
_1439_,23.14µm
u_write_arbiter.u_write_qos.age_m3\[6\],23.12µm
s_axi_araddr[7],23.08µm
net148,23.08µm
u_response_router.w_owner_id\[1\],23.06µm
_1271_,23.02µm
_0741_,22.98µm
_1619_,22.98µm
_0909_,22.96µm
_1373_,22.9µm
_2914_,22.88µm
clknet_leaf_102_aclk,22.88µm
_0542_,22.82µm
_0659_,22.82µm
_2555_,22.76µm
net759,22.7µm
net1049,22.6µm
_1077_,22.5µm
_2465_,22.5µm
net322,22.5µm
net608,22.46µm
net889,22.42µm
net890,22.4µm
_2819_,22.38µm
u_write_arbiter.w_buf_data\[116\],22.38µm
net294,22.32µm
net154,22.3µm
u_write_arbiter.w_buf_data\[45\],22.28µm
_2167_,22.26µm
_0693_,22.24µm
_1108_,22.22µm
net394,22.18µm
_1821_,22.12µm
_2282_,22.12µm
net1132,22.1µm
u_read_arbiter.u_read_qos.budget_3\[0\],22.07µm
_1079_,22.06µm
net1239,22.06µm
_3003_,22.04µm
clknet_leaf_28_aclk,22µm
_1198_,21.82µm
u_read_arbiter.u_read_qos.age_m3\[1\],21.81µm
u_write_arbiter.aw_buf_addr\[25\],21.76µm
net183,21.72µm
_1155_,21.66µm
net186,21.66µm
net473,21.62µm
net384,21.6µm
net551,21.58µm
u_write_arbiter.u_write_qos.budget_2\[0\],21.55µm
_0591_,21.54µm
_3038_,21.54µm
net396,21.52µm
u_write_arbiter.w_buf_data\[49\],21.5µm
s_axi_awaddr[78],21.44µm
net289,21.4µm
_2339_,21.36µm
u_write_arbiter.u_write_qos.age_m1\[2\],21.36µm
u_read_arbiter.u_read_qos.budget_3\[3\],21.28µm
net290,21.26µm
_1342_,21.24µm
net754,21.24µm
_1721_,21.2µm
_0829_,21.16µm
net306,21.12µm
_0670_,21.1µm
m_axi_rdata[33],21.1µm
_2176_,21.08µm
s_axi_awaddr[83],21.06µm
_2171_,21.04µm
net388,21.04µm
u_read_arbiter.u_read_qos.age_m1\[1\],21.02µm
net387,21.02µm
u_write_arbiter.w_buf_data\[44\],21µm
_0925_,20.96µm
net582,20.92µm
s_axi_awaddr[20],20.9µm
u_write_arbiter.u_write_qos.age_m3\[7\],20.84µm
u_write_arbiter.u_write_qos.m0_burst_count\[7\],20.84µm
u_write_arbiter.w_buf_strb\[0\],20.82µm
u_write_arbiter.w_buf_data\[32\],20.8µm
net320,20.8µm
_0845_,20.78µm
_0667_,20.76µm
_0787_,20.66µm
net600,20.66µm
s_axi_araddr[44],20.64µm
s_axi_araddr[50],20.64µm
u_write_arbiter.aw_buf_addr\[94\],20.64µm
u_read_arbiter.u_read_qos.age_m3\[7\],20.61µm
_0647_,20.56µm
_1664_,20.56µm
u_write_arbiter.w_buf_data\[38\],20.46µm
_1074_,20.44µm
u_write_arbiter.aw_buf_prot\[1\],20.44µm
net345,20.44µm
s_axi_rdata[70],20.41µm
u_write_arbiter.w_buf_data\[102\],20.4µm
_0530_,20.38µm
_2464_,20.34µm
u_write_arbiter.aw_buf_addr\[11\],20.28µm
u_write_arbiter.w_buf_data\[53\],20.27µm
u_read_arbiter.u_read_qos.budget_1\[2\],20.26µm
_2913_,20.24µm
m_axi_awaddr[62],20.24µm
s_axi_awaddr[62],20.22µm
u_write_arbiter.u_write_qos.m0_burst_count\[6\],20.22µm
_1571_,20.2µm
clknet_leaf_41_aclk,20.2µm
m_axi_rdata[49],20.18µm
net453,20.16µm
net543,20.16µm
net549,20.14µm
s_axi_awaddr[22],20.12µm
s_axi_wdata[74],20.1µm
_0881_,20.06µm
u_write_arbiter.aw_buf_addr\[34\],20.04µm
u_write_arbiter.aw_buf_addr\[49\],20µm
_0673_,19.98µm
_1109_,19.92µm
_1822_,19.9µm
net346,19.86µm
_1311_,19.84µm
_3092_,19.8µm
u_read_arbiter.u_read_qos.m0_burst_count\[4\],19.8µm
net424,19.8µm
_1162_,19.78µm
s_axi_rdata[44],19.75µm
_0572_,19.74µm
_1751_,19.74µm
_3073_,19.74µm
_1026_,19.72µm
u_write_arbiter.u_write_qos.age_m1\[7\],19.72µm
_1111_,19.7µm
_1788_,19.7µm
u_write_arbiter.aw_buf_addr\[83\],19.66µm
_1723_,19.62µm
_2835_,19.58µm
u_write_arbiter.aw_buf_addr\[118\],19.58µm
net192,19.56µm
_2865_,19.54µm
net99,19.54µm
s_axi_awaddr[28],19.52µm
u_read_arbiter.u_read_qos.age_m1\[5\],19.52µm
_2386_,19.4µm
u_write_arbiter.w_buf_data\[66\],19.4µm
clknet_leaf_8_aclk,19.32µm
_0779_,19.31µm
_1805_,19.3µm
u_write_arbiter.w_buf_strb\[7\],19.3µm
net283,19.28µm
net331,19.26µm
net475,19.26µm
u_write_arbiter.u_write_qos.m0_burst_count\[1\],19.24µm
_1308_,19.22µm
net854,19.18µm
_0648_,19.14µm
u_write_arbiter.aw_buf_addr\[107\],19.08µm
u_write_arbiter.aw_buf_prot\[7\],19.02µm
net1033,19µm
_1699_,18.98µm
net136,18.98µm
net259,18.98µm
u_write_arbiter.w_buf_data\[55\],18.96µm
s_axi_rdata[54],18.95µm
_1197_,18.94µm
_1362_,18.94µm
_1693_,18.94µm
u_write_arbiter.w_buf_data\[127\],18.94µm
m_axi_awaddr[39],18.92µm
net286,18.92µm
_1078_,18.9µm
u_write_arbiter.w_buf_data\[89\],18.9µm
u_write_arbiter.w_buf_data\[109\],18.865µm
_2105_,18.86µm
net285,18.82µm
net838,18.82µm
u_write_arbiter.u_write_qos.budget_1\[2\],18.76µm
u_read_arbiter.u_read_qos.budget_1\[3\],18.66µm
u_write_arbiter.aw_buf_addr\[97\],18.66µm
s_axi_wstrb[0],18.65µm
_1706_,18.62µm
_1043_,18.6µm
_3050_,18.6µm
_2560_,18.54µm
s_axi_awaddr[82],18.48µm
_0597_,18.405µm
u_write_arbiter.w_buf_data\[43\],18.4µm
net137,18.4µm
_1010_,18.34µm
m_axi_rdata[31],18.34µm
_1076_,18.3µm
s_axi_wdata[64],18.26µm
u_write_arbiter.w_buf_data\[56\],18.18µm
m_axi_awaddr[30],18.16µm
net449,18.16µm
m_axi_awaddr[48],18.14µm
_1040_,18.12µm
m_axi_araddr[5],18.12µm
m_axi_awaddr[22],18.12µm
u_write_arbiter.aw_buf_addr\[98\],18.1µm
u_write_arbiter.aw_buf_addr\[125\],18.08µm
u_write_arbiter.aw_buf_addr\[119\],18.06µm
_0955_,18.04µm
net787,18.04µm
_0967_,18µm
_2332_,18µm
u_read_arbiter.u_read_qos.budget_2\[1\],17.94µm
clknet_leaf_101_aclk,17.94µm
net338,17.92µm
s_axi_rdata[17],17.89µm
m_axi_rdata[58],17.88µm
s_axi_araddr[13],17.88µm
s_axi_araddr[39],17.88µm
s_axi_wdata[37],17.88µm
net305,17.88µm
net516,17.88µm
_0858_,17.86µm
s_axi_wdata[12],17.84µm
_3124_,17.8µm
m_axi_rdata[0],17.8µm
m_axi_awaddr[54],17.76µm
u_write_arbiter.w_buf_data\[34\],17.76µm
_1644_,17.74µm
u_write_arbiter.aw_buf_addr\[20\],17.74µm
u_write_arbiter.w_buf_data\[20\],17.72µm
s_axi_wvalid[1],17.69µm
_1733_,17.68µm
_2791_,17.68µm
s_axi_wdata[77],17.68µm
net194,17.68µm
u_write_arbiter.aw_buf_addr\[71\],17.66µm
net1006,17.64µm
_0764_,17.62µm
m_axi_awaddr[15],17.6µm
_0522_,17.58µm
_1303_,17.52µm
u_write_arbiter.aw_buf_addr\[66\],17.52µm
s_axi_awaddr[27],17.46µm
s_axi_wdata[3],17.46µm
s_axi_wdata[61],17.42µm
_1045_,17.4µm
_1191_,17.4µm
s_axi_awaddr[116],17.38µm
s_axi_wdata[104],17.38µm
s_axi_wdata[105],17.38µm
s_axi_wdata[16],17.38µm
s_axi_wdata[86],17.38µm
s_axi_wdata[87],17.38µm
net149,17.38µm
s_axi_awaddr[51],17.36µm
u_write_arbiter.aw_buf_addr\[12\],17.36µm
_0651_,17.34µm
net542,17.32µm
s_axi_araddr[42],17.3µm
net318,17.24µm
_0841_,17.18µm
_0929_,17.18µm
m_axi_rdata[60],17.18µm
u_write_arbiter.w_buf_data\[122\],17.18µm
_1661_,17.16µm
net932,17.16µm
_0552_,17.14µm
m_axi_awaddr[57],17.14µm
u_write_arbiter.w_buf_data\[15\],17.1µm
m_axi_awaddr[29],17.06µm
u_write_arbiter.aw_buf_addr\[70\],17.06µm
u_read_arbiter.owner_id_r\[0\],17.04µm
clknet_leaf_49_aclk,17.04µm
_1339_,17.02µm
u_write_arbiter.w_buf_data\[123\],17.02µm
u_write_arbiter.u_write_qos.age_m2\[3\],17µm
_1850_,16.98µm
_3177_,16.98µm
u_write_arbiter.w_buf_data\[47\],16.97µm
m_axi_arready[1],16.96µm
m_axi_rdata[14],16.96µm
s_axi_awaddr[105],16.96µm
s_axi_awaddr[50],16.96µm
s_axi_awaddr[94],16.96µm
s_axi_wdata[122],16.96µm
s_axi_wdata[55],16.96µm
_1637_,16.94µm
_1114_,16.93µm
_0837_,16.92µm
_1110_,16.92µm
s_axi_awaddr[110],16.92µm
s_axi_awaddr[84],16.92µm
s_axi_wdata[41],16.92µm
s_axi_wdata[7],16.92µm
s_axi_wdata[85],16.92µm
net269,16.92µm
u_write_arbiter.aw_buf_addr\[15\],16.9µm
u_write_arbiter.w_buf_strb\[11\],16.88µm
s_axi_rdata[72],16.85µm
_1047_,16.84µm
s_axi_araddr[105],16.84µm
s_axi_araddr[97],16.84µm
_2446_,16.82µm
s_axi_araddr[114],16.8µm
_0917_,16.78µm
_1343_,16.78µm
_1802_,16.78µm
net589,16.78µm
_1551_,16.76µm
u_write_arbiter.aw_buf_addr\[62\],16.76µm
u_write_arbiter.aw_buf_addr\[51\],16.74µm
_1450_,16.72µm
m_axi_rdata[53],16.72µm
u_write_arbiter.u_write_qos.rr_ptr\[2\],16.72µm
net182,16.72µm
u_write_arbiter.aw_buf_prot\[6\],16.7µm
_2680_,16.68µm
_0936_,16.66µm
_2911_,16.64µm
_3188_,16.64µm
u_read_arbiter.r_state\[1\],16.64µm
net480,16.64µm
_0541_,16.6µm
net477,16.56µm
s_axi_awaddr[119],16.54µm
_0636_,16.535µm
_1567_,16.48µm
s_axi_awaddr[19],16.46µm
_1707_,16.44µm
_0531_,16.42µm
_1239_,16.4µm
_1223_,16.36µm
_2340_,16.36µm
_1777_,16.32µm
net668,16.32µm
_2447_,16.28µm
u_write_arbiter.u_write_qos.age_m1\[1\],16.28µm
_2189_,16.26µm
s_axi_araddr[5],16.26µm
_1625_,16.24µm
_1205_,16.18µm
u_write_arbiter.aw_buf_addr\[108\],16.18µm
_0865_,16.16µm
u_write_arbiter.aw_buf_addr\[41\],16.16µm
_0838_,16.14µm
m_axi_araddr[48],16.14µm
u_write_arbiter.aw_buf_addr\[5\],16.14µm
u_write_arbiter.w_buf_data\[85\],16.14µm
_1102_,16.12µm
_1150_,16.12µm
_1710_,16.12µm
_0994_,16.1µm
u_read_arbiter.u_read_qos.age_m1\[2\],16.1µm
net506,16.1µm
s_axi_awaddr[46],16.08µm
s_axi_awaddr[88],16.08µm
_1839_,16.06µm
m_axi_rdata[29],16.04µm
s_axi_araddr[12],16.04µm
net1039,16.04µm
_2055_,16.02µm
s_axi_awaddr[39],16µm
u_write_arbiter.aw_buf_addr\[10\],15.98µm
s_axi_wstrb[3],15.97µm
u_read_arbiter.u_read_qos.budget_1\[0\],15.97µm
_1041_,15.96µm
_1951_,15.96µm
s_axi_awaddr[7],15.96µm
_0945_,15.92µm
net316,15.9µm
s_axi_awaddr[126],15.88µm
s_axi_wdata[91],15.88µm
u_write_arbiter.w_buf_strb\[10\],15.88µm
net1254,15.86µm
net228,15.84µm
net366,15.84µm
_2275_,15.8µm
u_write_arbiter.w_buf_data\[96\],15.8µm
net200,15.8µm
_0730_,15.78µm
m_axi_awaddr[14],15.76µm
m_axi_awaddr[58],15.76µm
net989,15.76µm
m_axi_awaddr[10],15.72µm
u_read_arbiter.u_read_qos.budget_2\[2\],15.64µm
s_axi_awaddr[109],15.62µm
s_axi_awaddr[14],15.62µm
s_axi_awaddr[55],15.62µm
net1000,15.6µm
s_axi_awaddr[34],15.59µm
m_axi_rdata[40],15.58µm
m_axi_rdata[7],15.58µm
_1546_,15.56µm
s_axi_awaddr[115],15.54µm
s_axi_awaddr[93],15.5µm
u_write_arbiter.aw_buf_addr\[65\],15.5µm
_0706_,15.48µm
_2149_,15.48µm
_2822_,15.48µm
u_write_arbiter.aw_buf_addr\[13\],15.48µm
u_write_arbiter.aw_buf_valid\[3\],15.46µm
_2834_,15.42µm
s_axi_wstrb[14],15.41µm
net129,15.4µm
net445,15.4µm
_1007_,15.38µm
_0677_,15.36µm
u_write_arbiter.aw_buf_addr\[42\],15.36µm
_1698_,15.34µm
m_axi_rresp[3],15.34µm
_0978_,15.32µm
u_read_arbiter.owner_id_r\[1\],15.32µm
_1310_,15.3µm
net603,15.3µm
u_write_arbiter.aw_buf_addr\[106\],15.28µm
net1181,15.26µm
_1341_,15.24µm
s_axi_awaddr[113],15.16µm
net361,15.16µm
_0745_,15.14µm
m_axi_rdata[45],15.12µm
m_axi_rdata[9],15.12µm
s_axi_wdata[111],15.12µm
net347,15.12µm
_0803_,15.1µm
_1643_,15.1µm
_1831_,15.04µm
s_axi_awaddr[54],15.04µm
_1039_,14.98µm
_1436_,14.96µm
s_axi_wstrb[9],14.95µm
m_axi_awaddr[41],14.9µm
_0524_,14.88µm
m_axi_awaddr[17],14.88µm
_2552_,14.86µm
_2558_,14.86µm
_1215_,14.855µm
_0695_,14.84µm
_2970_,14.84µm
u_write_arbiter.w_buf_data\[77\],14.84µm
net512,14.76µm
_0906_,14.74µm
net273,14.74µm
_0840_,14.72µm
net956,14.72µm
net1073,14.72µm
s_axi_awaddr[61],14.7µm
u_read_arbiter.u_read_qos.budget_1\[1\],14.7µm
u_write_arbiter.w_buf_data\[97\],14.68µm
_1116_,14.66µm
_2128_,14.66µm
m_axi_rdata[47],14.66µm
m_axi_rvalid[0],14.66µm
s_axi_araddr[112],14.66µm
s_axi_araddr[81],14.66µm
s_axi_araddr[98],14.66µm
s_axi_wdata[113],14.66µm
s_axi_wdata[25],14.66µm
s_axi_wdata[38],14.66µm
s_axi_wdata[49],14.66µm
s_axi_wdata[57],14.66µm
s_axi_wdata[93],14.66µm
u_read_arbiter.u_read_qos.age_m1\[4\],14.66µm
s_axi_awaddr[117],14.62µm
s_axi_wdata[40],14.62µm
s_axi_wdata[47],14.62µm
s_axi_wdata[71],14.62µm
s_axi_wdata[84],14.62µm
s_axi_wdata[8],14.62µm
u_write_arbiter.w_buf_data\[65\],14.62µm
_0540_,14.6µm
_2472_,14.6µm
net1009,14.6µm
_1069_,14.59µm
s_axi_awaddr[124],14.58µm
s_axi_awaddr[57],14.58µm
_2926_,14.56µm
cfg_master0_burst_limit[6],14.5µm
m_axi_rdata[39],14.5µm
s_axi_wdata[23],14.5µm
u_write_arbiter.w_buf_data\[33\],14.5µm
_2180_,14.46µm
m_axi_araddr[45],14.44µm
u_write_arbiter.aw_buf_valid\[1\],14.44µm
u_write_arbiter.aw_buf_prot\[10\],14.435µm
_2048_,14.42µm
u_write_arbiter.aw_buf_addr\[102\],14.42µm
u_write_arbiter.aw_buf_addr\[126\],14.42µm
u_write_arbiter.w_buf_data\[107\],14.42µm
net772,14.42µm
_0697_,14.4µm
m_axi_awaddr[33],14.4µm
m_axi_awaddr[46],14.4µm
m_axi_awaddr[9],14.4µm
u_read_arbiter.u_read_qos.budget_3\[1\],14.4µm
net57,14.4µm
_0815_,14.38µm
_2933_,14.38µm
_0905_,14.34µm
u_write_arbiter.aw_buf_addr\[50\],14.34µm
_0850_,14.32µm
_0679_,14.3µm
_0952_,14.3µm
_1202_,14.3µm
net1096,14.3µm
net602,14.26µm
s_axi_awaddr[92],14.24µm
_1122_,14.22µm
u_write_arbiter.aw_buf_addr\[40\],14.22µm
_1380_,14.2µm
m_axi_rdata[37],14.2µm
m_axi_rdata[44],14.2µm
m_axi_rdata[48],14.2µm
m_axi_rdata[50],14.2µm
s_axi_araddr[102],14.2µm
s_axi_araddr[72],14.2µm
s_axi_araddr[74],14.2µm
s_axi_awaddr[121],14.2µm
s_axi_wdata[17],14.2µm
s_axi_wdata[18],14.2µm
s_axi_wdata[2],14.2µm
s_axi_wdata[46],14.2µm
s_axi_wdata[70],14.2µm
s_axi_wdata[88],14.2µm
net440,14.2µm
u_read_arbiter.r_state\[0\],14.18µm
s_axi_rdata[22],14.17µm
s_axi_awaddr[23],14.16µm
s_axi_awaddr[72],14.16µm
s_axi_wdata[115],14.16µm
s_axi_wdata[11],14.16µm
s_axi_wdata[76],14.16µm
u_write_arbiter.w_buf_data\[50\],14.14µm
s_axi_awaddr[122],14.12µm
s_axi_awaddr[91],14.12µm
_0907_,14.1µm
_1813_,14.08µm
s_axi_arprot[0],14.08µm
s_axi_awvalid[1],14.08µm
net342,14.06µm
m_axi_rdata[38],14.04µm
u_write_arbiter.u_write_qos.budget_2\[1\],14.04µm
u_write_arbiter.aw_buf_addr\[112\],14.02µm
u_write_arbiter.aw_buf_addr\[27\],14.02µm
u_write_arbiter.w_buf_data\[64\],14.02µm
u_write_arbiter.w_buf_data\[119\],14.015µm
_1569_,14µm
_3203_,14µm
_1545_,13.96µm
_2021_,13.96µm
u_write_arbiter.w_buf_data\[121\],13.96µm
u_write_arbiter.w_buf_data\[68\],13.96µm
u_write_arbiter.w_buf_strb\[9\],13.96µm
u_write_arbiter.u_write_qos.age_m3\[5\],13.88µm
u_write_arbiter.w_buf_data\[57\],13.88µm
_1556_,13.84µm
u_write_arbiter.aw_buf_addr\[35\],13.84µm
u_write_arbiter.w_buf_strb\[12\],13.84µm
m_axi_araddr[33],13.82µm
cfg_weight_m2[2],13.81µm
_2775_,13.8µm
net336,13.8µm
_0827_,13.78µm
s_axi_awaddr[86],13.78µm
s_axi_wdata[19],13.78µm
s_axi_wdata[4],13.78µm
u_write_arbiter.aw_buf_addr\[58\],13.78µm
m_axi_rdata[23],13.74µm
m_axi_rdata[52],13.74µm
m_axi_rresp[1],13.74µm
s_axi_araddr[100],13.74µm
s_axi_araddr[10],13.74µm
s_axi_araddr[14],13.74µm
s_axi_araddr[51],13.74µm
s_axi_araddr[69],13.74µm
net281,13.74µm
s_axi_wdata[75],13.7µm
u_write_arbiter.w_buf_data\[13\],13.7µm
_2093_,13.68µm
u_read_arbiter.u_read_qos.age_m2\[1\],13.64µm
net321,13.64µm
u_write_arbiter.aw_buf_addr\[43\],13.6µm
_1869_,13.56µm
u_write_arbiter.w_buf_data\[61\],13.56µm
_0003_,13.54µm
_2859_,13.54µm
m_axi_awaddr[19],13.54µm
_0544_,13.52µm
u_read_arbiter.u_read_qos.age_m3\[3\],13.52µm
_0518_,13.5µm
m_axi_awaddr[55],13.5µm
u_write_arbiter.w_buf_valid\[1\],13.5µm
m_axi_awaddr[32],13.48µm
m_axi_awaddr[36],13.48µm
m_axi_awaddr[42],13.48µm
m_axi_awaddr[47],13.48µm
m_axi_awaddr[7],13.48µm
s_axi_awready[1],13.48µm
u_write_arbiter.aw_buf_valid\[0\],13.48µm
u_write_arbiter.w_buf_data\[4\],13.46µm
net1016,13.46µm
_0683_,13.43µm
_0526_,13.42µm
_1966_,13.42µm
net333,13.42µm
_2639_,13.4µm
cfg_master0_burst_limit[2],13.4µm
_0614_,13.38µm
_0687_,13.38µm
_2449_,13.38µm
_2908_,13.38µm
u_write_arbiter.w_buf_data\[100\],13.38µm
_1868_,13.34µm
_2885_,13.34µm
_1941_,13.32µm
_3026_,13.32µm
s_axi_awaddr[52],13.32µm
m_axi_rdata[1],13.28µm
m_axi_rdata[54],13.28µm
s_axi_araddr[109],13.28µm
s_axi_araddr[49],13.28µm
_1147_,13.26µm
u_write_arbiter.w_buf_data\[92\],13.26µm
_1309_,13.24µm
u_write_arbiter.w_buf_data\[10\],13.22µm
_2173_,13.2µm
s_axi_awaddr[112],13.2µm
s_axi_awaddr[79],13.2µm
s_axi_wdata[125],13.2µm
_0707_,13.18µm
_1814_,13.16µm
_2589_,13.14µm
_0699_,13.12µm
_1408_,13.12µm
_2828_,13.12µm
_3016_,13.12µm
u_write_arbiter.aw_buf_prot\[3\],13.12µm
u_write_arbiter.w_buf_data\[105\],13.12µm
_1769_,13.1µm
u_write_arbiter.w_buf_data\[101\],13.1µm
_1244_,13.08µm
_3070_,13.08µm
s_axi_awaddr[11],13.08µm
m_axi_araddr[32],13.06µm
m_axi_araddr[6],13.06µm
_0243_,13.04µm
_0935_,13.04µm
_1758_,13.04µm
m_axi_awaddr[25],13.02µm
_1762_,13µm
_2887_,12.96µm
_2356_,12.94µm
m_axi_rdata[55],12.94µm
_1775_,12.92µm
_2274_,12.92µm
u_write_arbiter.w_buf_data\[30\],12.92µm
net257,12.9µm
_0763_,12.88µm
_1346_,12.88µm
_1576_,12.88µm
_1794_,12.88µm
_2594_,12.86µm
m_axi_awaddr[44],12.86µm
s_axi_awaddr[36],12.86µm
s_axi_awaddr[44],12.86µm
s_axi_awaddr[45],12.86µm
u_write_arbiter.w_buf_data\[114\],12.845µm
_1355_,12.84µm
net334,12.84µm
_1112_,12.82µm
_2194_,12.82µm
s_axi_araddr[101],12.82µm
s_axi_araddr[6],12.82µm
s_axi_araddr[71],12.82µm
s_axi_awaddr[29],12.82µm
s_axi_awaddr[77],12.82µm
s_axi_wdata[13],12.82µm
s_axi_wdata[15],12.82µm
s_axi_wdata[90],12.82µm
u_write_arbiter.aw_buf_addr\[1\],12.8µm
u_read_arbiter.u_read_qos.age_m3\[2\],12.76µm
u_write_arbiter.aw_buf_addr\[109\],12.76µm
u_write_arbiter.w_buf_valid\[0\],12.76µm
_1444_,12.74µm
s_axi_awaddr[10],12.74µm
s_axi_awaddr[12],12.74µm
u_write_arbiter.aw_buf_prot\[9\],12.74µm
_2263_,12.72µm
_0579_,12.7µm
net65,12.7µm
net808,12.68µm
_2467_,12.66µm
u_write_arbiter.w_buf_data\[29\],12.66µm
clknet_leaf_42_aclk,12.66µm
_1379_,12.64µm
_2818_,12.62µm
_2897_,12.62µm
_2954_,12.62µm
u_read_arbiter.u_read_qos.m0_burst_count\[1\],12.62µm
u_write_arbiter.w_buf_data\[35\],12.62µm
net858,12.62µm
net972,12.62µm
_0005_,12.6µm
_1550_,12.58µm
u_write_arbiter.w_buf_data\[39\],12.58µm
u_write_arbiter.w_buf_data\[5\],12.58µm
_2068_,12.56µm
_1042_,12.54µm
_3089_,12.54µm
u_write_arbiter.aw_buf_addr\[76\],12.54µm
u_write_arbiter.w_buf_data\[1\],12.54µm
_2442_,12.52µm
u_write_arbiter.u_write_qos.age_m3\[2\],12.52µm
u_write_arbiter.aw_buf_prot\[4\],12.46µm
s_axi_awaddr[26],12.4µm
s_axi_awaddr[47],12.4µm
s_axi_awaddr[87],12.4µm
s_axi_awaddr[9],12.4µm
s_axi_wdata[126],12.4µm
s_axi_wdata[35],12.4µm
s_axi_wdata[51],12.4µm
u_write_arbiter.aw_buf_addr\[48\],12.4µm
cfg_master0_burst_limit[1],12.36µm
m_axi_arready[0],12.36µm
m_axi_rdata[11],12.36µm
m_axi_rdata[12],12.36µm
m_axi_rdata[13],12.36µm
m_axi_rdata[36],12.36µm
m_axi_rdata[41],12.36µm
m_axi_rdata[42],12.36µm
m_axi_rdata[43],12.36µm
m_axi_rdata[46],12.36µm
m_axi_rdata[51],12.36µm
m_axi_rdata[56],12.36µm
m_axi_rdata[63],12.36µm
m_axi_rdata[6],12.36µm
s_axi_araddr[0],12.36µm
s_axi_araddr[113],12.36µm
s_axi_araddr[115],12.36µm
s_axi_araddr[17],12.36µm
s_axi_araddr[2],12.36µm
s_axi_araddr[3],12.36µm
s_axi_araddr[48],12.36µm
s_axi_araddr[4],12.36µm
s_axi_araddr[62],12.36µm
s_axi_araddr[64],12.36µm
s_axi_araddr[66],12.36µm
s_axi_araddr[68],12.36µm
s_axi_araddr[70],12.36µm
s_axi_araddr[76],12.36µm
s_axi_araddr[8],12.36µm
s_axi_awaddr[48],12.36µm
s_axi_wdata[101],12.36µm
s_axi_wdata[102],12.36µm
s_axi_wdata[109],12.36µm
s_axi_wdata[10],12.36µm
s_axi_wdata[119],12.36µm
s_axi_wdata[69],12.36µm
s_axi_wdata[81],12.36µm
s_axi_wdata[89],12.36µm
s_axi_wdata[97],12.36µm
s_axi_wdata[98],12.36µm
u_write_arbiter.aw_buf_addr\[90\],12.36µm
u_write_arbiter.aw_buf_addr\[120\],12.34µm
u_write_arbiter.w_buf_data\[72\],12.32µm
u_write_arbiter.aw_buf_addr\[61\],12.3µm
net279,12.3µm
s_axi_wdata[63],12.28µm
_1884_,12.24µm
_2644_,12.24µm
_3083_,12.22µm
_1948_,12.2µm
_2210_,12.2µm
_2757_,12.2µm
u_write_arbiter.w_buf_data\[21\],12.2µm
s_axi_rdata[120],12.19µm
u_read_arbiter.u_read_qos.budget_2\[0\],12.19µm
_0649_,12.18µm
_2736_,12.18µm
net158,12.18µm
s_axi_rdata[34],12.17µm
_2466_,12.16µm
_0469_,12.12µm
_0893_,12.12µm
_2323_,12.12µm
_2414_,12.12µm
u_write_arbiter.aw_buf_addr\[104\],12.12µm
u_write_arbiter.w_buf_data\[108\],12.12µm
_0644_,12.1µm
_1960_,12.1µm
_2150_,12.1µm
_1190_,12.08µm
_2116_,12.04µm
_0551_,12.02µm
s_axi_wdata[95],12.02µm
m_axi_rvalid[1],11.99µm
_2794_,11.94µm
s_axi_awaddr[103],11.94µm
s_axi_awaddr[104],11.94µm
s_axi_awaddr[15],11.94µm
s_axi_awaddr[90],11.94µm
_2965_,11.92µm
cfg_master0_burst_limit[5],11.9µm
s_axi_araddr[106],11.9µm
s_axi_araddr[108],11.9µm
s_axi_araddr[40],11.9µm
s_axi_araddr[46],11.9µm
s_axi_awaddr[80],11.9µm
s_axi_wdata[106],11.9µm
s_axi_wdata[110],11.9µm
s_axi_wdata[112],11.9µm
s_axi_wdata[114],11.9µm
s_axi_wdata[116],11.9µm
s_axi_wdata[117],11.9µm
s_axi_wdata[118],11.9µm
s_axi_wdata[120],11.9µm
s_axi_wdata[14],11.9µm
s_axi_wdata[20],11.9µm
s_axi_wdata[21],11.9µm
s_axi_wdata[22],11.9µm
s_axi_wdata[24],11.9µm
s_axi_wdata[28],11.9µm
s_axi_wdata[31],11.9µm
s_axi_wdata[33],11.9µm
s_axi_wdata[39],11.9µm
s_axi_wdata[44],11.9µm
s_axi_wdata[48],11.9µm
s_axi_wdata[54],11.9µm
s_axi_wdata[56],11.9µm
s_axi_wdata[66],11.9µm
s_axi_wdata[73],11.9µm
s_axi_wdata[78],11.9µm
s_axi_wdata[83],11.9µm
s_axi_wdata[94],11.9µm
net605,11.9µm
_0821_,11.88µm
_1688_,11.88µm
_1081_,11.86µm
u_write_arbiter.w_buf_data\[31\],11.86µm
_1192_,11.85µm
_0257_,11.84µm
_2439_,11.84µm
u_write_arbiter.w_buf_data\[126\],11.84µm
net857,11.84µm
_0155_,11.82µm
net274,11.8µm
_2363_,11.78µm
_2622_,11.78µm
_2851_,11.78µm
s_axi_wdata[124],11.78µm
u_write_arbiter.aw_buf_addr\[105\],11.76µm
_0081_,11.74µm
_1695_,11.74µm
u_write_arbiter.w_buf_data\[124\],11.74µm
u_write_arbiter.w_buf_data\[22\],11.74µm
_1663_,11.72µm
_1312_,11.7µm
_2430_,11.7µm
m_axi_awaddr[31],11.7µm
m_axi_awaddr[43],11.7µm
m_axi_awaddr[63],11.7µm
u_write_arbiter.aw_buf_prot\[8\],11.7µm
m_axi_wstrb[4],11.69µm
s_axi_wstrb[15],11.69µm
_1656_,11.68µm
_1778_,11.68µm
m_axi_araddr[16],11.68µm
m_axi_araddr[34],11.68µm
_1196_,11.66µm
u_write_arbiter.aw_buf_addr\[44\],11.66µm
u_write_arbiter.w_buf_data\[103\],11.66µm
u_write_arbiter.w_buf_data\[27\],11.66µm
u_write_arbiter.w_buf_data\[6\],11.66µm
u_write_arbiter.w_buf_data\[83\],11.66µm
net112,11.66µm
net1116,11.66µm
_1756_,11.64µm
_2823_,11.64µm
_1099_,11.62µm
_2118_,11.62µm
_3239_,11.62µm
u_write_arbiter.w_buf_data\[3\],11.58µm
m_axi_rdata[26],11.56µm
m_axi_rdata[8],11.56µm
s_axi_araddr[110],11.56µm
s_axi_araddr[18],11.56µm
s_axi_araddr[19],11.56µm
s_axi_araddr[22],11.56µm
s_axi_araddr[29],11.56µm
s_axi_araddr[30],11.56µm
s_axi_araddr[54],11.56µm
s_axi_araddr[61],11.56µm
s_axi_araddr[83],11.56µm
s_axi_arprot[10],11.56µm
u_write_arbiter.aw_buf_addr\[22\],11.54µm
u_write_arbiter.w_buf_data\[93\],11.54µm
u_write_arbiter.w_buf_strb\[1\],11.54µm
u_read_arbiter.u_read_qos.rr_ptr\[1\],11.5µm
s_axi_awaddr[102],11.48µm
s_axi_awaddr[118],11.48µm
s_axi_awaddr[123],11.48µm
_1508_,11.46µm
u_write_arbiter.aw_buf_addr\[4\],11.46µm
s_axi_awaddr[66],11.45µm
s_axi_awprot[10],11.45µm
_0944_,11.44µm
cfg_master0_burst_limit[0],11.44µm
cfg_master0_burst_limit[4],11.44µm
m_axi_rdata[10],11.44µm
m_axi_rdata[15],11.44µm
m_axi_rdata[16],11.44µm
m_axi_rdata[17],11.44µm
m_axi_rdata[18],11.44µm
m_axi_rdata[19],11.44µm
m_axi_rdata[20],11.44µm
m_axi_rdata[21],11.44µm
m_axi_rdata[22],11.44µm
m_axi_rdata[24],11.44µm
m_axi_rdata[25],11.44µm
m_axi_rdata[27],11.44µm
m_axi_rdata[28],11.44µm
m_axi_rdata[2],11.44µm
m_axi_rdata[30],11.44µm
m_axi_rdata[32],11.44µm
m_axi_rdata[34],11.44µm
m_axi_rdata[35],11.44µm
m_axi_rdata[3],11.44µm
m_axi_rdata[4],11.44µm
m_axi_rdata[57],11.44µm
m_axi_rdata[59],11.44µm
m_axi_rdata[5],11.44µm
m_axi_rdata[61],11.44µm
m_axi_rresp[0],11.44µm
m_axi_rresp[2],11.44µm
s_axi_araddr[103],11.44µm
s_axi_araddr[104],11.44µm
s_axi_araddr[16],11.44µm
s_axi_araddr[1],11.44µm
s_axi_araddr[32],11.44µm
s_axi_araddr[33],11.44µm
s_axi_araddr[34],11.44µm
s_axi_araddr[35],11.44µm
s_axi_araddr[36],11.44µm
s_axi_araddr[37],11.44µm
s_axi_araddr[38],11.44µm
s_axi_araddr[41],11.44µm
s_axi_araddr[45],11.44µm
s_axi_araddr[65],11.44µm
s_axi_araddr[67],11.44µm
s_axi_araddr[73],11.44µm
s_axi_araddr[77],11.44µm
s_axi_araddr[80],11.44µm
s_axi_araddr[82],11.44µm
s_axi_araddr[96],11.44µm
s_axi_araddr[99],11.44µm
s_axi_araddr[9],11.44µm
s_axi_awaddr[100],11.44µm
s_axi_wdata[108],11.44µm
s_axi_wdata[42],11.44µm
s_axi_wdata[45],11.44µm
s_axi_wdata[53],11.44µm
s_axi_wdata[5],11.44µm
s_axi_wdata[65],11.44µm
s_axi_wdata[67],11.44µm
s_axi_wdata[68],11.44µm
s_axi_wdata[72],11.44µm
s_axi_wdata[79],11.44µm
s_axi_wdata[82],11.44µm
s_axi_wdata[92],11.44µm
_2937_,11.42µm
_3107_,11.42µm
u_write_arbiter.u_write_qos.budget_3\[1\],11.42µm
u_write_arbiter.w_buf_valid\[3\],11.4µm
_1923_,11.38µm
u_write_arbiter.w_buf_data\[11\],11.38µm
net882,11.38µm
net1093,11.38µm
s_axi_araddr[78],11.37µm
_0744_,11.36µm
s_axi_awaddr[114],11.36µm
_2035_,11.32µm
u_write_arbiter.w_buf_data\[112\],11.32µm
u_write_arbiter.aw_buf_addr\[115\],11.3µm
u_write_arbiter.w_buf_data\[62\],11.3µm
_0505_,11.28µm
_2542_,11.28µm
_2826_,11.28µm
_2157_,11.26µm
_2673_,11.26µm
_2860_,11.26µm
m_axi_awaddr[16],11.26µm
_0056_,11.24µm
_1684_,11.24µm
_2277_,11.24µm
u_write_arbiter.w_buf_data\[19\],11.24µm
net221,11.24µm
_0281_,11.22µm
_0663_,11.22µm
_1786_,11.22µm
_1918_,11.22µm
m_axi_araddr[0],11.22µm
m_axi_araddr[4],11.22µm
m_axi_arprot[3],11.22µm
m_axi_arvalid[1],11.22µm
m_axi_awaddr[56],11.22µm
_1103_,11.2µm
_1227_,11.2µm
_1234_,11.2µm
_1402_,11.2µm
_1435_,11.2µm
_3208_,11.2µm
u_write_arbiter.w_buf_data\[23\],11.2µm
u_write_arbiter.w_buf_strb\[5\],11.2µm
_1549_,11.16µm
_1262_,11.14µm
net330,11.14µm
_2657_,11.12µm
_2845_,11.12µm
cfg_master0_burst_limit[3],11.1µm
cfg_master0_burst_limit[7],11.1µm
cfg_weight_m2[0],11.1µm
cfg_weight_m2[1],11.1µm
cfg_weight_m2[3],11.1µm
_0773_,11.08µm
_1242_,11.06µm
s_axi_wstrb[8],11.05µm
_1269_,11.04µm
_2415_,11.04µm
s_axi_awaddr[58],11.02µm
_0536_,10.98µm
cfg_master0_priority,10.98µm
s_axi_wdata[103],10.98µm
s_axi_wdata[52],10.98µm
s_axi_wdata[6],10.98µm
s_axi_wdata[96],10.98µm
net1222,10.98µm
_0986_,10.96µm
net377,10.96µm
_1176_,10.94µm
_3247_,10.94µm
u_write_arbiter.aw_buf_addr\[47\],10.92µm
_0388_,10.9µm
_0963_,10.9µm
_1398_,10.9µm
_3060_,10.9µm
s_axi_awaddr[120],10.9µm
s_axi_awaddr[43],10.9µm
u_write_arbiter.aw_buf_addr\[114\],10.9µm
net801,10.9µm
u_write_arbiter.w_buf_data\[48\],10.88µm
net199,10.88µm
_1732_,10.86µm
_1841_,10.86µm
_2946_,10.86µm
u_write_arbiter.aw_buf_addr\[87\],10.86µm
_1395_,10.8µm
_3058_,10.8µm
_3198_,10.8µm
m_axi_awaddr[51],10.8µm
net403,10.8µm
_0383_,10.78µm
_2765_,10.78µm
u_write_arbiter.u_write_qos.age_m1\[3\],10.78µm
net231,10.78µm
net1052,10.78µm
net1117,10.78µm
net1129,10.78µm
_2347_,10.76µm
m_axi_araddr[10],10.76µm
m_axi_araddr[13],10.76µm
m_axi_araddr[1],10.76µm
m_axi_araddr[2],10.76µm
m_axi_araddr[30],10.76µm
m_axi_araddr[35],10.76µm
m_axi_araddr[36],10.76µm
m_axi_araddr[37],10.76µm
m_axi_araddr[38],10.76µm
m_axi_araddr[39],10.76µm
m_axi_araddr[3],10.76µm
m_axi_araddr[41],10.76µm
m_axi_araddr[42],10.76µm
m_axi_araddr[62],10.76µm
m_axi_araddr[7],10.76µm
m_axi_araddr[9],10.76µm
m_axi_arprot[0],10.76µm
m_axi_arprot[1],10.76µm
m_axi_arprot[2],10.76µm
m_axi_arprot[4],10.76µm
m_axi_arprot[5],10.76µm
m_axi_arvalid[0],10.76µm
m_axi_awaddr[1],10.76µm
m_axi_awaddr[40],10.76µm
m_axi_awaddr[52],10.76µm
m_axi_awaddr[60],10.76µm
m_axi_awaddr[61],10.76µm
m_axi_awaddr[8],10.76µm
m_axi_rready[0],10.76µm
m_axi_rready[1],10.76µm
_0770_,10.74µm
_0861_,10.74µm
_0915_,10.74µm
_1273_,10.74µm
_2305_,10.74µm
_3209_,10.74µm
u_write_arbiter.w_buf_data\[84\],10.74µm
u_write_arbiter.w_buf_data\[98\],10.74µm
_1627_,10.725µm
_0750_,10.72µm
_1896_,10.72µm
_2532_,10.72µm
net94,10.7µm
_2592_,10.68µm
_0635_,10.66µm
_1264_,10.66µm
_1646_,10.66µm
net75,10.66µm
net636,10.66µm
net209,10.64µm
_1542_,10.62µm
_1753_,10.62µm
_2991_,10.62µm
net1027,10.62µm
net1234,10.62µm
_0664_,10.58µm
net1151,10.58µm
s_axi_araddr[94],10.57µm
s_axi_wvalid[0],10.57µm
_3023_,10.56µm
s_axi_awaddr[42],10.56µm
_0555_,10.54µm
_1278_,10.54µm
_1729_,10.54µm
_0724_,10.52µm
_0776_,10.5µm
_0982_,10.5µm
u_write_arbiter.w_buf_data\[87\],10.48µm
_0262_,10.46µm
_1009_,10.46µm
_1249_,10.46µm
_2368_,10.46µm
_2902_,10.46µm
_3243_,10.46µm
s_axi_awaddr[16],10.44µm
s_axi_awaddr[38],10.44µm
s_axi_awaddr[56],10.44µm
net139,10.44µm
net1001,10.44µm
_0934_,10.42µm
_1572_,10.42µm
net980,10.42µm
_0065_,10.4µm
_0757_,10.4µm
u_write_arbiter.aw_buf_addr\[113\],10.38µm
u_write_arbiter.w_buf_data\[111\],10.38µm
_0884_,10.36µm
_1676_,10.36µm
m_axi_awaddr[28],10.34µm
net165,10.34µm
m_axi_awprot[2],10.33µm
_0247_,10.32µm
_1054_,10.32µm
_1270_,10.32µm
_1281_,10.32µm
_2199_,10.32µm
_3199_,10.32µm
net267,10.32µm
net962,10.32µm
m_axi_awaddr[11],10.3µm
_0067_,10.28µm
_1754_,10.28µm
_2405_,10.28µm
u_write_arbiter.aw_buf_prot\[2\],10.28µm
u_write_arbiter.w_buf_data\[75\],10.28µm
net1030,10.28µm
_0873_,10.26µm
_1590_,10.26µm
_1574_,10.24µm
_1690_,10.24µm
_2996_,10.24µm
u_write_arbiter.aw_buf_addr\[67\],10.24µm
u_write_arbiter.u_write_qos.m0_burst_count\[2\],10.24µm
net975,10.24µm
net1057,10.24µm
_2690_,10.22µm
_2958_,10.2µm
s_axi_rdata[108],10.19µm
_1633_,10.18µm
u_write_arbiter.w_buf_data\[63\],10.18µm
u_write_arbiter.w_buf_data\[81\],10.18µm
_0980_,10.16µm
_1561_,10.12µm
s_axi_araddr[126],10.11µm
_0605_,10.1µm
_1668_,10.1µm
_3154_,10.1µm
s_axi_awaddr[41],10.1µm
s_axi_awaddr[6],10.1µm
_0874_,10.04µm
_0878_,10.04µm
_1371_,10.04µm
_1781_,10.04µm
_0676_,10.02µm
_0250_,10µm
_2155_,9.98µm
_2172_,9.98µm
s_axi_awaddr[111],9.98µm
s_axi_awaddr[17],9.98µm
net852,9.98µm
net915,9.98µm
_0761_,9.96µm
_1068_,9.96µm
u_write_arbiter.w_buf_data\[58\],9.95µm
_3220_,9.94µm
_3108_,9.92µm
u_write_arbiter.w_buf_data\[28\],9.9µm
net811,9.9µm
_0920_,9.88µm
m_axi_awaddr[23],9.88µm
m_axi_awaddr[49],9.88µm
net937,9.88µm
_0581_,9.86µm
_1411_,9.86µm
_1768_,9.86µm
net133,9.86µm
_0836_,9.82µm
_2980_,9.82µm
u_write_arbiter.aw_buf_prot\[11\],9.82µm
u_write_arbiter.w_buf_data\[117\],9.82µm
u_write_arbiter.w_buf_data\[60\],9.82µm
u_write_arbiter.u_write_qos.rr_ptr\[0\],9.81µm
u_read_arbiter.u_read_qos.rr_ptr\[0\],9.79µm
_0864_,9.78µm
_0885_,9.78µm
_2145_,9.78µm
_2993_,9.78µm
net323,9.76µm
_2187_,9.74µm
net954,9.74µm
net1059,9.74µm
_0543_,9.72µm
_1441_,9.72µm
_3166_,9.72µm
u_write_arbiter.w_buf_strb\[15\],9.72µm
_2524_,9.7µm
net1101,9.7µm
net1112,9.7µm
_1736_,9.68µm
u_write_arbiter.aw_buf_addr\[77\],9.68µm
net287,9.68µm
s_axi_awready[3],9.67µm
s_axi_arprot[3],9.65µm
_2553_,9.64µm
s_axi_awaddr[31],9.64µm
s_axi_awaddr[40],9.64µm
s_axi_awaddr[73],9.64µm
s_axi_wdata[127],9.64µm
s_axi_wdata[1],9.64µm
s_axi_wdata[29],9.64µm
s_axi_wdata[34],9.64µm
s_axi_wdata[43],9.64µm
s_axi_wdata[59],9.64µm
_0611_,9.62µm
_0739_,9.62µm
_1782_,9.62µm
_0004_,9.6µm
_0174_,9.6µm
_0674_,9.6µm
_0681_,9.6µm
_0718_,9.6µm
_2671_,9.58µm
u_write_arbiter.w_buf_data\[25\],9.56µm
net867,9.54µm
net970,9.54µm
net1179,9.54µm
_0040_,9.52µm
_0766_,9.52µm
s_axi_awaddr[30],9.52µm
s_axi_awaddr[4],9.52µm
net157,9.52µm
_0731_,9.5µm
_0921_,9.5µm
_1849_,9.5µm
_2982_,9.5µm
_0427_,9.48µm
_1616_,9.48µm
_0582_,9.46µm
_0992_,9.46µm
_1735_,9.46µm
_0722_,9.44µm
_0732_,9.44µm
_2403_,9.44µm
_0619_,9.42µm
_1092_,9.42µm
_2201_,9.42µm
u_read_arbiter.u_read_qos.budget_3\[2\],9.42µm
net191,9.42µm
net513,9.42µm
net1090,9.42µm
_0715_,9.4µm
_1365_,9.4µm
_1653_,9.4µm
u_write_arbiter.w_buf_data\[41\],9.4µm
net45,9.4µm
net92,9.4µm
net822,9.4µm
net865,9.4µm
_0867_,9.38µm
_0654_,9.36µm
_2345_,9.36µm
_3007_,9.36µm
_3055_,9.36µm
u_write_arbiter.aw_buf_addr\[33\],9.36µm
u_write_arbiter.w_buf_strb\[13\],9.36µm
net545,9.36µm
net794,9.36µm
net853,9.36µm
_2668_,9.34µm
_1692_,9.32µm
_2135_,9.32µm
_2600_,9.32µm
_2809_,9.32µm
_2936_,9.32µm
u_write_arbiter.aw_buf_addr\[72\],9.32µm
net701,9.32µm
_1139_,9.3µm
_1672_,9.3µm
_2288_,9.28µm
u_write_arbiter.w_buf_data\[36\],9.28µm
u_write_arbiter.w_buf_data\[78\],9.28µm
net612,9.28µm
_2292_,9.26µm
_0796_,9.24µm
u_write_arbiter.aw_buf_addr\[103\],9.24µm
u_write_arbiter.aw_buf_addr\[36\],9.24µm
u_write_arbiter.w_buf_strb\[8\],9.24µm
_1306_,9.22µm
net451,9.22µm
_0052_,9.2µm
_1766_,9.2µm
_2944_,9.2µm
_2950_,9.2µm
_3066_,9.2µm
_0248_,9.18µm
s_axi_awaddr[125],9.18µm
s_axi_awaddr[127],9.18µm
s_axi_awaddr[13],9.18µm
s_axi_awaddr[18],9.18µm
s_axi_awaddr[24],9.18µm
s_axi_awaddr[49],9.18µm
s_axi_awaddr[53],9.18µm
s_axi_awaddr[60],9.18µm
s_axi_awaddr[63],9.18µm
s_axi_awaddr[71],9.18µm
s_axi_awaddr[95],9.18µm
s_axi_wdata[121],9.18µm
s_axi_wdata[123],9.18µm
s_axi_wdata[27],9.18µm
s_axi_wdata[30],9.18µm
s_axi_wdata[32],9.18µm
s_axi_wdata[36],9.18µm
s_axi_wdata[50],9.18µm
s_axi_wdata[62],9.18µm
_0709_,9.16µm
_0928_,9.16µm
_1148_,9.16µm
_1329_,9.16µm
_1657_,9.16µm
_0880_,9.15µm
_2290_,9.14µm
net359,9.14µm
net1171,9.14µm
_0754_,9.12µm
_1246_,9.08µm
_2294_,9.08µm
net973,9.08µm
_1386_,9.06µm
_1857_,9.06µm
_2264_,9.06µm
_2556_,9.06µm
_3202_,9.06µm
_0660_,9.04µm
_1335_,9.04µm
_2840_,9.04µm
u_write_arbiter.aw_buf_addr\[8\],9.04µm
_0045_,9.02µm
_0988_,9.02µm
_1796_,9.02µm
_1846_,9.02µm
_1888_,9.02µm
_2404_,9.02µm
u_read_arbiter.u_read_qos.age_m2\[5\],9.02µm
net220,9.02µm
_0657_,9µm
_1381_,9µm
u_write_arbiter.aw_buf_prot\[0\],9µm
m_axi_awaddr[2],8.99µm
_1913_,8.98µm
_2195_,8.98µm
net131,8.98µm
net694,8.98µm
_0639_,8.96µm
_2852_,8.96µm
_0782_,8.94µm
_1670_,8.94µm
_2468_,8.94µm
net984,8.94µm
_0774_,8.92µm
_1659_,8.92µm
u_write_arbiter.aw_buf_addr\[73\],8.92µm
u_write_arbiter.u_write_qos.age_m3\[3\],8.92µm
_0655_,8.9µm
_0760_,8.9µm
_2638_,8.9µm
_2773_,8.9µm
_3034_,8.9µm
u_write_arbiter.aw_buf_addr\[9\],8.9µm
net97,8.9µm
net173,8.9µm
net849,8.9µm
_3131_,8.88µm
_1129_,8.86µm
_1579_,8.86µm
_2107_,8.86µm
_2891_,8.86µm
net953,8.86µm
net969,8.86µm
net985,8.86µm
net1260,8.86µm
_1327_,8.84µm
_1764_,8.82µm
_2440_,8.82µm
_1257_,8.8µm
_3229_,8.8µm
net309,8.8µm
_0607_,8.78µm
_2588_,8.78µm
u_write_arbiter.aw_buf_addr\[80\],8.78µm
u_write_arbiter.w_buf_data\[37\],8.78µm
u_write_arbiter.w_buf_data\[91\],8.78µm
clknet_leaf_66_aclk,8.78µm
_1798_,8.76µm
_2523_,8.76µm
net443,8.76µm
net351,8.74µm
s_axi_araddr[107],8.73µm
s_axi_arvalid[1],8.73µm
s_axi_awaddr[69],8.73µm
s_axi_awprot[4],8.73µm
_0118_,8.72µm
s_axi_awaddr[59],8.72µm
s_axi_awaddr[81],8.72µm
s_axi_awaddr[8],8.72µm
s_axi_wdata[0],8.72µm
s_axi_wdata[100],8.72µm
s_axi_wdata[107],8.72µm
_0569_,8.7µm
_1681_,8.7µm
_1795_,8.7µm
_2208_,8.7µm
_2367_,8.7µm
u_read_arbiter.u_read_qos.age_m3\[5\],8.7µm
u_write_arbiter.aw_buf_addr\[74\],8.7µm
m_axi_araddr[12],8.69µm
_0021_,8.68µm
_0507_,8.66µm
_0869_,8.66µm
_0467_,8.64µm
m_axi_awaddr[5],8.63µm
_0484_,8.62µm
_2399_,8.62µm
net372,8.62µm
_0806_,8.6µm
_0811_,8.6µm
_0904_,8.6µm
_0991_,8.6µm
_2512_,8.6µm
_3111_,8.6µm
_0478_,8.58µm
_2641_,8.58µm
u_write_arbiter.aw_buf_addr\[0\],8.58µm
_0508_,8.56µm
_0783_,8.56µm
_0918_,8.56µm
_0999_,8.56µm
_1005_,8.56µm
_1298_,8.56µm
_2256_,8.56µm
_2299_,8.56µm
_2355_,8.56µm
_2780_,8.56µm
net957,8.56µm
_1340_,8.54µm
_2583_,8.54µm
_1274_,8.52µm
_1776_,8.52µm
_1972_,8.52µm
_1409_,8.5µm
_2564_,8.5µm
m_axi_awaddr[12],8.5µm
m_axi_awaddr[45],8.5µm
net963,8.5µm
net978,8.5µm
_0805_,8.48µm
_1358_,8.48µm
_1760_,8.48µm
_2000_,8.48µm
_3140_,8.48µm
net86,8.48µm
net128,8.48µm
net550,8.48µm
net855,8.48µm
_0913_,8.46µm
_0919_,8.46µm
_0922_,8.46µm
_1044_,8.46µm
_1734_,8.46µm
_3112_,8.46µm
_0252_,8.44µm
_0554_,8.44µm
_0703_,8.44µm
_1140_,8.44µm
_1620_,8.44µm
_1677_,8.44µm
_2397_,8.44µm
_2416_,8.44µm
_2493_,8.44µm
_2686_,8.44µm
_2920_,8.44µm
u_write_arbiter.w_buf_data\[73\],8.44µm
net938,8.44µm
_0899_,8.42µm
_0976_,8.42µm
_1617_,8.42µm
m_axi_awaddr[3],8.41µm
_2795_,8.4µm
net1037,8.4µm
net1053,8.4µm
s_axi_awaddr[33],8.38µm
u_write_arbiter.aw_buf_addr\[32\],8.38µm
net370,8.38µm
_0106_,8.36µm
_1011_,8.36µm
_1055_,8.36µm
_1158_,8.36µm
_2463_,8.36µm
_2653_,8.36µm
u_write_arbiter.aw_buf_prot\[5\],8.36µm
u_write_arbiter.w_buf_strb\[4\],8.36µm
_0634_,8.34µm
_1200_,8.34µm
u_write_arbiter.w_buf_data\[71\],8.34µm
_1958_,8.32µm
u_write_arbiter.w_buf_data\[52\],8.32µm
net315,8.32µm
net1020,8.32µm
_0470_,8.305µm
_2032_,8.3µm
m_axi_araddr[19],8.29µm
s_axi_araddr[47],8.29µm
_0062_,8.28µm
_0130_,8.28µm
_2844_,8.28µm
s_axi_wdata[26],8.26µm
s_axi_wdata[58],8.26µm
s_axi_wdata[60],8.26µm
_1654_,8.24µm
u_write_arbiter.w_buf_strb\[14\],8.24µm
_0220_,8.22µm
_1083_,8.22µm
_3168_,8.22µm
u_write_arbiter.w_buf_data\[8\],8.22µm
net479,8.22µm
_1120_,8.2µm
net997,8.2µm
_0300_,8.16µm
_0694_,8.16µm
_1366_,8.14µm
_2120_,8.14µm
_2490_,8.14µm
_2934_,8.14µm
_3087_,8.14µm
_3093_,8.14µm
_0804_,8.12µm
_0872_,8.12µm
_0789_,8.1µm
_0938_,8.1µm
_1232_,8.1µm
_1415_,8.1µm
_1837_,8.1µm
_2966_,8.1µm
_3002_,8.1µm
_3191_,8.1µm
net986,8.1µm
u_write_arbiter.w_buf_data\[115\],8.095µm
_1596_,8.08µm
_2509_,8.06µm
_2679_,8.06µm
s_axi_arvalid[3],8.05µm
s_axi_awaddr[64],8.05µm
s_axi_wstrb[1],8.05µm
_0833_,8.04µm
_1030_,8.04µm
_2727_,8.04µm
m_axi_awaddr[0],8.04µm
m_axi_awaddr[4],8.04µm
net1193,8.04µm
_0008_,8.02µm
_0589_,8.02µm
_0713_,8.02µm
_0897_,8.02µm
_1166_,8.02µm
_1791_,8.02µm
_1811_,8.02µm
_2160_,8.02µm
_2182_,8.02µm
_2384_,8.02µm
net203,8.02µm
net238,8.02µm
s_axi_awprot[11],8.01µm
_1307_,8µm
_1324_,8µm
_1829_,8µm
_3114_,8µm
_0923_,7.98µm
_1000_,7.98µm
_1061_,7.98µm
_1173_,7.98µm
_1728_,7.98µm
_3000_,7.98µm
u_write_arbiter.w_buf_data\[9\],7.98µm
net1040,7.98µm
_2371_,7.96µm
_2612_,7.96µm
_2733_,7.96µm
_0759_,7.94µm
_1001_,7.94µm
_1772_,7.94µm
_2078_,7.94µm
net510,7.94µm
net1021,7.94µm
_2009_,7.92µm
_3019_,7.92µm
_0615_,7.9µm
_0863_,7.9µm
_1014_,7.9µm
_1119_,7.9µm
_1388_,7.9µm
_1614_,7.9µm
_2792_,7.9µm
net343,7.9µm
_2650_,7.88µm
net145,7.88µm
_0613_,7.86µm
_1141_,7.86µm
_1978_,7.86µm
u_write_arbiter.w_buf_data\[106\],7.86µm
net326,7.86µm
_2598_,7.84µm
_0011_,7.82µm
_1152_,7.82µm
_3149_,7.82µm
_0231_,7.8µm
_0244_,7.8µm
_0735_,7.8µm
_3097_,7.8µm
_0721_,7.78µm
_0877_,7.78µm
_1434_,7.78µm
_1652_,7.78µm
_1749_,7.78µm
_1992_,7.78µm
_2565_,7.78µm
u_write_arbiter.aw_buf_addr\[2\],7.78µm
u_write_arbiter.w_buf_data\[18\],7.78µm
_0017_,7.76µm
_0104_,7.76µm
_0788_,7.76µm
_0624_,7.74µm
_1115_,7.74µm
_1752_,7.74µm
_1907_,7.74µm
_3035_,7.7µm
net1120,7.7µm
m_axi_bresp[2],7.69µm
s_axi_arready[2],7.69µm
_0105_,7.68µm
_0191_,7.68µm
_0363_,7.68µm
_0502_,7.68µm
_0733_,7.68µm
_1726_,7.68µm
_2381_,7.68µm
_2646_,7.68µm
_2915_,7.68µm
_3194_,7.68µm
_3205_,7.68µm
_0347_,7.66µm
_0728_,7.66µm
_1711_,7.66µm
_1953_,7.66µm
_3021_,7.66µm
_0249_,7.64µm
_0561_,7.64µm
_1130_,7.64µm
_1700_,7.64µm
_1765_,7.64µm
_1848_,7.64µm
_2011_,7.64µm
_2148_,7.64µm
_2269_,7.64µm
_2702_,7.64µm
_2748_,7.64µm
net80,7.64µm
net1008,7.64µm
_1255_,7.62µm
_1378_,7.62µm
_1268_,7.6µm
_2205_,7.6µm
_2662_,7.6µm
_3043_,7.6µm
_1135_,7.58µm
_1790_,7.58µm
_2334_,7.58µm
_2719_,7.58µm
m_axi_awaddr[13],7.58µm
_2014_,7.56µm
_2500_,7.56µm
_2529_,7.56µm
_2770_,7.56µm
_2814_,7.56µm
_2953_,7.56µm
net643,7.56µm
_0418_,7.54µm
_0769_,7.54µm
_0486_,7.52µm
_0700_,7.52µm
_0781_,7.52µm
_1050_,7.52µm
_1164_,7.52µm
_1332_,7.52µm
_1363_,7.52µm
_1369_,7.52µm
_1803_,7.52µm
_1892_,7.52µm
_1932_,7.52µm
_2454_,7.52µm
_2540_,7.52µm
_2562_,7.52µm
_2912_,7.52µm
_2932_,7.52µm
_2941_,7.52µm
u_write_arbiter.w_buf_data\[125\],7.52µm
net288,7.52µm
net689,7.52µm
net823,7.52µm
net862,7.52µm
net909,7.52µm
net1019,7.52µm
net1068,7.52µm
net1156,7.52µm
_1438_,7.5µm
_0799_,7.48µm
_1963_,7.48µm
_2112_,7.48µm
_2448_,7.48µm
_3024_,7.48µm
net1044,7.48µm
_2037_,7.46µm
_2839_,7.44µm
_2880_,7.44µm
u_write_arbiter.aw_buf_addr\[93\],7.44µm
_0268_,7.42µm
_0623_,7.42µm
_0965_,7.42µm
_1023_,7.42µm
_1137_,7.42µm
_1187_,7.42µm
_3230_,7.42µm
u_write_arbiter.w_buf_data\[17\],7.42µm
net144,7.42µm
_1333_,7.4µm
clknet_leaf_23_aclk,7.4µm
_0737_,7.39µm
cfg_weight_m1[3],7.37µm
s_axi_arprot[4],7.37µm
s_axi_arprot[5],7.37µm
s_axi_awaddr[0],7.37µm
s_axi_awaddr[5],7.37µm
s_axi_awaddr[96],7.37µm
s_axi_wstrb[12],7.37µm
_2038_,7.36µm
net971,7.36µm
_0099_,7.34µm
_0176_,7.34µm
_0771_,7.34µm
m_axi_wdata[57],7.33µm
m_axi_wready[1],7.33µm
s_axi_rdata[49],7.33µm
s_axi_wstrb[2],7.33µm
_1171_,7.32µm
_1319_,7.32µm
_1430_,7.32µm
_1784_,7.32µm
_1842_,7.32µm
net177,7.32µm
_0307_,7.3µm
_1337_,7.3µm
_2218_,7.28µm
_1384_,7.25µm
_0997_,7.24µm
_1406_,7.24µm
_0022_,7.22µm
_0129_,7.22µm
_0135_,7.22µm
_0314_,7.22µm
_0341_,7.22µm
_1391_,7.22µm
_1401_,7.22µm
_1718_,7.22µm
_1807_,7.22µm
_2696_,7.22µm
_0790_,7.2µm
_1080_,7.2µm
_0802_,7.18µm
_1636_,7.18µm
_1716_,7.18µm
_1818_,7.18µm
_2141_,7.18µm
_2445_,7.18µm
_2811_,7.18µm
_2872_,7.18µm
_2962_,7.18µm
u_write_arbiter.w_buf_data\[104\],7.18µm
net769,7.18µm
net952,7.18µm
net1062,7.18µm
_2848_,7.16µm
_0381_,7.14µm
_0772_,7.14µm
net981,7.14µm
_1004_,7.12µm
_1838_,7.12µm
net82,7.12µm
_0784_,7.1µm
_1624_,7.1µm
_1708_,7.1µm
_1783_,7.1µm
_2515_,7.1µm
_2520_,7.1µm
_2712_,7.1µm
_2759_,7.1µm
_2771_,7.1µm
_3125_,7.1µm
_0778_,7.08µm
_1789_,7.08µm
_1877_,7.08µm
_2432_,7.08µm
u_write_arbiter.aw_buf_addr\[79\],7.08µm
_0066_,7.06µm
_0933_,7.06µm
_1368_,7.06µm
_1809_,7.06µm
_2235_,7.06µm
_2519_,7.06µm
_2656_,7.06µm
_2693_,7.06µm
_2713_,7.06µm
_2715_,7.06µm
_2739_,7.06µm
_2742_,7.06µm
u_write_arbiter.w_buf_data\[51\],7.06µm
net1041,7.06µm
net1083,7.06µm
_2781_,7.04µm
_0073_,7µm
m_axi_araddr[15],6.99µm
m_axi_araddr[55],6.99µm
s_axi_rdata[5],6.99µm
s_axi_rresp[1],6.99µm
_0775_,6.98µm
_1618_,6.98µm
_2177_,6.98µm
_2420_,6.98µm
_2796_,6.98µm
_3155_,6.98µm
_3213_,6.98µm
net32,6.98µm
net580,6.98µm
net966,6.98µm
_0835_,6.96µm
net275,6.96µm
net422,6.96µm
_0051_,6.94µm
_0162_,6.94µm
_0371_,6.94µm
_0894_,6.94µm
_1601_,6.94µm
net1257,6.94µm
_1413_,6.92µm
_2905_,6.9µm
net1013,6.9µm
net1251,6.9µm
_0089_,6.88µm
_0117_,6.88µm
_0246_,6.88µm
_0259_,6.88µm
_2064_,6.865µm
_1184_,6.86µm
_2033_,6.86µm
_2824_,6.86µm
_3167_,6.86µm
u_read_arbiter.u_read_qos.age_m1\[3\],6.86µm
_0050_,6.84µm
_0230_,6.84µm
_0414_,6.84µm
_0482_,6.84µm
net1245,6.84µm
_0672_,6.82µm
_0895_,6.78µm
_2438_,6.78µm
_2879_,6.78µm
_3077_,6.78µm
net1010,6.78µm
_3147_,6.775µm
s_axi_bready[1],6.77µm
_0471_,6.76µm
_0475_,6.76µm
_0511_,6.76µm
_0596_,6.76µm
_0765_,6.76µm
_1641_,6.76µm
_1666_,6.76µm
_1900_,6.76µm
_2429_,6.76µm
_2531_,6.76µm
_2994_,6.76µm
_0412_,6.74µm
_0847_,6.74µm
_0489_,6.72µm
_0996_,6.72µm
_1132_,6.72µm
_1165_,6.72µm
_1741_,6.72µm
_1800_,6.72µm
_1902_,6.72µm
_1945_,6.72µm
_2400_,6.72µm
_2522_,6.72µm
_2599_,6.72µm
_2967_,6.72µm
_3179_,6.72µm
net913,6.72µm
net1108,6.72µm
s_axi_arvalid[2],6.69µm
s_axi_awaddr[21],6.69µm
s_axi_awaddr[35],6.69µm
s_axi_awprot[7],6.69µm
s_axi_wstrb[5],6.69µm
s_axi_wstrb[7],6.69µm
_0998_,6.67µm
m_axi_araddr[22],6.67µm
m_axi_wdata[25],6.67µm
s_axi_rdata[30],6.67µm
_2244_,6.66µm
_2279_,6.66µm
net620,6.66µm
net702,6.66µm
m_axi_araddr[26],6.65µm
m_axi_araddr[28],6.65µm
s_axi_awaddr[75],6.65µm
s_axi_bresp[4],6.65µm
s_axi_rdata[111],6.65µm
s_axi_rdata[92],6.65µm
s_axi_rdata[97],6.65µm
s_axi_wstrb[10],6.65µm
_0520_,6.64µm
_0887_,6.64µm
_0964_,6.64µm
_1226_,6.64µm
_1649_,6.64µm
_1773_,6.64µm
_1999_,6.64µm
_2008_,6.64µm
_2013_,6.64µm
_2610_,6.64µm
_2674_,6.64µm
_3164_,6.64µm
net809,6.64µm
net1217,6.64µm
_0684_,6.62µm
_1428_,6.62µm
_0260_,6.6µm
_0538_,6.6µm
_0643_,6.6µm
_0870_,6.6µm
_0892_,6.6µm
_1238_,6.6µm
_2204_,6.6µm
_2238_,6.6µm
_2250_,6.6µm
_2300_,6.6µm
_2539_,6.6µm
_2603_,6.6µm
_2735_,6.6µm
u_write_arbiter.w_buf_data\[67\],6.6µm
net355,6.6µm
net404,6.6µm
net547,6.6µm
net714,6.6µm
net771,6.6µm
net931,6.6µm
_2311_,6.59µm
_2538_,6.58µm
_0070_,6.52µm
_0712_,6.52µm
_0813_,6.52µm
_1793_,6.52µm
_1797_,6.52µm
_2655_,6.52µm
_2788_,6.52µm
_2971_,6.52µm
_3193_,6.52µm
u_write_arbiter.w_buf_data\[88\],6.52µm
u_write_arbiter.w_buf_strb\[6\],6.52µm
net993,6.52µm
_0494_,6.5µm
_0900_,6.5µm
u_write_arbiter.w_buf_data\[24\],6.5µm
net67,6.5µm
net537,6.5µm
_0283_,6.48µm
_1027_,6.48µm
_1049_,6.48µm
_3110_,6.48µm
clknet_leaf_14_aclk,6.48µm
clknet_leaf_104_aclk,6.48µm
_3201_,6.44µm
_0064_,6.42µm
_0134_,6.42µm
_0497_,6.42µm
_2694_,6.42µm
_0573_,6.4µm
_1203_,6.4µm
_1860_,6.4µm
_2312_,6.4µm
m_axi_bvalid[1],6.4µm
u_read_arbiter.u_read_qos.m0_burst_count\[2\],6.4µm
u_write_arbiter.aw_buf_addr\[78\],6.4µm
u_write_arbiter.w_buf_data\[7\],6.4µm
u_write_arbiter.w_buf_valid\[2\],6.4µm
_0019_,6.38µm
_2829_,6.36µm
u_write_arbiter.aw_buf_valid\[2\],6.36µm
m_axi_awaddr[21],6.33µm
s_axi_wready[1],6.33µm
_0801_,6.32µm
_1928_,6.32µm
_2344_,6.32µm
_2579_,6.32µm
_3189_,6.32µm
_3235_,6.32µm
s_axi_araddr[15],6.31µm
s_axi_araddr[25],6.31µm
s_axi_araddr[60],6.31µm
s_axi_araddr[86],6.31µm
s_axi_araddr[89],6.31µm
_0063_,6.3µm
_0083_,6.3µm
_0157_,6.3µm
_0232_,6.3µm
_0453_,6.3µm
_1097_,6.3µm
_1678_,6.3µm
_1712_,6.3µm
_2024_,6.3µm
_2410_,6.3µm
_2723_,6.3µm
_2764_,6.3µm
_2810_,6.3µm
_2931_,6.3µm
_3008_,6.3µm
_3133_,6.3µm
_3217_,6.3µm
net1066,6.3µm
_0828_,6.29µm
_0751_,6.28µm
_1694_,6.28µm
_2497_,6.28µm
_2903_,6.28µm
net226,6.28µm
_0608_,6.26µm
_0950_,6.26µm
_1247_,6.26µm
_1679_,6.26µm
_1745_,6.26µm
_1967_,6.26µm
_2596_,6.26µm
_2667_,6.26µm
_2711_,6.26µm
_2745_,6.26µm
_2782_,6.26µm
_3006_,6.26µm
_3137_,6.26µm
net400,6.26µm
net554,6.26µm
net792,6.26µm
net1005,6.26µm
_1965_,6.21µm
_0140_,6.2µm
_0930_,6.2µm
_1193_,6.2µm
_1651_,6.2µm
_2436_,6.2µm
_2576_,6.2µm
_2691_,6.2µm
net795,6.2µm
net961,6.2µm
_0448_,6.18µm
_0717_,6.18µm
_0729_,6.18µm
_0856_,6.18µm
_1361_,6.18µm
_2271_,6.18µm
_2382_,6.18µm
_2450_,6.18µm
_2597_,6.18µm
_2602_,6.18µm
_2651_,6.18µm
_2734_,6.18µm
_2833_,6.18µm
_2922_,6.18µm
_3180_,6.18µm
u_write_arbiter.w_buf_data\[40\],6.18µm
_0072_,6.145µm
_0558_,6.14µm
_1577_,6.14µm
_1639_,6.14µm
_1648_,6.14µm
_1673_,6.14µm
_1696_,6.14µm
_1801_,6.14µm
_2042_,6.14µm
_2425_,6.14µm
_2475_,6.14µm
_2510_,6.14µm
_2601_,6.14µm
_2720_,6.14µm
_2793_,6.14µm
_2997_,6.14µm
_3069_,6.14µm
_3176_,6.14µm
_3184_,6.14µm
_3222_,6.14µm
u_write_arbiter.w_buf_data\[16\],6.14µm
net365,6.14µm
net374,6.14µm
net579,6.14µm
net1109,6.14µm
net1235,6.14µm
_2066_,6.12µm
cfg_age_threshold[4],6.09µm
cfg_weight_m3[3],6.09µm
s_axi_araddr[127],6.09µm
s_axi_awvalid[3],6.09µm
s_axi_bready[0],6.09µm
s_axi_wvalid[3],6.09µm
_1674_,6.08µm
_2981_,6.08µm
_3185_,6.08µm
_0842_,6.06µm
_1159_,6.06µm
_1804_,6.06µm
_2175_,6.06µm
_2390_,6.06µm
_2422_,6.06µm
_2661_,6.06µm
u_write_arbiter.w_buf_data\[86\],6.04µm
net578,6.04µm
_3135_,6.02µm
clknet_leaf_60_aclk,6.02µm
s_axi_bresp[2],5.99µm
s_axi_rdata[118],5.99µm
_3118_,5.98µm
_3197_,5.98µm
_3200_,5.98µm
net324,5.98µm
cfg_age_threshold[5],5.97µm
m_axi_bvalid[0],5.97µm
s_axi_araddr[116],5.97µm
s_axi_araddr[117],5.97µm
s_axi_araddr[122],5.97µm
s_axi_araddr[123],5.97µm
s_axi_araddr[24],5.97µm
s_axi_araddr[28],5.97µm
s_axi_araddr[31],5.97µm
s_axi_araddr[85],5.97µm
s_axi_awaddr[107],5.97µm
s_axi_awaddr[1],5.97µm
s_axi_awaddr[32],5.97µm
s_axi_awaddr[68],5.97µm
s_axi_awprot[3],5.97µm
s_axi_awprot[5],5.97µm
s_axi_awprot[9],5.97µm
s_axi_rdata[37],5.97µm
s_axi_rdata[40],5.97µm
s_axi_rdata[73],5.97µm
s_axi_rdata[7],5.97µm
s_axi_rdata[87],5.97µm
s_axi_rdata[88],5.97µm
s_axi_wstrb[11],5.97µm
s_axi_wstrb[4],5.97µm
_0018_,5.96µm
_0032_,5.96µm
_0098_,5.96µm
_0111_,5.96µm
_0413_,5.96µm
_0971_,5.96µm
_0622_,5.955µm
_0521_,5.94µm
_0528_,5.94µm
_0666_,5.94µm
_1629_,5.94µm
net206,5.94µm
_0321_,5.92µm
_0577_,5.86µm
_0752_,5.86µm
_1167_,5.86µm
_1231_,5.86µm
_1320_,5.86µm
_1940_,5.86µm
_2854_,5.86µm
_3226_,5.86µm
net1003,5.86µm
_1675_,5.85µm
_0096_,5.84µm
_0154_,5.84µm
_1025_,5.84µm
_1240_,5.84µm
_1417_,5.84µm
_1464_,5.84µm
_1655_,5.84µm
_2104_,5.84µm
_2628_,5.84µm
_2695_,5.84µm
_2714_,5.84µm
_2821_,5.84µm
_3169_,5.84µm
_3204_,5.84µm
_3221_,5.84µm
_3240_,5.84µm
u_write_arbiter.u_write_qos.age_m1\[5\],5.84µm
_0424_,5.82µm
_2437_,5.82µm
net933,5.82µm
_0048_,5.8µm
_0334_,5.8µm
_0384_,5.8µm
_0537_,5.8µm
_0832_,5.8µm
_0956_,5.8µm
_0987_,5.8µm
_1218_,5.8µm
_1638_,5.8µm
_1911_,5.8µm
_1922_,5.8µm
_2097_,5.8µm
_2114_,5.8µm
_2152_,5.8µm
_2537_,5.8µm
_2611_,5.8µm
_2704_,5.8µm
_2725_,5.8µm
_2726_,5.8µm
_2756_,5.8µm
_2803_,5.8µm
_3130_,5.8µm
net37,5.8µm
net870,5.8µm
net1042,5.8µm
net1060,5.8µm
_1462_,5.78µm
s_axi_rdata[52],5.77µm
_1002_,5.74µm
_1946_,5.74µm
net1107,5.74µm
_0202_,5.72µm
_0860_,5.72µm
_0886_,5.72µm
_0943_,5.72µm
_1086_,5.72µm
_1630_,5.72µm
_2103_,5.72µm
_2188_,5.72µm
_2396_,5.72µm
_2816_,5.72µm
_2899_,5.72µm
_2940_,5.72µm
_3244_,5.72µm
u_write_arbiter.aw_buf_addr\[110\],5.72µm
net43,5.72µm
net79,5.72µm
net653,5.72µm
net878,5.72µm
net1099,5.72µm
_0792_,5.7µm
_0914_,5.7µm
_0975_,5.7µm
_1604_,5.7µm
_2621_,5.7µm
_2919_,5.7µm
net1087,5.7µm
_0889_,5.68µm
_0951_,5.68µm
_1448_,5.68µm
_1691_,5.68µm
_1731_,5.68µm
_2061_,5.68µm
_2129_,5.68µm
_2322_,5.68µm
_2389_,5.68µm
_2507_,5.68µm
_2528_,5.68µm
_2630_,5.68µm
_2660_,5.68µm
_2670_,5.68µm
_2709_,5.68µm
_2772_,5.68µm
_3207_,5.68µm
m_axi_araddr[51],5.65µm
s_axi_arready[1],5.65µm
s_axi_rdata[45],5.65µm
s_axi_rdata[95],5.65µm
s_axi_rdata[99],5.65µm
cfg_age_threshold[1],5.63µm
m_axi_awaddr[50],5.63µm
m_axi_awready[0],5.63µm
m_axi_wdata[47],5.63µm
m_axi_wdata[4],5.63µm
s_axi_araddr[120],5.63µm
s_axi_araddr[121],5.63µm
s_axi_arprot[2],5.63µm
s_axi_arprot[8],5.63µm
s_axi_awaddr[99],5.63µm
s_axi_rdata[110],5.63µm
s_axi_rdata[38],5.63µm
s_axi_rdata[43],5.63µm
s_axi_rdata[46],5.63µm
s_axi_rready[0],5.63µm
_0795_,5.62µm
_1396_,5.62µm
net312,5.62µm
net1114,5.62µm
_0035_,5.6µm
_0362_,5.6µm
_0748_,5.6µm
_1742_,5.6µm
_2434_,5.6µm
_2768_,5.6µm
_2985_,5.6µm
net31,5.6µm
net649,5.6µm
net887,5.6µm
_1437_,5.58µm
_0810_,5.54µm
_2939_,5.52µm
net1209,5.52µm
net1214,5.52µm
_0241_,5.5µm
_0301_,5.5µm
_0344_,5.5µm
_0515_,5.5µm
_0890_,5.5µm
_0780_,5.48µm
_1426_,5.48µm
_2571_,5.48µm
_2784_,5.48µm
net877,5.48µm
_0020_,5.46µm
_0180_,5.46µm
_0339_,5.46µm
_0682_,5.46µm
_2289_,5.46µm
_2418_,5.46µm
cfg_age_threshold[6],5.41µm
cfg_weight_m3[2],5.41µm
s_axi_araddr[20],5.41µm
s_axi_araddr[26],5.41µm
s_axi_awvalid[2],5.41µm
_1124_,5.4µm
_2364_,5.4µm
_2586_,5.4µm
net976,5.4µm
net990,5.4µm
net1004,5.4µm
net1071,5.4µm
_0001_,5.38µm
_0102_,5.38µm
_0110_,5.38µm
_0207_,5.38µm
_0823_,5.38µm
_1059_,5.38µm
_1364_,5.38µm
_1440_,5.38µm
_1512_,5.38µm
_1757_,5.38µm
_2026_,5.38µm
_2085_,5.38µm
_2124_,5.38µm
_2127_,5.38µm
_2209_,5.38µm
_2746_,5.38µm
u_write_arbiter.aw_buf_addr\[100\],5.38µm
net576,5.38µm
net918,5.38µm
net1170,5.38µm
net1241,5.38µm
net1265,5.38µm
s_axi_awprot[1],5.37µm
_2115_,5.36µm
_2214_,5.36µm
_2573_,5.36µm
_0240_,5.34µm
_0242_,5.34µm
_0286_,5.34µm
_0294_,5.34µm
_0348_,5.34µm
_0487_,5.34µm
_0696_,5.34µm
_0888_,5.34µm
_1284_,5.34µm
_1420_,5.34µm
_1615_,5.34µm
_1686_,5.34µm
_1714_,5.34µm
_1759_,5.34µm
_1833_,5.34µm
_2543_,5.34µm
_2637_,5.34µm
_2648_,5.34µm
_2663_,5.34µm
_2744_,5.34µm
_2758_,5.34µm
_2767_,5.34µm
_2790_,5.34µm
_2813_,5.34µm
_2890_,5.34µm
_3238_,5.34µm
net90,5.34µm
net998,5.34µm
net999,5.34µm
net1046,5.34µm
net1055,5.34µm
net1131,5.34µm
net1191,5.34µm
s_axi_arprot[11],5.31µm
s_axi_arprot[6],5.31µm
s_axi_rresp[3],5.31µm
s_axi_rvalid[2],5.31µm
aresetn,5.29µm
cfg_weight_m1[0],5.29µm
m_axi_araddr[11],5.29µm
m_axi_araddr[18],5.29µm
m_axi_araddr[25],5.29µm
m_axi_araddr[27],5.29µm
m_axi_araddr[43],5.29µm
m_axi_araddr[60],5.29µm
m_axi_awaddr[37],5.29µm
m_axi_awaddr[59],5.29µm
m_axi_wdata[10],5.29µm
m_axi_wdata[11],5.29µm
m_axi_wdata[14],5.29µm
m_axi_wdata[18],5.29µm
m_axi_wdata[20],5.29µm
m_axi_wdata[23],5.29µm
m_axi_wdata[2],5.29µm
m_axi_wdata[32],5.29µm
m_axi_wdata[3],5.29µm
m_axi_wdata[44],5.29µm
m_axi_wdata[46],5.29µm
m_axi_wdata[49],5.29µm
m_axi_wdata[55],5.29µm
m_axi_wdata[60],5.29µm
m_axi_wdata[61],5.29µm
m_axi_wdata[8],5.29µm
m_axi_wdata[9],5.29µm
m_axi_wstrb[0],5.29µm
m_axi_wstrb[3],5.29µm
m_axi_wstrb[6],5.29µm
m_axi_wstrb[7],5.29µm
m_axi_wvalid[0],5.29µm
s_axi_araddr[111],5.29µm
s_axi_araddr[21],5.29µm
s_axi_araddr[23],5.29µm
s_axi_araddr[52],5.29µm
s_axi_araddr[55],5.29µm
s_axi_araddr[63],5.29µm
s_axi_araddr[84],5.29µm
s_axi_araddr[90],5.29µm
s_axi_araddr[91],5.29µm
s_axi_arprot[7],5.29µm
s_axi_arready[0],5.29µm
s_axi_awaddr[101],5.29µm
s_axi_awaddr[106],5.29µm
s_axi_awaddr[74],5.29µm
s_axi_awaddr[76],5.29µm
s_axi_bresp[5],5.29µm
s_axi_bresp[6],5.29µm
s_axi_bvalid[1],5.29µm
s_axi_bvalid[2],5.29µm
s_axi_rdata[100],5.29µm
s_axi_rdata[104],5.29µm
s_axi_rdata[107],5.29µm
s_axi_rdata[10],5.29µm
s_axi_rdata[114],5.29µm
s_axi_rdata[117],5.29µm
s_axi_rdata[11],5.29µm
s_axi_rdata[127],5.29µm
s_axi_rdata[19],5.29µm
s_axi_rdata[28],5.29µm
s_axi_rdata[32],5.29µm
s_axi_rdata[35],5.29µm
s_axi_rdata[36],5.29µm
s_axi_rdata[3],5.29µm
s_axi_rdata[56],5.29µm
s_axi_rdata[63],5.29µm
s_axi_rdata[65],5.29µm
s_axi_rdata[6],5.29µm
s_axi_rdata[76],5.29µm
s_axi_rdata[78],5.29µm
s_axi_rdata[82],5.29µm
s_axi_rdata[89],5.29µm
s_axi_rdata[90],5.29µm
s_axi_rdata[96],5.29µm
s_axi_rdata[98],5.29µm
s_axi_rresp[0],5.29µm
s_axi_rresp[6],5.29µm
s_axi_rvalid[0],5.29µm
s_axi_rvalid[3],5.29µm
s_axi_wready[0],5.29µm
s_axi_wstrb[13],5.29µm
s_axi_wstrb[6],5.29µm
_0199_,5.28µm
_1161_,5.28µm
_1206_,5.28µm
net47,5.28µm
_0201_,5.26µm
_0791_,5.26µm
_0855_,5.26µm
_0871_,5.26µm
_1003_,5.26µm
_1093_,5.26µm
_1724_,5.26µm
_2216_,5.26µm
_2804_,5.26µm
_3048_,5.26µm
_3105_,5.26µm
_3120_,5.26µm
_3173_,5.26µm
net50,5.26µm
net278,5.26µm
net964,5.26µm
net1075,5.26µm
_1669_,5.24µm
_0404_,5.225µm
_0602_,5.22µm
_0911_,5.22µm
_0989_,5.22µm
_1123_,5.22µm
_1194_,5.22µm
_1302_,5.22µm
_1416_,5.22µm
_1423_,5.22µm
_1817_,5.22µm
_1830_,5.22µm
_1909_,5.22µm
_1949_,5.22µm
_2017_,5.22µm
_2331_,5.22µm
_2383_,5.22µm
_2393_,5.22µm
_2626_,5.22µm
_2689_,5.22µm
_2699_,5.22µm
_2708_,5.22µm
_2749_,5.22µm
_2776_,5.22µm
_2830_,5.22µm
_2925_,5.22µm
_3233_,5.22µm
net789,5.22µm
net1103,5.22µm
_0517_,5.17µm
_0954_,5.17µm
_2318_,5.16µm
_2747_,5.16µm
_2975_,5.16µm
net339,5.16µm
net538,5.16µm
_0108_,5.14µm
_0360_,5.14µm
_0604_,5.14µm
_1622_,5.14µm
_1740_,5.14µm
_2041_,5.14µm
net1169,5.14µm
net1211,5.14µm
_1824_,5.1µm
_2174_,5.1µm
_3144_,5.1µm
s_axi_wvalid[2],5.07µm
_0852_,5.06µm
_3100_,5.06µm
_0023_,5.04µm
_0085_,5.04µm
_0120_,5.04µm
_0387_,5.04µm
_0393_,5.04µm
_0432_,5.04µm
_0483_,5.04µm
_0506_,5.04µm
net1204,5.04µm
net1230,5.04µm
_0192_,5.02µm
_0298_,5µm
_0366_,5µm
_0685_,5µm
_1578_,5µm
net1140,5µm
net40,4.98µm
m_axi_awaddr[35],4.95µm
m_axi_awaddr[6],4.95µm
m_axi_awprot[4],4.95µm
m_axi_bresp[0],4.95µm
m_axi_bresp[1],4.95µm
m_axi_wdata[19],4.95µm
m_axi_wdata[22],4.95µm
m_axi_wdata[34],4.95µm
m_axi_wdata[36],4.95µm
m_axi_wdata[38],4.95µm
m_axi_wdata[52],4.95µm
m_axi_wdata[54],4.95µm
m_axi_wdata[59],4.95µm
m_axi_wdata[63],4.95µm
m_axi_wdata[7],4.95µm
m_axi_wstrb[2],4.95µm
s_axi_araddr[11],4.95µm
s_axi_araddr[124],4.95µm
s_axi_araddr[43],4.95µm
s_axi_araddr[93],4.95µm
s_axi_awaddr[108],4.95µm
s_axi_awaddr[98],4.95µm
s_axi_awprot[0],4.95µm
s_axi_bready[3],4.95µm
s_axi_bresp[3],4.95µm
s_axi_bvalid[0],4.95µm
s_axi_rdata[112],4.95µm
s_axi_rdata[115],4.95µm
s_axi_rdata[48],4.95µm
s_axi_rdata[69],4.95µm
s_axi_rdata[74],4.95µm
s_axi_wdata[99],4.95µm
s_axi_wdata[9],4.95µm
_0459_,4.94µm
_1126_,4.94µm
_1133_,4.94µm
_1403_,4.94µm
_1498_,4.94µm
_1501_,4.94µm
_1986_,4.94µm
_2012_,4.94µm
_2165_,4.94µm
_2394_,4.94µm
_2577_,4.94µm
_3028_,4.94µm
net830,4.94µm
_0010_,4.92µm
_0024_,4.92µm
_0039_,4.92µm
_0046_,4.92µm
_0084_,4.92µm
_0086_,4.92µm
_0107_,4.92µm
_0121_,4.92µm
_0138_,4.92µm
_0206_,4.92µm
_0490_,4.92µm
_0969_,4.92µm
_1220_,4.92µm
_1221_,4.92µm
_1352_,4.92µm
_1460_,4.92µm
_1634_,4.92µm
_1916_,4.92µm
_2375_,4.92µm
_2615_,4.92µm
_2649_,4.92µm
_3013_,4.92µm
_3215_,4.92µm
net700,4.92µm
net713,4.92µm
net716,4.92µm
net977,4.92µm
_1835_,4.9µm
_2536_,4.9µm
_2778_,4.9µm
_3116_,4.9µm
u_write_arbiter.u_write_qos.rr_ptr\[1\],4.9µm
net936,4.9µm
_0189_,4.88µm
_0224_,4.88µm
_0345_,4.88µm
_0690_,4.88µm
_0831_,4.88µm
_0949_,4.88µm
_0981_,4.88µm
_1260_,4.88µm
_1295_,4.88µm
_1559_,4.88µm
_1859_,4.88µm
_1865_,4.88µm
_1910_,4.88µm
_2067_,4.88µm
_2169_,4.88µm
_2378_,4.88µm
_2444_,4.88µm
_2741_,4.88µm
_3085_,4.88µm
_3246_,4.88µm
net78,4.88µm
net560,4.88µm
net1029,4.88µm
net1069,4.88µm
net1081,4.88µm
net1084,4.88µm
net1100,4.88µm
net1231,4.88µm
_0822_,4.82µm
_2502_,4.82µm
_2737_,4.82µm
_3196_,4.82µm
net89,4.82µm
_0208_,4.8µm
_0514_,4.8µm
_0562_,4.8µm
_0625_,4.8µm
_0808_,4.8µm
_0937_,4.8µm
_1183_,4.8µm
_1971_,4.8µm
_2049_,4.8µm
_2234_,4.8µm
_2243_,4.8µm
_2255_,4.8µm
_2297_,4.8µm
_2850_,4.8µm
_3079_,4.8µm
u_write_arbiter.aw_buf_addr\[101\],4.8µm
net56,4.8µm
net95,4.8µm
net138,4.8µm
net639,4.8µm
net888,4.8µm
net922,4.8µm
net958,4.8µm
net967,4.8µm
net974,4.8µm
net992,4.8µm
net1056,4.8µm
net1067,4.8µm
net1078,4.8µm
net1111,4.8µm
net1164,4.8µm
net1166,4.8µm
net1203,4.8µm
net1252,4.8µm
_0692_,4.76µm
_1421_,4.76µm
_1660_,4.76µm
_1667_,4.76µm
_1737_,4.76µm
_1799_,4.76µm
_1919_,4.76µm
_1956_,4.76µm
_2029_,4.76µm
_2088_,4.76µm
_2091_,4.76µm
_2388_,4.76µm
_2443_,4.76µm
_2492_,4.76µm
_2570_,4.76µm
_2652_,4.76µm
_2703_,4.76µm
_2706_,4.76µm
_2942_,4.76µm
_3075_,4.76µm
_2254_,4.75µm
cfg_age_threshold[0],4.73µm
cfg_age_threshold[2],4.73µm
cfg_weight_m3[0],4.73µm
cfg_weight_m3[1],4.73µm
s_axi_arvalid[0],4.73µm
s_axi_awaddr[25],4.73µm
_3152_,4.71µm
_1156_,4.7µm
_1199_,4.7µm
_1933_,4.7µm
_2408_,4.7µm
net484,4.7µm
_0131_,4.68µm
_0446_,4.68µm
_0606_,4.68µm
_0868_,4.68µm
_0875_,4.68µm
_0993_,4.68µm
net46,4.68µm
net398,4.68µm
net405,4.68µm
net876,4.68µm
_1820_,4.66µm
m_axi_araddr[17],4.61µm
m_axi_araddr[23],4.61µm
m_axi_araddr[24],4.61µm
m_axi_araddr[40],4.61µm
m_axi_araddr[44],4.61µm
m_axi_araddr[50],4.61µm
m_axi_araddr[57],4.61µm
m_axi_araddr[58],4.61µm
m_axi_araddr[59],4.61µm
m_axi_awaddr[18],4.61µm
m_axi_awaddr[26],4.61µm
m_axi_awaddr[38],4.61µm
m_axi_awprot[0],4.61µm
m_axi_awprot[1],4.61µm
m_axi_awprot[5],4.61µm
m_axi_awvalid[0],4.61µm
m_axi_awvalid[1],4.61µm
m_axi_bready[0],4.61µm
m_axi_bready[1],4.61µm
m_axi_wdata[0],4.61µm
m_axi_wdata[12],4.61µm
m_axi_wdata[13],4.61µm
m_axi_wdata[17],4.61µm
m_axi_wdata[1],4.61µm
m_axi_wdata[21],4.61µm
m_axi_wdata[28],4.61µm
m_axi_wdata[29],4.61µm
m_axi_wdata[30],4.61µm
m_axi_wdata[31],4.61µm
m_axi_wdata[33],4.61µm
m_axi_wdata[35],4.61µm
m_axi_wdata[37],4.61µm
m_axi_wdata[39],4.61µm
m_axi_wdata[40],4.61µm
m_axi_wdata[42],4.61µm
m_axi_wdata[43],4.61µm
m_axi_wdata[45],4.61µm
m_axi_wdata[51],4.61µm
m_axi_wdata[53],4.61µm
m_axi_wdata[56],4.61µm
m_axi_wdata[58],4.61µm
m_axi_wready[0],4.61µm
m_axi_wstrb[1],4.61µm
m_axi_wstrb[5],4.61µm
m_axi_wvalid[1],4.61µm
s_axi_araddr[118],4.61µm
s_axi_araddr[53],4.61µm
s_axi_araddr[56],4.61µm
s_axi_araddr[79],4.61µm
s_axi_araddr[92],4.61µm
s_axi_arprot[9],4.61µm
s_axi_arready[3],4.61µm
s_axi_awaddr[37],4.61µm
s_axi_awaddr[3],4.61µm
s_axi_awaddr[65],4.61µm
s_axi_awaddr[67],4.61µm
s_axi_awaddr[97],4.61µm
s_axi_awprot[2],4.61µm
s_axi_awprot[6],4.61µm
s_axi_awready[0],4.61µm
s_axi_bready[2],4.61µm
s_axi_bresp[1],4.61µm
s_axi_bresp[7],4.61µm
s_axi_bvalid[3],4.61µm
s_axi_rdata[102],4.61µm
s_axi_rdata[103],4.61µm
s_axi_rdata[106],4.61µm
s_axi_rdata[109],4.61µm
s_axi_rdata[113],4.61µm
s_axi_rdata[119],4.61µm
s_axi_rdata[121],4.61µm
s_axi_rdata[122],4.61µm
s_axi_rdata[125],4.61µm
s_axi_rdata[13],4.61µm
s_axi_rdata[14],4.61µm
s_axi_rdata[15],4.61µm
s_axi_rdata[16],4.61µm
s_axi_rdata[1],4.61µm
s_axi_rdata[20],4.61µm
s_axi_rdata[33],4.61µm
s_axi_rdata[42],4.61µm
s_axi_rdata[47],4.61µm
s_axi_rdata[4],4.61µm
s_axi_rdata[51],4.61µm
s_axi_rdata[55],4.61µm
s_axi_rdata[67],4.61µm
s_axi_rdata[68],4.61µm
s_axi_rdata[79],4.61µm
s_axi_rdata[80],4.61µm
s_axi_rdata[83],4.61µm
s_axi_rdata[85],4.61µm
s_axi_rdata[86],4.61µm
s_axi_rdata[8],4.61µm
s_axi_rdata[93],4.61µm
s_axi_rdata[94],4.61µm
s_axi_rready[3],4.61µm
s_axi_wready[3],4.61µm
_0077_,4.6µm
_0726_,4.6µm
_0946_,4.6µm
_3030_,4.6µm
net1150,4.6µm
_0116_,4.58µm
_0141_,4.58µm
_0164_,4.58µm
_0974_,4.58µm
_0491_,4.56µm
_2551_,4.56µm
_2856_,4.56µm
u_write_arbiter.aw_buf_addr\[111\],4.56µm
_0028_,4.54µm
_0044_,4.54µm
_0205_,4.54µm
_0254_,4.54µm
_0320_,4.54µm
_0330_,4.54µm
_0440_,4.54µm
_1322_,4.54µm
_0548_,4.48µm
_0668_,4.48µm
_1350_,4.48µm
_1901_,4.48µm
_2361_,4.48µm
_2379_,4.48µm
_2567_,4.48µm
_2989_,4.48µm
_0038_,4.46µm
_0079_,4.46µm
_0097_,4.46µm
_0103_,4.46µm
_0112_,4.46µm
_0896_,4.46µm
_1020_,4.46µm
_1154_,4.46µm
_1170_,4.46µm
_1277_,4.46µm
_1510_,4.46µm
_1988_,4.46µm
_2125_,4.46µm
_2232_,4.46µm
_2499_,4.46µm
_2605_,4.46µm
_3029_,4.46µm
_3139_,4.46µm
_3145_,4.46µm
net707,4.46µm
net817,4.46µm
net824,4.46µm
net829,4.46µm
net856,4.46µm
net860,4.46µm
net886,4.46µm
net902,4.46µm
net912,4.46µm
net924,4.46µm
net1048,4.46µm
net1145,4.46µm
net1149,4.46µm
_2069_,4.44µm
_0043_,4.42µm
_0163_,4.42µm
_0332_,4.42µm
_0794_,4.42µm
_0879_,4.42µm
_1292_,4.42µm
_1360_,4.42µm
_1431_,4.42µm
_1514_,4.42µm
_1522_,4.42µm
_1608_,4.42µm
_1704_,4.42µm
_2023_,4.42µm
_2075_,4.42µm
_2192_,4.42µm
_2419_,4.42µm
_2452_,4.42µm
_2698_,4.42µm
_2710_,4.42µm
_2806_,4.42µm
net74,4.42µm
net1077,4.42µm
net1182,4.42µm
cfg_age_threshold[7],4.39µm
s_axi_awvalid[0],4.39µm
_1407_,4.36µm
_1738_,4.36µm
_1815_,4.36µm
_2481_,4.36µm
_2491_,4.36µm
_2836_,4.36µm
_3206_,4.36µm
net83,4.36µm
_0228_,4.34µm
_0747_,4.34µm
_0995_,4.34µm
_1051_,4.34µm
_1323_,4.34µm
_1325_,4.34µm
_1739_,4.34µm
_1744_,4.34µm
_1806_,4.34µm
_1934_,4.34µm
_2100_,4.34µm
_2190_,4.34µm
_2593_,4.34µm
_2642_,4.34µm
_2853_,4.34µm
_2858_,4.34µm
_2868_,4.34µm
_3067_,4.34µm
_3141_,4.34µm
net210,4.34µm
net559,4.34µm
net574,4.34µm
net648,4.34µm
net803,4.34µm
net820,4.34µm
net827,4.34µm
net839,4.34µm
net840,4.34µm
net846,4.34µm
net848,4.34µm
net911,4.34µm
net914,4.34µm
net965,4.34µm
net1007,4.34µm
net1036,4.34µm
net1065,4.34µm
net1110,4.34µm
net1153,4.34µm
net1255,4.34µm
net1263,4.34µm
m_axi_araddr[14],4.27µm
m_axi_araddr[56],4.27µm
m_axi_araddr[61],4.27µm
m_axi_awaddr[27],4.27µm
m_axi_awaddr[34],4.27µm
m_axi_awprot[3],4.27µm
m_axi_bresp[3],4.27µm
m_axi_wdata[15],4.27µm
m_axi_wdata[48],4.27µm
m_axi_wdata[5],4.27µm
m_axi_wdata[6],4.27µm
s_axi_araddr[125],4.27µm
s_axi_araddr[57],4.27µm
s_axi_araddr[58],4.27µm
s_axi_araddr[75],4.27µm
s_axi_araddr[87],4.27µm
s_axi_araddr[95],4.27µm
s_axi_arprot[1],4.27µm
s_axi_awaddr[2],4.27µm
s_axi_awaddr[70],4.27µm
s_axi_awprot[8],4.27µm
s_axi_bresp[0],4.27µm
s_axi_rdata[105],4.27µm
s_axi_rdata[124],4.27µm
s_axi_rdata[18],4.27µm
s_axi_rdata[21],4.27µm
s_axi_rdata[23],4.27µm
s_axi_rdata[25],4.27µm
s_axi_rdata[2],4.27µm
s_axi_rdata[31],4.27µm
s_axi_rdata[57],4.27µm
s_axi_rdata[75],4.27µm
s_axi_rdata[77],4.27µm
s_axi_rresp[7],4.27µm
_1422_,4.24µm
_3150_,4.24µm
_0041_,4.22µm
_0150_,4.22µm
_0185_,4.22µm
_0410_,4.22µm
_0421_,4.22µm
_0574_,4.22µm
_0720_,4.22µm
_0903_,4.22µm
_1425_,4.22µm
_2451_,4.22µm
_2802_,4.22µm
net623,4.22µm
net1228,4.22µm
_1060_,4.2µm
net1227,4.2µm
_0153_,4.145µm
_1808_,4.14µm
_1975_,4.14µm
_2884_,4.14µm
_0074_,4.12µm
_0088_,4.12µm
_0092_,4.12µm
_0161_,4.12µm
_0166_,4.12µm
_0352_,4.12µm
_0372_,4.12µm
_0458_,4.12µm
_0485_,4.12µm
_0488_,4.12µm
_1404_,4.12µm
_2406_,4.12µm
_2983_,4.12µm
_3081_,4.12µm
net1176,4.12µm
net1210,4.12µm
_0442_,4.1µm
_0532_,4.1µm
_1048_,4.1µm
_3064_,4.1µm
net77,4.095µm
_0037_,4.08µm
_0186_,4.08µm
_0253_,4.08µm
_0425_,4.08µm
_0457_,4.08µm
_0501_,4.08µm
_0812_,4.02µm
_0834_,4.02µm
_1160_,4.02µm
_1163_,4.02µm
_1345_,4.02µm
_1682_,4.02µm
_1812_,4.02µm
_1845_,4.02µm
_1930_,4.02µm
_2081_,4.02µm
_2207_,4.02µm
_2417_,4.02µm
_2587_,4.02µm
net444,4.02µm
net486,4.02µm
net546,4.02µm
net845,4.02µm
net869,4.02µm
net1092,4.02µm
_0000_,4µm
_0002_,4µm
_0014_,4µm
_0015_,4µm
_0025_,4µm
_0033_,4µm
_0078_,4µm
_0119_,4µm
_0124_,4µm
_0233_,4µm
_0284_,4µm
_0350_,4µm
_0399_,4µm
_0492_,4µm
_0849_,4µm
_1056_,4µm
_1098_,4µm
_1131_,4µm
_1189_,4µm
_1453_,4µm
_1468_,4µm
_1600_,4µm
_1720_,4µm
_1725_,4µm
_2018_,4µm
_2050_,4µm
_2056_,4µm
_2109_,4µm
_2162_,4µm
_2185_,4µm
_2266_,4µm
_2313_,4µm
_2326_,4µm
_2358_,4µm
_2391_,4µm
_2591_,4µm
_2617_,4µm
_2627_,4µm
_2666_,4µm
_2669_,4µm
_2700_,4µm
net126,4µm
net572,4µm
net934,4µm
net1194,4µm
_3040_,3.98µm
u_read_arbiter.u_read_qos.age_m2\[3\],3.98µm
cfg_age_threshold[3],3.93µm
cfg_weight_m1[1],3.93µm
cfg_weight_m1[2],3.93µm
m_axi_araddr[20],3.93µm
m_axi_araddr[21],3.93µm
m_axi_araddr[29],3.93µm
m_axi_araddr[31],3.93µm
m_axi_araddr[46],3.93µm
m_axi_araddr[47],3.93µm
m_axi_araddr[49],3.93µm
m_axi_araddr[52],3.93µm
m_axi_araddr[53],3.93µm
m_axi_araddr[54],3.93µm
m_axi_araddr[63],3.93µm
m_axi_araddr[8],3.93µm
m_axi_awaddr[53],3.93µm
m_axi_awready[1],3.93µm
m_axi_wdata[16],3.93µm
m_axi_wdata[24],3.93µm
m_axi_wdata[26],3.93µm
m_axi_wdata[27],3.93µm
m_axi_wdata[41],3.93µm
m_axi_wdata[50],3.93µm
m_axi_wdata[62],3.93µm
s_axi_araddr[119],3.93µm
s_axi_araddr[27],3.93µm
s_axi_araddr[59],3.93µm
s_axi_araddr[88],3.93µm
s_axi_awready[2],3.93µm
s_axi_rdata[0],3.93µm
s_axi_rdata[101],3.93µm
s_axi_rdata[116],3.93µm
s_axi_rdata[123],3.93µm
s_axi_rdata[126],3.93µm
s_axi_rdata[24],3.93µm
s_axi_rdata[26],3.93µm
s_axi_rdata[27],3.93µm
s_axi_rdata[29],3.93µm
s_axi_rdata[39],3.93µm
s_axi_rdata[41],3.93µm
s_axi_rdata[50],3.93µm
s_axi_rdata[53],3.93µm
s_axi_rdata[58],3.93µm
s_axi_rdata[59],3.93µm
s_axi_rdata[60],3.93µm
s_axi_rdata[61],3.93µm
s_axi_rdata[62],3.93µm
s_axi_rdata[64],3.93µm
s_axi_rdata[66],3.93µm
s_axi_rdata[81],3.93µm
s_axi_rdata[84],3.93µm
s_axi_rdata[91],3.93µm
s_axi_rdata[9],3.93µm
s_axi_rready[1],3.93µm
s_axi_rready[2],3.93µm
s_axi_rresp[2],3.93µm
s_axi_rresp[4],3.93µm
s_axi_rresp[5],3.93µm
s_axi_rvalid[1],3.93µm
s_axi_wready[2],3.93µm
_1121_,3.9µm
_2607_,3.9µm
_0331_,3.88µm
_0377_,3.88µm
_0389_,3.88µm
_0407_,3.88µm
_0814_,3.88µm
_1013_,3.88µm
_1169_,3.88µm
_1560_,3.88µm
_1631_,3.88µm
_1763_,3.88µm
_2006_,3.88µm
_2158_,3.88µm
_2276_,3.88µm
_3042_,3.88µm
_3219_,3.88µm
net87,3.88µm
net169,3.88µm
net195,3.88µm
net224,3.88µm
net235,3.88µm
net568,3.88µm
net629,3.88µm
net706,3.88µm
net708,3.88µm
net710,3.88µm
net718,3.88µm
net719,3.88µm
net723,3.88µm
net726,3.88µm
net766,3.88µm
net790,3.88µm
net819,3.88µm
net850,3.88µm
net951,3.88µm
net968,3.88µm
net982,3.88µm
net988,3.88µm
net996,3.88µm
net1121,3.88µm
net1123,3.88µm
net1125,3.88µm
net1173,3.88µm
net1192,3.88µm
net1206,3.88µm
net1207,3.88µm
net1212,3.88µm
net1229,3.88µm
net1232,3.88µm
_2999_,3.86µm
_0472_,3.845µm
_0556_,3.78µm
_2306_,3.78µm
_2799_,3.78µm
_3236_,3.78µm
net307,3.78µm
_0144_,3.76µm
_0145_,3.76µm
_0227_,3.76µm
_0261_,3.76µm
_0326_,3.76µm
_0338_,3.76µm
_0351_,3.76µm
_0876_,3.76µm
_1228_,3.76µm
_1598_,3.76µm
_1603_,3.76µm
_1730_,3.76µm
_1746_,3.76µm
_2797_,3.76µm
_3010_,3.76µm
net1104,3.76µm
_2291_,3.74µm
_0560_,3.68µm
_0603_,3.68µm
_0642_,3.68µm
_0716_,3.68µm
_1717_,3.68µm
_1847_,3.68µm
_2161_,3.68µm
_3121_,3.68µm
_3122_,3.68µm
_3161_,3.68µm
_0090_,3.66µm
_0113_,3.66µm
_0128_,3.66µm
_0355_,3.66µm
_0385_,3.66µm
_0461_,3.66µm
_0495_,3.66µm
_0513_,3.66µm
_0568_,3.66µm
_3178_,3.66µm
_0463_,3.64µm
_0509_,3.64µm
_2321_,3.64µm
u_write_arbiter.aw_buf_addr\[75\],3.64µm
_0395_,3.565µm
_0701_,3.56µm
_0809_,3.56µm
_0927_,3.56µm
_0957_,3.56µm
_0985_,3.56µm
_1285_,3.56µm
_1743_,3.56µm
_2002_,3.56µm
_2181_,3.56µm
_2200_,3.56µm
_2251_,3.56µm
_2320_,3.56µm
_2376_,3.56µm
_3117_,3.56µm
net834,3.56µm
net835,3.56µm
_0182_,3.545µm
_0006_,3.54µm
_0031_,3.54µm
_0114_,3.54µm
_0125_,3.54µm
_0149_,3.54µm
_0263_,3.54µm
_0293_,3.54µm
_0361_,3.54µm
_0392_,3.54µm
_0746_,3.54µm
_0785_,3.54µm
_0948_,3.54µm
_0959_,3.54µm
_1053_,3.54µm
_1175_,3.54µm
_1318_,3.54µm
_1400_,3.54µm
_1410_,3.54µm
_1456_,3.54µm
_1623_,3.54µm
_1642_,3.54µm
_1810_,3.54µm
_1832_,3.54µm
_1955_,3.54µm
_2147_,3.54µm
_2426_,3.54µm
_2476_,3.54µm
_2506_,3.54µm
_2541_,3.54µm
_2988_,3.54µm
_2995_,3.54µm
_3014_,3.54µm
net140,3.54µm
net230,3.54µm
net693,3.54µm
net705,3.54µm
net709,3.54µm
net711,3.54µm
net715,3.54µm
net722,3.54µm
net760,3.54µm
net767,3.54µm
net807,3.54µm
net815,3.54µm
net837,3.54µm
net863,3.54µm
net864,3.54µm
net873,3.54µm
net900,3.54µm
net929,3.54µm
net1163,3.54µm
net1243,3.54µm
_1230_,3.44µm
_2458_,3.44µm
_2480_,3.44µm
_2753_,3.44µm
_3053_,3.44µm
net635,3.44µm
net650,3.44µm
_2303_,3.43µm
_0087_,3.42µm
_0147_,3.42µm
_0430_,3.42µm
_0661_,3.42µm
_0675_,3.42µm
_0688_,3.42µm
_0793_,3.42µm
_0817_,3.42µm
_0891_,3.42µm
_0973_,3.42µm
_1066_,3.42µm
_1094_,3.42µm
_1207_,3.42µm
_1715_,3.42µm
_1779_,3.42µm
_1787_,3.42µm
_1853_,3.42µm
_2151_,3.42µm
_2302_,3.42µm
_2319_,3.42µm
_2374_,3.42µm
_2395_,3.42µm
_2423_,3.42µm
_2584_,3.42µm
_2640_,3.42µm
_2730_,3.42µm
_3102_,3.42µm
_3210_,3.42µm
net42,3.42µm
net62,3.42µm
net229,3.42µm
net622,3.42µm
net804,3.42µm
net806,3.42µm
net810,3.42µm
net812,3.42µm
net821,3.42µm
net833,3.42µm
net920,3.42µm
net994,3.42µm
net995,3.42µm
net1018,3.42µm
net1072,3.42µm
net1074,3.42µm
net1085,3.42µm
net1142,3.42µm
net1165,3.42µm
net1189,3.42µm
net1248,3.42µm
net1256,3.42µm
net1261,3.42µm
net1262,3.42µm
_1091_,3.4µm
_2935_,3.4µm
_0276_,3.32µm
_1750_,3.32µm
_3095_,3.32µm
_0016_,3.3µm
_0127_,3.3µm
_0168_,3.3µm
_0291_,3.3µm
_1233_,3.3µm
_1447_,3.3µm
_2329_,3.3µm
net1098,3.3µm
_0777_,3.22µm
_1236_,3.22µm
_1289_,3.22µm
_2354_,3.22µm
_3158_,3.22µm
_3242_,3.22µm
net395,3.22µm
net1017,3.22µm
net1247,3.22µm
_0054_,3.2µm
_0057_,3.2µm
_0101_,3.2µm
_0196_,3.2µm
_0209_,3.2µm
_0213_,3.2µm
_0229_,3.2µm
_0285_,3.2µm
_0297_,3.2µm
_0365_,3.2µm
_0373_,3.2µm
_0408_,3.2µm
_0423_,3.2µm
_0504_,3.2µm
_0516_,3.2µm
_1149_,3.2µm
_2278_,3.2µm
net408,3.2µm
_0165_,3.18µm
_0378_,3.18µm
_2170_,3.18µm
_2370_,3.18µm
_2482_,3.175µm
_2193_,3.14µm
_0398_,3.1µm
_0500_,3.1µm
_1216_,3.1µm
_1321_,3.1µm
_1626_,3.1µm
_1658_,3.1µm
_1748_,3.1µm
_2136_,3.1µm
_2213_,3.1µm
_2842_,3.1µm
_2857_,3.1µm
_2968_,3.1µm
_3004_,3.1µm
_3018_,3.1µm
_3057_,3.1µm
net799,3.1µm
net800,3.1µm
net805,3.1µm
net825,3.1µm
net826,3.1µm
net832,3.1µm
net842,3.1µm
net844,3.1µm
net847,3.1µm
net851,3.1µm
net871,3.1µm
net875,3.1µm
net879,3.1µm
net881,3.1µm
net883,3.1µm
net891,3.1µm
net910,3.1µm
net916,3.1µm
net917,3.1µm
net919,3.1µm
net926,3.1µm
net1063,3.1µm
net1118,3.1µm
_0007_,3.08µm
_0012_,3.08µm
_0036_,3.08µm
_0152_,3.08µm
_0200_,3.08µm
_0218_,3.08µm
_0292_,3.08µm
_0309_,3.08µm
_0312_,3.08µm
_0325_,3.08µm
_0337_,3.08µm
_0380_,3.08µm
_0391_,3.08µm
_0411_,3.08µm
_0420_,3.08µm
_0449_,3.08µm
_0468_,3.08µm
_0671_,3.08µm
_0678_,3.08µm
_0800_,3.08µm
_0825_,3.08µm
_0901_,3.08µm
_1006_,3.08µm
_1201_,3.08µm
_1237_,3.08µm
_1250_,3.08µm
_1354_,3.08µm
_1432_,3.08µm
_1520_,3.08µm
_1547_,3.08µm
_1555_,3.08µm
_1587_,3.08µm
_1595_,3.08µm
_1685_,3.08µm
_1785_,3.08µm
_1843_,3.08µm
_1931_,3.08µm
_2053_,3.08µm
_2280_,3.08µm
_2369_,3.08µm
_2431_,3.08µm
_2525_,3.08µm
_2625_,3.08µm
_2665_,3.08µm
_2717_,3.08µm
_2731_,3.08µm
_2964_,3.08µm
_2969_,3.08µm
_3047_,3.08µm
_3061_,3.08µm
_3151_,3.08µm
_3156_,3.08µm
_3165_,3.08µm
_3224_,3.08µm
_0758_,3.06µm
_1134_,3.06µm
_0251_,2.98µm
_2362_,2.98µm
_2366_,2.98µm
_2503_,2.98µm
_2535_,2.98µm
_2608_,2.98µm
_2618_,2.98µm
_2658_,2.98µm
_2676_,2.98µm
_2740_,2.98µm
_2750_,2.98µm
_2774_,2.98µm
_2808_,2.98µm
_3059_,2.98µm
net76,2.98µm
net539,2.98µm
net562,2.98µm
net563,2.98µm
net565,2.98µm
net575,2.98µm
net581,2.98µm
net690,2.98µm
_0258_,2.96µm
_0315_,2.96µm
_0429_,2.96µm
_0631_,2.96µm
_0650_,2.96µm
_0740_,2.96µm
_0755_,2.96µm
_0844_,2.96µm
_0851_,2.96µm
_0883_,2.96µm
_1064_,2.96µm
_1153_,2.96µm
_1174_,2.96µm
_1557_,2.96µm
_1713_,2.96µm
_1780_,2.96µm
_1836_,2.96µm
_2020_,2.96µm
_2025_,2.96µm
_2270_,2.96µm
_2284_,2.96µm
_2286_,2.96µm
_2342_,2.96µm
_2353_,2.96µm
_2595_,2.96µm
_2613_,2.96µm
_2815_,2.96µm
_3115_,2.96µm
_3126_,2.96µm
_3153_,2.96µm
net70,2.96µm
net101,2.96µm
net117,2.96µm
net201,2.96µm
net317,2.96µm
net362,2.96µm
net566,2.96µm
net621,2.96µm
net627,2.96µm
net673,2.96µm
net818,2.96µm
net1128,2.96µm
net1141,2.96µm
net1144,2.96µm
net1147,2.96µm
net1157,2.96µm
net1172,2.96µm
net1174,2.96µm
net1187,2.96µm
net1188,2.96µm
net1200,2.96µm
net1216,2.96µm
_0447_,2.925µm
_0329_,2.86µm
_2119_,2.86µm
_2869_,2.86µm
_3146_,2.86µm
net268,2.86µm
net39,2.85µm
_0210_,2.84µm
_0238_,2.84µm
_0279_,2.84µm
_0306_,2.84µm
_0324_,2.84µm
_0557_,2.84µm
_1593_,2.84µm
net332,2.84µm
net1102,2.84µm
_0465_,2.76µm
_0499_,2.76µm
_1645_,2.76µm
_1767_,2.76µm
_2272_,2.76µm
_2283_,2.76µm
_3182_,2.76µm
_0027_,2.74µm
_0049_,2.74µm
_0100_,2.74µm
_0115_,2.74µm
_0122_,2.74µm
_0136_,2.74µm
_0159_,2.74µm
_0170_,2.74µm
_0183_,2.74µm
_0198_,2.74µm
_0204_,2.74µm
_0235_,2.74µm
_0267_,2.74µm
_0278_,2.74µm
_0358_,2.74µm
_0396_,2.74µm
_0400_,2.74µm
_0402_,2.74µm
_0409_,2.74µm
_0431_,2.74µm
_0854_,2.74µm
_1506_,2.74µm
net1135,2.74µm
_1770_,2.72µm
_0158_,2.64µm
_0160_,2.64µm
_0171_,2.64µm
_0197_,2.64µm
_0212_,2.64µm
_0234_,2.64µm
_0289_,2.64µm
_0296_,2.64µm
_0313_,2.64µm
_0349_,2.64µm
_0354_,2.64µm
_0437_,2.64µm
_0743_,2.64µm
_1058_,2.64µm
_1185_,2.64µm
_1225_,2.64µm
_1248_,2.64µm
_1251_,2.64µm
_1418_,2.64µm
_1588_,2.64µm
_1591_,2.64µm
_1834_,2.64µm
_2377_,2.64µm
_2457_,2.64µm
_2578_,2.64µm
_2928_,2.64µm
net263,2.64µm
net291,2.64µm
net423,2.64µm
net828,2.64µm
net866,2.64µm
_0076_,2.62µm
_0139_,2.62µm
_0217_,2.62µm
_0223_,2.62µm
_0245_,2.62µm
_0264_,2.62µm
_0310_,2.62µm
_0328_,2.62µm
_0336_,2.62µm
_0353_,2.62µm
_0357_,2.62µm
_0370_,2.62µm
_0390_,2.62µm
_0419_,2.62µm
_0422_,2.62µm
_0460_,2.62µm
_0479_,2.62µm
_0496_,2.62µm
_0498_,2.62µm
_0658_,2.62µm
_0798_,2.62µm
_0853_,2.62µm
_0866_,2.62µm
_0942_,2.62µm
_1063_,2.62µm
_1146_,2.62µm
_1208_,2.62µm
_1367_,2.62µm
_1494_,2.62µm
_1570_,2.62µm
_1640_,2.62µm
_1774_,2.62µm
_2062_,2.62µm
_2072_,2.62µm
_2144_,2.62µm
_2215_,2.62µm
_2261_,2.62µm
_2486_,2.62µm
_2701_,2.62µm
_2855_,2.62µm
_3091_,2.62µm
_3109_,2.62µm
_3134_,2.62µm
_3143_,2.62µm
_3157_,2.62µm
net134,2.62µm
net645,2.62µm
net925,2.62µm
net935,2.62µm
net1190,2.62µm
net1196,2.62µm
_0441_,2.52µm
_0859_,2.52µm
_1107_,2.52µm
_1224_,2.52µm
_1334_,2.52µm
_2385_,2.52µm
_2495_,2.52µm
_2501_,2.52µm
_2504_,2.52µm
_2517_,2.52µm
_2526_,2.52µm
_2590_,2.52µm
_2619_,2.52µm
_2672_,2.52µm
_2707_,2.52µm
_2761_,2.52µm
_2762_,2.52µm
_2786_,2.52µm
_2801_,2.52µm
_3237_,2.52µm
net156,2.52µm
net197,2.52µm
net646,2.52µm
net712,2.52µm
net717,2.52µm
net721,2.52µm
net724,2.52µm
net725,2.52µm
net728,2.52µm
net738,2.52µm
net749,2.52µm
net768,2.52µm
net928,2.52µm
_0417_,2.5µm
_0439_,2.5µm
_0595_,2.5µm
_0662_,2.5µm
_0669_,2.5µm
_1125_,2.5µm
_1128_,2.5µm
_1145_,2.5µm
_1389_,2.5µm
_1394_,2.5µm
_1405_,2.5µm
_1424_,2.5µm
_1492_,2.5µm
_1568_,2.5µm
_1697_,2.5µm
_1936_,2.5µm
_1973_,2.5µm
_2005_,2.5µm
_2030_,2.5µm
_2139_,2.5µm
_2178_,2.5µm
_2183_,2.5µm
_2308_,2.5µm
_2325_,2.5µm
_2338_,2.5µm
_2365_,2.5µm
_2392_,2.5µm
_2409_,2.5µm
_2469_,2.5µm
_2485_,2.5µm
_2631_,2.5µm
_2685_,2.5µm
_2687_,2.5µm
_2716_,2.5µm
_2979_,2.5µm
_3113_,2.5µm
_3159_,2.5µm
_3212_,2.5µm
_3223_,2.5µm
_3245_,2.5µm
net61,2.5µm
net71,2.5µm
net100,2.5µm
net127,2.5µm
net130,2.5µm
net146,2.5µm
net335,2.5µm
net367,2.5µm
net617,2.5µm
net632,2.5µm
net633,2.5µm
net841,2.5µm
net904,2.5µm
net1002,2.5µm
net1023,2.5µm
net1088,2.5µm
net1122,2.5µm
net1126,2.5µm
net1134,2.5µm
net1138,2.5µm
net1205,2.5µm
net1208,2.5µm
net1220,2.5µm
net1224,2.5µm
_0444_,2.465µm
_0462_,2.465µm
_2977_,2.42µm
_2477_,2.4µm
net634,2.4µm
_1924_,2.39µm
_0082_,2.38µm
_0401_,2.38µm
_0095_,2.31µm
_0211_,2.305µm
_0093_,2.3µm
_0094_,2.3µm
_0109_,2.3µm
_0123_,2.3µm
_0126_,2.3µm
_0133_,2.3µm
_0169_,2.3µm
_1018_,2.3µm
_1181_,2.3µm
_1209_,2.3µm
_1299_,2.3µm
_1326_,2.3µm
_1427_,2.3µm
_1792_,2.3µm
_2111_,2.3µm
_2273_,2.3µm
_2831_,2.3µm
_2886_,2.3µm
_3170_,2.3µm
_0047_,2.28µm
_0075_,2.28µm
_0137_,2.28µm
_0172_,2.28µm
_0179_,2.28µm
_0184_,2.28µm
_0190_,2.28µm
_0195_,2.28µm
_0203_,2.28µm
_0216_,2.28µm
_0256_,2.28µm
_0271_,2.28µm
_0282_,2.28µm
_0287_,2.28µm
_0323_,2.28µm
_0340_,2.28µm
_0356_,2.28µm
_0359_,2.28µm
_0394_,2.28µm
_0476_,2.28µm
_0477_,2.28µm
_0990_,2.28µm
_2304_,2.28µm
_2330_,2.28µm
_0843_,2.22µm
_0299_,2.205µm
_0178_,2.18µm
_0187_,2.18µm
_0215_,2.18µm
_0219_,2.18µm
_0265_,2.18µm
_0269_,2.18µm
_0274_,2.18µm
_0280_,2.18µm
_0303_,2.18µm
_0308_,2.18µm
_0311_,2.18µm
_0317_,2.18µm
_0327_,2.18µm
_0368_,2.18µm
_0376_,2.18µm
_0386_,2.18µm
_0415_,2.18µm
_0416_,2.18µm
_0428_,2.18µm
_0434_,2.18µm
_0438_,2.18µm
_0443_,2.18µm
_0445_,2.18µm
_0452_,2.18µm
_0464_,2.18µm
_0466_,2.18µm
_0480_,2.18µm
_0567_,2.18µm
_0882_,2.18µm
_0926_,2.18µm
_0932_,2.18µm
_1033_,2.18µm
_1188_,2.18µm
_1210_,2.18µm
_1390_,2.18µm
_1683_,2.18µm
_1816_,2.18µm
_1959_,2.18µm
_2123_,2.18µm
_2202_,2.18µm
_2372_,2.18µm
_2846_,2.18µm
_2987_,2.18µm
_3022_,2.18µm
net777,2.18µm
net813,2.18µm
net816,2.18µm
net836,2.18µm
net899,2.18µm
net901,2.18µm
net1113,2.18µm
_0013_,2.16µm
_0029_,2.16µm
_0030_,2.16µm
_0055_,2.16µm
_0060_,2.16µm
_0071_,2.16µm
_0091_,2.16µm
_0156_,2.16µm
_0167_,2.16µm
_0173_,2.16µm
_0177_,2.16µm
_0194_,2.16µm
_0236_,2.16µm
_0266_,2.16µm
_0288_,2.16µm
_0302_,2.16µm
_0316_,2.16µm
_0322_,2.16µm
_0343_,2.16µm
_0367_,2.16µm
_0369_,2.16µm
_0374_,2.16µm
_0433_,2.16µm
_0691_,2.16µm
_0698_,2.16µm
_0711_,2.16µm
_0786_,2.16µm
_0961_,2.16µm
_0970_,2.16µm
_0972_,2.16µm
_1252_,2.16µm
_1288_,2.16µm
_1328_,2.16µm
_1392_,2.16µm
_1454_,2.16µm
_1486_,2.16µm
_1564_,2.16µm
_1573_,2.16µm
_1621_,2.16µm
_1747_,2.16µm
_1755_,2.16µm
_1914_,2.16µm
_1987_,2.16µm
_2004_,2.16µm
_2246_,2.16µm
_2328_,2.16µm
_2360_,2.16µm
_2413_,2.16µm
_2433_,2.16µm
_2462_,2.16µm
_2488_,2.16µm
_2787_,2.16µm
_2877_,2.16µm
_2883_,2.16µm
_3063_,2.16µm
_3088_,2.16µm
_3136_,2.16µm
_3183_,2.16µm
_3214_,2.16µm
_3225_,2.16µm
net188,2.16µm
net570,2.16µm
net577,2.16µm
net695,2.16µm
net814,2.16µm
net861,2.16µm
net930,2.16µm
net1051,2.16µm
net1061,2.16µm
net1136,2.16µm
net1143,2.16µm
net1219,2.16µm
_0450_,2.085µm
_0940_,2.07µm
_0939_,2.06µm
_1214_,2.06µm
_1359_,2.06µm
_1414_,2.06µm
_1680_,2.06µm
_1870_,2.06µm
_2179_,2.06µm
_2293_,2.06µm
_2310_,2.06µm
_2350_,2.06µm
_2407_,2.06µm
_2470_,2.06µm
_2479_,2.06µm
_2487_,2.06µm
_2508_,2.06µm
_2511_,2.06µm
_2514_,2.06µm
_2521_,2.06µm
_2533_,2.06µm
_2534_,2.06µm
_2623_,2.06µm
_2645_,2.06µm
_2664_,2.06µm
_2675_,2.06µm
_2678_,2.06µm
_2683_,2.06µm
_2705_,2.06µm
_2724_,2.06µm
_2728_,2.06µm
_2743_,2.06µm
_2751_,2.06µm
_2752_,2.06µm
_2763_,2.06µm
_2785_,2.06µm
_2805_,2.06µm
_2812_,2.06µm
_2923_,2.06µm
_3045_,2.06µm
net73,2.06µm
net558,2.06µm
net561,2.06µm
net630,2.06µm
net631,2.06µm
net651,2.06µm
net662,2.06µm
net692,2.06µm
_0034_,2.04µm
_0816_,2.04µm
_0862_,2.04µm
_1351_,2.04µm
_1429_,2.04µm
_1552_,2.04µm
_1635_,2.04µm
_1823_,2.04µm
_2094_,2.04µm
_2153_,2.04µm
_2233_,2.04µm
_2296_,2.04µm
_2315_,2.04µm
_3090_,2.04µm
_3227_,2.04µm
net53,2.04µm
net58,2.04µm
net81,2.04µm
net196,2.04µm
net553,2.04µm
net564,2.04µm
net601,2.04µm
net644,2.04µm
net959,2.04µm
net987,2.04µm
net1012,2.04µm
net1015,2.04µm
net1031,2.04µm
net1086,2.04µm
net1106,2.04µm
net1115,2.04µm
net1127,2.04µm
net1137,2.04µm
net1158,2.04µm
net1167,2.04µm
net1177,2.04µm
net1185,2.04µm
net1221,2.04µm
net1237,2.04µm
net1259,2.04µm
net1264,2.04µm
_0151_,2.005µm
_0225_,2.005µm
_0426_,2.005µm
_0931_,1.94µm
_2258_,1.94µm
_3104_,1.94µm
_0132_,1.845µm
_0142_,1.84µm
_0481_,1.84µm
_0493_,1.84µm
_0503_,1.84µm
_0510_,1.84µm
_1095_,1.84µm
_1213_,1.84µm
_1254_,1.84µm
_1399_,1.84µm
_1474_,1.84µm
_1484_,1.84µm
_1867_,1.84µm
_1996_,1.84µm
_2003_,1.84µm
_2019_,1.84µm
_2106_,1.84µm
_2168_,1.84µm
_2231_,1.84µm
_2253_,1.84µm
_2285_,1.84µm
_2295_,1.84µm
_2324_,1.84µm
_2357_,1.84µm
_2892_,1.84µm
_3099_,1.84µm
net1094,1.84µm
_0026_,1.82µm
_0042_,1.82µm
_0058_,1.82µm
_0059_,1.82µm
_0069_,1.82µm
_0080_,1.82µm
_0146_,1.82µm
_0148_,1.82µm
_0175_,1.82µm
_0188_,1.82µm
_0214_,1.82µm
_0226_,1.82µm
_0239_,1.82µm
_0273_,1.82µm
_0290_,1.82µm
_0304_,1.82µm
_0319_,1.82µm
_0333_,1.82µm
_0342_,1.82µm
_0375_,1.82µm
_0379_,1.82µm
_0382_,1.82µm
_0397_,1.82µm
_0406_,1.82µm
_0451_,1.82µm
_0454_,1.82µm
_0455_,1.82µm
_0456_,1.82µm
_1057_,1.82µm
_1241_,1.82µm
_1705_,1.82µm
_2281_,1.82µm
_2307_,1.82µm
_2373_,1.82µm
net213,1.82µm
_0749_,1.78µm
_0708_,1.72µm
_1062_,1.72µm
_1984_,1.72µm
_2074_,1.72µm
_2110_,1.72µm
_2130_,1.72µm
_2198_,1.72µm
_2411_,1.72µm
_2585_,1.72µm
_2955_,1.72µm
_2990_,1.72µm
net859,1.72µm
net885,1.72µm
net1133,1.72µm
_0061_,1.7µm
_0143_,1.7µm
_0193_,1.7µm
_0221_,1.7µm
_0222_,1.7µm
_0237_,1.7µm
_0255_,1.7µm
_0346_,1.7µm
_0405_,1.7µm
_0435_,1.7µm
_0473_,1.7µm
_0474_,1.7µm
_0512_,1.7µm
_0559_,1.7µm
_0702_,1.7µm
_1008_,1.7µm
_1222_,1.7µm
_1330_,1.7µm
_1356_,1.7µm
_1449_,1.7µm
_1482_,1.7µm
_1671_,1.7µm
_1858_,1.7µm
_2015_,1.7µm
_2043_,1.7µm
_2080_,1.7µm
_2223_,1.7µm
_2242_,1.7µm
_2287_,1.7µm
_2316_,1.7µm
_2336_,1.7µm
_2401_,1.7µm
_2574_,1.7µm
_2777_,1.7µm
_2849_,1.7µm
_2889_,1.7µm
_2952_,1.7µm
_3174_,1.7µm
_3231_,1.7µm
net41,1.7µm
net921,1.7µm
net923,1.7µm
net991,1.7µm
net1014,1.7µm
net1032,1.7µm
net1038,1.7µm
net1050,1.7µm
net1105,1.7µm
net1183,1.7µm
net1233,1.7µm
net1246,1.7µm
net1266,1.7µm
_2624_,1.64µm
_1157_,1.6µm
_1419_,1.6µm
_2260_,1.6µm
_2348_,1.6µm
_2473_,1.6µm
_2474_,1.6µm
_2483_,1.6µm
_2484_,1.6µm
_2496_,1.6µm
_2505_,1.6µm
_2518_,1.6µm
_2629_,1.6µm
_2634_,1.6µm
_2636_,1.6µm
_2659_,1.6µm
_2681_,1.6µm
_2682_,1.6µm
_2684_,1.6µm
_2697_,1.6µm
_2754_,1.6µm
_2760_,1.6µm
_2779_,1.6µm
_2906_,1.6µm
_2948_,1.6µm
_2960_,1.6µm
_3181_,1.6µm
net571,1.6µm
net642,1.6µm
net927,1.6µm
_0009_,1.545µm
_0960_,1.48µm
_2268_,1.48µm
_2461_,1.48µm
_2568_,1.48µm
_3123_,1.48µm
_3148_,1.48µm
_1144_,1.39µm
_1096_,1.38µm
_1263_,1.38µm
_1466_,1.38µm
_1470_,1.38µm
_1472_,1.38µm
_1476_,1.38µm
_1504_,1.38µm
_1516_,1.38µm
_1876_,1.38µm
_2057_,1.38µm
_2575_,1.38µm
_2580_,1.38µm
_3084_,1.38µm
net397,1.38µm
net960,1.38µm
net1024,1.38µm
net1026,1.38µm
net1034,1.38µm
net1035,1.38µm
net1045,1.38µm
net1054,1.38µm
net1064,1.38µm
net1070,1.38µm
net1076,1.38µm
net1097,1.38µm
net1119,1.38µm
net1124,1.38µm
net1130,1.38µm
net1139,1.38µm
net1152,1.38µm
net1154,1.38µm
net1159,1.38µm
net1168,1.38µm
net1184,1.38µm
net1195,1.38µm
net1197,1.38µm
net1218,1.38µm
net1225,1.38µm
net1238,1.38µm
net1240,1.38µm
_0068_,1.36µm
_0181_,1.36µm
_0270_,1.36µm
_0272_,1.36µm
_0275_,1.36µm
_0277_,1.36µm
_0295_,1.36µm
_0305_,1.36µm
_0318_,1.36µm
_0335_,1.36µm
_0364_,1.36µm
_0403_,1.36µm
_0436_,1.36µm
_0653_,1.36µm
_2333_,1.36µm
_2582_,1.36µm
_3101_,1.36µm
_0680_,1.26µm
_1138_,1.26µm
_1195_,1.26µm
_1317_,1.26µm
_1393_,1.26µm
_1662_,1.26µm
_1840_,1.26µm
_1844_,1.26µm
_1937_,1.26µm
_1977_,1.26µm
_2046_,1.26µm
_2087_,1.26µm
_2398_,1.26µm
_2427_,1.26µm
net874,1.26µm
_0519_,1.15µm
_0910_,1.14µm
_0924_,1.14µm
_2237_,1.14µm
_2346_,1.14µm
_2435_,1.14µm
_2471_,1.14µm
_2494_,1.14µm
_2498_,1.14µm
_2513_,1.14µm
_2530_,1.14µm
_2604_,1.14µm
_2606_,1.14µm
_2614_,1.14µm
_2616_,1.14µm
_2632_,1.14µm
_2633_,1.14µm
_2635_,1.14µm
_2647_,1.14µm
_2692_,1.14µm
_2718_,1.14µm
_2722_,1.14µm
_2729_,1.14µm
_2738_,1.14µm
_2769_,1.14µm
_2783_,1.14µm
_2798_,1.14µm
_2807_,1.14µm
_2917_,1.14µm
_3051_,1.14µm
_3071_,1.14µm
net628,1.14µm
net640,1.14µm
net780,1.14µm
_0968_,1.02µm
_1942_,1.02µm
_2843_,1.02µm
_3086_,1.02µm
_3162_,1.02µm
_0742_,0.92µm
_0848_,0.92µm
_1087_,0.92µm
_1089_,0.92µm
_1168_,0.92µm
_1182_,0.92µm
_1353_,0.92µm
_1357_,0.92µm
_1377_,0.92µm
_1433_,0.92µm
_1665_,0.92µm
_1719_,0.92µm
_2164_,0.92µm
_2197_,0.92µm
_2206_,0.92µm
_2211_,0.92µm
_2262_,0.92µm
_2265_,0.92µm
_2352_,0.92µm
_2572_,0.92µm
_3056_,0.92µm
net1160,0.92µm
net1162,0.92µm
net1175,0.92µm
net1178,0.92µm
net1180,0.92µm
net1198,0.92µm
net1199,0.92µm
net1213,0.92µm
net1236,0.92µm
net1250,0.92µm
net1258,0.92µm
_1127_,0.8µm
_1243_,0.8µm
_1331_,0.8µm
_1979_,0.8µm
_1993_,0.8µm
_2126_,0.8µm
_2380_,0.8µm
_2412_,0.8µm
_2421_,0.8µm
_2428_,0.8µm
_1179_,0.74µm
_0570_,0.46µm
_1088_,0.46µm
_1090_,0.46µm
_1397_,0.46µm
_1689_,0.46µm
_1926_,0.46µm
_2082_,0.46µm
_2581_,0.46µm
_3082_,0.46µm
_3094_,0.46µm
_3171_,0.46µm
net955,0.46µm
net979,0.46µm
net983,0.46µm
net1011,0.46µm
net1022,0.46µm
net1025,0.46µm
net1028,0.46µm
net1043,0.46µm
net1047,0.46µm
net1058,0.46µm
net1079,0.46µm
net1080,0.46µm
net1082,0.46µm
net1089,0.46µm
net1091,0.46µm
net1095,0.46µm
net1146,0.46µm
net1148,0.46µm
net1155,0.46µm
net1161,0.46µm
net1186,0.46µm
net1201,0.46µm
net1202,0.46µm
net1215,0.46µm
net1223,0.46µm
net1226,0.46µm
net1242,0.46µm
net1244,0.46µm
net1249,0.46µm
net1253,0.46µm
